2026-09-09 18:22:49.118 NC-TK17-Liquids.dll attached version=0.8.7-native-decal-freeze diagnostic_enabled=1 liquids_enabled=1 config="C:\Users\ErolB\Desktop\Games\TK17\The Klub 17\Extensions\Liquids\Config.ini"
2026-09-09 18:22:49.121 loadextension
2026-09-09 18:22:49.121 executable fingerprint base=00400000 timestamp=0x56ef69a0 image_size=0x00312000 checksum=0x00304a16 expected_timestamp=0x56ef69a0 expected_image_size=0x00312000 expected_checksum=0x00304a16
2026-09-09 18:22:49.122 engine modules exe=00400000 app=73d00000 sys=72350000 FindObjC=73d01030 GetModelViewRotationPivot=723daeb0 GetWeakObjTarget=72380900 StringRefHash32=723cf130 NameHashFind=723cb2b0
2026-09-09 18:22:49.123 engine nil sentinels NilWeakSlot=724a808c NilWeak=724f4230 NilObjectSlot=724a8090 NilObject=724f42f8
2026-09-09 18:22:49.126 address marker module=TK17-158.001.exe text="CumShot" address=0066d980 rva=0x0026d980
2026-09-09 18:22:49.126 address xref module=TK17-158.001.exe text="CumShot" address=004701f3 rva=0x000701f3
2026-09-09 18:22:49.128 address marker module=TK17-158.001.exe text="InternalCum_Start" address=00673f48 rva=0x00273f48
2026-09-09 18:22:49.129 address xref module=TK17-158.001.exe text="InternalCum_Start" address=0052198c rva=0x0012198c
2026-09-09 18:22:49.130 address marker module=TK17-158.001.exe text="Finish_CumShot" address=00675910 rva=0x00275910
2026-09-09 18:22:49.133 address marker module=TK17-158.001.exe text="Person_CumShot" address=00695260 rva=0x00295260
2026-09-09 18:22:49.135 address marker module=TK17-158.001.exe text="spermray01_init" address=0067102b rva=0x0027102b
2026-09-09 18:22:49.137 address marker module=TK17-158.001.exe text="spermray01_splash" address=00671007 rva=0x00271007
2026-09-09 18:22:49.139 address marker module=TK17-158.001.exe text="CumShot/Done" address=0066d980 rva=0x0026d980
2026-09-09 18:22:49.139 address xref module=TK17-158.001.exe text="CumShot/Done" address=004701f3 rva=0x000701f3
2026-09-09 18:22:49.141 address marker module=TK17-158.001.exe text=".?AVInternalCumControl@@" address=006ac928 rva=0x002ac928
2026-09-09 18:22:49.145 address marker module=TK17-158.001.exe text=".?AVInternalCumEmitterMap@@" address=006ac7d8 rva=0x002ac7d8
2026-09-09 18:22:49.148 address marker module=TK17-158.001.exe text=".?AVInternalCumZone@@" address=006ac97c rva=0x002ac97c
2026-09-09 18:22:49.150 liquid Hook5 D3D8 projection capture callback registered module=6bca0000
2026-09-09 18:22:49.150 liquid Hook5 D3D8 EndScene projection capture callback registered module=6bca0000
2026-09-09 18:22:49.152 liquid Hook5 D3D11 scene callback registered module=6bca0000
2026-09-09 18:22:49.152 liquid Hook5 post-lighting composite callback registered module=6bca0000
2026-09-09 18:22:49.152 liquid Hook5 final D3D11 Present callback registered module=6bca0000
2026-09-09 18:22:49.153 settings ConfigEditor pre-enumeration hook installed target=005cca00 previous=05dd0000 identity=ParamDescription
2026-09-09 18:22:49.153 settings ConfigEditor change hook installed target=004fe280 previous=6c146720 bindings=36
2026-09-09 18:22:49.153 settings ConfigEditor slider hook installed target=005c34f0 previous=72124170
2026-09-09 18:22:49.153 settings ConfigEditor spinbox hook installed target=005c5110 previous=6c144d60
2026-09-09 18:22:49.153 liquid camera world-space hook installed target=73d22fd0 previous=6c134f30 chaining=1
2026-09-09 18:22:49.153 diagnostic AppMain::Command hook installed target=73d21610 previous=6c1591b0 chaining=1
2026-09-09 18:22:49.155 diagnostic Object::iNameSet hook installed target=72380bd0 previous=6c134170 chaining=1
2026-09-09 18:22:49.155 diagnostic native-stain CloneObject hook installed target=72457830 previous=6c133ce0 chaining=1
2026-09-09 18:22:49.155 diagnostic native-stain cache hook installed target=005f0e80 rva=0x001f0e80 previous=05de0000 chaining=1
2026-09-09 18:22:49.155 native stain confirmed-contact update hook installed target=005f1f70 rva=0x001f1f70 previous=05df0000 timer_set=72358200 chaining=1
2026-09-09 18:22:49.156 diagnostic AppPick::PickRay hook installed target=73d22630 previous=05e00000 chaining=1
2026-09-09 18:22:49.156 liquid prototype ready command_hook=1 object_name_hook=1 camera_hook=1 graphics_device_hook=1 enabled=1 model_duration=10.000 tool_duration=10.000 particle_limit=316
2026-09-09 18:22:50.602 on_create
2026-09-09 18:22:58.225 PhysX native device registration device=0838f790 accepted=1
2026-09-09 18:22:58.225 liquid graphics device hooked device=0838f790
2026-09-09 18:23:04.643 PhysX native device registration device=0832ff78 accepted=1
2026-09-09 18:23:04.643 liquid graphics device hooked device=0832ff78
2026-09-09 18:23:05.677 liquid Hook5 final D3D11 Present callback active swap_chain=31f8f6b8
2026-09-09 18:23:05.677 liquid skipped unsafe Present overlay because post-lighting depth composite was not dispatched scene_seen=0
2026-09-09 18:23:05.711 liquid skipped unsafe Present overlay because post-lighting depth composite was not dispatched scene_seen=0
2026-09-09 18:23:05.714 liquid skipped unsafe Present overlay because post-lighting depth composite was not dispatched scene_seen=0
2026-09-09 18:23:05.715 liquid skipped unsafe Present overlay because post-lighting depth composite was not dispatched scene_seen=0
2026-09-09 18:23:05.716 liquid skipped unsafe Present overlay because post-lighting depth composite was not dispatched scene_seen=0
2026-09-09 18:23:05.716 liquid skipped unsafe Present overlay because post-lighting depth composite was not dispatched scene_seen=0
2026-09-09 18:23:05.717 liquid skipped unsafe Present overlay because post-lighting depth composite was not dispatched scene_seen=0
2026-09-09 18:23:05.718 liquid skipped unsafe Present overlay because post-lighting depth composite was not dispatched scene_seen=0
2026-09-09 18:23:15.565 settings changed param="NcLiquidsEjaculationSoundTarget" value="false" ini=[ejaculation_sound] preset note="normal INI hot-reload scheduled"
2026-09-09 18:23:15.586 settings changed param="NcLiquidsContactConnectDroplets" value="false" ini=[liquid_contact_droplets] connect_droplets note="normal INI hot-reload scheduled"
2026-09-09 18:23:15.630 settings changed param="NcLiquidsBodyStains" value="true" ini=[liquid_collision] spawn_model_stains note="normal INI hot-reload scheduled"
2026-09-09 18:23:15.678 settings changed param="NcLiquidsTesticularRetractionEnabled" value="true" ini=[testicular_retraction] enabled note="normal INI hot-reload scheduled"
2026-09-09 18:23:15.687 settings changed param="NcLiquidsMasterSwitch" value="true" ini=[liquids] enabled note="normal INI hot-reload scheduled"
2026-09-09 18:23:15.742 settings changed param="NcLiquidsTesticularRetractionEasingRetraction" value="0, 2.0, 0.33, 0.75" ini=[testicular_retraction] retraction_easing note="normal INI hot-reload scheduled"
2026-09-09 18:23:15.743 settings changed param="NcLiquidsAnimatedStains" value="false" ini=[liquid_collision] native_decal_drip note="normal INI hot-reload scheduled"
2026-09-09 18:23:15.750 settings changed param="NcLiquidsTesticularRetractionEasingRelease" value="0.1, 0.80, 0.40, 1.10" ini=[testicular_retraction] release_easing note="normal INI hot-reload scheduled"
2026-09-09 18:23:15.752 settings changed param="NcLiquidsCollisionEnabled" value="true" ini=[liquid_collision] enabled note="normal INI hot-reload scheduled"
2026-09-09 18:23:15.759 PhysX GUI enabled before enumeration by ParamDescription count=7
2026-09-09 18:23:15.762 settings ejaculation-audio presets injected in memory count=1
2026-09-09 18:23:16.015 settings changed param="NcLiquidsMasterSwitch" value="true" ini=[liquids] enabled note="normal INI hot-reload scheduled"
2026-09-09 18:23:16.016 settings changed param="NcLiquidsCollisionEnabled" value="true" ini=[liquid_collision] enabled note="normal INI hot-reload scheduled"
2026-09-09 18:23:16.016 settings changed param="NcLiquidsBodyStains" value="true" ini=[liquid_collision] spawn_model_stains note="normal INI hot-reload scheduled"
2026-09-09 18:23:16.017 settings changed param="NcLiquidsAnimatedStains" value="false" ini=[liquid_collision] native_decal_drip note="normal INI hot-reload scheduled"
2026-09-09 18:23:16.018 settings changed param="NcLiquidsContactConnectDroplets" value="true" ini=[liquid_contact_droplets] connect_droplets note="normal INI hot-reload scheduled"
2026-09-09 18:23:16.019 settings changed param="NcLiquidsTesticularRetractionEnabled" value="true" ini=[testicular_retraction] enabled note="normal INI hot-reload scheduled"
2026-09-09 18:23:16.021 settings changed param="NcLiquidsTesticularRetractionEasingRetraction" value="0, 2.0, 0.33, 0.75" ini=[testicular_retraction] retraction_easing note="normal INI hot-reload scheduled"
2026-09-09 18:23:16.021 settings changed param="NcLiquidsTesticularRetractionEasingRelease" value="0.1, 0.80, 0.40, 1.10" ini=[testicular_retraction] release_easing note="normal INI hot-reload scheduled"
2026-09-09 18:23:16.023 settings changed param="NcLiquidsEjaculationSoundTarget" value="Default" ini=[ejaculation_sound] preset note="normal INI hot-reload scheduled"
2026-09-09 18:23:16.026 PhysX GUI enabled before enumeration by ParamDescription count=7
2026-09-09 18:23:16.029 settings ejaculation-audio presets injected in memory count=1
2026-09-09 18:23:16.116 settings slider synced param="NcLiquidsPhysicsSpeed" ini=3 previous=3.24761 live=3
2026-09-09 18:23:16.117 settings slider synced param="NcLiquidsPhysicsSpread" ini=0.05 previous=0.103763 live=0.05
2026-09-09 18:23:16.118 settings slider synced param="NcLiquidsPhysicsDrag" ini=0.08 previous=0.0854146 live=0.08
2026-09-09 18:23:16.119 settings slider synced param="NcLiquidsPhysicsGravity" ini=1 previous=1.00599 live=1
2026-09-09 18:23:16.120 settings slider synced param="NcLiquidsAmount" ini=195.519 previous=195.519 live=195.519
2026-09-09 18:23:16.123 settings slider synced param="NcLiquidsStreamCohesion" ini=0.3 previous=0.301495 live=0.3
2026-09-09 18:23:16.124 settings slider synced param="NcLiquidsDropletAmount" ini=0.06 previous=0.0646284 live=0.06
2026-09-09 18:23:16.125 settings slider synced param="NcLiquidsVisualSize" ini=0.0035 previous=0.0044955 live=0.0035
2026-09-09 18:23:16.126 settings slider synced param="NcLiquidsStreamThickness" ini=1 previous=1.64849 live=1
2026-09-09 18:23:16.127 settings slider synced param="NcLiquidsVisualOpacity" ini=0.75 previous=1 live=0.75
2026-09-09 18:23:16.129 settings slider synced param="NcLiquidsParticleLimit" ini=316 previous=315.797 live=316
2026-09-09 18:23:16.132 settings slider synced param="NcLiquidsPulseDuration" ini=0.5 previous=0.490826 live=0.5
2026-09-09 18:23:16.133 settings slider synced param="NcLiquidsPulseInterval" ini=1 previous=0.971029 live=1
2026-09-09 18:23:16.141 settings slider synced param="NcLiquidsStainAmount" ini=46.1392 previous=50.9823 live=46.1392
2026-09-09 18:23:16.144 settings slider synced param="NcLiquidsContactDropletConnectionDistance" ini=0.035 previous=0.0586491 live=0.035
2026-09-09 18:23:16.145 settings slider synced param="NcLiquidsContactDropletConnectionThickness" ini=0.25 previous=0.451774 live=0.25
2026-09-09 18:23:16.146 settings slider synced param="NcLiquidsContactDropletSize" ini=0.00346571 previous=0.00375543 live=0.00346571
2026-09-09 18:23:16.147 settings slider synced param="NcLiquidsContactDropletOpacity" ini=0.632428 previous=0.388025 live=0.632428
2026-09-09 18:23:16.153 settings slider synced param="NcLiquidsTesticularRetractionStrength" ini=0.25 previous=0.35 live=0.25
2026-09-09 18:23:16.154 settings slider synced param="NcLiquidsTesticularRetractionTimeRetraction" ini=0.6 previous=0.12 live=0.6
2026-09-09 18:23:16.155 settings slider synced param="NcLiquidsTesticularRetractionTimeRelease" ini=0.6 previous=0.5 live=0.6
2026-09-09 18:23:16.158 settings slider synced param="NcLiquidsEjaculationSoundVolume" ini=0 previous=0.569448 live=0
2026-09-09 18:23:16.203 settings spinbox synced param="NcLiquidsMasterSwitch" ini="ON" previous="" live=""
2026-09-09 18:23:16.205 settings spinbox synced param="NcLiquidsCollisionEnabled" ini="ON" previous="" live=""
2026-09-09 18:23:16.209 settings spinbox synced param="NcLiquidsBodyStains" ini="ON" previous="" live=""
2026-09-09 18:23:16.212 settings spinbox synced param="NcLiquidsAnimatedStains" ini="OFF" previous="" live=""
2026-09-09 18:23:16.213 settings spinbox synced param="NcLiquidsContactConnectDroplets" ini="ON" previous="" live=""
2026-09-09 18:23:16.215 settings spinbox synced param="NcLiquidsTesticularRetractionEnabled" ini="ON" previous="" live=""
2026-09-09 18:23:16.217 settings spinbox synced param="NcLiquidsTesticularRetractionEasingRetraction" ini="0, 2.0, 0.33, 0.75" previous="" live=""
2026-09-09 18:23:16.219 settings spinbox synced param="NcLiquidsTesticularRetractionEasingRelease" ini="0.1, 0.80, 0.40, 1.10" previous="" live=""
2026-09-09 18:23:16.221 settings spinbox synced param="NcLiquidsEjaculationSoundTarget" ini="Default" previous="" live=""
2026-09-09 18:23:27.843 liquid native ray pending owner object=390996c0 name="Sspermray01_mesh" visible=0 changed=1
2026-09-09 18:23:27.845 liquid native ray pending owner object=38febaa0 name="spermray01_mesh" visible=0 changed=1
2026-09-09 18:23:27.845 liquid native ray pending owner object=3ea09b80 name="spermray01_meshShape" visible=0 changed=1
2026-09-09 18:23:27.847 liquid native ray pending owner object=3939be40 name="Sspermray01_meshShape" visible=0 changed=1
2026-09-09 18:23:27.850 liquid native ray owner classified source=model owner="Person01Spermray" hidden_nodes=4
2026-09-09 18:23:27.850 liquid native ray owner classified source=model owner="SPerson01Spermray" hidden_nodes=0
2026-09-09 18:23:35.122 liquid native ray pending owner object=483a3ac0 name="Sspermray01_mesh" visible=0 changed=1
2026-09-09 18:23:35.124 liquid native ray pending owner object=4833bdc0 name="spermray01_mesh" visible=0 changed=1
2026-09-09 18:23:35.124 liquid native ray pending owner object=3b9c0020 name="spermray01_meshShape" visible=0 changed=1
2026-09-09 18:23:35.126 liquid native ray pending owner object=4856c3a0 name="Sspermray01_meshShape" visible=0 changed=1
2026-09-09 18:23:35.129 liquid native ray owner classified source=model owner="Person02Spermray" hidden_nodes=4
2026-09-09 18:23:35.129 liquid native ray owner classified source=model owner="SPerson02Spermray" hidden_nodes=0
2026-09-09 18:23:41.874 liquid native ray pending owner object=4fe28fa0 name="Sspermray01_mesh" visible=0 changed=1
2026-09-09 18:23:41.876 liquid native ray pending owner object=4fd84060 name="spermray01_mesh" visible=0 changed=1
2026-09-09 18:23:41.876 liquid native ray pending owner object=4a15aac0 name="spermray01_meshShape" visible=0 changed=1
2026-09-09 18:23:41.877 liquid native ray pending owner object=4ff81ba0 name="Sspermray01_meshShape" visible=0 changed=1
2026-09-09 18:23:41.880 liquid native ray owner classified source=model owner="Person03Spermray" hidden_nodes=4
2026-09-09 18:23:41.880 liquid native ray owner classified source=model owner="SPerson03Spermray" hidden_nodes=0
2026-09-09 18:23:48.903 liquid native ray pending owner object=566b1900 name="Sspermray01_mesh" visible=0 changed=1
2026-09-09 18:23:48.904 liquid native ray pending owner object=5661d6c0 name="spermray01_mesh" visible=0 changed=1
2026-09-09 18:23:48.904 liquid native ray pending owner object=5171eae0 name="spermray01_meshShape" visible=0 changed=1
2026-09-09 18:23:48.905 liquid native ray pending owner object=568c3960 name="Sspermray01_meshShape" visible=0 changed=1
2026-09-09 18:23:48.910 liquid native ray owner classified source=model owner="Person04Spermray" hidden_nodes=4
2026-09-09 18:23:48.910 liquid native ray owner classified source=model owner="SPerson04Spermray" hidden_nodes=0
2026-09-09 18:24:12.216 liquid native ray pending owner object=564c1480 name="Sspermray01_mesh" visible=0 changed=1
2026-09-09 18:24:12.219 liquid native ray pending owner object=4f553140 name="spermray01_mesh" visible=0 changed=1
2026-09-09 18:24:12.219 liquid native ray pending owner object=579af720 name="spermray01_meshShape" visible=0 changed=1
2026-09-09 18:24:12.221 liquid native ray pending owner object=57b14500 name="Sspermray01_meshShape" visible=0 changed=1
2026-09-09 18:24:12.222 liquid native ray owner classified source=tool owner="Tool01Spermray" restored_nodes=4
2026-09-09 18:24:12.223 liquid native ray owner classified source=tool owner="STool01Spermray" restored_nodes=0
2026-09-09 18:24:46.129 liquid Hook5 native fullscreen projection capture active viewport=2560x1368 projection=(1.29010,2.41421,-1.00008,-1.00000)
2026-09-09 18:24:46.129 liquid Hook5 depth-tested D3D11 scene submission active context=32321de0 target=081ef340 depth=0a2aef80 viewport=2560x1368
2026-09-09 18:24:46.135 liquid configuration live-reloaded spawn_rate=195.52 size=0.0035 stream_thickness=1.000 stream_opacity=0.750 contact_droplet_size=0.0035 contact_droplet_opacity=0.632 stream_base_opacity=0.800 stream_base_fade_length=0.200 stream_wobble_start=0.030 stream_wobble_fade_length=0.100 stream_bulge=0.200 curve_smoothness=12 curve_tension=1.000 speed=3.000 spread=0.050 gravity=1.000 drag=0.080 pulses=10 cohesion=0.300 satellite_chance=0.060
2026-09-09 18:24:46.135 PhysX body-collider API connected module=6c110000 version=0x00010000 mode="exact depth impact remains unchanged; PhysX classifies body ownership only"
2026-09-09 18:24:46.135 PhysX post-animation retraction callback registered mode="PoseEditor playback and FreeMode; BlendControl only"
2026-09-09 18:24:46.138 liquid Hook5 post-lighting D3D11 composition active context=32321de0 target=0a2adac0 retained_depth=0a2aef80 viewport=2560x1368
2026-09-09 18:24:46.181 ejaculation audio preset loaded preset="Default" files=7 directory="C:\Users\ErolB\Desktop\Games\TK17\The Klub 17\Extensions\Liquids\Sounds\Ejaculation\Default"
2026-09-09 18:24:53.386 liquid prototype emitter started source=model person=2 start=1292251859 duration=10.000 end=1292261859
2026-09-09 18:24:53.393 liquid Hook5 live FovMultiplier=1.00000 corrected_projection=(0.80000,1.49708) d3d8_viewport=2560x1368
2026-09-09 18:24:53.393 liquid Hook5 D3D8 projection capture active viewport=2560x1368 projection=(0.80000,1.49708,-1.00049,-1.00000) live_fov=1
2026-09-09 18:24:53.395 liquid world emitter sample person=2 emission=1 position=(-0.73520,1.25948,1.65371) direction=(-0.08571,0.99597,-0.02647) source=rebuilt-joint-local-hierarchy
2026-09-09 18:24:53.396 liquid prototype emitter transform active source=model person=2 position=(-0.7352,1.2595,1.6537) direction=(-0.0857,0.9960,-0.0265)
2026-09-09 18:24:53.545 ejaculation audio started person=2 emission=1 pulse=1 volume=0.000 path="C:\Users\ErolB\Desktop\Games\TK17\The Klub 17\Extensions\Liquids\Sounds\Ejaculation\Default\cum03.mp3"
2026-09-09 18:24:53.546 testicular retraction control resolved person=2 mode=FindObjC-direct wrapper=46d30240 control=46d30240 weight=0.000
2026-09-09 18:24:53.546 testicular retraction pulse person=2 emission=1 pulse=1 baseline=0.000 start=0.000 target=0.250
2026-09-09 18:24:53.546 PhysX live collider status tick_active=1 camera_valid=1 enabled=1 ready_person_mask=0x2
2026-09-09 18:24:53.546 liquid collision depth probe ready view_format=45 texture_format=44 size=2560x1368 samples=1 quality=0 usage=0 bind=0x48 cpu=0x0 misc=0x0 view_dimension=3
2026-09-09 18:24:53.556 liquid GPU-decoded depth collision initialized source=2560x1368 tile=1024x1024 source_format=44 output_format=41 buffers=3
2026-09-09 18:24:53.579 liquid D3D11 translucent ribbon renderer initialized device=30deb7cc
2026-09-09 18:24:53.579 liquid D3D11 scene depth matched func=4 draw_layer=-1 depth_write=0 depth_bias=0
2026-09-09 18:24:53.579 liquid background-isolated ribbon draw active sections=13 viewport=2560x1368 exact_projection=2 depth_test=1 premultiplied=1
2026-09-09 18:24:53.598 liquid native stain descriptor captured emission=1 frame=001af650 descriptor=65fe5ca0 rate=4 size=0.025 field28=0 field2c=2.679236e+20 field30=0 scale=(1,1,1)
2026-09-09 18:24:53.599 memory snapshot label="native-stain-descriptor" address=65FE5CA0 words=3e309b40,6647eb00,3e800000,3c23d70a,00000004,65746e6f,d1236a4a,00000bc0,40800000,3ccccccd,00000000,61686300,00000000,3f800000,3f800000,3f800000
2026-09-09 18:24:53.601 NATIVE STAIN PICK sequence=1 caller=TK17-158.001.exe+0x1f24ac(005F24AC) self=0282bb40 list="Dress01|Person01|Dress02|Person02|Dress03|Person03|Dress04|Person04" origin=(0.00682,0.27386,-2.01424) direction=(0.17119,0.86700,0.47064) include_hidden=1 flags=0x0001df10 result=-1 count=0 data=724f4170 custom_contact=0 predicted=0 custom_particle=0 custom_hit=0
2026-09-09 18:24:53.601 testicular retraction live write person=2 control=46d30240 input=0.000 baseline=0.000 contribution=0.000 output=0.000
2026-09-09 18:24:53.601 testicular retraction applied person=2 emission=1 pulse=1 baseline=0.000 contribution=0.000 output=0.000
2026-09-09 18:24:53.622 liquid GPU-decoded depth collision initialized source=2560x1368 tile=1024x1024 source_format=44 output_format=41 buffers=3
2026-09-09 18:24:53.680 liquid world emitter sample person=2 emission=1 position=(-0.73520,1.25948,1.65371) direction=(-0.08571,0.99597,-0.02647) source=rebuilt-joint-local-hierarchy
2026-09-09 18:24:53.717 liquid asynchronous depth readback active latency_frames=3
2026-09-09 18:24:53.735 NATIVE STAIN PICK sequence=2 caller=TK17-158.001.exe+0x1f24ac(005F24AC) self=0282bb40 list="Dress01|Person01|Dress02|Person02|Dress03|Person03|Dress04|Person04" origin=(0.00682,0.26267,-1.99843) direction=(0.17119,0.83777,0.52090) include_hidden=1 flags=0x0001df14 result=-1 count=0 data=724f4170 custom_contact=0 predicted=0 custom_particle=0 custom_hit=0
2026-09-09 18:24:53.758 ejaculation audio finished person=2 emission=1 pulse=1 path="C:\Users\ErolB\Desktop\Games\TK17\The Klub 17\Extensions\Liquids\Sounds\Ejaculation\Default\cum03.mp3"
2026-09-09 18:24:53.782 liquid collision sample particle=8 age=0.112 screen=(1518.5,226.7) particle_depth=0.9728898 scene_depth=0.9871849 delta=-0.0142950 behind=0 tile=(1466,187 69x582)
2026-09-09 18:24:53.810 liquid collision sample particle=8 age=0.143 screen=(1524.0,173.5) particle_depth=0.9724393 scene_depth=0.9868994 delta=-0.0144600 behind=0 tile=(1465,139 77x618)
2026-09-09 18:24:53.811 liquid collision sample particle=16 age=0.116 screen=(1517.8,219.9) particle_depth=0.9727603 scene_depth=0.9871537 delta=-0.0143934 behind=0 tile=(1465,139 77x618)
2026-09-09 18:24:53.830 liquid collision sample particle=8 age=0.159 screen=(1526.8,148.7) particle_depth=0.9722369 scene_depth=0.9867622 delta=-0.0145252 behind=0 tile=(1479,118 67x514)
2026-09-09 18:24:53.830 liquid collision sample particle=16 age=0.132 screen=(1520.4,192.2) particle_depth=0.9725149 scene_depth=0.9870065 delta=-0.0144916 behind=0 tile=(1479,118 67x514)
2026-09-09 18:24:53.851 testicular retraction live write person=2 control=46d30240 input=0.245 baseline=0.000 contribution=0.244 output=0.244
2026-09-09 18:24:53.861 liquid collision sample particle=8 age=0.175 screen=(1529.7,125.9) particle_depth=0.9720562 scene_depth=0.9866349 delta=-0.0145787 behind=0 tile=(1480,98 70x528)
2026-09-09 18:24:53.861 liquid collision sample particle=16 age=0.148 screen=(1523.0,166.3) particle_depth=0.9722893 scene_depth=0.9868642 delta=-0.0145749 behind=0 tile=(1480,98 70x528)
2026-09-09 18:24:53.862 liquid collision sample particle=24 age=0.115 screen=(1521.0,226.8) particle_depth=0.9728986 scene_depth=0.9871770 delta=-0.0142784 behind=0 tile=(1480,98 70x528)
2026-09-09 18:24:53.881 liquid collision sample particle=8 age=0.206 screen=(1535.3,87.7) particle_depth=0.9717708 scene_depth=0.9863890 delta=-0.0146183 behind=0 tile=(1467,66 89x680)
2026-09-09 18:24:53.882 liquid collision sample particle=16 age=0.179 screen=(1528.2,121.6) particle_depth=0.9719126 scene_depth=0.9865868 delta=-0.0146742 behind=0 tile=(1467,66 89x680)
2026-09-09 18:24:53.882 liquid collision sample particle=24 age=0.146 screen=(1527.1,175.6) particle_depth=0.9724696 scene_depth=0.9868612 delta=-0.0143915 behind=0 tile=(1467,66 89x680)
2026-09-09 18:24:53.883 liquid collision sample particle=32 age=0.118 screen=(1520.5,231.0) particle_depth=0.9727861 scene_depth=0.9871641 delta=-0.0143781 behind=0 tile=(1467,66 89x680)
2026-09-09 18:24:53.903 liquid collision sample particle=8 age=0.221 screen=(1532.0,76.3) particle_depth=0.9716894 scene_depth=0.9863181 delta=-0.0146287 behind=0 tile=(1476,57 78x549)
2026-09-09 18:24:53.903 liquid collision sample particle=16 age=0.194 screen=(1524.8,106.8) particle_depth=0.9717838 scene_depth=0.9864994 delta=-0.0147157 behind=0 tile=(1476,57 78x549)
2026-09-09 18:24:53.904 liquid collision sample particle=24 age=0.161 screen=(1524.3,157.3) particle_depth=0.9723108 scene_depth=0.9867546 delta=-0.0144438 behind=0 tile=(1476,57 78x549)
2026-09-09 18:24:53.904 liquid collision sample particle=32 age=0.133 screen=(1517.6,210.8) particle_depth=0.9725818 scene_depth=0.9870471 delta=-0.0144653 behind=0 tile=(1476,57 78x549)
2026-09-09 18:24:53.905 liquid collision sample particle=40 age=0.103 screen=(1512.1,266.3) particle_depth=0.9731329 scene_depth=0.9873467 delta=-0.0142138 behind=0 tile=(1476,57 78x549)
2026-09-09 18:24:53.925 liquid collision sample particle=8 age=0.253 screen=(1532.5,53.8) particle_depth=0.9715600 scene_depth=0.9861379 delta=-0.0145779 behind=0 tile=(1462,41 94x693)
2026-09-09 18:24:53.925 liquid collision sample particle=16 age=0.226 screen=(1524.9,76.8) particle_depth=0.9715530 scene_depth=0.9862834 delta=-0.0147303 behind=0 tile=(1462,41 94x693)
2026-09-09 18:24:53.926 liquid collision sample particle=24 age=0.193 screen=(1525.5,119.4) particle_depth=0.9720150 scene_depth=0.9864941 delta=-0.0144792 behind=0 tile=(1462,41 94x693)
2026-09-09 18:24:53.926 liquid collision sample particle=32 age=0.165 screen=(1518.6,168.6) particle_depth=0.9721871 scene_depth=0.9867655 delta=-0.0145784 behind=0 tile=(1462,41 94x693)
2026-09-09 18:24:53.926 liquid collision sample particle=40 age=0.135 screen=(1513.0,219.6) particle_depth=0.9726957 scene_depth=0.9870431 delta=-0.0143474 behind=0 tile=(1462,41 94x693)
2026-09-09 18:24:53.927 liquid collision sample particle=48 age=0.102 screen=(1507.1,275.5) particle_depth=0.9732098 scene_depth=0.9873417 delta=-0.0141319 behind=0 tile=(1462,41 94x693)
2026-09-09 18:24:53.946 liquid world emitter sample person=2 emission=1 position=(-0.73520,1.25948,1.65371) direction=(-0.08571,0.99597,-0.02647) source=rebuilt-joint-local-hierarchy
2026-09-09 18:24:53.946 liquid collision sample particle=8 age=0.284 screen=(1525.3,46.4) particle_depth=0.9715649 scene_depth=0.9860819 delta=-0.0145170 behind=0 tile=(1456,28 93x694)
2026-09-09 18:24:54.048 NATIVE STAIN PICK sequence=3 caller=TK17-158.001.exe+0x1f24ac(005F24AC) self=0282bb40 list="Dress01|Person01|Dress02|Person02|Dress03|Person03|Dress04|Person04" origin=(-0.07275,0.20047,-2.00431) direction=(0.16599,0.85793,0.48878) include_hidden=1 flags=0x0001df23 result=-1 count=0 data=724f4170 custom_contact=0 predicted=0 custom_particle=0 custom_hit=0
2026-09-09 18:24:54.099 testicular retraction live write person=2 control=46d30240 input=0.250 baseline=0.000 contribution=0.250 output=0.250
2026-09-09 18:24:54.180 liquid native stain contact queued particle=1 emission=1 origin=(-0.8567,1.1225,1.6278) direction=(-0.0691,-0.9975,-0.0147)
2026-09-09 18:24:54.182 liquid camera-independent body collision particle=1 person=2 primitive=2 nodes=(2,12) segment_t=0.000 signed_distance=-0.01298 inward=0.01852 world=(-0.8622,1.0427,1.6267)
2026-09-09 18:24:54.189 liquid native stain descriptor rearmed emission=1 descriptor=65fe5ca0 state=0 rate=4.00000 trigger=0.10100
2026-09-09 18:24:54.192 liquid model attachment rejected particle=1 reason=hit-does-not-confirm-contact-surface
2026-09-09 18:24:54.192 liquid native stain contact consumed source=confirmed particle=1 emission=1 retry=0 result=9 count=1 outcome=native-model-miss-requeued
2026-09-09 18:24:54.193 NATIVE STAIN PICK sequence=4 caller=TK17-158.001.exe+0x1f24ac(005F24AC) self=0282bb40 list="Dress01|Person01|Dress02|Person02|Dress03|Person03|Dress04|Person04" origin=(-0.02072,0.13678,-2.16628) direction=(0.04031,-0.77238,-0.63388) include_hidden=1 flags=0x0001df2b result=9 count=1 data=566e9980 custom_contact=1 predicted=0 custom_particle=1 custom_hit=0
2026-09-09 18:24:54.193 memory snapshot label="native-stain-pick-result" address=566E9980 words=3d586c62,657d3220,657d3220,55911ba0,3227c340,bc984617,3dc48d22,c00cc925,be5bc38e,3f4cb90a,3f0f8c52,0000058a,0000058b,0000058c,3e6b487b,3ed7ddda,3e1964e2,3f0db8ac,bc37b77b,3de53d4e,bf860363,65972f80,c1b18e45,bf20d66b
2026-09-09 18:24:54.194 NATIVE STAIN CACHE sequence=1 caller=TK17-158.001.exe+0x1f2813(005F2813) self=65fe5ca0 surface=657d3220 surface_name="" template=794337a0 template_name="" result=794337a0 result_name=""
2026-09-09 18:24:54.195 memory snapshot label="native-stain-cache-result" address=794337A0 words=724b1090,00000009,724b1098,792d72e0,00000001,798f68c0,724f42f8,01010101,00000000,00000000,00000015,00000001,ffffffff,724f4190,0b040001,00000000
2026-09-09 18:24:54.204 liquid world emitter sample person=2 emission=1 position=(-0.73520,1.25948,1.65371) direction=(-0.08571,0.99597,-0.02647) source=rebuilt-joint-local-hierarchy
2026-09-09 18:24:54.205 liquid pivot resolver active mode=retained-live-object label="Person01Anim:Model01:root" object=385317a0 view=(0.0000,0.9842,-0.0314)
2026-09-09 18:24:54.205 liquid body-follow basis active person=1 root=(0.2674,3.0639,1.1340) spine=(0.7755,2.2866,0.7825)
2026-09-09 18:24:54.206 liquid body-follow basis active person=2 root=(-0.7594,0.9368,1.6468) spine=(-1.0957,0.8713,1.5432)
2026-09-09 18:24:54.206 liquid body-follow basis active person=3 root=(0.2674,3.0639,1.1340) spine=(0.7755,2.2866,0.7825)
2026-09-09 18:24:54.207 liquid body-follow basis active person=4 root=(0.2674,3.0639,1.1340) spine=(0.7755,2.2866,0.7825)
2026-09-09 18:24:54.207 liquid surface contact attached particle=1 person=2 anchor=root end=spine_joint04 segment_t=0.232 distance=0.1236
2026-09-09 18:24:54.231 liquid body-follow basis active person=2 root=(-0.7606,0.9378,1.6459) spine=(-1.0969,0.8724,1.5420)
2026-09-09 18:24:54.243 liquid native stain descriptor rearmed emission=1 descriptor=65fe5ca0 state=0 rate=4.00000 trigger=0.10100
2026-09-09 18:24:54.246 liquid model attachment rejected particle=1 reason=hit-does-not-confirm-contact-surface
2026-09-09 18:24:54.246 liquid native stain contact consumed source=confirmed particle=1 emission=1 retry=1 result=9 count=1 outcome=native-model-miss-requeued
2026-09-09 18:24:54.247 NATIVE STAIN PICK sequence=5 caller=TK17-158.001.exe+0x1f24ac(005F24AC) self=0282bb40 list="Dress01|Person01|Dress02|Person02|Dress03|Person03|Dress04|Person04" origin=(-0.01292,0.15107,-2.15367) direction=(0.04026,-0.77270,-0.63349) include_hidden=1 flags=0x0001df2d result=9 count=1 data=566e7fc0 custom_contact=1 predicted=0 custom_particle=1 custom_hit=0
2026-09-09 18:24:54.247 memory snapshot label="native-stain-pick-result" address=566E7FC0 words=3d8f8e10,657d3220,657d3220,55911ba0,3227c340,bc25683a,3dc67814,c00cad51,be1b3d1f,3f4d7864,3f13b027,0000058e,0000058c,0000058f,3f1e4cd8,3deeabdb,3e1e98a3,3f0ed07b,bb7836d7,3dec616a,bf86bf83,65972f80,c1c73e77,3e1803b8
2026-09-09 18:24:54.248 NATIVE STAIN CACHE sequence=2 caller=TK17-158.001.exe+0x1f2813(005F2813) self=65fe5ca0 surface=657d3220 surface_name="" template=79434760 template_name="" result=79434760 result_name=""
2026-09-09 18:24:54.248 memory snapshot label="native-stain-cache-result" address=79434760 words=724b1090,00000001,724b1098,7ca326a0,00000001,798f5c80,724f42f8,01010101,00000000,00000000,00000015,00000001,ffffffff,724f4190,797b7101,00000000
2026-09-09 18:24:54.257 liquid body-follow basis active person=2 root=(-0.7606,0.9378,1.6459) spine=(-1.0969,0.8724,1.5420)
2026-09-09 18:24:54.258 liquid body-follow moved particle=1 person=2 anchor=root delta=(-0.00117,0.00098,-0.00103)
2026-09-09 18:24:54.277 liquid body-follow basis active person=2 root=(-0.7606,0.9378,1.6459) spine=(-1.0969,0.8724,1.5420)
2026-09-09 18:24:54.278 liquid camera-independent body collision particle=65 person=2 primitive=2 nodes=(2,12) segment_t=0.000 signed_distance=-0.00462 inward=0.01852 world=(-0.8685,1.0751,1.6450)
2026-09-09 18:24:54.278 liquid camera-independent body collision particle=66 person=2 primitive=2 nodes=(2,12) segment_t=0.000 signed_distance=-0.00462 inward=0.01852 world=(-0.8440,1.0751,1.6171)
2026-09-09 18:24:54.286 liquid native stain descriptor rearmed emission=1 descriptor=65fe5ca0 state=0 rate=4.00000 trigger=0.10100
2026-09-09 18:24:54.289 liquid model attachment rejected particle=1 reason=hit-does-not-confirm-contact-surface
2026-09-09 18:24:54.289 liquid native stain contact consumed source=confirmed particle=1 emission=1 retry=2 result=9 count=1 outcome=native-model-miss-requeued
2026-09-09 18:24:54.289 NATIVE STAIN PICK sequence=6 caller=TK17-158.001.exe+0x1f24ac(005F24AC) self=0282bb40 list="Dress01|Person01|Dress02|Person02|Dress03|Person03|Dress04|Person04" origin=(-0.03372,0.16653,-2.14100) direction=(0.04026,-0.77270,-0.63349) include_hidden=1 flags=0x0001df2f result=9 count=1 data=566e8180 custom_contact=1 predicted=0 custom_particle=1 custom_hit=0
2026-09-09 18:24:54.289 memory snapshot label="native-stain-pick-result" address=566E8180 words=3dc3f84d,657d3220,657d3220,55911ba0,3227c340,bcf4b2d5,3dbd9e21,c00ce75f,be72d021,3f4c3cd2,3f0de8ab,0000058a,00000588,0000058b,3f098a6f,3e3e90a3,3e142356,3f0cade4,bc999fa6,3dddb986,bf854b6c,65972f80,c1c6ea58,3e182a93
2026-09-09 18:24:54.290 NATIVE STAIN CACHE sequence=3 caller=TK17-158.001.exe+0x1f2813(005F2813) self=65fe5ca0 surface=657d3220 surface_name="" template=794338c0 template_name="" result=794338c0 result_name=""
2026-09-09 18:24:54.290 memory snapshot label="native-stain-cache-result" address=794338C0 words=724b1090,00000043,724b1098,7ca6d3a0,00000001,798f5ee0,724f42f8,01010101,00000000,00000000,00000015,00000001,ffffffff,724f4190,4ee42901,799e7ce0
2026-09-09 18:24:54.299 liquid surface contact attached particle=65 person=2 anchor=penis_joint01 end=penis_joint02 segment_t=0.507 distance=0.1502
2026-09-09 18:24:54.299 liquid surface contact attached particle=66 person=2 anchor=penis_joint01 end=penis_joint02 segment_t=0.495 distance=0.1317
2026-09-09 18:24:54.321 liquid body-follow basis active person=2 root=(-0.7606,0.9378,1.6459) spine=(-1.0969,0.8724,1.5420)
2026-09-09 18:24:54.321 liquid native stain contact queued particle=3 emission=1 origin=(-0.9097,1.1347,1.6129) direction=(-0.0724,-0.9972,-0.0169)
2026-09-09 18:24:54.321 liquid camera-independent body collision particle=3 person=2 primitive=2 nodes=(2,12) segment_t=0.070 signed_distance=0.00874 inward=0.02726 world=(-0.9155,1.0549,1.6116)
2026-09-09 18:24:54.322 liquid camera-independent body collision particle=10 person=2 primitive=2 nodes=(2,12) segment_t=0.177 signed_distance=-0.00178 inward=0.01852 world=(-0.9274,1.0470,1.6238)
2026-09-09 18:24:54.330 liquid native stain descriptor rearmed emission=1 descriptor=65fe5ca0 state=0 rate=4.00000 trigger=0.10100
2026-09-09 18:24:54.332 liquid model attachment rejected particle=3 reason=hit-does-not-confirm-contact-surface
2026-09-09 18:24:54.332 liquid native stain contact consumed source=confirmed particle=3 emission=1 retry=0 result=9 count=1 outcome=native-model-miss-requeued
2026-09-09 18:24:54.332 NATIVE STAIN PICK sequence=7 caller=TK17-158.001.exe+0x1f24ac(005F24AC) self=0282bb40 list="Dress01|Person01|Dress02|Person02|Dress03|Person03|Dress04|Person04" origin=(0.01214,0.17085,-2.19410) direction=(0.04355,-0.77122,-0.63508) include_hidden=1 flags=0x0001df31 result=9 count=1 data=566e9620 custom_contact=1 predicted=0 custom_particle=3 custom_hit=0
2026-09-09 18:24:54.333 memory snapshot label="native-stain-pick-result" address=566E9620 words=3d8a8350,657d3220,657d3220,55911ba0,3227c340,3c77152e,3df311ad,c00f2bf0,3de1d25f,3f6af82c,3ec33a91,0000052c,0000052f,0000052d,3e76a9ed,3f0dd61b,3e1966db,3f17f1af,bc4dc5a0,3df38625,bf8d247a,65972f80,70a70baf,e436eb84
2026-09-09 18:24:54.333 NATIVE STAIN CACHE sequence=4 caller=TK17-158.001.exe+0x1f2813(005F2813) self=65fe5ca0 surface=657d3220 surface_name="" template=79435320 template_name="" result=79435320 result_name=""
2026-09-09 18:24:54.334 memory snapshot label="native-stain-cache-result" address=79435320 words=724b1090,00000019,724b1098,7ca6da00,00000001,798f62a0,724f42f8,01010101,00000000,00000000,00000015,00000001,ffffffff,724f4190,79934f01,79944f60
2026-09-09 18:24:54.343 liquid surface contact attached particle=3 person=2 anchor=root end=spine_joint04 segment_t=0.374 distance=0.1446
2026-09-09 18:24:54.343 liquid surface contact attached particle=10 person=2 anchor=root end=spine_joint04 segment_t=0.400 distance=0.1405
2026-09-09 18:24:54.343 liquid camera-independent body collision particle=2 person=2 primitive=2 nodes=(2,12) segment_t=0.199 signed_distance=-0.00168 inward=0.01852 world=(-0.9132,1.0466,1.5703)
2026-09-09 18:24:54.343 liquid camera-independent body collision particle=4 person=2 primitive=2 nodes=(2,12) segment_t=0.000 signed_distance=-0.00379 inward=0.01852 world=(-0.8911,1.0546,1.6232)
2026-09-09 18:24:54.344 liquid camera-independent body collision particle=5 person=2 primitive=2 nodes=(2,12) segment_t=0.331 signed_distance=0.00591 inward=0.02444 world=(-0.9358,1.0474,1.5900)
2026-09-09 18:24:54.344 liquid camera-independent body collision particle=7 person=2 primitive=2 nodes=(2,12) segment_t=0.000 signed_distance=-0.00083 inward=0.01852 world=(-0.9008,1.0570,1.5970)
2026-09-09 18:24:54.361 liquid native stain descriptor rearmed emission=1 descriptor=65fe5ca0 state=0 rate=4.00000 trigger=0.10100
2026-09-09 18:24:54.363 liquid model attachment rejected particle=1 reason=hit-does-not-confirm-contact-surface
2026-09-09 18:24:54.364 liquid native stain contact consumed source=confirmed particle=1 emission=1 retry=3 result=9 count=1 outcome=native-model-miss-final
2026-09-09 18:24:54.364 NATIVE STAIN PICK sequence=8 caller=TK17-158.001.exe+0x1f24ac(005F24AC) self=0282bb40 list="Dress01|Person01|Dress02|Person02|Dress03|Person03|Dress04|Person04" origin=(-0.02453,0.19198,-2.12833) direction=(0.04026,-0.77270,-0.63349) include_hidden=1 flags=0x0001df32 result=9 count=1 data=566e8340 custom_contact=1 predicted=0 custom_particle=1 custom_hit=0
2026-09-09 18:24:54.364 memory snapshot label="native-stain-pick-result" address=566E8340 words=3df833eb,657d3220,657d3220,55911ba0,3227c340,bca0f6ae,3dc9628b,c00d2080,be565845,3f55c272,3f024634,0000058c,00000589,0000058a,3e8529fe,3ea140ba,3e16d613,3f0ea776,bc756ae7,3de65350,bf86ad80,65972f80,0000000b,3f341000
2026-09-09 18:24:54.365 NATIVE STAIN CACHE sequence=5 caller=TK17-158.001.exe+0x1f2813(005F2813) self=65fe5ca0 surface=657d3220 surface_name="" template=794337a0 template_name="" result=794337a0 result_name=""
2026-09-09 18:24:54.365 memory snapshot label="native-stain-cache-result" address=794337A0 words=724b1090,00000009,724b1098,792d72e0,00000001,798f68c0,724f42f8,01010101,00000000,00000000,00000015,00000001,ffffffff,724f4190,0b040001,00000000
2026-09-09 18:24:54.366 testicular retraction live write person=2 control=46d30240 input=0.250 baseline=0.000 contribution=0.250 output=0.250
2026-09-09 18:24:54.376 liquid surface contact attached particle=2 person=2 anchor=root end=spine_joint04 segment_t=0.458 distance=0.1261
2026-09-09 18:24:54.377 liquid surface contact attached particle=4 person=2 anchor=root end=spine_joint04 segment_t=0.352 distance=0.1304
2026-09-09 18:24:54.377 liquid surface contact attached particle=5 person=2 anchor=root end=spine_joint04 segment_t=0.500 distance=0.1297
2026-09-09 18:24:54.377 liquid surface contact attached particle=7 person=2 anchor=root end=spine_joint04 segment_t=0.398 distance=0.1324
2026-09-09 18:24:54.377 liquid native stain contact queued particle=6 emission=1 origin=(-0.9160,1.1290,1.6180) direction=(-0.0706,-0.9974,-0.0139)
2026-09-09 18:24:54.377 liquid camera-independent body collision particle=6 person=2 primitive=2 nodes=(2,12) segment_t=0.142 signed_distance=-0.00251 inward=0.01852 world=(-0.9216,1.0492,1.6169)
2026-09-09 18:24:54.378 liquid camera-independent body collision particle=9 person=2 primitive=2 nodes=(2,12) segment_t=0.036 signed_distance=0.00528 inward=0.02380 world=(-0.9044,1.0562,1.5904)
2026-09-09 18:24:54.386 liquid native stain descriptor rearmed emission=1 descriptor=65fe5ca0 state=0 rate=4.00000 trigger=0.10100
2026-09-09 18:24:54.389 liquid model attachment rejected particle=6 reason=hit-does-not-confirm-contact-surface
2026-09-09 18:24:54.389 liquid native stain contact consumed source=confirmed particle=6 emission=1 retry=0 result=9 count=1 outcome=native-model-miss-requeued
2026-09-09 18:24:54.390 NATIVE STAIN PICK sequence=9 caller=TK17-158.001.exe+0x1f24ac(005F24AC) self=0282bb40 list="Dress01|Person01|Dress02|Person02|Dress03|Person03|Dress04|Person04" origin=(0.01066,0.17074,-2.17750) direction=(0.04037,-0.77179,-0.63459) include_hidden=1 flags=0x0001df33 result=9 count=1 data=566e8340 custom_contact=1 predicted=0 custom_particle=6 custom_hit=0
2026-09-09 18:24:54.390 memory snapshot label="native-stain-pick-result" address=566E8340 words=3d8275fe,657d3220,657d3220,55911ba0,3227c340,3c58d9cc,3df8fe93,c00df27d,bc1db3cc,3f72344d,3ea5bc1b,0000070c,0000052d,00000530,3f10cfbc,3e952274,3e14be02,3f18ca97,bc9d60b9,3df1ae8c,bf8db33b,65972f80,0000000b,3f13fd0d
2026-09-09 18:24:54.390 NATIVE STAIN CACHE sequence=6 caller=TK17-158.001.exe+0x1f2813(005F2813) self=65fe5ca0 surface=657d3220 surface_name="" template=79433560 template_name="" result=79433560 result_name=""
2026-09-09 18:24:54.392 memory snapshot label="native-stain-cache-result" address=79433560 words=724b1090,0000002b,724b1098,7ca31f20,00000001,798f6400,724f42f8,01010101,00000000,00000000,00000015,00000001,ffffffff,724f4190,798f6701,00000000
2026-09-09 18:24:54.403 liquid body-follow moved particle=1 person=2 anchor=root delta=(0.01923,0.01540,-0.00869)
2026-09-09 18:24:54.403 liquid body-follow moved particle=3 person=2 anchor=root delta=(0.01930,0.01540,-0.00894)
2026-09-09 18:24:54.404 liquid surface contact attached particle=6 person=2 anchor=root end=spine_joint04 segment_t=0.479 distance=0.1258
2026-09-09 18:24:54.404 liquid surface contact attached particle=9 person=2 anchor=root end=spine_joint04 segment_t=0.453 distance=0.1234
2026-09-09 18:24:54.404 liquid body-follow moved particle=10 person=2 anchor=root delta=(0.01924,0.01540,-0.00900)
2026-09-09 18:24:54.405 liquid body-follow moved particle=65 person=2 anchor=penis_joint01 delta=(0.01913,0.01539,-0.00872)
2026-09-09 18:24:54.405 liquid body-follow moved particle=66 person=2 anchor=penis_joint01 delta=(0.01926,0.01539,-0.00860)
2026-09-09 18:24:54.405 liquid native stain contact queued particle=8 emission=1 origin=(-0.9325,1.1082,1.6158) direction=(-0.0716,-0.9973,-0.0137)
2026-09-09 18:24:54.405 liquid camera-independent body collision particle=8 person=2 primitive=2 nodes=(2,12) segment_t=0.334 signed_distance=-0.01650 inward=0.01852 world=(-0.9382,1.0284,1.6147)
2026-09-09 18:24:54.405 liquid camera-independent body collision particle=11 person=2 primitive=2 nodes=(2,12) segment_t=0.000 signed_distance=0.00722 inward=0.02575 world=(-0.8946,1.0591,1.6012)
2026-09-09 18:24:54.406 liquid camera-independent body collision particle=12 person=2 primitive=2 nodes=(2,12) segment_t=0.332 signed_distance=-0.01482 inward=0.01852 world=(-0.9390,1.0295,1.6170)
2026-09-09 18:24:54.406 liquid camera-independent body collision particle=13 person=2 primitive=2 nodes=(2,12) segment_t=0.019 signed_distance=-0.00389 inward=0.01852 world=(-0.9093,1.0518,1.6200)
2026-09-09 18:24:54.406 liquid camera-independent body collision particle=14 person=2 primitive=2 nodes=(2,12) segment_t=0.000 signed_distance=-0.00548 inward=0.01852 world=(-0.9005,1.0528,1.6054)
2026-09-09 18:24:54.418 liquid native stain descriptor rearmed emission=1 descriptor=65fe5ca0 state=0 rate=4.00000 trigger=0.10100
2026-09-09 18:24:54.421 liquid model attachment rejected particle=3 reason=hit-does-not-confirm-contact-surface
2026-09-09 18:24:54.421 liquid native stain contact consumed source=confirmed particle=3 emission=1 retry=1 result=9 count=1 outcome=native-model-miss-requeued
2026-09-09 18:24:54.421 NATIVE STAIN PICK sequence=10 caller=TK17-158.001.exe+0x1f24ac(005F24AC) self=0282bb40 list="Dress01|Person01|Dress02|Person02|Dress03|Person03|Dress04|Person04" origin=(0.02400,0.18614,-2.10781) direction=(0.04455,-0.77168,-0.63445) include_hidden=1 flags=0x0001df34 result=9 count=1 data=566e8340 custom_contact=1 predicted=0 custom_particle=3 custom_hit=0
2026-09-09 18:24:54.421 memory snapshot label="native-stain-pick-result" address=566E8340 words=3dbaca60,657d3220,657d3220,55911ba0,3227c340,3ce5e3fb,3ded14ab,c00a9a5d,3eac5cec,3f531eaa,3ee8b2e7,0000052f,00000533,00000530,3e0ff42a,3e14a032,3e1e86e3,3f194f57,bbaeac55,3def086e,bf8e1b00,65972f80,0000000b,3f13fd0d
2026-09-09 18:24:54.422 NATIVE STAIN CACHE sequence=7 caller=TK17-158.001.exe+0x1f2813(005F2813) self=65fe5ca0 surface=657d3220 surface_name="" template=79433560 template_name="" result=79433560 result_name=""
2026-09-09 18:24:54.423 memory snapshot label="native-stain-cache-result" address=79433560 words=724b1090,0000002b,724b1098,7ca31f20,00000001,798f6400,724f42f8,01010101,00000000,00000000,00000015,00000001,ffffffff,724f4190,798f6701,00000000
2026-09-09 18:24:54.434 liquid body-follow moved particle=1 person=2 anchor=root delta=(0.01519,0.01239,-0.00756)
2026-09-09 18:24:54.434 liquid body-follow moved particle=2 person=2 anchor=root delta=(0.01553,0.01239,-0.00805)
2026-09-09 18:24:54.434 liquid body-follow moved particle=3 person=2 anchor=root delta=(0.01530,0.01239,-0.00793)
2026-09-09 18:24:54.435 liquid body-follow moved particle=4 person=2 anchor=root delta=(0.01515,0.01239,-0.00790)
2026-09-09 18:24:54.435 liquid body-follow moved particle=5 person=2 anchor=root delta=(0.01539,0.01239,-0.00822)
2026-09-09 18:24:54.435 liquid body-follow moved particle=7 person=2 anchor=root delta=(0.01534,0.01239,-0.00797)
2026-09-09 18:24:54.435 liquid surface contact attached particle=8 person=2 anchor=breast_scale_R_joint end= segment_t=0.000 distance=0.1080
2026-09-09 18:24:54.435 liquid body-follow moved particle=10 person=2 anchor=root delta=(0.01521,0.01239,-0.00802)
2026-09-09 18:24:54.436 liquid body-follow moved particle=65 person=2 anchor=penis_joint01 delta=(0.01506,0.01239,-0.00759)
2026-09-09 18:24:54.436 liquid body-follow moved particle=66 person=2 anchor=penis_joint01 delta=(0.01526,0.01239,-0.00741)
2026-09-09 18:24:54.436 liquid native stain contact queued particle=20 emission=1 origin=(-0.8867,1.1356,1.5807) direction=(-0.0604,-0.9978,-0.0291)
2026-09-09 18:24:54.445 liquid native stain descriptor rearmed emission=1 descriptor=65fe5ca0 state=0 rate=4.00000 trigger=0.10100
2026-09-09 18:24:54.448 liquid model attachment rejected particle=6 reason=hit-does-not-confirm-contact-surface
2026-09-09 18:24:54.448 liquid native stain contact consumed source=confirmed particle=6 emission=1 retry=1 result=9 count=1 outcome=native-model-miss-requeued
2026-09-09 18:24:54.448 NATIVE STAIN PICK sequence=11 caller=TK17-158.001.exe+0x1f24ac(005F24AC) self=0282bb40 list="Dress01|Person01|Dress02|Person02|Dress03|Person03|Dress04|Person04" origin=(0.02677,0.18585,-2.01948) direction=(0.04274,-0.77292,-0.63306) include_hidden=1 flags=0x0001df35 result=9 count=1 data=566e8f40 custom_contact=1 predicted=0 custom_particle=6 custom_hit=0
2026-09-09 18:24:54.449 memory snapshot label="native-stain-pick-result" address=566E8F40 words=3db039ad,657d3220,657d3220,55911ba0,3227c340,3cf96877,3df46764,c004bb94,3e4e801c,3f61db77,3ed9cd17,0000052f,00000533,00000530,3e856078,3f067efa,3e19ee5f,3f1a24de,bc45e570,3defb919,bf8ea24d,65972f80,0000018f,3b680000
2026-09-09 18:24:54.449 NATIVE STAIN CACHE sequence=8 caller=TK17-158.001.exe+0x1f2813(005F2813) self=65fe5ca0 surface=657d3220 surface_name="" template=79434880 template_name="" result=79434880 result_name=""
2026-09-09 18:24:54.450 memory snapshot label="native-stain-cache-result" address=79434880 words=724b1090,0000003a,724b1098,7ca6e540,00000001,798f5f60,724f42f8,01010101,00000000,00000000,00000015,00000001,ffffffff,724f4190,798ade01,00000000
2026-09-09 18:24:54.458 liquid world emitter sample person=2 emission=1 position=(-0.73520,1.25948,1.65371) direction=(-0.08571,0.99597,-0.02647) source=rebuilt-joint-local-hierarchy
2026-09-09 18:24:54.460 liquid body-follow moved particle=1 person=2 anchor=root delta=(0.03615,0.02963,-0.01863)
2026-09-09 18:24:54.460 liquid native stain contact queued particle=23 emission=1 origin=(-0.9159,1.1311,1.5910) direction=(-0.0680,-0.9974,-0.0236)
2026-09-09 18:24:54.462 liquid camera occlusion rejected particle=61 world_gap=0.07442 contact_limit=0.03467 sweep_steps=1
2026-09-09 18:24:54.471 liquid native stain descriptor rearmed emission=1 descriptor=65fe5ca0 state=0 rate=4.00000 trigger=0.10100
2026-09-09 18:24:54.475 liquid model attachment rejected particle=3 reason=hit-does-not-confirm-contact-surface
2026-09-09 18:24:54.475 liquid native stain contact consumed source=confirmed particle=3 emission=1 retry=2 result=9 count=1 outcome=native-model-miss-final
2026-09-09 18:24:54.475 NATIVE STAIN PICK sequence=12 caller=TK17-158.001.exe+0x1f24ac(005F24AC) self=0282bb40 list="Dress01|Person01|Dress02|Person02|Dress03|Person03|Dress04|Person04" origin=(0.01251,0.20095,-1.90552) direction=(0.04793,-0.77351,-0.63197) include_hidden=1 flags=0x0001df36 result=9 count=1 data=566e9d00 custom_contact=1 predicted=0 custom_particle=3 custom_hit=0
2026-09-09 18:24:54.475 memory snapshot label="native-stain-pick-result" address=566E9D00 words=3ddd0b67,657d3220,657d3220,55911ba0,3227c340,3c90dc61,3df08f3f,bffca345,bd328f63,3f723064,3ea4638e,0000052d,0000052a,0000052c,3eb5fe1b,3eb85454,3e144826,3f16a213,bc9fd419,3df07b85,bf8c4633,65972f80,0000000b,3f032229
2026-09-09 18:24:54.476 NATIVE STAIN CACHE sequence=9 caller=TK17-158.001.exe+0x1f2813(005F2813) self=65fe5ca0 surface=657d3220 surface_name="" template=794334c0 template_name="" result=794334c0 result_name=""
2026-09-09 18:24:54.476 memory snapshot label="native-stain-cache-result" address=794334C0 words=724b1090,0000000a,724b1098,7ca317a0,00000001,798f6660,724f42f8,01010101,00000000,00000000,00000015,00000001,ffffffff,724f4190,79793901,00000000
2026-09-09 18:24:54.487 liquid native stain contact queued particle=37 emission=1 origin=(-0.9196,1.1191,1.5775) direction=(-0.0723,-0.9969,-0.0299)
2026-09-09 18:24:54.488 liquid camera occlusion rejected particle=67 world_gap=0.01479 contact_limit=0.01331 sweep_steps=1
2026-09-09 18:24:54.496 liquid native stain descriptor rearmed emission=1 descriptor=65fe5ca0 state=0 rate=4.00000 trigger=0.10100
2026-09-09 18:24:54.499 liquid model attachment rejected particle=6 reason=hit-does-not-confirm-contact-surface
2026-09-09 18:24:54.499 liquid native stain contact consumed source=confirmed particle=6 emission=1 retry=2 result=9 count=1 outcome=native-model-miss-requeued
2026-09-09 18:24:54.499 NATIVE STAIN PICK sequence=13 caller=TK17-158.001.exe+0x1f24ac(005F24AC) self=0282bb40 list="Dress01|Person01|Dress02|Person02|Dress03|Person03|Dress04|Person04" origin=(0.01594,0.20055,-1.82632) direction=(0.04609,-0.77473,-0.63061) include_hidden=1 flags=0x0001df37 result=9 count=1 data=566e9100 custom_contact=1 predicted=0 custom_particle=6 custom_hit=0
2026-09-09 18:24:54.499 memory snapshot label="native-stain-pick-result" address=566E9100 words=3dd98f87,657d3220,657d3220,55911ba0,3227c340,3caab95a,3df22c1e,bff257f0,bdfc923a,3f76b73d,3e725751,0000052d,0000070c,0000052a,3f08cac0,3e5f27d8,3e0f76c2,3f17819b,bcd5c5fe,3dea3368,bf8ce5ac,65972f80,0000000b,3f364799
2026-09-09 18:24:54.500 NATIVE STAIN CACHE sequence=10 caller=TK17-158.001.exe+0x1f2813(005F2813) self=65fe5ca0 surface=657d3220 surface_name="" template=794338c0 template_name="" result=794338c0 result_name=""
2026-09-09 18:24:54.500 memory snapshot label="native-stain-cache-result" address=794338C0 words=724b1090,00000043,724b1098,7ca6d3a0,00000001,798f5ee0,724f42f8,01010101,00000000,00000000,00000015,00000001,ffffffff,724f4190,4ee42901,799e7ce0
2026-09-09 18:24:54.522 liquid native stain descriptor rearmed emission=1 descriptor=65fe5ca0 state=0 rate=4.00000 trigger=0.10100
2026-09-09 18:24:54.525 liquid model attachment rejected particle=37 reason=hit-does-not-confirm-contact-surface
2026-09-09 18:24:54.525 liquid native stain contact consumed source=confirmed particle=37 emission=1 retry=0 result=9 count=1 outcome=native-model-miss-requeued
2026-09-09 18:24:54.525 NATIVE STAIN PICK sequence=14 caller=TK17-158.001.exe+0x1f24ac(005F24AC) self=0282bb40 list="Dress01|Person01|Dress02|Person02|Dress03|Person03|Dress04|Person04" origin=(0.06912,0.15100,-1.76153) direction=(0.06221,-0.77899,-0.62395) include_hidden=1 flags=0x0001df38 result=9 count=1 data=566e9100 custom_contact=1 predicted=0 custom_particle=37 custom_hit=0
2026-09-09 18:24:54.526 memory snapshot label="native-stain-pick-result" address=566E9100 words=3d876e8f,657d3220,657d3220,55911ba0,3227c340,3d95faf6,3dcbbdc4,bfe6c1da,3e8f7308,3f4bc0a5,3f096447,00000532,00000535,00000536,3f12c7b3,3ea7eb78,3e302ebc,3f1c72eb,3c98046d,3de0cec9,bf901d68,65972f80,0000000b,3f364799
2026-09-09 18:24:54.526 NATIVE STAIN CACHE sequence=11 caller=TK17-158.001.exe+0x1f2813(005F2813) self=65fe5ca0 surface=657d3220 surface_name="" template=79434b40 template_name="" result=79434b40 result_name=""
2026-09-09 18:24:54.527 memory snapshot label="native-stain-cache-result" address=79434B40 words=724b1090,00000005,724b1098,7ca31c80,00000001,798f6480,724f42f8,01010101,00000000,00000000,00000015,00000001,ffffffff,724f4190,00000001,00000000
2026-09-09 18:24:54.544 liquid native stain descriptor rearmed emission=1 descriptor=65fe5ca0 state=0 rate=4.00000 trigger=0.10100
2026-09-09 18:24:54.547 liquid model attachment rejected particle=6 reason=hit-does-not-confirm-contact-surface
2026-09-09 18:24:54.547 liquid native stain contact consumed source=confirmed particle=6 emission=1 retry=3 result=9 count=1 outcome=native-model-miss-final
2026-09-09 18:24:54.547 NATIVE STAIN PICK sequence=15 caller=TK17-158.001.exe+0x1f24ac(005F24AC) self=0282bb40 list="Dress01|Person01|Dress02|Person02|Dress03|Person03|Dress04|Person04" origin=(0.03269,0.22525,-1.66824) direction=(0.04858,-0.77617,-0.62865) include_hidden=1 flags=0x0001df39 result=9 count=1 data=566edae0 custom_contact=1 predicted=0 custom_particle=6 custom_hit=0
2026-09-09 18:24:54.548 memory snapshot label="native-stain-pick-result" address=566EDAE0 words=3e0a7b37,657d3220,657d3220,55911ba0,3227c340,3d20d191,3df65862,bfe06a8e,bd0a0f2f,3f74444d,3e9840e2,0000070c,00000530,00000709,3f1edc85,3e58a51f,3e118307,3f19d5f4,bcc1b9f6,3ded0e1e,bf8e6817,65972f80,56434360,549ca160
2026-09-09 18:24:54.548 NATIVE STAIN CACHE sequence=12 caller=TK17-158.001.exe+0x1f2813(005F2813) self=65fe5ca0 surface=657d3220 surface_name="" template=79436260 template_name="" result=79436260 result_name=""
2026-09-09 18:24:54.548 memory snapshot label="native-stain-cache-result" address=79436260 words=724b1090,00000027,724b1098,7ca6e060,00000001,798f6560,724f42f8,01010101,00000000,00000000,00000015,00000001,ffffffff,724f4190,797b1f01,00000000
2026-09-09 18:24:54.568 liquid native stain descriptor rearmed emission=1 descriptor=65fe5ca0 state=0 rate=4.00000 trigger=0.10100
2026-09-09 18:24:54.571 liquid model attachment rejected particle=37 reason=hit-does-not-confirm-contact-surface
2026-09-09 18:24:54.572 liquid native stain contact consumed source=confirmed particle=37 emission=1 retry=1 result=9 count=1 outcome=native-model-miss-requeued
2026-09-09 18:24:54.572 NATIVE STAIN PICK sequence=16 caller=TK17-158.001.exe+0x1f24ac(005F24AC) self=0282bb40 list="Dress01|Person01|Dress02|Person02|Dress03|Person03|Dress04|Person04" origin=(0.08316,0.16511,-1.62939) direction=(0.06384,-0.78038,-0.62204) include_hidden=1 flags=0x0001df3a result=9 count=1 data=566ec480 custom_contact=1 predicted=0 custom_particle=37 custom_hit=0
2026-09-09 18:24:54.572 memory snapshot label="native-stain-pick-result" address=566EC480 words=3db86d15,657d3220,657d3220,55911ba0,3227c340,3db61382,3dc23b78,bfd7bb57,3e801fe7,3f43c818,3f17fdf6,00000536,00000538,00000539,3f04f620,3e1084e3,3e352da9,3f1e7233,3ccded83,3ddce0d8,bf9158f1,65972f80,5684fe60,556eb3a0
2026-09-09 18:24:54.573 NATIVE STAIN CACHE sequence=13 caller=TK17-158.001.exe+0x1f2813(005F2813) self=65fe5ca0 surface=657d3220 surface_name="" template=794358c0 template_name="" result=794358c0 result_name=""
2026-09-09 18:24:54.573 memory snapshot label="native-stain-cache-result" address=794358C0 words=724b1090,0000001e,724b1098,7ca6ee40,00000001,798f60c0,724f42f8,01010101,00000000,00000000,00000015,00000001,ffffffff,724f4190,797c1901,00000000
2026-09-09 18:24:54.583 liquid contact classification particle=69 body_result=0 person=0 primitive=0 nodes=(-1,-1) segment_t=0.000 signed_distance=0.02824 world_gap=0.01197
2026-09-09 18:24:54.584 liquid depth collision hit particle=69 age=0.078 world=(-0.8787,1.1092,1.5744) particle_depth=0.972767 scene_depth=0.971833 sweep_steps=3 world_gap=0.01197
2026-09-09 18:24:54.584 liquid contact classification particle=70 body_result=0 person=0 primitive=0 nodes=(-1,-1) segment_t=0.000 signed_distance=0.02810 world_gap=0.01051
2026-09-09 18:24:54.585 liquid depth collision hit particle=70 age=0.078 world=(-0.8859,1.1069,1.5698) particle_depth=0.973183 scene_depth=0.972562 sweep_steps=3 world_gap=0.01051
2026-09-09 18:24:54.591 liquid native stain descriptor rearmed emission=1 descriptor=65fe5ca0 state=0 rate=4.00000 trigger=0.10100
2026-09-09 18:24:54.593 liquid model attachment rejected particle=8 reason=hit-does-not-confirm-contact-surface
2026-09-09 18:24:54.594 liquid native stain contact consumed source=confirmed particle=8 emission=1 retry=0 result=9 count=1 outcome=native-model-miss-final
2026-09-09 18:24:54.594 NATIVE STAIN PICK sequence=17 caller=TK17-158.001.exe+0x1f24ac(005F24AC) self=0282bb40 list="Dress01|Person01|Dress02|Person02|Dress03|Person03|Dress04|Person04" origin=(0.05106,0.15869,-1.62498) direction=(0.05044,-0.77638,-0.62824) include_hidden=1 flags=0x0001df3b result=9 count=1 data=566ecb60 custom_contact=1 predicted=0 custom_particle=8 custom_hit=0
2026-09-09 18:24:54.595 memory snapshot label="native-stain-pick-result" address=566ECB60 words=3d3fed01,657d3220,657d3220,55911ba0,3227c340,3d5acf33,3dfa7f20,bfd3c41c,3c3312e2,3f6ade6a,3ecb9d92,00000706,00000709,00000530,3d641935,3e0a28dd,3e1308d7,3f1c0da2,bcb3f672,3df05fbf,bf8fcf10,65972f80,56673f40,54c8bf40
2026-09-09 18:24:54.595 NATIVE STAIN CACHE sequence=14 caller=TK17-158.001.exe+0x1f2813(005F2813) self=65fe5ca0 surface=657d3220 surface_name="" template=79434b40 template_name="" result=79434b40 result_name=""
2026-09-09 18:24:54.596 memory snapshot label="native-stain-cache-result" address=79434B40 words=724b1090,00000005,724b1098,7ca31c80,00000001,798f6480,724f42f8,01010101,00000000,00000000,00000015,00000001,ffffffff,724f4190,00000001,00000000
2026-09-09 18:24:54.618 liquid native stain descriptor rearmed emission=1 descriptor=65fe5ca0 state=0 rate=4.00000 trigger=0.10100
2026-09-09 18:24:54.620 liquid model attachment rejected particle=37 reason=hit-does-not-confirm-contact-surface
2026-09-09 18:24:54.620 liquid native stain contact consumed source=confirmed particle=37 emission=1 retry=2 result=9 count=1 outcome=native-model-miss-requeued
2026-09-09 18:24:54.620 NATIVE STAIN PICK sequence=18 caller=TK17-158.001.exe+0x1f24ac(005F24AC) self=0282bb40 list="Dress01|Person01|Dress02|Person02|Dress03|Person03|Dress04|Person04" origin=(0.06534,0.17971,-1.52050) direction=(0.06488,-0.78130,-0.62077) include_hidden=1 flags=0x0001df3c result=9 count=1 data=566ed080 custom_contact=1 predicted=0 custom_particle=37 custom_hit=0
2026-09-09 18:24:54.620 memory snapshot label="native-stain-pick-result" address=566ED080 words=3dd3ac85,657d3220,657d3220,55911ba0,3227c340,3d938cf9,3dcaa7a1,bfcad606,3eaefe51,3f446daa,3f0ae92d,00000531,00000535,00000532,3e697faa,3eafdeb8,3e2b72bc,3f1a9b81,3c47953c,3de28fec,bf8efa46,65972f80,562f1a20,54c82760
2026-09-09 18:24:54.622 NATIVE STAIN CACHE sequence=15 caller=TK17-158.001.exe+0x1f2813(005F2813) self=65fe5ca0 surface=657d3220 surface_name="" template=794335e0 template_name="" result=794335e0 result_name=""
2026-09-09 18:24:54.623 memory snapshot label="native-stain-cache-result" address=794335E0 words=724b1090,00000001,724b1098,7ca37740,00000001,798f6b00,724f42f8,01010101,00000000,00000000,00000015,00000001,ffffffff,724f4190,799e8b01,794339e0
2026-09-09 18:24:54.623 testicular retraction live write person=2 control=46d30240 input=0.104 baseline=0.000 contribution=0.090 output=0.090
2026-09-09 18:24:54.669 liquid native stain descriptor rearmed emission=1 descriptor=65fe5ca0 state=0 rate=4.00000 trigger=0.10100
2026-09-09 18:24:54.672 liquid model attachment rejected particle=37 reason=hit-does-not-confirm-contact-surface
2026-09-09 18:24:54.673 liquid native stain contact consumed source=confirmed particle=37 emission=1 retry=3 result=9 count=1 outcome=native-model-miss-final
2026-09-09 18:24:54.673 NATIVE STAIN PICK sequence=19 caller=TK17-158.001.exe+0x1f24ac(005F24AC) self=0282bb40 list="Dress01|Person01|Dress02|Person02|Dress03|Person03|Dress04|Person04" origin=(0.07566,0.20604,-1.45312) direction=(0.06537,-0.75967,-0.64702) include_hidden=1 flags=0x0001df3d result=9 count=1 data=566ecd20 custom_contact=1 predicted=0 custom_particle=37 custom_hit=0
2026-09-09 18:24:54.673 memory snapshot label="native-stain-pick-result" address=566ECD20 words=3e09d1a5,657d3220,657d3220,55911ba0,3227c340,3dacf6a2,3dd494b8,bfc52564,3e8be68d,3f41cf60,3f17ec4e,00000532,00000536,00000534,3f32baec,3dbfdb1d,3e2d34a1,3f1d5632,3c6490ab,3de17991,bf90b347,65972f80,0000000b,3e039abf
2026-09-09 18:24:54.674 NATIVE STAIN CACHE sequence=16 caller=TK17-158.001.exe+0x1f2813(005F2813) self=65fe5ca0 surface=657d3220 surface_name="" template=79434760 template_name="" result=79434760 result_name=""
2026-09-09 18:24:54.674 memory snapshot label="native-stain-cache-result" address=79434760 words=724b1090,00000001,724b1098,7ca326a0,00000001,798f5c80,724f42f8,01010101,00000000,00000000,00000015,00000001,ffffffff,724f4190,797b7101,00000000
2026-09-09 18:24:54.695 liquid native stain descriptor rearmed emission=1 descriptor=65fe5ca0 state=0 rate=4.00000 trigger=0.10100
2026-09-09 18:24:54.698 liquid model attachment rejected particle=20 reason=hit-does-not-confirm-contact-surface
2026-09-09 18:24:54.698 liquid native stain contact consumed source=confirmed particle=20 emission=1 retry=0 result=9 count=1 outcome=native-model-miss-final
2026-09-09 18:24:54.699 NATIVE STAIN PICK sequence=20 caller=TK17-158.001.exe+0x1f24ac(005F24AC) self=0282bb40 list="Dress01|Person01|Dress02|Person02|Dress03|Person03|Dress04|Person04" origin=(0.06692,0.14721,-1.31409) direction=(0.06020,-0.72521,-0.68589) include_hidden=1 flags=0x0001df3e result=9 count=1 data=566ed760 custom_contact=1 predicted=0 custom_particle=20 custom_hit=0
2026-09-09 18:24:54.699 memory snapshot label="native-stain-pick-result" address=566ED760 words=3d9822ee,657d3220,657d3220,55911ba0,3227c340,3d923572,3dbf2746,bfaeb9d4,3ec2a959,3f2a1959,3f24b581,00000595,00000597,00000598,3ed4d6fe,3e00a21b,3e338232,3f15a034,3ccd2d01,3de428a2,bf8bb39f,65972f80,0000000b,3bd64d7f
2026-09-09 18:24:54.700 NATIVE STAIN CACHE sequence=17 caller=TK17-158.001.exe+0x1f2813(005F2813) self=65fe5ca0 surface=657d3220 surface_name="" template=79435440 template_name="" result=79435440 result_name=""
2026-09-09 18:24:54.700 memory snapshot label="native-stain-cache-result" address=79435440 words=724b1090,0000000a,724b1098,7ca32fa0,00000001,798f69a0,724f42f8,01010101,00000000,00000000,00000015,00000001,ffffffff,724f4190,7977c301,00000000
2026-09-09 18:24:54.711 liquid world emitter sample person=2 emission=1 position=(-0.73520,1.25948,1.65371) direction=(-0.08571,0.99597,-0.02647) source=rebuilt-joint-local-hierarchy
2026-09-09 18:24:54.728 liquid native stain descriptor rearmed emission=1 descriptor=65fe5ca0 state=0 rate=4.00000 trigger=0.10100
2026-09-09 18:24:54.730 liquid model attachment rejected particle=23 reason=hit-does-not-confirm-contact-surface
2026-09-09 18:24:54.730 liquid native stain contact consumed source=confirmed particle=23 emission=1 retry=0 result=9 count=1 outcome=native-model-miss-final
2026-09-09 18:24:54.730 NATIVE STAIN PICK sequence=21 caller=TK17-158.001.exe+0x1f24ac(005F24AC) self=0282bb40 list="Dress01|Person01|Dress02|Person02|Dress03|Person03|Dress04|Person04" origin=(0.08341,0.16192,-1.27729) direction=(0.06225,-0.70538,-0.70609) include_hidden=1 flags=0x0001df3f result=9 count=1 data=566ed400 custom_contact=1 predicted=0 custom_particle=23 custom_hit=0
2026-09-09 18:24:54.732 memory snapshot label="native-stain-pick-result" address=566ED400 words=3d97dc54,657d3220,657d3220,55911ba0,3227c340,3db4484c,3de08036,bfaa31b9,3eb472f5,3f287fd3,3f2a4ddf,0000052f,00000531,00000532,3e3044f7,3f2ca91d,3e27812b,3f1aa30f,3bd763b2,3de4dd21,bf8f0223,65972f80,0000000b,3d4c0592
2026-09-09 18:24:54.732 NATIVE STAIN CACHE sequence=18 caller=TK17-158.001.exe+0x1f2813(005F2813) self=65fe5ca0 surface=657d3220 surface_name="" template=79434fc0 template_name="" result=79434fc0 result_name=""
2026-09-09 18:24:54.733 memory snapshot label="native-stain-cache-result" address=79434FC0 words=724b1090,00000029,724b1098,7ca328e0,00000001,798f5d00,724f42f8,01010101,00000000,00000000,00000015,00000001,ffffffff,724f4190,7994a201,7960db60
2026-09-09 18:24:54.869 testicular retraction live write person=2 control=46d30240 input=0.001 baseline=0.000 contribution=-0.000 output=0.000
2026-09-09 18:24:54.915 ejaculation audio started person=2 emission=1 pulse=2 volume=0.000 path="C:\Users\ErolB\Desktop\Games\TK17\The Klub 17\Extensions\Liquids\Sounds\Ejaculation\Default\cum07.mp3"
2026-09-09 18:24:54.915 testicular retraction control resolved person=2 mode=FindObjC-direct wrapper=46d30240 control=46d30240 weight=0.000
2026-09-09 18:24:54.915 testicular retraction pulse person=2 emission=1 pulse=2 baseline=0.000 start=-0.000 target=0.250
2026-09-09 18:24:54.924 testicular retraction applied person=2 emission=1 pulse=2 baseline=0.000 contribution=-0.000 output=0.000
2026-09-09 18:24:54.964 liquid world emitter sample person=2 emission=1 position=(-0.73520,1.25948,1.65371) direction=(-0.08571,0.99597,-0.02647) source=rebuilt-joint-local-hierarchy
2026-09-09 18:24:55.114 testicular retraction live write person=2 control=46d30240 input=0.281 baseline=0.000 contribution=0.278 output=0.278
2026-09-09 18:24:55.211 liquid world emitter sample person=2 emission=1 position=(-0.73520,1.25948,1.65371) direction=(-0.08571,0.99597,-0.02647) source=rebuilt-joint-local-hierarchy
2026-09-09 18:24:55.325 ejaculation audio finished person=2 emission=1 pulse=2 path="C:\Users\ErolB\Desktop\Games\TK17\The Klub 17\Extensions\Liquids\Sounds\Ejaculation\Default\cum07.mp3"
2026-09-09 18:24:55.368 testicular retraction live write person=2 control=46d30240 input=0.242 baseline=0.000 contribution=0.242 output=0.242
2026-09-09 18:24:55.464 liquid world emitter sample person=2 emission=1 position=(-0.73520,1.25948,1.65371) direction=(-0.08571,0.99597,-0.02647) source=rebuilt-joint-local-hierarchy
2026-09-09 18:24:55.527 liquid native stain contact queued particle=71 emission=1 origin=(-0.8487,1.1356,1.6047) direction=(-0.0618,-0.9977,-0.0267)
2026-09-09 18:24:55.536 liquid native stain descriptor rearmed emission=1 descriptor=65fe5ca0 state=0 rate=4.00000 trigger=0.10100
2026-09-09 18:24:55.539 liquid model attachment rejected particle=71 reason=hit-does-not-confirm-contact-surface
2026-09-09 18:24:55.539 liquid native stain contact consumed source=confirmed particle=71 emission=1 retry=0 result=9 count=1 outcome=native-model-miss-requeued
2026-09-09 18:24:55.539 NATIVE STAIN PICK sequence=22 caller=TK17-158.001.exe+0x1f24ac(005F24AC) self=0282bb40 list="Dress01|Person01|Dress02|Person02|Dress03|Person03|Dress04|Person04" origin=(0.07292,0.11731,-0.81306) direction=(0.06733,-0.62616,-0.77678) include_hidden=1 flags=0x0001df70 result=9 count=1 data=566edca0 custom_contact=1 predicted=0 custom_particle=71 custom_hit=0
2026-09-09 18:24:55.540 memory snapshot label="native-stain-pick-result" address=566EDCA0 words=3d84fb0d,657d3220,657d3220,55911ba0,3227c340,3d9e4907,3d9cfa85,bf5d0e18,bdc7a0b3,3efb548e,3f5da249,000005e2,0000058f,000005e1,3f1e1b0b,3dd3eee9,3e2a5ccf,3f0da7c4,3c5b4a61,3de70f74,bf85f6f5,65972f80,3b1df117,bc947065
2026-09-09 18:24:55.540 NATIVE STAIN CACHE sequence=19 caller=TK17-158.001.exe+0x1f2813(005F2813) self=65fe5ca0 surface=657d3220 surface_name="" template=794342e0 template_name="" result=794342e0 result_name=""
2026-09-09 18:24:55.542 memory snapshot label="native-stain-cache-result" address=794342E0 words=724b1090,0000000d,724b1098,7ca318c0,00000001,798f6840,724f42f8,01010101,00000000,00000000,00000015,00000001,ffffffff,724f4190,799e8d01,79614be0
2026-09-09 18:24:55.553 liquid native stain contact queued particle=73 emission=1 origin=(-0.8505,1.1348,1.6273) direction=(-0.0632,-0.9979,-0.0145)
2026-09-09 18:24:55.559 liquid native stain descriptor rearmed emission=1 descriptor=65fe5ca0 state=0 rate=4.00000 trigger=0.10100
2026-09-09 18:24:55.562 liquid model attachment rejected particle=73 reason=hit-does-not-confirm-contact-surface
2026-09-09 18:24:55.562 liquid native stain contact consumed source=confirmed particle=73 emission=1 retry=0 result=9 count=1 outcome=native-model-miss-requeued
2026-09-09 18:24:55.562 NATIVE STAIN PICK sequence=23 caller=TK17-158.001.exe+0x1f24ac(005F24AC) self=0282bb40 list="Dress01|Person01|Dress02|Person02|Dress03|Person03|Dress04|Person04" origin=(0.06634,0.13372,-0.82673) direction=(0.06415,-0.61689,-0.78443) include_hidden=1 flags=0x0001df71 result=9 count=1 data=566edca0 custom_contact=1 predicted=0 custom_particle=73 custom_hit=0
2026-09-09 18:24:55.563 memory snapshot label="native-stain-pick-result" address=566EDCA0 words=3d86877f,657d3220,657d3220,55911ba0,3227c340,3d908021,3dbedd42,bf60d555,be45cbff,3f36f2c2,3f2c1b4e,0000058a,0000058b,0000058c,3f343934,3dd05caa,3e1aebc5,3f0cc593,bc1229bb,3de29011,bf8559d9,65972f80,3b1df117,bc947065
2026-09-09 18:24:55.563 NATIVE STAIN CACHE sequence=20 caller=TK17-158.001.exe+0x1f2813(005F2813) self=65fe5ca0 surface=657d3220 surface_name="" template=79434fc0 template_name="" result=79434fc0 result_name=""
2026-09-09 18:24:55.564 memory snapshot label="native-stain-cache-result" address=79434FC0 words=724b1090,00000029,724b1098,7ca328e0,00000001,798f5d00,724f42f8,01010101,00000000,00000000,00000015,00000001,ffffffff,724f4190,7994a201,7960db60
2026-09-09 18:24:55.587 liquid native stain contact queued particle=76 emission=1 origin=(-0.8716,1.1393,1.6062) direction=(-0.0733,-0.9970,-0.0255)
2026-09-09 18:24:55.596 liquid native stain descriptor rearmed emission=1 descriptor=65fe5ca0 state=0 rate=4.00000 trigger=0.10100
2026-09-09 18:24:55.599 liquid model attachment rejected particle=71 reason=hit-does-not-confirm-contact-surface
2026-09-09 18:24:55.599 liquid native stain contact consumed source=confirmed particle=71 emission=1 retry=1 result=9 count=1 outcome=native-model-miss-requeued
2026-09-09 18:24:55.599 NATIVE STAIN PICK sequence=24 caller=TK17-158.001.exe+0x1f24ac(005F24AC) self=0282bb40 list="Dress01|Person01|Dress02|Person02|Dress03|Person03|Dress04|Person04" origin=(0.08172,0.12970,-0.79592) direction=(0.06732,-0.62586,-0.77703) include_hidden=1 flags=0x0001df73 result=9 count=1 data=566eba40 custom_contact=1 predicted=0 custom_particle=71 custom_hit=0
2026-09-09 18:24:55.599 memory snapshot label="native-stain-pick-result" address=566EBA40 words=3dac7bca,657d3220,657d3220,55911ba0,3227c340,3db2fbe6,3d9daaed,bf5c8250,3be3611e,3eeb045b,3f636e30,000005e3,00000590,0000058f,3ed13821,3e8b82cb,3e2aed78,3f0f680b,3c6653ce,3deb8acb,bf87341c,65972f80,0000000b,3f2eff19
2026-09-09 18:24:55.600 NATIVE STAIN CACHE sequence=21 caller=TK17-158.001.exe+0x1f2813(005F2813) self=65fe5ca0 surface=657d3220 surface_name="" template=79435320 template_name="" result=79435320 result_name=""
2026-09-09 18:24:55.600 memory snapshot label="native-stain-cache-result" address=79435320 words=724b1090,00000019,724b1098,7ca6da00,00000001,798f62a0,724f42f8,01010101,00000000,00000000,00000015,00000001,ffffffff,724f4190,79934f01,79944f60
2026-09-09 18:24:55.618 liquid native stain descriptor rearmed emission=1 descriptor=65fe5ca0 state=0 rate=4.00000 trigger=0.10100
2026-09-09 18:24:55.620 liquid model attachment rejected particle=73 reason=hit-does-not-confirm-contact-surface
2026-09-09 18:24:55.621 liquid native stain contact consumed source=confirmed particle=73 emission=1 retry=1 result=9 count=1 outcome=native-model-miss-requeued
2026-09-09 18:24:55.621 NATIVE STAIN PICK sequence=25 caller=TK17-158.001.exe+0x1f24ac(005F24AC) self=0282bb40 list="Dress01|Person01|Dress02|Person02|Dress03|Person03|Dress04|Person04" origin=(0.07524,0.14595,-0.80960) direction=(0.06416,-0.61660,-0.78465) include_hidden=1 flags=0x0001df74 result=9 count=1 data=566ed760 custom_contact=1 predicted=0 custom_particle=73 custom_hit=0
2026-09-09 18:24:55.621 memory snapshot label="native-stain-pick-result" address=566ED760 words=3dab357c,657d3220,657d3220,55911ba0,3227c340,3da51305,3dc156db,bf600d1d,bde6a1d7,3f3d908f,3f299e19,0000058c,00000589,0000058a,3e1e8732,3b881287,3e1b89cf,3f0e860e,bc060383,3de9bebb,bf868f3d,65972f80,0000000b,3bd64d7f
2026-09-09 18:24:55.623 NATIVE STAIN CACHE sequence=22 caller=TK17-158.001.exe+0x1f2813(005F2813) self=65fe5ca0 surface=657d3220 surface_name="" template=79433dc0 template_name="" result=79433dc0 result_name=""
2026-09-09 18:24:55.623 memory snapshot label="native-stain-cache-result" address=79433DC0 words=724b1090,0000000c,724b1098,7ca31560,00000001,798f67c0,724f42f8,01010101,00000000,00000000,00000015,00000001,ffffffff,724f4190,79a40c01,79930640
2026-09-09 18:24:55.623 testicular retraction live write person=2 control=46d30240 input=0.250 baseline=0.000 contribution=0.250 output=0.250
2026-09-09 18:24:55.634 liquid native stain contact queued particle=80 emission=1 origin=(-0.8496,1.1321,1.6201) direction=(-0.0577,-0.9982,-0.0170)
2026-09-09 18:24:55.674 liquid native stain descriptor rearmed emission=1 descriptor=65fe5ca0 state=0 rate=4.00000 trigger=0.10100
2026-09-09 18:24:55.677 liquid model attachment rejected particle=71 reason=hit-does-not-confirm-contact-surface
2026-09-09 18:24:55.677 liquid native stain contact consumed source=confirmed particle=71 emission=1 retry=2 result=9 count=1 outcome=native-model-miss-final
2026-09-09 18:24:55.678 NATIVE STAIN PICK sequence=26 caller=TK17-158.001.exe+0x1f24ac(005F24AC) self=0282bb40 list="Dress01|Person01|Dress02|Person02|Dress03|Person03|Dress04|Person04" origin=(0.06045,0.14214,-0.77959) direction=(0.06732,-0.62571,-0.77715) include_hidden=1 flags=0x0001df75 result=9 count=1 data=566ec640 custom_contact=1 predicted=0 custom_particle=71 custom_hit=0
2026-09-09 18:24:55.678 memory snapshot label="native-stain-pick-result" address=566EC640 words=3ddb50dc,657d3220,657d3220,55911ba0,3227c340,3d8a9390,3d99e22d,bf5ce13f,be161a5a,3f084a4b,3f556e57,000005e1,00002edc,000005e2,3e5c0232,3d734362,3e29c9af,3f0bcaa6,3c500939,3ddfcc20,bf84c361,65972f80,0000000b,3f38ec96
2026-09-09 18:24:55.679 NATIVE STAIN CACHE sequence=23 caller=TK17-158.001.exe+0x1f2813(005F2813) self=65fe5ca0 surface=657d3220 surface_name="" template=79434880 template_name="" result=79434880 result_name=""
2026-09-09 18:24:55.679 memory snapshot label="native-stain-cache-result" address=79434880 words=724b1090,0000003a,724b1098,7ca6e540,00000001,798f5f60,724f42f8,01010101,00000000,00000000,00000015,00000001,ffffffff,724f4190,798ade01,00000000
2026-09-09 18:24:55.691 liquid native stain contact queued particle=81 emission=1 origin=(-0.8868,1.1392,1.6119) direction=(-0.0743,-0.9970,-0.0205)
2026-09-09 18:24:55.699 liquid native stain descriptor rearmed emission=1 descriptor=65fe5ca0 state=0 rate=4.00000 trigger=0.10100
2026-09-09 18:24:55.701 liquid model attachment rejected particle=81 reason=hit-does-not-confirm-contact-surface
2026-09-09 18:24:55.701 liquid native stain contact consumed source=confirmed particle=81 emission=1 retry=0 result=9 count=1 outcome=native-model-miss-requeued
2026-09-09 18:24:55.702 NATIVE STAIN PICK sequence=27 caller=TK17-158.001.exe+0x1f24ac(005F24AC) self=0282bb40 list="Dress01|Person01|Dress02|Person02|Dress03|Person03|Dress04|Person04" origin=(0.10610,0.13530,-0.81979) direction=(0.07669,-0.61703,-0.78319) include_hidden=1 flags=0x0001df76 result=9 count=1 data=566ed080 custom_contact=1 predicted=0 custom_particle=81 custom_hit=0
2026-09-09 18:24:55.702 memory snapshot label="native-stain-pick-result" address=566ED080 words=3d8a5a9c,657d3220,657d3220,55911ba0,3227c340,3de3e57a,3dbfb758,bf5f696b,3e2fc951,3f2764c1,3f3ca330,00000591,0000052b,0000058d,3ee87f3a,3e6876b1,3e1e49e4,3f13ee7b,bb9d9e3c,3df49c96,bf8a56b3,65972f80,562f1a20,54c82760
2026-09-09 18:24:55.703 NATIVE STAIN CACHE sequence=24 caller=TK17-158.001.exe+0x1f2813(005F2813) self=65fe5ca0 surface=657d3220 surface_name="" template=79435440 template_name="" result=79435440 result_name=""
2026-09-09 18:24:55.704 memory snapshot label="native-stain-cache-result" address=79435440 words=724b1090,0000000a,724b1098,7ca32fa0,00000001,798f69a0,724f42f8,01010101,00000000,00000000,00000015,00000001,ffffffff,724f4190,7977c301,00000000
2026-09-09 18:24:55.714 liquid world emitter sample person=2 emission=1 position=(-0.73520,1.25948,1.65371) direction=(-0.08571,0.99597,-0.02647) source=rebuilt-joint-local-hierarchy
2026-09-09 18:24:55.716 liquid native stain contact queued particle=83 emission=1 origin=(-0.8651,1.1373,1.6044) direction=(-0.0628,-0.9977,-0.0238)
2026-09-09 18:24:55.716 liquid contact classification particle=168 body_result=0 person=0 primitive=0 nodes=(-1,-1) segment_t=0.000 signed_distance=0.01289 world_gap=0.00222
2026-09-09 18:24:55.717 liquid depth collision hit particle=168 age=0.078 world=(-0.8243,1.0779,1.6221) particle_depth=0.942251 scene_depth=0.941968 sweep_steps=1 world_gap=0.00222
2026-09-09 18:24:55.727 liquid native stain descriptor rearmed emission=1 descriptor=65fe5ca0 state=0 rate=4.00000 trigger=0.10100
2026-09-09 18:24:55.729 liquid native stain contact consumed source=confirmed particle=73 emission=1 retry=2 result=9 count=1 outcome=native-model-miss-final
2026-09-09 18:24:55.730 NATIVE STAIN PICK sequence=28 caller=TK17-158.001.exe+0x1f24ac(005F24AC) self=0282bb40 list="Dress01|Person01|Dress02|Person02|Dress03|Person03|Dress04|Person04" origin=(0.05417,0.15815,-0.79221) direction=(0.06419,-0.61627,-0.78492) include_hidden=1 flags=0x0001df77 result=9 count=1 data=566ed080 custom_contact=1 predicted=0 custom_particle=73 custom_hit=0
2026-09-09 18:24:55.730 memory snapshot label="native-stain-pick-result" address=566ED080 words=3dccaccb,657d3220,657d3220,55911ba0,3227c340,3d782259,3dc5c28e,bf5ee343,3e7aea27,3f306d7c,3f2e91b4,0000262e,00002630,0000262f,3f4178c2,3e2fc1ad,3efa6f51,3e9b3bdd,bc1d0318,3deae563,bf83ebcd,65972f80,562f1a20,54c82760
2026-09-09 18:24:55.731 NATIVE STAIN CACHE sequence=25 caller=TK17-158.001.exe+0x1f2813(005F2813) self=65fe5ca0 surface=657d3220 surface_name="" template=794342e0 template_name="" result=794342e0 result_name=""
2026-09-09 18:24:55.731 memory snapshot label="native-stain-cache-result" address=794342E0 words=724b1090,0000000d,724b1098,7ca318c0,00000001,798f6840,724f42f8,01010101,00000000,00000000,00000015,00000001,ffffffff,724f4190,799e8d01,79614be0
2026-09-09 18:24:55.742 liquid native stain contact queued particle=86 emission=1 origin=(-0.8947,1.1375,1.6232) direction=(-0.0736,-0.9972,-0.0141)
2026-09-09 18:24:55.748 liquid native stain descriptor rearmed emission=1 descriptor=65fe5ca0 state=0 rate=4.00000 trigger=0.10100
2026-09-09 18:24:55.750 liquid native stain contact consumed source=confirmed particle=81 emission=1 retry=1 result=9 count=1 outcome=native-model-miss-requeued
2026-09-09 18:24:55.750 NATIVE STAIN PICK sequence=29 caller=TK17-158.001.exe+0x1f24ac(005F24AC) self=0282bb40 list="Dress01|Person01|Dress02|Person02|Dress03|Person03|Dress04|Person04" origin=(0.11464,0.14757,-0.80350) direction=(0.07669,-0.61692,-0.78328) include_hidden=1 flags=0x0001df78 result=9 count=1 data=566ecd20 custom_contact=1 predicted=0 custom_particle=81 custom_hit=0
2026-09-09 18:24:55.750 memory snapshot label="native-stain-pick-result" address=566ECD20 words=3db924f6,657d3220,657d3220,55911ba0,3227c340,3df8fa31,3dbbff41,bf5fd2c1,3e80d81d,3f110b99,3f48de04,0000052b,0000052e,0000052c,3f0e32fa,3d2a28d1,3e1efab6,3f15b644,bb85b848,3df2d0de,bf8badf8,65972f80,00000015,3aebedfa
2026-09-09 18:24:55.751 NATIVE STAIN CACHE sequence=26 caller=TK17-158.001.exe+0x1f2813(005F2813) self=65fe5ca0 surface=657d3220 surface_name="" template=794337a0 template_name="" result=794337a0 result_name=""
2026-09-09 18:24:55.751 memory snapshot label="native-stain-cache-result" address=794337A0 words=724b1090,00000009,724b1098,792d72e0,00000001,798f68c0,724f42f8,01010101,00000000,00000000,00000015,00000001,ffffffff,724f4190,0b040001,00000000
2026-09-09 18:24:55.768 liquid native stain descriptor rearmed emission=1 descriptor=65fe5ca0 state=0 rate=4.00000 trigger=0.10100
2026-09-09 18:24:55.771 liquid native stain contact consumed source=confirmed particle=86 emission=1 retry=0 result=9 count=1 outcome=native-model-miss-requeued
2026-09-09 18:24:55.771 NATIVE STAIN PICK sequence=30 caller=TK17-158.001.exe+0x1f24ac(005F24AC) self=0282bb40 list="Dress01|Person01|Dress02|Person02|Dress03|Person03|Dress04|Person04" origin=(0.10950,0.14462,-0.82865) direction=(0.07373,-0.61251,-0.78702) include_hidden=1 flags=0x0001df79 result=9 count=1 data=566ecd20 custom_contact=1 predicted=0 custom_particle=86 custom_hit=0
2026-09-09 18:24:55.771 memory snapshot label="native-stain-pick-result" address=566ECD20 words=3d8d0f41,657d3220,657d3220,55911ba0,3227c340,3deaa956,3dd1c94e,bf6202c7,3df7a928,3f49e761,3f1a501a,00000529,0000052b,0000052c,3e7ed4d7,3eac92ad,3e153e94,3f14b6ab,bc92ffad,3df055b4,bf8aee14,65972f80,00000015,3aebedfa
2026-09-09 18:24:55.772 NATIVE STAIN CACHE sequence=27 caller=TK17-158.001.exe+0x1f2813(005F2813) self=65fe5ca0 surface=657d3220 surface_name="" template=794335e0 template_name="" result=794335e0 result_name=""
2026-09-09 18:24:55.772 memory snapshot label="native-stain-cache-result" address=794335E0 words=724b1090,00000001,724b1098,7ca37740,00000001,798f6b00,724f42f8,01010101,00000000,00000000,00000015,00000001,ffffffff,724f4190,799e8b01,794339e0
2026-09-09 18:24:55.784 liquid native stain contact queued particle=97 emission=1 origin=(-0.9115,1.1339,1.6072) direction=(-0.0747,-0.9970,-0.0197)
2026-09-09 18:24:55.794 liquid native stain descriptor rearmed emission=1 descriptor=65fe5ca0 state=0 rate=4.00000 trigger=0.10100
2026-09-09 18:24:55.797 liquid native stain contact consumed source=confirmed particle=81 emission=1 retry=2 result=9 count=1 outcome=native-model-miss-requeued
2026-09-09 18:24:55.798 NATIVE STAIN PICK sequence=31 caller=TK17-158.001.exe+0x1f24ac(005F24AC) self=0282bb40 list="Dress01|Person01|Dress02|Person02|Dress03|Person03|Dress04|Person04" origin=(0.09315,0.15986,-0.78744) direction=(0.07670,-0.61685,-0.78333) include_hidden=1 flags=0x0001df7a result=9 count=1 data=566ee000 custom_contact=1 predicted=0 custom_particle=81 custom_hit=0
2026-09-09 18:24:55.798 memory snapshot label="native-stain-pick-result" address=566EE000 words=3dd8f6c2,657d3220,657d3220,55911ba0,3227c340,3dcf695e,3dc18f63,bf5ed491,3d84b7ab,3f3573da,3f33d24b,00000590,00000592,0000058d,3d479015,3f609bbd,3e1da8bf,3f122099,bbb4bc2a,3df43a79,bf890bc8,65972f80,0000000b,3dc70111
2026-09-09 18:24:55.799 NATIVE STAIN CACHE sequence=28 caller=TK17-158.001.exe+0x1f2813(005F2813) self=65fe5ca0 surface=657d3220 surface_name="" template=79434880 template_name="" result=79434880 result_name=""
2026-09-09 18:24:55.799 memory snapshot label="native-stain-cache-result" address=79434880 words=724b1090,0000003a,724b1098,7ca6e540,00000001,798f5f60,724f42f8,01010101,00000000,00000000,00000015,00000001,ffffffff,724f4190,798ade01,00000000
2026-09-09 18:24:55.811 liquid native stain contact queued particle=101 emission=1 origin=(-0.9377,1.0974,1.5343) direction=(-0.0808,-0.9956,-0.0476)
2026-09-09 18:24:55.819 liquid native stain descriptor rearmed emission=1 descriptor=65fe5ca0 state=0 rate=4.00000 trigger=0.10100
2026-09-09 18:24:55.822 liquid native stain contact consumed source=confirmed particle=86 emission=1 retry=1 result=9 count=1 outcome=native-model-miss-requeued
2026-09-09 18:24:55.822 NATIVE STAIN PICK sequence=32 caller=TK17-158.001.exe+0x1f24ac(005F24AC) self=0282bb40 list="Dress01|Person01|Dress02|Person02|Dress03|Person03|Dress04|Person04" origin=(0.11808,0.15683,-0.81254) direction=(0.07374,-0.61244,-0.78707) include_hidden=1 flags=0x0001df7b result=9 count=1 data=566ecd20 custom_contact=1 predicted=0 custom_particle=86 custom_hit=0
2026-09-09 18:24:55.822 memory snapshot label="native-stain-pick-result" address=566ECD20 words=3db778e4,657d3220,657d3220,55911ba0,3227c340,3dff598d,3dd0d359,bf620f71,3e2b6078,3f444dfb,3f1ea268,0000052d,0000052a,0000052c,3e586544,3f12147f,3e15e852,3f168bc2,bc8d6a3b,3df29a97,bf8c3508,65972f80,00000015,3aebedfa
2026-09-09 18:24:55.823 NATIVE STAIN CACHE sequence=29 caller=TK17-158.001.exe+0x1f2813(005F2813) self=65fe5ca0 surface=657d3220 surface_name="" template=794334c0 template_name="" result=794334c0 result_name=""
2026-09-09 18:24:55.824 memory snapshot label="native-stain-cache-result" address=794334C0 words=724b1090,0000000a,724b1098,7ca317a0,00000001,798f6660,724f42f8,01010101,00000000,00000000,00000015,00000001,ffffffff,724f4190,79793901,00000000
2026-09-09 18:24:55.834 liquid native stain contact queued particle=107 emission=1 origin=(-0.8939,1.1361,1.6226) direction=(-0.0658,-0.9978,-0.0129)
2026-09-09 18:24:55.844 liquid native stain descriptor rearmed emission=1 descriptor=65fe5ca0 state=0 rate=4.00000 trigger=0.10100
2026-09-09 18:24:55.846 liquid native stain contact consumed source=confirmed particle=81 emission=1 retry=3 result=9 count=1 outcome=native-model-miss-final
2026-09-09 18:24:55.847 NATIVE STAIN PICK sequence=33 caller=TK17-158.001.exe+0x1f24ac(005F24AC) self=0282bb40 list="Dress01|Person01|Dress02|Person02|Dress03|Person03|Dress04|Person04" origin=(0.10166,0.18215,-0.77141) direction=(0.07670,-0.61679,-0.78339) include_hidden=1 flags=0x0001df7c result=9 count=1 data=566ecd20 custom_contact=1 predicted=0 custom_particle=81 custom_hit=0
2026-09-09 18:24:55.847 memory snapshot label="native-stain-pick-result" address=566ECD20 words=3e098aee,657d3220,657d3220,55911ba0,3227c340,3de54c0c,3dcb625f,bf606b32,3df4d436,3f3f00bb,3f27aea7,00000528,0000052b,00000529,3f608dba,3df58782,3e191e99,3f14246b,bc4a7ef1,3df416d3,bf8a7baf,65972f80,00000015,3aebedfa
2026-09-09 18:24:55.848 NATIVE STAIN CACHE sequence=30 caller=TK17-158.001.exe+0x1f2813(005F2813) self=65fe5ca0 surface=657d3220 surface_name="" template=79435320 template_name="" result=79435320 result_name=""
2026-09-09 18:24:55.848 memory snapshot label="native-stain-cache-result" address=79435320 words=724b1090,00000019,724b1098,7ca6da00,00000001,798f62a0,724f42f8,01010101,00000000,00000000,00000015,00000001,ffffffff,724f4190,79934f01,79944f60
2026-09-09 18:24:55.866 liquid native stain descriptor rearmed emission=1 descriptor=65fe5ca0 state=0 rate=4.00000 trigger=0.10100
2026-09-09 18:24:55.868 liquid native stain contact consumed source=confirmed particle=86 emission=1 retry=2 result=9 count=1 outcome=native-model-miss-requeued
2026-09-09 18:24:55.869 NATIVE STAIN PICK sequence=34 caller=TK17-158.001.exe+0x1f24ac(005F24AC) self=0282bb40 list="Dress01|Person01|Dress02|Person02|Dress03|Person03|Dress04|Person04" origin=(0.09665,0.16904,-0.79648) direction=(0.07374,-0.61238,-0.78711) include_hidden=1 flags=0x0001df7d result=9 count=1 data=566ecd20 custom_contact=1 predicted=0 custom_particle=86 custom_hit=0
2026-09-09 18:24:55.870 memory snapshot label="native-stain-pick-result" address=566ECD20 words=3dde3aff,657d3220,657d3220,55911ba0,3227c340,3dd6518a,3dd21d09,bf61c351,3d9aa30c,3f4d4dfd,3f17b2c3,00000528,0000052b,00000529,3ecee51e,3d5e4017,3e149a54,3f12efb5,bc989e19,3ded8e63,bf89ac68,65972f80,00000015,3aebedfa
2026-09-09 18:24:55.871 NATIVE STAIN CACHE sequence=31 caller=TK17-158.001.exe+0x1f2813(005F2813) self=65fe5ca0 surface=657d3220 surface_name="" template=79434880 template_name="" result=79434880 result_name=""
2026-09-09 18:24:55.872 memory snapshot label="native-stain-cache-result" address=79434880 words=724b1090,0000003a,724b1098,7ca6e540,00000001,798f5f60,724f42f8,01010101,00000000,00000000,00000015,00000001,ffffffff,724f4190,798ade01,00000000
2026-09-09 18:24:55.872 testicular retraction live write person=2 control=46d30240 input=0.250 baseline=0.000 contribution=0.250 output=0.250
2026-09-09 18:24:55.884 liquid native stain contact queued particle=114 emission=1 origin=(-0.8776,1.1311,1.6105) direction=(-0.0556,-0.9983,-0.0169)
2026-09-09 18:24:55.895 liquid native stain descriptor rearmed emission=1 descriptor=65fe5ca0 state=0 rate=4.00000 trigger=0.10100
2026-09-09 18:24:55.898 liquid native stain contact consumed source=confirmed particle=114 emission=1 retry=0 result=9 count=1 outcome=native-model-miss-requeued
2026-09-09 18:24:55.899 NATIVE STAIN PICK sequence=35 caller=TK17-158.001.exe+0x1f24ac(005F24AC) self=0282bb40 list="Dress01|Person01|Dress02|Person02|Dress03|Person03|Dress04|Person04" origin=(0.09824,0.12652,-0.82158) direction=(0.05798,-0.62017,-0.78232) include_hidden=1 flags=0x0001df7e result=9 count=1 data=566ecd20 custom_contact=1 predicted=0 custom_particle=114 custom_hit=0
2026-09-09 18:24:55.899 memory snapshot label="native-stain-pick-result" address=566ECD20 words=3d6d4e43,657d3220,657d3220,55911ba0,3227c340,3dd011b2,3db986c7,bf5ded2f,3dc11658,3f234ee9,3f43a9a4,00000590,00000592,0000058d,3e823682,3f16788f,3e20dc0b,3f12189f,ba4f37b0,3df3f31d,bf89093f,65972f80,00000015,3aebedfa
2026-09-09 18:24:55.900 NATIVE STAIN CACHE sequence=32 caller=TK17-158.001.exe+0x1f2813(005F2813) self=65fe5ca0 surface=657d3220 surface_name="" template=794358c0 template_name="" result=794358c0 result_name=""
2026-09-09 18:24:55.900 memory snapshot label="native-stain-cache-result" address=794358C0 words=724b1090,0000001e,724b1098,7ca6ee40,00000001,798f60c0,724f42f8,01010101,00000000,00000000,00000015,00000001,ffffffff,724f4190,797c1901,00000000
2026-09-09 18:24:55.912 liquid native stain contact queued particle=127 emission=1 origin=(-0.8768,1.1322,1.5772) direction=(-0.0579,-0.9978,-0.0313)
2026-09-09 18:24:55.919 liquid native stain descriptor rearmed emission=1 descriptor=65fe5ca0 state=0 rate=4.00000 trigger=0.10100
2026-09-09 18:24:55.923 liquid native stain contact consumed source=confirmed particle=86 emission=1 retry=3 result=9 count=1 outcome=native-model-miss-final
2026-09-09 18:24:55.923 NATIVE STAIN PICK sequence=36 caller=TK17-158.001.exe+0x1f24ac(005F24AC) self=0282bb40 list="Dress01|Person01|Dress02|Person02|Dress03|Person03|Dress04|Person04" origin=(0.10520,0.19126,-0.78048) direction=(0.07375,-0.61234,-0.78715) include_hidden=1 flags=0x0001df7f result=9 count=1 data=566ecd20 custom_contact=1 predicted=0 custom_particle=86 custom_hit=0
2026-09-09 18:24:55.923 memory snapshot label="native-stain-pick-result" address=566ECD20 words=3e0e458c,657d3220,657d3220,55911ba0,3227c340,3dec7182,3dd97831,bf63ccaf,3ddb2611,3f5c3118,3eff5a25,00000529,0000052c,0000052a,3dcd822f,3ef2158a,3e0fb696,3f150350,bcd1d43d,3de983f2,bf8b306e,65972f80,00000015,3aebedfa
2026-09-09 18:24:55.924 NATIVE STAIN CACHE sequence=33 caller=TK17-158.001.exe+0x1f2813(005F2813) self=65fe5ca0 surface=657d3220 surface_name="" template=79433f80 template_name="" result=79433f80 result_name=""
2026-09-09 18:24:55.924 memory snapshot label="native-stain-cache-result" address=79433F80 words=724b1090,0000001a,724b1098,7ca32220,00000001,798f6920,724f42f8,01010101,00000000,00000000,00000015,00000001,ffffffff,724f4190,0b040001,00000000
2026-09-09 18:24:55.944 liquid native stain descriptor rearmed emission=1 descriptor=65fe5ca0 state=0 rate=4.00000 trigger=0.10100
2026-09-09 18:24:55.948 liquid native stain contact consumed source=confirmed particle=114 emission=1 retry=1 result=9 count=1 outcome=native-model-miss-requeued
2026-09-09 18:24:55.948 NATIVE STAIN PICK sequence=37 caller=TK17-158.001.exe+0x1f24ac(005F24AC) self=0282bb40 list="Dress01|Person01|Dress02|Person02|Dress03|Person03|Dress04|Person04" origin=(0.10710,0.13890,-0.80570) direction=(0.05798,-0.62012,-0.78236) include_hidden=1 flags=0x0001df80 result=9 count=1 data=566ecd20 custom_contact=1 predicted=0 custom_particle=114 custom_hit=0
2026-09-09 18:24:55.948 memory snapshot label="native-stain-pick-result" address=566ECD20 words=3da36bc7,657d3220,657d3220,55911ba0,3227c340,3de4d2d7,3db71fe5,bf5e3db0,3e606ab4,3f140d7e,3f492b1b,00000591,0000052b,0000058d,3d9c4488,3ea5df1a,3e217739,3f13e7f4,b90a6089,3df3c879,bf8a560f,65972f80,00000015,3aebedfa
2026-09-09 18:24:55.949 NATIVE STAIN CACHE sequence=34 caller=TK17-158.001.exe+0x1f2813(005F2813) self=65fe5ca0 surface=657d3220 surface_name="" template=794334c0 template_name="" result=794334c0 result_name=""
2026-09-09 18:24:55.950 memory snapshot label="native-stain-cache-result" address=794334C0 words=724b1090,0000000a,724b1098,7ca317a0,00000001,798f6660,724f42f8,01010101,00000000,00000000,00000015,00000001,ffffffff,724f4190,79793901,00000000
2026-09-09 18:24:55.960 liquid world emitter sample person=2 emission=1 position=(-0.73520,1.25948,1.65371) direction=(-0.08571,0.99597,-0.02647) source=rebuilt-joint-local-hierarchy
2026-09-09 18:24:55.961 liquid native stain contact queued particle=137 emission=1 origin=(-0.9210,1.1143,1.6243) direction=(-0.0736,-0.9972,-0.0117)
2026-09-09 18:24:55.968 liquid native stain descriptor rearmed emission=1 descriptor=65fe5ca0 state=0 rate=4.00000 trigger=0.10100
2026-09-09 18:24:55.971 liquid native stain contact consumed source=confirmed particle=137 emission=1 retry=0 result=9 count=1 outcome=native-model-miss-requeued
2026-09-09 18:24:55.972 NATIVE STAIN PICK sequence=38 caller=TK17-158.001.exe+0x1f24ac(005F24AC) self=0282bb40 list="Dress01|Person01|Dress02|Person02|Dress03|Person03|Dress04|Person04" origin=(0.13373,0.13821,-0.85222) direction=(0.07289,-0.61055,-0.78861) include_hidden=1 flags=0x0001df81 result=9 count=1 data=566ecd20 custom_contact=1 predicted=0 custom_particle=137 custom_hit=0
2026-09-09 18:24:55.972 memory snapshot label="native-stain-pick-result" address=566ECD20 words=3d5b2533,657d3220,657d3220,55911ba0,3227c340,3e0cef24,3dd82800,bf64f844,3e116c63,3f598039,3f020781,0000070c,00000530,00000709,3eb8a931,3e9e5695,3e0f367c,3f19648a,bcda2c8b,3dea0f9e,bf8e21c8,65972f80,00000015,3aebedfa
2026-09-09 18:24:55.972 NATIVE STAIN CACHE sequence=35 caller=TK17-158.001.exe+0x1f2813(005F2813) self=65fe5ca0 surface=657d3220 surface_name="" template=79434d80 template_name="" result=79434d80 result_name=""
2026-09-09 18:24:55.972 memory snapshot label="native-stain-cache-result" address=79434D80 words=724b1090,0000000d,724b1098,7ca6dd00,00000001,798f6500,724f42f8,01010101,00000000,00000000,00000015,00000001,ffffffff,724f4190,7960fa01,7960f900
2026-09-09 18:24:55.992 liquid native stain descriptor rearmed emission=1 descriptor=65fe5ca0 state=0 rate=4.00000 trigger=0.10100
2026-09-09 18:24:55.995 liquid native stain contact consumed source=confirmed particle=114 emission=1 retry=2 result=9 count=1 outcome=native-model-miss-requeued
2026-09-09 18:24:55.995 NATIVE STAIN PICK sequence=39 caller=TK17-158.001.exe+0x1f24ac(005F24AC) self=0282bb40 list="Dress01|Person01|Dress02|Person02|Dress03|Person03|Dress04|Person04" origin=(0.08596,0.15129,-0.78990) direction=(0.05799,-0.62009,-0.78238) include_hidden=1 flags=0x0001df82 result=9 count=1 data=566ecd20 custom_contact=1 predicted=0 custom_particle=114 custom_hit=0
2026-09-09 18:24:55.995 memory snapshot label="native-stain-pick-result" address=566ECD20 words=3dc8225d,657d3220,657d3220,55911ba0,3227c340,3dbba775,3db9bb11,bf5dc934,bcde486f,3f2c3a38,3f3d46b2,0000058e,0000058f,00000590,3ce03b57,3e7d0e9c,3e20378b,3f104eca,baca8a09,3df0f3b0,bf87ca73,65972f80,0000000b,3f364799
2026-09-09 18:24:55.996 NATIVE STAIN CACHE sequence=36 caller=TK17-158.001.exe+0x1f2813(005F2813) self=65fe5ca0 surface=657d3220 surface_name="" template=79434d80 template_name="" result=79434d80 result_name=""
2026-09-09 18:24:55.996 memory snapshot label="native-stain-cache-result" address=79434D80 words=724b1090,0000000d,724b1098,7ca6dd00,00000001,798f6500,724f42f8,01010101,00000000,00000000,00000015,00000001,ffffffff,724f4190,7960fa01,7960f900
2026-09-09 18:24:56.015 liquid native stain descriptor rearmed emission=1 descriptor=65fe5ca0 state=0 rate=4.00000 trigger=0.10100
2026-09-09 18:24:56.018 liquid native stain contact consumed source=confirmed particle=137 emission=1 retry=1 result=9 count=1 outcome=native-model-miss-requeued
2026-09-09 18:24:56.018 NATIVE STAIN PICK sequence=40 caller=TK17-158.001.exe+0x1f24ac(005F24AC) self=0282bb40 list="Dress01|Person01|Dress02|Person02|Dress03|Person03|Dress04|Person04" origin=(0.14229,0.15040,-0.83631) direction=(0.07289,-0.61053,-0.78863) include_hidden=1 flags=0x0001df83 result=9 count=1 data=566ecd20 custom_contact=1 predicted=0 custom_particle=137 custom_hit=0
2026-09-09 18:24:56.018 memory snapshot label="native-stain-pick-result" address=566ECD20 words=3d98cee4,657d3220,657d3220,55911ba0,3227c340,3e174707,3dd6bc5a,bf6528b1,3ddb38e5,3f501a7c,3f128dcc,00000706,00000708,00000709,3d3c7fa2,3eba8bf6,3e0fe050,3f1b8831,bcd56a22,3dec28ce,bf8f7daa,65972f80,0000000b,3f364799
2026-09-09 18:24:56.019 NATIVE STAIN CACHE sequence=37 caller=TK17-158.001.exe+0x1f2813(005F2813) self=65fe5ca0 surface=657d3220 surface_name="" template=79434760 template_name="" result=79434760 result_name=""
2026-09-09 18:24:56.019 memory snapshot label="native-stain-cache-result" address=79434760 words=724b1090,00000001,724b1098,7ca326a0,00000001,798f5c80,724f42f8,01010101,00000000,00000000,00000015,00000001,ffffffff,724f4190,797b7101,00000000
2026-09-09 18:24:56.038 liquid native stain descriptor rearmed emission=1 descriptor=65fe5ca0 state=0 rate=4.00000 trigger=0.10100
2026-09-09 18:24:56.040 liquid native stain contact consumed source=confirmed particle=114 emission=1 retry=3 result=9 count=1 outcome=native-model-miss-final
2026-09-09 18:24:56.041 NATIVE STAIN PICK sequence=41 caller=TK17-158.001.exe+0x1f24ac(005F24AC) self=0282bb40 list="Dress01|Person01|Dress02|Person02|Dress03|Person03|Dress04|Person04" origin=(0.09481,0.17367,-0.77413) direction=(0.05799,-0.62007,-0.78240) include_hidden=1 flags=0x0001df84 result=9 count=1 data=566ecd20 custom_contact=1 predicted=0 custom_particle=114 custom_hit=0
2026-09-09 18:24:56.041 memory snapshot label="native-stain-pick-result" address=566ECD20 words=3dfea19a,657d3220,657d3220,55911ba0,3227c340,3dd0f226,3dc5cbd6,bf5f14a7,3d761f87,3f3dac8c,3f2b3d71,00000528,0000058d,0000052b,3f6ba147,3d16fd1b,3e1bb6ba,3f124804,bc094306,3df3f671,bf89274a,65972f80,0000000b,3f27ced9
2026-09-09 18:24:56.041 NATIVE STAIN CACHE sequence=38 caller=TK17-158.001.exe+0x1f2813(005F2813) self=65fe5ca0 surface=657d3220 surface_name="" template=79434d80 template_name="" result=79434d80 result_name=""
2026-09-09 18:24:56.041 memory snapshot label="native-stain-cache-result" address=79434D80 words=724b1090,0000000d,724b1098,7ca6dd00,00000001,798f6500,724f42f8,01010101,00000000,00000000,00000015,00000001,ffffffff,724f4190,7960fa01,7960f900
2026-09-09 18:24:56.057 liquid native stain descriptor rearmed emission=1 descriptor=65fe5ca0 state=0 rate=4.00000 trigger=0.10100
2026-09-09 18:24:56.060 liquid native stain contact consumed source=confirmed particle=137 emission=1 retry=2 result=9 count=1 outcome=native-model-miss-requeued
2026-09-09 18:24:56.060 NATIVE STAIN PICK sequence=42 caller=TK17-158.001.exe+0x1f24ac(005F24AC) self=0282bb40 list="Dress01|Person01|Dress02|Person02|Dress03|Person03|Dress04|Person04" origin=(0.12085,0.16260,-0.82043) direction=(0.07289,-0.61051,-0.78865) include_hidden=1 flags=0x0001df85 result=9 count=1 data=566ecd20 custom_contact=1 predicted=0 custom_particle=137 custom_hit=0
2026-09-09 18:24:56.060 memory snapshot label="native-stain-pick-result" address=566ECD20 words=3dbc80bf,657d3220,657d3220,55911ba0,3227c340,3e029ef5,3dd9ed72,bf649d24,3e0c209d,3f5f4778,3ef0759c,0000052d,0000070c,0000052a,3f129127,3e8d3b08,3e0e9630,3f175a46,bcdf423d,3de8e879,bf8ccd69,65972f80,0000000b,3f27ced9
2026-09-09 18:24:56.062 NATIVE STAIN CACHE sequence=39 caller=TK17-158.001.exe+0x1f2813(005F2813) self=65fe5ca0 surface=657d3220 surface_name="" template=794334c0 template_name="" result=794334c0 result_name=""
2026-09-09 18:24:56.063 memory snapshot label="native-stain-cache-result" address=794334C0 words=724b1090,0000000a,724b1098,7ca317a0,00000001,798f6660,724f42f8,01010101,00000000,00000000,00000015,00000001,ffffffff,724f4190,79793901,00000000
2026-09-09 18:24:56.078 liquid native stain descriptor rearmed emission=1 descriptor=65fe5ca0 state=0 rate=4.00000 trigger=0.10100
2026-09-09 18:24:56.080 liquid native stain contact consumed source=confirmed particle=76 emission=1 retry=0 result=9 count=1 outcome=native-model-miss-final
2026-09-09 18:24:56.080 NATIVE STAIN PICK sequence=43 caller=TK17-158.001.exe+0x1f24ac(005F24AC) self=0282bb40 list="Dress01|Person01|Dress02|Person02|Dress03|Person03|Dress04|Person04" origin=(0.09428,0.12671,-0.81069) direction=(0.07757,-0.62056,-0.78031) include_hidden=1 flags=0x0001df86 result=9 count=1 data=566ecd20 custom_contact=1 predicted=0 custom_particle=76 custom_hit=0
2026-09-09 18:24:56.080 memory snapshot label="native-stain-pick-result" address=566ECD20 words=3d87b5c5,657d3220,657d3220,55911ba0,3227c340,3dcb9b2e,3daf4b76,bf5cc652,3dc25f3f,3f0b4bb0,3f55681b,00000590,00000592,0000058d,3e91766b,3e75aa37,3e24e1bd,3f1198c2,3baa0c55,3df3083c,bf88b392,65972f80,0000000b,3f27ced9
2026-09-09 18:24:56.082 NATIVE STAIN CACHE sequence=40 caller=TK17-158.001.exe+0x1f2813(005F2813) self=65fe5ca0 surface=657d3220 surface_name="" template=79434fc0 template_name="" result=79434fc0 result_name=""
2026-09-09 18:24:56.082 memory snapshot label="native-stain-cache-result" address=79434FC0 words=724b1090,00000029,724b1098,7ca328e0,00000001,798f5d00,724f42f8,01010101,00000000,00000000,00000015,00000001,ffffffff,724f4190,7994a201,7960db60
2026-09-09 18:24:56.101 liquid native stain contact consumed source=confirmed particle=137 emission=1 retry=3 result=9 count=1 outcome=native-model-miss-final
2026-09-09 18:24:56.101 NATIVE STAIN PICK sequence=44 caller=TK17-158.001.exe+0x1f24ac(005F24AC) self=0282bb40 list="Dress01|Person01|Dress02|Person02|Dress03|Person03|Dress04|Person04" origin=(0.12940,0.18480,-0.80459) direction=(0.07289,-0.61050,-0.78866) include_hidden=1 flags=0x0001df87 result=9 count=1 data=566ecd20 custom_contact=1 predicted=0 custom_particle=137 custom_hit=0
2026-09-09 18:24:56.101 memory snapshot label="native-stain-pick-result" address=566ECD20 words=3dfe81dd,657d3220,657d3220,55911ba0,3227c340,3e0dc8bf,3ddf1a14,bf671071,3dcb0bda,3f662d4c,3eda44fb,00000708,0000070a,00000709,3e52b8a6,3f4990c3,3e092da2,3f19e184,bd0d4a63,3de24844,bf8e7806,65972f80,0000000b,3f27ced9
2026-09-09 18:24:56.102 NATIVE STAIN CACHE sequence=41 caller=TK17-158.001.exe+0x1f2813(005F2813) self=65fe5ca0 surface=657d3220 surface_name="" template=794342e0 template_name="" result=794342e0 result_name=""
2026-09-09 18:24:56.102 memory snapshot label="native-stain-cache-result" address=794342E0 words=724b1090,0000000d,724b1098,7ca318c0,00000001,798f6840,724f42f8,01010101,00000000,00000000,00000015,00000001,ffffffff,724f4190,799e8d01,79614be0
2026-09-09 18:24:56.121 liquid native stain contact consumed source=confirmed particle=80 emission=1 retry=0 result=9 count=1 outcome=native-model-miss-final
2026-09-09 18:24:56.121 NATIVE STAIN PICK sequence=45 caller=TK17-158.001.exe+0x1f24ac(005F24AC) self=0282bb40 list="Dress01|Person01|Dress02|Person02|Dress03|Person03|Dress04|Person04" origin=(0.06869,0.12611,-0.81941) direction=(0.05996,-0.61945,-0.78274) include_hidden=1 flags=0x0001df88 result=9 count=1 data=566ecd20 custom_contact=1 predicted=0 custom_particle=80 custom_hit=0
2026-09-09 18:24:56.123 memory snapshot label="native-stain-pick-result" address=566ECD20 words=3d7cf339,657d3220,657d3220,55911ba0,3227c340,3d944062,3db3ee25,bf5e2504,be48d18a,3f29f528,3f38be27,000005e1,0000058c,0000058b,3ea4e8d3,3ecf6dac,3e1ff12f,3f0ce0da,bad9bdd9,3de4fd80,bf8569a0,65972f80,0000000b,3f37e719
2026-09-09 18:24:56.124 NATIVE STAIN CACHE sequence=42 caller=TK17-158.001.exe+0x1f2813(005F2813) self=65fe5ca0 surface=657d3220 surface_name="" template=79434880 template_name="" result=79434880 result_name=""
2026-09-09 18:24:56.124 memory snapshot label="native-stain-cache-result" address=79434880 words=724b1090,0000003a,724b1098,7ca6e540,00000001,798f5f60,724f42f8,01010101,00000000,00000000,00000015,00000001,ffffffff,724f4190,798ade01,00000000
2026-09-09 18:24:56.124 testicular retraction live write person=2 control=46d30240 input=0.090 baseline=0.000 contribution=0.078 output=0.078
2026-09-09 18:24:56.146 liquid native stain contact consumed source=confirmed particle=83 emission=1 retry=0 result=9 count=1 outcome=native-model-miss-final
2026-09-09 18:24:56.147 NATIVE STAIN PICK sequence=46 caller=TK17-158.001.exe+0x1f24ac(005F24AC) self=0282bb40 list="Dress01|Person01|Dress02|Person02|Dress03|Person03|Dress04|Person04" origin=(0.08888,0.12236,-0.80972) direction=(0.06715,-0.62272,-0.77956) include_hidden=1 flags=0x0001df89 result=9 count=1 data=566ecd20 custom_contact=1 predicted=0 custom_particle=83 custom_hit=0
2026-09-09 18:24:56.147 memory snapshot label="native-stain-pick-result" address=566ECD20 words=3d8333c8,657d3220,657d3220,55911ba0,3227c340,3dbed5ec,3da8e61a,bf5c12d3,3d03ec04,3efe7d90,3f5dfbc6,0000058e,0000058f,00000590,3d9b73f5,3f5bac72,3e27354a,3f106b7e,3c0eead7,3df11c1a,bf87e2e3,65972f80,0000000b,3f2eff19
2026-09-09 18:24:56.148 NATIVE STAIN CACHE sequence=43 caller=TK17-158.001.exe+0x1f2813(005F2813) self=65fe5ca0 surface=657d3220 surface_name="" template=79435320 template_name="" result=79435320 result_name=""
2026-09-09 18:24:56.148 memory snapshot label="native-stain-cache-result" address=79435320 words=724b1090,00000019,724b1098,7ca6da00,00000001,798f62a0,724f42f8,01010101,00000000,00000000,00000015,00000001,ffffffff,724f4190,79934f01,79944f60
2026-09-09 18:24:56.167 liquid native stain contact consumed source=confirmed particle=97 emission=1 retry=0 result=9 count=1 outcome=native-model-miss-final
2026-09-09 18:24:56.168 NATIVE STAIN PICK sequence=47 caller=TK17-158.001.exe+0x1f24ac(005F24AC) self=0282bb40 list="Dress01|Person01|Dress02|Person02|Dress03|Person03|Dress04|Person04" origin=(0.13113,0.13538,-0.82440) direction=(0.07674,-0.61590,-0.78408) include_hidden=1 flags=0x0001df8a result=9 count=1 data=566ecd20 custom_contact=1 predicted=0 custom_particle=97 custom_hit=0
2026-09-09 18:24:56.168 memory snapshot label="native-stain-pick-result" address=566ECD20 words=3d8d26f6,657d3220,657d3220,55911ba0,3227c340,3e0bb26e,3dbe520a,bf60e1b9,3e9b7562,3f0a1c92,3f490baf,0000052f,00000530,0000052d,3d116de1,3ea8fe17,3e1cd180,3f18aa0b,bbfc34e3,3df0efae,bf8da72b,65972f80,0000000b,3f2eff19
2026-09-09 18:24:56.169 NATIVE STAIN CACHE sequence=44 caller=TK17-158.001.exe+0x1f2813(005F2813) self=65fe5ca0 surface=657d3220 surface_name="" template=79434760 template_name="" result=79434760 result_name=""
2026-09-09 18:24:56.169 memory snapshot label="native-stain-cache-result" address=79434760 words=724b1090,00000001,724b1098,7ca326a0,00000001,798f5c80,724f42f8,01010101,00000000,00000000,00000015,00000001,ffffffff,724f4190,797b7101,00000000
2026-09-09 18:24:56.190 liquid native stain contact consumed source=confirmed particle=101 emission=1 retry=0 result=9 count=1 outcome=native-model-miss-final
2026-09-09 18:24:56.192 NATIVE STAIN PICK sequence=48 caller=TK17-158.001.exe+0x1f24ac(005F24AC) self=0282bb40 list="Dress01|Person01|Dress02|Person02|Dress03|Person03|Dress04|Person04" origin=(0.18190,0.06679,-0.81638) direction=(0.09257,-0.63365,-0.76807) include_hidden=1 flags=0x0001df8b result=9 count=1 data=566ecd20 custom_contact=1 predicted=0 custom_particle=101 custom_hit=0
2026-09-09 18:24:56.192 memory snapshot label="native-stain-pick-result" address=566ECD20 words=3d258479,657d3220,657d3220,55911ba0,3227c340,3e3e1749,3d28ae3a,bf58f086,bdbe2e1b,3f4660d1,3f200d91,000005a8,00000541,000005a5,3f1e52dd,3d9826d0,3e4dd43b,3f25b13b,3d66f705,3df8b70a,bf948c11,65972f80,0000000b,3d736263
2026-09-09 18:24:56.193 NATIVE STAIN CACHE sequence=45 caller=TK17-158.001.exe+0x1f2813(005F2813) self=65fe5ca0 surface=657d3220 surface_name="" template=79433e60 template_name="" result=79433e60 result_name=""
2026-09-09 18:24:56.193 memory snapshot label="native-stain-cache-result" address=79433E60 words=724b1090,00000035,724b1098,7ca32b20,00000001,798f5d80,724f42f8,01010101,00000000,00000000,00000015,00000001,ffffffff,724f4190,795ae101,00000000
2026-09-09 18:24:56.211 liquid native stain contact consumed source=confirmed particle=107 emission=1 retry=0 result=9 count=1 outcome=native-model-miss-final
2026-09-09 18:24:56.212 NATIVE STAIN PICK sequence=49 caller=TK17-158.001.exe+0x1f24ac(005F24AC) self=0282bb40 list="Dress01|Person01|Dress02|Person02|Dress03|Person03|Dress04|Person04" origin=(0.10917,0.14288,-0.82766) direction=(0.06598,-0.61393,-0.78659) include_hidden=1 flags=0x0001df8c result=9 count=1 data=566ee1c0 custom_contact=1 predicted=0 custom_particle=107 custom_hit=0
2026-09-09 18:24:56.212 memory snapshot label="native-stain-pick-result" address=566EE1C0 words=3d891c7e,657d3220,657d3220,55911ba0,3227c340,3de89f3e,3dd07047,bf615c7a,3df188c1,3f488ce5,3f1c37c3,00000529,0000052b,0000052c,3ece31f3,3e5e69c4,3e15da9c,3f147cfb,bc8b95ac,3df0c29e,bf8ac332,65972f80,00000000,be19999a
2026-09-09 18:24:56.213 NATIVE STAIN CACHE sequence=46 caller=TK17-158.001.exe+0x1f2813(005F2813) self=65fe5ca0 surface=657d3220 surface_name="" template=79434880 template_name="" result=79434880 result_name=""
2026-09-09 18:24:56.213 memory snapshot label="native-stain-cache-result" address=79434880 words=724b1090,0000003a,724b1098,7ca6e540,00000001,798f5f60,724f42f8,01010101,00000000,00000000,00000015,00000001,ffffffff,724f4190,798ade01,00000000
2026-09-09 18:24:56.222 liquid world emitter sample person=2 emission=1 position=(-0.73520,1.25948,1.65371) direction=(-0.08571,0.99597,-0.02647) source=rebuilt-joint-local-hierarchy
2026-09-09 18:24:56.232 liquid native stain contact consumed source=confirmed particle=127 emission=1 retry=0 result=9 count=1 outcome=native-model-miss-final
2026-09-09 18:24:56.233 NATIVE STAIN PICK sequence=50 caller=TK17-158.001.exe+0x1f24ac(005F24AC) self=0282bb40 list="Dress01|Person01|Dress02|Person02|Dress03|Person03|Dress04|Person04" origin=(0.10954,0.10263,-0.80035) direction=(0.06530,-0.62958,-0.77418) include_hidden=1 flags=0x0001df8d result=9 count=1 data=566ee1c0 custom_contact=1 predicted=0 custom_particle=127 custom_hit=0
2026-09-09 18:24:56.233 memory snapshot label="native-stain-pick-result" address=566EE1C0 words=3d8f0e8f,657d3220,657d3220,55911ba0,3227c340,3de9ac90,3d704290,bf5abbde,3e81369a,3ecd1cb5,3f617c96,00000594,000005e6,00000597,3f043e0a,3eb53771,3e3798cb,3f140255,3d002bd9,3de2f8b4,bf8a8ece,65972f80,00000000,be19999a
2026-09-09 18:24:56.233 NATIVE STAIN CACHE sequence=47 caller=TK17-158.001.exe+0x1f2813(005F2813) self=65fe5ca0 surface=657d3220 surface_name="" template=794334c0 template_name="" result=794334c0 result_name=""
2026-09-09 18:24:56.233 memory snapshot label="native-stain-cache-result" address=794334C0 words=724b1090,0000000a,724b1098,7ca317a0,00000001,798f6660,724f42f8,01010101,00000000,00000000,00000015,00000001,ffffffff,724f4190,79793901,00000000
2026-09-09 18:24:56.375 testicular retraction live write person=2 control=46d30240 input=0.000 baseline=0.000 contribution=-0.001 output=0.000
2026-09-09 18:24:56.406 ejaculation audio started person=2 emission=1 pulse=3 volume=0.000 path="C:\Users\ErolB\Desktop\Games\TK17\The Klub 17\Extensions\Liquids\Sounds\Ejaculation\Default\cum04.mp3"
2026-09-09 18:24:56.406 testicular retraction control resolved person=2 mode=FindObjC-direct wrapper=46d30240 control=46d30240 weight=0.000
2026-09-09 18:24:56.406 testicular retraction pulse person=2 emission=1 pulse=3 baseline=0.000 start=-0.001 target=0.250
2026-09-09 18:24:56.413 testicular retraction applied person=2 emission=1 pulse=3 baseline=0.000 contribution=-0.001 output=0.000
2026-09-09 18:24:56.466 liquid world emitter sample person=2 emission=1 position=(-0.73520,1.25948,1.65371) direction=(-0.08571,0.99597,-0.02647) source=rebuilt-joint-local-hierarchy
2026-09-09 18:24:56.607 ejaculation audio finished person=2 emission=1 pulse=3 path="C:\Users\ErolB\Desktop\Games\TK17\The Klub 17\Extensions\Liquids\Sounds\Ejaculation\Default\cum04.mp3"
2026-09-09 18:24:56.621 testicular retraction live write person=2 control=46d30240 input=0.282 baseline=0.000 contribution=0.278 output=0.278
2026-09-09 18:24:56.722 liquid world emitter sample person=2 emission=1 position=(-0.73520,1.25948,1.65371) direction=(-0.08571,0.99597,-0.02647) source=rebuilt-joint-local-hierarchy
2026-09-09 18:24:56.864 testicular retraction live write person=2 control=46d30240 input=0.241 baseline=0.000 contribution=0.241 output=0.241
2026-09-09 18:24:56.965 liquid world emitter sample person=2 emission=1 position=(-0.73520,1.25948,1.65371) direction=(-0.08571,0.99597,-0.02647) source=rebuilt-joint-local-hierarchy
2026-09-09 18:24:57.013 liquid native stain contact consumed source=confirmed particle=177 emission=1 retry=0 result=9 count=1 outcome=native-model-miss-requeued
2026-09-09 18:24:57.013 NATIVE STAIN PICK sequence=51 caller=TK17-158.001.exe+0x1f24ac(005F24AC) self=0282bb40 list="Dress01|Person01|Dress02|Person02|Dress03|Person03|Dress04|Person04" origin=(0.07429,0.11617,-0.80736) direction=(0.07601,-0.62512,-0.77682) include_hidden=1 flags=0x0001dfb7 result=9 count=1 data=566ef2e0 custom_contact=1 predicted=0 custom_particle=177 custom_hit=0
2026-09-09 18:24:57.014 memory snapshot label="native-stain-pick-result" address=566EF2E0 words=3d83d269,657d3220,657d3220,55911ba0,3227c340,3da22cbc,3d9b823d,bf5b7be6,bda3fb21,3ef6bdc6,3f5f5f82,000005e2,000005e3,0000058f,3d0f7802,3f2f4dd9,3e2ac31d,3f0de329,3c6460e9,3de7a6a4,bf8620dc,65972f80,566ef3ac,e436eb83
2026-09-09 18:24:57.015 NATIVE STAIN CACHE sequence=48 caller=TK17-158.001.exe+0x1f2813(005F2813) self=65fe5ca0 surface=657d3220 surface_name="" template=794335e0 template_name="" result=794335e0 result_name=""
2026-09-09 18:24:57.015 memory snapshot label="native-stain-cache-result" address=794335E0 words=724b1090,00000001,724b1098,7ca37740,00000001,798f6b00,724f42f8,01010101,00000000,00000000,00000015,00000001,ffffffff,724f4190,799e8b01,794339e0
2026-09-09 18:24:57.038 liquid native stain contact consumed source=confirmed particle=178 emission=1 retry=0 result=9 count=1 outcome=native-model-miss-requeued
2026-09-09 18:24:57.038 NATIVE STAIN PICK sequence=52 caller=TK17-158.001.exe+0x1f24ac(005F24AC) self=0282bb40 list="Dress01|Person01|Dress02|Person02|Dress03|Person03|Dress04|Person04" origin=(0.06234,0.13042,-0.82069) direction=(0.06771,-0.61628,-0.78461) include_hidden=1 flags=0x0001dfb8 result=9 count=1 data=566ef820 custom_contact=1 predicted=0 custom_particle=178 custom_hit=0
2026-09-09 18:24:57.038 memory snapshot label="native-stain-pick-result" address=566EF820 words=3d854ad7,657d3220,657d3220,55911ba0,3227c340,3d88b30b,3db8f1e2,bf5f2b95,be353a13,3f327e9e,3f31d419,00002eda,0000058b,00000588,3f4dc7fb,3ce8326a,3e1c8a33,3f0bd86b,bbd52099,3ddfd8e5,bf84c5c9,65972f80,00000000,be19999a
2026-09-09 18:24:57.039 NATIVE STAIN CACHE sequence=49 caller=TK17-158.001.exe+0x1f2813(005F2813) self=65fe5ca0 surface=657d3220 surface_name="" template=794338c0 template_name="" result=794338c0 result_name=""
2026-09-09 18:24:57.040 memory snapshot label="native-stain-cache-result" address=794338C0 words=724b1090,00000043,724b1098,7ca6d3a0,00000001,798f5ee0,724f42f8,01010101,00000000,00000000,00000015,00000001,ffffffff,724f4190,4ee42901,799e7ce0
2026-09-09 18:24:57.060 liquid native stain contact consumed source=confirmed particle=177 emission=1 retry=1 result=9 count=1 outcome=native-model-miss-requeued
2026-09-09 18:24:57.061 NATIVE STAIN PICK sequence=53 caller=TK17-158.001.exe+0x1f24ac(005F24AC) self=0282bb40 list="Dress01|Person01|Dress02|Person02|Dress03|Person03|Dress04|Person04" origin=(0.08277,0.12867,-0.79182) direction=(0.07601,-0.62512,-0.77682) include_hidden=1 flags=0x0001dfb9 result=9 count=1 data=566ee520 custom_contact=1 predicted=0 custom_particle=177 custom_hit=0
2026-09-09 18:24:57.061 memory snapshot label="native-stain-pick-result" address=566EE520 words=3dabb34c,657d3220,657d3220,55911ba0,3227c340,3db692b0,3d9c2f47,bf5b60fa,3cb7c2dd,3ee5dec5,3f64ad30,000005e3,00000590,0000058f,3f0374e1,3e034be4,3e2b4ba5,3f0fa3c3,3c6eb017,3debcd40,bf875f36,65972f80,0000000b,3f2eff19
2026-09-09 18:24:57.061 NATIVE STAIN CACHE sequence=50 caller=TK17-158.001.exe+0x1f2813(005F2813) self=65fe5ca0 surface=657d3220 surface_name="" template=79433f80 template_name="" result=79433f80 result_name=""
2026-09-09 18:24:57.062 memory snapshot label="native-stain-cache-result" address=79433F80 words=724b1090,0000001a,724b1098,7ca32220,00000001,798f6920,724f42f8,01010101,00000000,00000000,00000015,00000001,ffffffff,724f4190,0b040001,00000000
2026-09-09 18:24:57.078 liquid native stain contact consumed source=confirmed particle=180 emission=1 retry=0 result=9 count=1 outcome=native-model-miss-requeued
2026-09-09 18:24:57.079 NATIVE STAIN PICK sequence=54 caller=TK17-158.001.exe+0x1f24ac(005F24AC) self=0282bb40 list="Dress01|Person01|Dress02|Person02|Dress03|Person03|Dress04|Person04" origin=(0.08072,0.13510,-0.81890) direction=(0.07626,-0.61494,-0.78487) include_hidden=1 flags=0x0001dfba result=9 count=1 data=566ee520 custom_contact=1 predicted=0 custom_particle=180 custom_hit=0
2026-09-09 18:24:57.079 memory snapshot label="native-stain-pick-result" address=566EE520 words=3d871049,657d3220,657d3220,55911ba0,3227c340,3daf9c0a,3dc1a343,bf5ee381,bda6d9bb,3f3dff4e,3f2a4cc5,0000058c,0000058e,00000589,3edc238e,3e034c1c,3e1bdc03,3f0f58f5,bbffb824,3decaa81,bf8720e4,65972f80,0000000b,3f2eff19
2026-09-09 18:24:57.080 NATIVE STAIN CACHE sequence=51 caller=TK17-158.001.exe+0x1f2813(005F2813) self=65fe5ca0 surface=657d3220 surface_name="" template=794335e0 template_name="" result=794335e0 result_name=""
2026-09-09 18:24:57.080 memory snapshot label="native-stain-cache-result" address=794335E0 words=724b1090,00000001,724b1098,7ca37740,00000001,798f6b00,724f42f8,01010101,00000000,00000000,00000015,00000001,ffffffff,724f4190,799e8b01,794339e0
2026-09-09 18:24:57.097 liquid native stain contact consumed source=confirmed particle=178 emission=1 retry=1 result=9 count=1 outcome=native-model-miss-requeued
2026-09-09 18:24:57.098 NATIVE STAIN PICK sequence=55 caller=TK17-158.001.exe+0x1f24ac(005F24AC) self=0282bb40 list="Dress01|Person01|Dress02|Person02|Dress03|Person03|Dress04|Person04" origin=(0.07099,0.14274,-0.80500) direction=(0.06771,-0.61628,-0.78461) include_hidden=1 flags=0x0001dfbb result=9 count=1 data=566ef4a0 custom_contact=1 predicted=0 custom_particle=178 custom_hit=0
2026-09-09 18:24:57.098 memory snapshot label="native-stain-pick-result" address=566EF4A0 words=3da8f520,657d3220,657d3220,55911ba0,3227c340,3d9cd227,3dbc3542,bf5ea693,be1f89b3,3f3762ba,3f2e1ca1,0000058a,0000058b,0000058c,3e8e86e6,3f35b8e1,3e1d23e8,3f0dadd9,bbbdf470,3de7fb9b,bf85f6da,65972f80,0000000b,3f038ef3
2026-09-09 18:24:57.099 NATIVE STAIN CACHE sequence=52 caller=TK17-158.001.exe+0x1f2813(005F2813) self=65fe5ca0 surface=657d3220 surface_name="" template=79433f80 template_name="" result=79433f80 result_name=""
2026-09-09 18:24:57.099 memory snapshot label="native-stain-cache-result" address=79433F80 words=724b1090,0000001a,724b1098,7ca32220,00000001,798f6920,724f42f8,01010101,00000000,00000000,00000015,00000001,ffffffff,724f4190,0b040001,00000000
2026-09-09 18:24:57.118 liquid native stain contact consumed source=confirmed particle=177 emission=1 retry=2 result=9 count=1 outcome=native-model-miss-requeued
2026-09-09 18:24:57.119 NATIVE STAIN PICK sequence=56 caller=TK17-158.001.exe+0x1f24ac(005F24AC) self=0282bb40 list="Dress01|Person01|Dress02|Person02|Dress03|Person03|Dress04|Person04" origin=(0.06125,0.14117,-0.77628) direction=(0.07601,-0.62512,-0.77682) include_hidden=1 flags=0x0001dfbc result=9 count=1 data=566ef4a0 custom_contact=1 predicted=0 custom_particle=177 custom_hit=0
2026-09-09 18:24:57.119 memory snapshot label="native-stain-pick-result" address=566EF4A0 words=3dd9d6fc,657d3220,657d3220,55911ba0,3227c340,3d8e01ac,3d98f238,bf5be1ae,be2c2802,3f03c86d,3f5736b0,000005e1,00002edc,000005e2,3db8f1c4,3e61e70a,3e2a3db3,3f0c172c,3c59ffc2,3de0b0ed,bf84ec11,65972f80,0000000b,3f2eff19
2026-09-09 18:24:57.120 NATIVE STAIN CACHE sequence=53 caller=TK17-158.001.exe+0x1f2813(005F2813) self=65fe5ca0 surface=657d3220 surface_name="" template=79436260 template_name="" result=79436260 result_name=""
2026-09-09 18:24:57.120 memory snapshot label="native-stain-cache-result" address=79436260 words=724b1090,00000027,724b1098,7ca6e060,00000001,798f6560,724f42f8,01010101,00000000,00000000,00000015,00000001,ffffffff,724f4190,797b1f01,00000000
2026-09-09 18:24:57.120 testicular retraction live write person=2 control=46d30240 input=0.250 baseline=0.000 contribution=0.250 output=0.250
2026-09-09 18:24:57.146 liquid native stain contact consumed source=confirmed particle=178 emission=1 retry=2 result=9 count=1 outcome=native-model-miss-requeued
2026-09-09 18:24:57.146 NATIVE STAIN PICK sequence=57 caller=TK17-158.001.exe+0x1f24ac(005F24AC) self=0282bb40 list="Dress01|Person01|Dress02|Person02|Dress03|Person03|Dress04|Person04" origin=(0.04963,0.15507,-0.78931) direction=(0.06771,-0.61628,-0.78461) include_hidden=1 flags=0x0001dfbd result=9 count=1 data=566ef4a0 custom_contact=1 predicted=0 custom_particle=178 custom_hit=0
2026-09-09 18:24:57.147 memory snapshot label="native-stain-pick-result" address=566EF4A0 words=3dc80f85,657d3220,657d3220,55911ba0,3227c340,3d666348,3dc24887,bf5daf10,3e4f8391,3f2e30bd,3f3448b6,00002630,0000262e,00002631,3ecad048,3c2ae436,3efb6f0f,3e99bb2d,bbe94e33,3deb54c3,bf834efd,65972f80,0000001a,3acc78ea
2026-09-09 18:24:57.147 NATIVE STAIN CACHE sequence=54 caller=TK17-158.001.exe+0x1f2813(005F2813) self=65fe5ca0 surface=657d3220 surface_name="" template=79434b40 template_name="" result=79434b40 result_name=""
2026-09-09 18:24:57.148 memory snapshot label="native-stain-cache-result" address=79434B40 words=724b1090,00000005,724b1098,7ca31c80,00000001,798f6480,724f42f8,01010101,00000000,00000000,00000015,00000001,ffffffff,724f4190,00000001,00000000
2026-09-09 18:24:57.166 liquid native stain contact consumed source=confirmed particle=177 emission=1 retry=3 result=9 count=1 outcome=native-model-miss-final
2026-09-09 18:24:57.167 NATIVE STAIN PICK sequence=58 caller=TK17-158.001.exe+0x1f24ac(005F24AC) self=0282bb40 list="Dress01|Person01|Dress02|Person02|Dress03|Person03|Dress04|Person04" origin=(0.06973,0.16367,-0.76075) direction=(0.07601,-0.62512,-0.77682) include_hidden=1 flags=0x0001dfbe result=9 count=1 data=566ef4a0 custom_contact=1 predicted=0 custom_particle=177 custom_hit=0
2026-09-09 18:24:57.167 memory snapshot label="native-stain-pick-result" address=566EF4A0 words=3e049ef9,657d3220,657d3220,55911ba0,3227c340,3da2fa0d,3da96642,bf5c81cc,bde50d82,3f10cf13,3f51282c,000005e1,0000058f,0000058c,3f1d2182,3e5e3386,3e258d52,3f0e0b92,3bd2528b,3dea24a8,bf8637d3,65972f80,00000015,3aebedfa
2026-09-09 18:24:57.168 NATIVE STAIN CACHE sequence=55 caller=TK17-158.001.exe+0x1f2813(005F2813) self=65fe5ca0 surface=657d3220 surface_name="" template=794337a0 template_name="" result=794337a0 result_name=""
2026-09-09 18:24:57.168 memory snapshot label="native-stain-cache-result" address=794337A0 words=724b1090,00000009,724b1098,792d72e0,00000001,798f68c0,724f42f8,01010101,00000000,00000000,00000015,00000001,ffffffff,724f4190,0b040001,00000000
2026-09-09 18:24:57.189 liquid native stain contact consumed source=confirmed particle=189 emission=1 retry=0 result=9 count=1 outcome=native-model-miss-requeued
2026-09-09 18:24:57.190 NATIVE STAIN PICK sequence=59 caller=TK17-158.001.exe+0x1f24ac(005F24AC) self=0282bb40 list="Dress01|Person01|Dress02|Person02|Dress03|Person03|Dress04|Person04" origin=(0.07525,0.13088,-0.81670) direction=(0.06281,-0.61845,-0.78331) include_hidden=1 flags=0x0001dfbf result=9 count=1 data=566ef4a0 custom_contact=1 predicted=0 custom_particle=189 custom_hit=0
2026-09-09 18:24:57.190 memory snapshot label="native-stain-pick-result" address=566EF4A0 words=3d8587da,657d3220,657d3220,55911ba0,3227c340,3da27e3a,3db974eb,bf5e2661,be05423a,3f33053c,3f33f038,000005e1,0000058f,0000058c,3d99ccb4,3f5c7437,3e1ed140,3f0e249b,bb5ef1d6,3dea27b9,bf86486f,65972f80,0000000b,3f032229
2026-09-09 18:24:57.190 NATIVE STAIN CACHE sequence=56 caller=TK17-158.001.exe+0x1f2813(005F2813) self=65fe5ca0 surface=657d3220 surface_name="" template=79433e60 template_name="" result=79433e60 result_name=""
2026-09-09 18:24:57.190 memory snapshot label="native-stain-cache-result" address=79433E60 words=724b1090,00000035,724b1098,7ca32b20,00000001,798f5d80,724f42f8,01010101,00000000,00000000,00000015,00000001,ffffffff,724f4190,795ae101,00000000
2026-09-09 18:24:57.209 liquid native stain contact consumed source=confirmed particle=178 emission=1 retry=3 result=9 count=1 outcome=native-model-miss-final
2026-09-09 18:24:57.210 NATIVE STAIN PICK sequence=60 caller=TK17-158.001.exe+0x1f24ac(005F24AC) self=0282bb40 list="Dress01|Person01|Dress02|Person02|Dress03|Person03|Dress04|Person04" origin=(0.05828,0.17739,-0.77361) direction=(0.06771,-0.61628,-0.78461) include_hidden=1 flags=0x0001dfc0 result=9 count=1 data=566ef4a0 custom_contact=1 predicted=0 custom_particle=178 custom_hit=0
2026-09-09 18:24:57.210 memory snapshot label="native-stain-pick-result" address=566EF4A0 words=3e0798f7,657d3220,657d3220,55911ba0,3227c340,3d89b78c,3dc42abc,bf60a4a4,be432576,3f39425f,3f29ceef,0000058a,00000588,0000058b,3f02efdc,3ef59d15,3e174d2a,3f0c2d02,bc67962e,3dde1924,bf84eeb2,65972f80,0000000b,3f2eff19
2026-09-09 18:24:57.211 NATIVE STAIN CACHE sequence=57 caller=TK17-158.001.exe+0x1f2813(005F2813) self=65fe5ca0 surface=657d3220 surface_name="" template=79435320 template_name="" result=79435320 result_name=""
2026-09-09 18:24:57.211 memory snapshot label="native-stain-cache-result" address=79435320 words=724b1090,00000019,724b1098,7ca6da00,00000001,798f62a0,724f42f8,01010101,00000000,00000000,00000015,00000001,ffffffff,724f4190,79934f01,79944f60
2026-09-09 18:24:57.220 liquid world emitter sample person=2 emission=1 position=(-0.73520,1.25948,1.65371) direction=(-0.08571,0.99597,-0.02647) source=rebuilt-joint-local-hierarchy
2026-09-09 18:24:57.230 liquid native stain contact consumed source=confirmed particle=189 emission=1 retry=1 result=9 count=1 outcome=native-model-miss-requeued
2026-09-09 18:24:57.230 NATIVE STAIN PICK sequence=61 caller=TK17-158.001.exe+0x1f24ac(005F24AC) self=0282bb40 list="Dress01|Person01|Dress02|Person02|Dress03|Person03|Dress04|Person04" origin=(0.08399,0.14325,-0.80103) direction=(0.06281,-0.61845,-0.78331) include_hidden=1 flags=0x0001dfc1 result=9 count=1 data=566ef4a0 custom_contact=1 predicted=0 custom_particle=189 custom_hit=0
2026-09-09 18:24:57.230 memory snapshot label="native-stain-pick-result" address=566EF4A0 words=3dab9466,657d3220,657d3220,55911ba0,3227c340,3db6ca34,3dbb41bc,bf5ddd6c,bd68014b,3f32600b,3f370d51,0000058e,0000058c,0000058f,3c80a48e,3e43644b,3e1f561a,3f0fe5fd,bb38e014,3defdf5f,bf878013,65972f80,0000000b,3f032229
2026-09-09 18:24:57.232 NATIVE STAIN CACHE sequence=58 caller=TK17-158.001.exe+0x1f2813(005F2813) self=65fe5ca0 surface=657d3220 surface_name="" template=79433560 template_name="" result=79433560 result_name=""
2026-09-09 18:24:57.232 memory snapshot label="native-stain-cache-result" address=79433560 words=724b1090,0000002b,724b1098,7ca31f20,00000001,798f6400,724f42f8,01010101,00000000,00000000,00000015,00000001,ffffffff,724f4190,798f6701,00000000
2026-09-09 18:24:57.254 liquid native stain contact consumed source=confirmed particle=195 emission=1 retry=0 result=9 count=1 outcome=native-model-miss-requeued
2026-09-09 18:24:57.254 NATIVE STAIN PICK sequence=62 caller=TK17-158.001.exe+0x1f24ac(005F24AC) self=0282bb40 list="Dress01|Person01|Dress02|Person02|Dress03|Person03|Dress04|Person04" origin=(0.11022,0.14806,-0.83130) direction=(0.07637,-0.60963,-0.78900) include_hidden=1 flags=0x0001dfc2 result=9 count=1 data=566ef4a0 custom_contact=1 predicted=0 custom_particle=195 custom_hit=0
2026-09-09 18:24:57.254 memory snapshot label="native-stain-pick-result" address=566EF4A0 words=3d904791,657d3220,657d3220,55911ba0,3227c340,3decbfd7,3dd74572,bf630a9f,3de6bc58,3f56f16a,3f080730,00000529,0000052c,0000052a,3e76ccff,3e932f05,3e113d71,3f14f918,bcc0bf0f,3deb8be1,bf8b2636,65972f80,0000000b,3f032229
2026-09-09 18:24:57.255 NATIVE STAIN CACHE sequence=59 caller=TK17-158.001.exe+0x1f2813(005F2813) self=65fe5ca0 surface=657d3220 surface_name="" template=79433f80 template_name="" result=79433f80 result_name=""
2026-09-09 18:24:57.256 memory snapshot label="native-stain-cache-result" address=79433F80 words=724b1090,0000001a,724b1098,7ca32220,00000001,798f6920,724f42f8,01010101,00000000,00000000,00000015,00000001,ffffffff,724f4190,0b040001,00000000
2026-09-09 18:24:57.267 liquid contact classification particle=264 body_result=0 person=0 primitive=0 nodes=(-1,-1) segment_t=0.000 signed_distance=0.01112 world_gap=0.00263
2026-09-09 18:24:57.268 liquid depth collision hit particle=264 age=0.093 world=(-0.8286,1.0775,1.6271) particle_depth=0.942325 scene_depth=0.941873 sweep_steps=1 world_gap=0.00263
2026-09-09 18:24:57.280 liquid native stain contact consumed source=confirmed particle=189 emission=1 retry=2 result=9 count=1 outcome=native-model-miss-requeued
2026-09-09 18:24:57.280 NATIVE STAIN PICK sequence=63 caller=TK17-158.001.exe+0x1f24ac(005F24AC) self=0282bb40 list="Dress01|Person01|Dress02|Person02|Dress03|Person03|Dress04|Person04" origin=(0.06273,0.15562,-0.78537) direction=(0.06281,-0.61845,-0.78331) include_hidden=1 flags=0x0001dfc3 result=9 count=1 data=566ef4a0 custom_contact=1 predicted=0 custom_particle=189 custom_hit=0
2026-09-09 18:24:57.280 memory snapshot label="native-stain-pick-result" address=566EF4A0 words=3ddbeaf2,657d3220,657d3220,55911ba0,3227c340,3d8e4b2c,3db6b1f4,bf5e965d,be626696,3f2d6aa5,3f339bb3,000005e1,0000058c,0000058b,3dbaa212,3f4ab4bc,3e1e3999,3f0c644d,bb8690b8,3de2c42b,bf8513fc,65972f80,0000000b,3f032229
2026-09-09 18:24:57.281 NATIVE STAIN CACHE sequence=60 caller=TK17-158.001.exe+0x1f2813(005F2813) self=65fe5ca0 surface=657d3220 surface_name="" template=79434880 template_name="" result=79434880 result_name=""
2026-09-09 18:24:57.281 memory snapshot label="native-stain-cache-result" address=79434880 words=724b1090,0000003a,724b1098,7ca6e540,00000001,798f5f60,724f42f8,01010101,00000000,00000000,00000015,00000001,ffffffff,724f4190,798ade01,00000000
2026-09-09 18:24:57.303 liquid native stain contact consumed source=confirmed particle=195 emission=1 retry=1 result=9 count=1 outcome=native-model-miss-requeued
2026-09-09 18:24:57.304 NATIVE STAIN PICK sequence=64 caller=TK17-158.001.exe+0x1f24ac(005F24AC) self=0282bb40 list="Dress01|Person01|Dress02|Person02|Dress03|Person03|Dress04|Person04" origin=(0.11869,0.16025,-0.81552) direction=(0.07637,-0.60963,-0.78900) include_hidden=1 flags=0x0001dfc4 result=9 count=1 data=566ef4a0 custom_contact=1 predicted=0 custom_particle=195 custom_hit=0
2026-09-09 18:24:57.304 memory snapshot label="native-stain-pick-result" address=566EF4A0 words=3dbb31cf,657d3220,657d3220,55911ba0,3227c340,3e00b096,3dd61486,bf633bfb,3e27b982,3f52f920,3f0acf43,0000052d,0000052a,0000052c,3f0fe73d,3c3f63b0,3e11dd69,3f16da88,bcbb5aff,3ded623c,bf8c6f12,65972f80,0000000b,3f2eff19
2026-09-09 18:24:57.305 NATIVE STAIN CACHE sequence=61 caller=TK17-158.001.exe+0x1f2813(005F2813) self=65fe5ca0 surface=657d3220 surface_name="" template=794334c0 template_name="" result=794334c0 result_name=""
2026-09-09 18:24:57.305 memory snapshot label="native-stain-cache-result" address=794334C0 words=724b1090,0000000a,724b1098,7ca317a0,00000001,798f6660,724f42f8,01010101,00000000,00000000,00000015,00000001,ffffffff,724f4190,79793901,00000000
2026-09-09 18:24:57.326 liquid native stain contact consumed source=confirmed particle=189 emission=1 retry=3 result=9 count=1 outcome=native-model-miss-final
2026-09-09 18:24:57.326 NATIVE STAIN PICK sequence=65 caller=TK17-158.001.exe+0x1f24ac(005F24AC) self=0282bb40 list="Dress01|Person01|Dress02|Person02|Dress03|Person03|Dress04|Person04" origin=(0.07148,0.17799,-0.76970) direction=(0.06281,-0.61845,-0.78331) include_hidden=1 flags=0x0001dfc5 result=9 count=1 data=566ef4a0 custom_contact=1 predicted=0 custom_particle=189 custom_hit=0
2026-09-09 18:24:57.326 memory snapshot label="native-stain-pick-result" address=566EF4A0 words=3e081815,657d3220,657d3220,55911ba0,3227c340,3da37bc3,3dc42de4,bf5fb1e2,bdde5679,3f3f9f9d,3f2776a9,0000058c,00000589,0000058a,3da18108,3e845c71,3e19943e,3f0e58f0,bc343272,3de7b698,bf867232,65972f80,0000000b,3f2eff19
2026-09-09 18:24:57.327 NATIVE STAIN CACHE sequence=62 caller=TK17-158.001.exe+0x1f2813(005F2813) self=65fe5ca0 surface=657d3220 surface_name="" template=79436260 template_name="" result=79436260 result_name=""
2026-09-09 18:24:57.327 memory snapshot label="native-stain-cache-result" address=79436260 words=724b1090,00000027,724b1098,7ca6e060,00000001,798f6560,724f42f8,01010101,00000000,00000000,00000015,00000001,ffffffff,724f4190,797b1f01,00000000
2026-09-09 18:24:57.349 liquid native stain contact consumed source=confirmed particle=195 emission=1 retry=2 result=9 count=1 outcome=native-model-miss-requeued
2026-09-09 18:24:57.350 NATIVE STAIN PICK sequence=66 caller=TK17-158.001.exe+0x1f24ac(005F24AC) self=0282bb40 list="Dress01|Person01|Dress02|Person02|Dress03|Person03|Dress04|Person04" origin=(0.09717,0.17245,-0.79974) direction=(0.07637,-0.60963,-0.78900) include_hidden=1 flags=0x0001dfc6 result=9 count=1 data=566ef4a0 custom_contact=1 predicted=0 custom_particle=195 custom_hit=0
2026-09-09 18:24:57.350 memory snapshot label="native-stain-pick-result" address=566EF4A0 words=3de0d577,657d3220,657d3220,55911ba0,3227c340,3dd82a8e,3dd81ad2,bf62e821,3d8ec43f,3f590de8,3f068dfc,00000528,0000052b,00000529,3d8dd9c0,3f12d93c,3e10ab92,3f132d2c,bcc62749,3de94aa3,bf89e103,65972f80,0000000b,3f13fd0d
2026-09-09 18:24:57.351 NATIVE STAIN CACHE sequence=63 caller=TK17-158.001.exe+0x1f2813(005F2813) self=65fe5ca0 surface=657d3220 surface_name="" template=79435440 template_name="" result=79435440 result_name=""
2026-09-09 18:24:57.351 memory snapshot label="native-stain-cache-result" address=79435440 words=724b1090,0000000a,724b1098,7ca32fa0,00000001,798f69a0,724f42f8,01010101,00000000,00000000,00000015,00000001,ffffffff,724f4190,7977c301,00000000
2026-09-09 18:24:57.374 liquid native stain contact consumed source=confirmed particle=218 emission=1 retry=0 result=9 count=1 outcome=native-model-miss-requeued
2026-09-09 18:24:57.374 NATIVE STAIN PICK sequence=67 caller=TK17-158.001.exe+0x1f24ac(005F24AC) self=0282bb40 list="Dress01|Person01|Dress02|Person02|Dress03|Person03|Dress04|Person04" origin=(0.13587,0.11567,-0.81741) direction=(0.07870,-0.62227,-0.77883) include_hidden=1 flags=0x0001dfc7 result=9 count=1 data=566ef4a0 custom_contact=1 predicted=0 custom_particle=218 custom_hit=0
2026-09-09 18:24:57.375 memory snapshot label="native-stain-pick-result" address=566EF4A0 words=3d8f10f8,657d3220,657d3220,55911ba0,3227c340,3e10c3dc,3d93dfc9,bf5f2f8e,3e9b68a9,3eda8a47,3f5a1401,00000531,00000599,00000535,3c6a58d1,3db149a5,3e2b4c61,3f199121,3c487b0d,3de31ac4,bf8e4f9d,65972f80,0000000b,3f13fd0d
2026-09-09 18:24:57.376 NATIVE STAIN CACHE sequence=64 caller=TK17-158.001.exe+0x1f2813(005F2813) self=65fe5ca0 surface=657d3220 surface_name="" template=79436260 template_name="" result=79436260 result_name=""
2026-09-09 18:24:57.376 memory snapshot label="native-stain-cache-result" address=79436260 words=724b1090,00000027,724b1098,7ca6e060,00000001,798f6560,724f42f8,01010101,00000000,00000000,00000015,00000001,ffffffff,724f4190,797b1f01,00000000
2026-09-09 18:24:57.376 testicular retraction live write person=2 control=46d30240 input=0.250 baseline=0.000 contribution=0.250 output=0.250
2026-09-09 18:24:57.397 liquid native stain contact consumed source=confirmed particle=195 emission=1 retry=3 result=9 count=1 outcome=native-model-miss-final
2026-09-09 18:24:57.398 NATIVE STAIN PICK sequence=68 caller=TK17-158.001.exe+0x1f24ac(005F24AC) self=0282bb40 list="Dress01|Person01|Dress02|Person02|Dress03|Person03|Dress04|Person04" origin=(0.10564,0.19464,-0.78396) direction=(0.07637,-0.60963,-0.78900) include_hidden=1 flags=0x0001dfc8 result=9 count=1 data=566ef4a0 custom_contact=1 predicted=0 custom_particle=195 custom_hit=0
2026-09-09 18:24:57.398 memory snapshot label="native-stain-pick-result" address=566EF4A0 words=3e0fb09e,657d3220,657d3220,55911ba0,3227c340,3dee4b98,3ddf6ceb,bf650922,3df94704,3f5d64dd,3ef965c0,0000052a,0000070f,00000527,3c29a9ff,3e7c38bd,3e0ba992,3f154acd,bcffc139,3de52bcd,bf8b666d,65972f80,0000000b,3f13fd0d
2026-09-09 18:24:57.398 NATIVE STAIN CACHE sequence=65 caller=TK17-158.001.exe+0x1f2813(005F2813) self=65fe5ca0 surface=657d3220 surface_name="" template=79433dc0 template_name="" result=79433dc0 result_name=""
2026-09-09 18:24:57.399 memory snapshot label="native-stain-cache-result" address=79433DC0 words=724b1090,0000000c,724b1098,7ca31560,00000001,798f67c0,724f42f8,01010101,00000000,00000000,00000015,00000001,ffffffff,724f4190,79a40c01,79930640
2026-09-09 18:24:57.419 liquid native stain contact consumed source=confirmed particle=229 emission=1 retry=0 result=9 count=1 outcome=native-model-miss-requeued
2026-09-09 18:24:57.420 NATIVE STAIN PICK sequence=69 caller=TK17-158.001.exe+0x1f24ac(005F24AC) self=0282bb40 list="Dress01|Person01|Dress02|Person02|Dress03|Person03|Dress04|Person04" origin=(0.09732,0.13143,-0.81382) direction=(0.06271,-0.61963,-0.78239) include_hidden=1 flags=0x0001dfc9 result=9 count=1 data=566ef4a0 custom_contact=1 predicted=0 custom_particle=229 custom_hit=0
2026-09-09 18:24:57.420 memory snapshot label="native-stain-pick-result" address=566EF4A0 words=3d880bd0,657d3220,657d3220,55911ba0,3227c340,3dcfd7c3,3db8dc95,bf5da4ad,3dbe0da5,3f2225df,3f44abe6,00000590,00000592,0000058d,3e7afaae,3f124b07,3e210e94,3f120cd6,ba01c70b,3df3e0cd,bf89012f,65972f80,0000000b,3f13fd0d
2026-09-09 18:24:57.421 NATIVE STAIN CACHE sequence=66 caller=TK17-158.001.exe+0x1f2813(005F2813) self=65fe5ca0 surface=657d3220 surface_name="" template=794334c0 template_name="" result=794334c0 result_name=""
2026-09-09 18:24:57.421 memory snapshot label="native-stain-cache-result" address=794334C0 words=724b1090,0000000a,724b1098,7ca317a0,00000001,798f6660,724f42f8,01010101,00000000,00000000,00000015,00000001,ffffffff,724f4190,79793901,00000000
2026-09-09 18:24:57.444 liquid native stain contact consumed source=confirmed particle=218 emission=1 retry=1 result=9 count=1 outcome=native-model-miss-requeued
2026-09-09 18:24:57.444 NATIVE STAIN PICK sequence=70 caller=TK17-158.001.exe+0x1f24ac(005F24AC) self=0282bb40 list="Dress01|Person01|Dress02|Person02|Dress03|Person03|Dress04|Person04" origin=(0.14430,0.12812,-0.80184) direction=(0.07870,-0.62227,-0.77884) include_hidden=1 flags=0x0001dfca result=9 count=1 data=566ef4a0 custom_contact=1 predicted=0 custom_particle=218 custom_hit=0
2026-09-09 18:24:57.444 memory snapshot label="native-stain-pick-result" address=566EF4A0 words=3dbdec58,657d3220,657d3220,55911ba0,3227c340,3e1b3cb2,3d903467,bf5fc285,3e867e08,3ee9c524,3f599ad3,00000532,00000535,00000536,3eb13c1b,3db57618,3e2c475c,3f1bc072,3c565787,3de1e2a0,bf8fb430,65972f80,0000000b,3f13fd0d
2026-09-09 18:24:57.445 NATIVE STAIN CACHE sequence=67 caller=TK17-158.001.exe+0x1f2813(005F2813) self=65fe5ca0 surface=657d3220 surface_name="" template=794335e0 template_name="" result=794335e0 result_name=""
2026-09-09 18:24:57.445 memory snapshot label="native-stain-cache-result" address=794335E0 words=724b1090,00000001,724b1098,7ca37740,00000001,798f6b00,724f42f8,01010101,00000000,00000000,00000015,00000001,ffffffff,724f4190,799e8b01,794339e0
2026-09-09 18:24:57.463 liquid native stain contact consumed source=confirmed particle=229 emission=1 retry=1 result=9 count=1 outcome=native-model-miss-requeued
2026-09-09 18:24:57.464 NATIVE STAIN PICK sequence=71 caller=TK17-158.001.exe+0x1f24ac(005F24AC) self=0282bb40 list="Dress01|Person01|Dress02|Person02|Dress03|Person03|Dress04|Person04" origin=(0.10607,0.14382,-0.79817) direction=(0.06271,-0.61963,-0.78239) include_hidden=1 flags=0x0001dfcb result=9 count=1 data=566ef4a0 custom_contact=1 predicted=0 custom_particle=229 custom_hit=0
2026-09-09 18:24:57.464 memory snapshot label="native-stain-pick-result" address=566EF4A0 words=3db4cf0c,657d3220,657d3220,55911ba0,3227c340,3de48fb1,3db6815b,bf5e03e1,3e6150b4,3f1314d5,3f49d12c,00000591,0000052b,0000058d,3d1af7f3,3eb29f0b,3e21a7d7,3f13dd73,391fdb9b,3df3b7c2,bf8a4ecb,65972f80,0000000b,3bb6d86f
2026-09-09 18:24:57.465 NATIVE STAIN CACHE sequence=68 caller=TK17-158.001.exe+0x1f2813(005F2813) self=65fe5ca0 surface=657d3220 surface_name="" template=794337a0 template_name="" result=794337a0 result_name=""
2026-09-09 18:24:57.465 memory snapshot label="native-stain-cache-result" address=794337A0 words=724b1090,00000009,724b1098,792d72e0,00000001,798f68c0,724f42f8,01010101,00000000,00000000,00000015,00000001,ffffffff,724f4190,0b040001,00000000
2026-09-09 18:24:57.477 liquid world emitter sample person=2 emission=1 position=(-0.73520,1.25948,1.65371) direction=(-0.08571,0.99597,-0.02647) source=rebuilt-joint-local-hierarchy
2026-09-09 18:24:57.492 liquid native stain contact consumed source=confirmed particle=218 emission=1 retry=2 result=9 count=1 outcome=native-model-miss-requeued
2026-09-09 18:24:57.492 NATIVE STAIN PICK sequence=72 caller=TK17-158.001.exe+0x1f24ac(005F24AC) self=0282bb40 list="Dress01|Person01|Dress02|Person02|Dress03|Person03|Dress04|Person04" origin=(0.12273,0.14056,-0.78626) direction=(0.07870,-0.62227,-0.77884) include_hidden=1 flags=0x0001dfcc result=9 count=1 data=566ef4a0 custom_contact=1 predicted=0 custom_particle=218 custom_hit=0
2026-09-09 18:24:57.492 memory snapshot label="native-stain-pick-result" address=566EF4A0 words=3dd8a13e,657d3220,657d3220,55911ba0,3227c340,3e06323c,3d991305,bf5e5f4a,3eae8d4a,3ed128af,3f58c0e0,0000052e,00000596,00000531,3f2c98a0,3dce58bf,3e2a5aa2,3f176711,3c3d3813,3de715b0,bf8ce509,65972f80,0000000b,3bb6d86f
2026-09-09 18:24:57.493 NATIVE STAIN CACHE sequence=69 caller=TK17-158.001.exe+0x1f2813(005F2813) self=65fe5ca0 surface=657d3220 surface_name="" template=79435440 template_name="" result=79435440 result_name=""
2026-09-09 18:24:57.493 memory snapshot label="native-stain-cache-result" address=79435440 words=724b1090,0000000a,724b1098,7ca32fa0,00000001,798f69a0,724f42f8,01010101,00000000,00000000,00000015,00000001,ffffffff,724f4190,7977c301,00000000
2026-09-09 18:24:57.514 liquid native stain contact consumed source=confirmed particle=229 emission=1 retry=2 result=9 count=1 outcome=native-model-miss-requeued
2026-09-09 18:24:57.514 NATIVE STAIN PICK sequence=73 caller=TK17-158.001.exe+0x1f24ac(005F24AC) self=0282bb40 list="Dress01|Person01|Dress02|Person02|Dress03|Person03|Dress04|Person04" origin=(0.08481,0.15621,-0.78253) direction=(0.06271,-0.61963,-0.78239) include_hidden=1 flags=0x0001dfcd result=9 count=1 data=566ef4a0 custom_contact=1 predicted=0 custom_particle=229 custom_hit=0
2026-09-09 18:24:57.515 memory snapshot label="native-stain-pick-result" address=566EF4A0 words=3dd99558,657d3220,657d3220,55911ba0,3227c340,3dbb5692,3db91925,bf5d9b13,bce55aba,3f2b2689,3f3e3e06,0000058e,0000058f,00000590,3d4d0f61,3e799484,3e206c13,3f1043f6,baa2cc79,3df0d617,bf87c2ee,65972f80,0000000b,3bb6d86f
2026-09-09 18:24:57.515 NATIVE STAIN CACHE sequence=70 caller=TK17-158.001.exe+0x1f2813(005F2813) self=65fe5ca0 surface=657d3220 surface_name="" template=794335e0 template_name="" result=794335e0 result_name=""
2026-09-09 18:24:57.516 memory snapshot label="native-stain-cache-result" address=794335E0 words=724b1090,00000001,724b1098,7ca37740,00000001,798f6b00,724f42f8,01010101,00000000,00000000,00000015,00000001,ffffffff,724f4190,799e8b01,794339e0
2026-09-09 18:24:57.537 liquid native stain contact consumed source=confirmed particle=218 emission=1 retry=3 result=9 count=1 outcome=native-model-miss-final
2026-09-09 18:24:57.537 NATIVE STAIN PICK sequence=74 caller=TK17-158.001.exe+0x1f24ac(005F24AC) self=0282bb40 list="Dress01|Person01|Dress02|Person02|Dress03|Person03|Dress04|Person04" origin=(0.13115,0.16301,-0.77068) direction=(0.07870,-0.62227,-0.77883) include_hidden=1 flags=0x0001dfce result=9 count=1 data=566ef4a0 custom_contact=1 predicted=0 custom_particle=218 custom_hit=0
2026-09-09 18:24:57.538 memory snapshot label="native-stain-pick-result" address=566EF4A0 words=3e08e853,657d3220,657d3220,55911ba0,3227c340,3e111309,3da37508,bf5ff3a7,3ea0fe69,3ed6becf,3f5a01f9,0000052f,00000531,00000532,3eac7be6,3e826f5a,3e25dba1,3f19a44c,3b98d8bd,3de8021d,bf8e593b,65972f80,0000000b,3bb6d86f
2026-09-09 18:24:57.539 NATIVE STAIN CACHE sequence=71 caller=TK17-158.001.exe+0x1f2813(005F2813) self=65fe5ca0 surface=657d3220 surface_name="" template=79434760 template_name="" result=79434760 result_name=""
2026-09-09 18:24:57.539 memory snapshot label="native-stain-cache-result" address=79434760 words=724b1090,00000001,724b1098,7ca326a0,00000001,798f5c80,724f42f8,01010101,00000000,00000000,00000015,00000001,ffffffff,724f4190,797b7101,00000000
2026-09-09 18:24:57.557 liquid native stain contact consumed source=confirmed particle=229 emission=1 retry=3 result=9 count=1 outcome=native-model-miss-final
2026-09-09 18:24:57.557 NATIVE STAIN PICK sequence=75 caller=TK17-158.001.exe+0x1f24ac(005F24AC) self=0282bb40 list="Dress01|Person01|Dress02|Person02|Dress03|Person03|Dress04|Person04" origin=(0.09356,0.17860,-0.76688) direction=(0.06271,-0.61963,-0.78239) include_hidden=1 flags=0x0001dfcf result=9 count=1 data=566ef4a0 custom_contact=1 predicted=0 custom_particle=229 custom_hit=0
2026-09-09 18:24:57.558 memory snapshot label="native-stain-pick-result" address=566EF4A0 words=3e07e688,657d3220,657d3220,55911ba0,3227c340,3dd0a648,3dc55d10,bf5ee701,3d717754,3f3d3f05,3f2bbd12,00000528,0000058d,0000052b,3f745a13,3c8c21e6,3e1bea17,3f123f34,bc0479c7,3df41dd3,bf8920ab,65972f80,0000000b,3bb6d86f
2026-09-09 18:24:57.558 NATIVE STAIN CACHE sequence=72 caller=TK17-158.001.exe+0x1f2813(005F2813) self=65fe5ca0 surface=657d3220 surface_name="" template=79433e60 template_name="" result=79433e60 result_name=""
2026-09-09 18:24:57.559 memory snapshot label="native-stain-cache-result" address=79433E60 words=724b1090,00000035,724b1098,7ca32b20,00000001,798f5d80,724f42f8,01010101,00000000,00000000,00000015,00000001,ffffffff,724f4190,795ae101,00000000
2026-09-09 18:24:57.575 liquid native stain contact consumed source=confirmed particle=180 emission=1 retry=1 result=9 count=1 outcome=native-model-miss-final
2026-09-09 18:24:57.575 NATIVE STAIN PICK sequence=76 caller=TK17-158.001.exe+0x1f24ac(005F24AC) self=0282bb40 list="Dress01|Person01|Dress02|Person02|Dress03|Person03|Dress04|Person04" origin=(0.08919,0.14740,-0.80320) direction=(0.07626,-0.61494,-0.78488) include_hidden=1 flags=0x0001dfd0 result=9 count=1 data=566ef4a0 custom_contact=1 predicted=0 custom_particle=180 custom_hit=0
2026-09-09 18:24:57.575 memory snapshot label="native-stain-pick-result" address=566EF4A0 words=3dada3da,657d3220,657d3220,55911ba0,3227c340,3dc3e864,3dc31a8e,bf5ea78f,bb1bb725,3f3d56fb,3f2c4be7,0000058d,00000589,0000058e,3d09281a,3f082c0f,3e1c784e,3f111cde,bbe9db3c,3df215a4,bf8857cf,65972f80,0000000b,3bb6d86f
2026-09-09 18:24:57.576 NATIVE STAIN CACHE sequence=73 caller=TK17-158.001.exe+0x1f2813(005F2813) self=65fe5ca0 surface=657d3220 surface_name="" template=794335e0 template_name="" result=794335e0 result_name=""
2026-09-09 18:24:57.576 memory snapshot label="native-stain-cache-result" address=794335E0 words=724b1090,00000001,724b1098,7ca37740,00000001,798f6b00,724f42f8,01010101,00000000,00000000,00000015,00000001,ffffffff,724f4190,799e8b01,794339e0
2026-09-09 18:24:57.597 liquid native stain contact consumed source=confirmed particle=184 emission=1 retry=0 result=9 count=1 outcome=native-model-miss-final
2026-09-09 18:24:57.598 NATIVE STAIN PICK sequence=77 caller=TK17-158.001.exe+0x1f24ac(005F24AC) self=0282bb40 list="Dress01|Person01|Dress02|Person02|Dress03|Person03|Dress04|Person04" origin=(0.08136,0.13553,-0.81911) direction=(0.07285,-0.61528,-0.78494) include_hidden=1 flags=0x0001dfd1 result=9 count=1 data=566ef4a0 custom_contact=1 predicted=0 custom_particle=184 custom_hit=0
2026-09-09 18:24:57.598 memory snapshot label="native-stain-pick-result" address=566EF4A0 words=3d875a9b,657d3220,657d3220,55911ba0,3227c340,3db07d28,3dc248fe,bf5ef941,bd9ea441,3f3ea825,3f29af2b,0000058c,0000058e,00000589,3ee73d29,3e1c1ecf,3e1b933d,3f0f6f04,bc06b475,3decb0b9,bf8730b9,65972f80,0000000b,3bb6d86f
2026-09-09 18:24:57.599 NATIVE STAIN CACHE sequence=74 caller=TK17-158.001.exe+0x1f2813(005F2813) self=65fe5ca0 surface=657d3220 surface_name="" template=79434fc0 template_name="" result=79434fc0 result_name=""
2026-09-09 18:24:57.599 memory snapshot label="native-stain-cache-result" address=79434FC0 words=724b1090,00000029,724b1098,7ca328e0,00000001,798f5d00,724f42f8,01010101,00000000,00000000,00000015,00000001,ffffffff,724f4190,7994a201,7960db60
2026-09-09 18:24:57.625 liquid native stain contact consumed source=confirmed particle=183 emission=1 retry=0 result=9 count=1 outcome=native-model-miss-final
2026-09-09 18:24:57.625 NATIVE STAIN PICK sequence=78 caller=TK17-158.001.exe+0x1f24ac(005F24AC) self=0282bb40 list="Dress01|Person01|Dress02|Person02|Dress03|Person03|Dress04|Person04" origin=(0.05833,0.12123,-0.83558) direction=(0.05285,-0.61731,-0.78494) include_hidden=1 flags=0x0001dfd2 result=9 count=1 data=566ef4a0 custom_contact=1 predicted=0 custom_particle=183 custom_hit=0
2026-09-09 18:24:57.625 memory snapshot label="native-stain-pick-result" address=566EF4A0 words=3d283b2f,657d3220,657d3220,55911ba0,3227c340,3d77cab1,3dc45a64,bf5e29a4,3e76c167,3f2f6880,3f2ff624,0000262e,00002630,0000262f,3f4857f0,3deca0e9,3efac27b,3e9b1b6d,bc0f371e,3deb1f6e,bf83de1c,65972f80,0000000b,3f13fd0d
2026-09-09 18:24:57.626 NATIVE STAIN CACHE sequence=75 caller=TK17-158.001.exe+0x1f2813(005F2813) self=65fe5ca0 surface=657d3220 surface_name="" template=794337a0 template_name="" result=794337a0 result_name=""
2026-09-09 18:24:57.626 memory snapshot label="native-stain-cache-result" address=794337A0 words=724b1090,00000009,724b1098,792d72e0,00000001,798f68c0,724f42f8,01010101,00000000,00000000,00000015,00000001,ffffffff,724f4190,0b040001,00000000
2026-09-09 18:24:57.627 testicular retraction live write person=2 control=46d30240 input=0.090 baseline=0.000 contribution=0.078 output=0.078
2026-09-09 18:24:57.680 liquid native stain contact consumed source=confirmed particle=197 emission=1 retry=0 result=9 count=1 outcome=native-model-miss-final
2026-09-09 18:24:57.680 NATIVE STAIN PICK sequence=79 caller=TK17-158.001.exe+0x1f24ac(005F24AC) self=0282bb40 list="Dress01|Person01|Dress02|Person02|Dress03|Person03|Dress04|Person04" origin=(0.09351,0.10830,-0.81872) direction=(0.06387,-0.62464,-0.77830) include_hidden=1 flags=0x0001dfd3 result=9 count=1 data=566ef4a0 custom_contact=1 predicted=0 custom_particle=197 custom_hit=0
2026-09-09 18:24:57.681 memory snapshot label="native-stain-pick-result" address=566EF4A0 words=3d4d2bea,657d3220,657d3220,55911ba0,3227c340,3dc60f67,3d9dba8a,bf5b92e5,3dba61ed,3ee01bc6,3f64fdcc,00000592,00000590,00000593,3f04c4a1,3eb41d5f,3e2b159c,3f10fa99,3c675ccf,3dee3479,bf885348,65972f80,00000015,3aebedfa
2026-09-09 18:24:57.681 NATIVE STAIN CACHE sequence=76 caller=TK17-158.001.exe+0x1f2813(005F2813) self=65fe5ca0 surface=657d3220 surface_name="" template=794342e0 template_name="" result=794342e0 result_name=""
2026-09-09 18:24:57.682 memory snapshot label="native-stain-cache-result" address=794342E0 words=724b1090,0000000d,724b1098,7ca318c0,00000001,798f6840,724f42f8,01010101,00000000,00000000,00000015,00000001,ffffffff,724f4190,799e8d01,79614be0
2026-09-09 18:24:57.704 liquid native stain contact consumed source=confirmed particle=205 emission=1 retry=0 result=9 count=1 outcome=native-model-miss-final
2026-09-09 18:24:57.705 NATIVE STAIN PICK sequence=80 caller=TK17-158.001.exe+0x1f24ac(005F24AC) self=0282bb40 list="Dress01|Person01|Dress02|Person02|Dress03|Person03|Dress04|Person04" origin=(0.10556,0.13354,-0.81707) direction=(0.07080,-0.61773,-0.78320) include_hidden=1 flags=0x0001dfd4 result=9 count=1 data=566ef4a0 custom_contact=1 predicted=0 custom_particle=205 custom_hit=0
2026-09-09 18:24:57.705 memory snapshot label="native-stain-pick-result" address=566EF4A0 words=3d8873a3,657d3220,657d3220,55911ba0,3227c340,3de1d787,3dbd3331,bf5e8722,3e30419a,3f243c1a,3f3f5dee,00000591,0000052b,0000058d,3e8621ba,3ebcae41,3e1f15b5,3f13aecd,bb6c7cb1,3df44eb0,bf8a2a34,65972f80,00000015,3aebedfa
2026-09-09 18:24:57.706 NATIVE STAIN CACHE sequence=77 caller=TK17-158.001.exe+0x1f2813(005F2813) self=65fe5ca0 surface=657d3220 surface_name="" template=79433560 template_name="" result=79433560 result_name=""
2026-09-09 18:24:57.707 memory snapshot label="native-stain-cache-result" address=79433560 words=724b1090,0000002b,724b1098,7ca31f20,00000001,798f6400,724f42f8,01010101,00000000,00000000,00000015,00000001,ffffffff,724f4190,798f6701,00000000
2026-09-09 18:24:57.726 liquid native stain contact consumed source=confirmed particle=206 emission=1 retry=0 result=9 count=1 outcome=native-model-miss-final
2026-09-09 18:24:57.727 NATIVE STAIN CACHE sequence=78 caller=TK17-158.001.exe+0x1f2813(005F2813) self=65fe5ca0 surface=657d3220 surface_name="" template=794342e0 template_name="" result=794342e0 result_name=""
2026-09-09 18:24:57.727 memory snapshot label="native-stain-cache-result" address=794342E0 words=724b1090,0000000d,724b1098,7ca318c0,00000001,798f6840,724f42f8,01010101,00000000,00000000,00000015,00000001,ffffffff,724f4190,799e8d01,79614be0
2026-09-09 18:24:57.737 liquid world emitter sample person=2 emission=1 position=(-0.73520,1.25948,1.65371) direction=(-0.08571,0.99597,-0.02647) source=rebuilt-joint-local-hierarchy
2026-09-09 18:24:57.752 liquid native stain contact consumed source=confirmed particle=243 emission=1 retry=0 result=9 count=1 outcome=native-model-miss-final
2026-09-09 18:24:57.753 NATIVE STAIN CACHE sequence=79 caller=TK17-158.001.exe+0x1f2813(005F2813) self=65fe5ca0 surface=657d3220 surface_name="" template=79434d80 template_name="" result=79434d80 result_name=""
2026-09-09 18:24:57.753 memory snapshot label="native-stain-cache-result" address=79434D80 words=724b1090,0000000d,724b1098,7ca6dd00,00000001,798f6500,724f42f8,01010101,00000000,00000000,00000015,00000001,ffffffff,724f4190,7960fa01,7960f900
2026-09-09 18:24:57.776 liquid native stain contact consumed source=confirmed particle=255 emission=1 retry=0 result=9 count=1 outcome=native-model-miss-final
2026-09-09 18:24:57.777 NATIVE STAIN CACHE sequence=80 caller=TK17-158.001.exe+0x1f2813(005F2813) self=65fe5ca0 surface=657d3220 surface_name="" template=794338c0 template_name="" result=794338c0 result_name=""
2026-09-09 18:24:57.777 memory snapshot label="native-stain-cache-result" address=794338C0 words=724b1090,00000043,724b1098,7ca6d3a0,00000001,798f5ee0,724f42f8,01010101,00000000,00000000,00000015,00000001,ffffffff,724f4190,4ee42901,799e7ce0
2026-09-09 18:24:57.876 testicular retraction live write person=2 control=46d30240 input=0.000 baseline=0.000 contribution=-0.001 output=0.000
2026-09-09 18:24:57.908 ejaculation audio started person=2 emission=1 pulse=4 volume=0.000 path="C:\Users\ErolB\Desktop\Games\TK17\The Klub 17\Extensions\Liquids\Sounds\Ejaculation\Default\cum01.mp3"
2026-09-09 18:24:57.908 testicular retraction control resolved person=2 mode=FindObjC-direct wrapper=46d30240 control=46d30240 weight=0.000
2026-09-09 18:24:57.908 testicular retraction pulse person=2 emission=1 pulse=4 baseline=0.000 start=-0.001 target=0.250
2026-09-09 18:24:57.920 testicular retraction applied person=2 emission=1 pulse=4 baseline=0.000 contribution=-0.001 output=0.000
2026-09-09 18:24:57.980 liquid world emitter sample person=2 emission=1 position=(-0.73520,1.25948,1.65371) direction=(-0.08571,0.99597,-0.02647) source=rebuilt-joint-local-hierarchy
2026-09-09 18:24:58.117 ejaculation audio finished person=2 emission=1 pulse=4 path="C:\Users\ErolB\Desktop\Games\TK17\The Klub 17\Extensions\Liquids\Sounds\Ejaculation\Default\cum01.mp3"
2026-09-09 18:24:58.129 testicular retraction live write person=2 control=46d30240 input=0.278 baseline=0.000 contribution=0.275 output=0.275
2026-09-09 18:24:58.234 liquid world emitter sample person=2 emission=1 position=(-0.73520,1.25948,1.65371) direction=(-0.08571,0.99597,-0.02647) source=rebuilt-joint-local-hierarchy
2026-09-09 18:24:58.386 testicular retraction live write person=2 control=46d30240 input=0.241 baseline=0.000 contribution=0.241 output=0.241
2026-09-09 18:24:58.470 liquid native stain contact consumed source=confirmed particle=271 emission=1 retry=0 result=9 count=1 outcome=native-model-miss-requeued
2026-09-09 18:24:58.483 liquid world emitter sample person=2 emission=1 position=(-0.73520,1.25948,1.65371) direction=(-0.08571,0.99597,-0.02647) source=rebuilt-joint-local-hierarchy
2026-09-09 18:24:58.513 liquid native stain contact consumed source=confirmed particle=271 emission=1 retry=1 result=9 count=1 outcome=native-model-miss-requeued
2026-09-09 18:24:58.533 liquid native stain contact consumed source=confirmed particle=272 emission=1 retry=0 result=9 count=1 outcome=native-model-miss-requeued
2026-09-09 18:24:58.574 liquid native stain contact consumed source=confirmed particle=271 emission=1 retry=2 result=9 count=1 outcome=native-model-miss-requeued
2026-09-09 18:24:58.627 liquid native stain contact consumed source=confirmed particle=271 emission=1 retry=3 result=0 count=1 outcome=native-model-miss-final
2026-09-09 18:24:58.629 testicular retraction live write person=2 control=46d30240 input=0.250 baseline=0.000 contribution=0.250 output=0.250
2026-09-09 18:24:58.705 liquid native stain contact consumed source=confirmed particle=272 emission=1 retry=1 result=0 count=1 outcome=native-model-miss-final
2026-09-09 18:24:58.735 liquid native stain contact consumed source=confirmed particle=278 emission=1 retry=0 result=0 count=1 outcome=native-model-miss-requeued
2026-09-09 18:24:58.747 liquid world emitter sample person=2 emission=1 position=(-0.73520,1.25948,1.65371) direction=(-0.08571,0.99597,-0.02647) source=rebuilt-joint-local-hierarchy
2026-09-09 18:24:58.762 liquid native stain contact consumed source=confirmed particle=280 emission=1 retry=0 result=0 count=1 outcome=native-model-miss-requeued
2026-09-09 18:24:58.784 liquid native stain contact consumed source=confirmed particle=278 emission=1 retry=1 result=0 count=1 outcome=native-model-miss-requeued
2026-09-09 18:24:58.802 liquid native stain contact consumed source=confirmed particle=275 emission=1 retry=0 result=0 count=1 outcome=native-model-miss-final
2026-09-09 18:24:58.823 liquid native stain contact consumed source=confirmed particle=278 emission=1 retry=2 result=0 count=1 outcome=native-model-miss-requeued
2026-09-09 18:24:58.848 liquid native stain contact consumed source=confirmed particle=280 emission=1 retry=1 result=0 count=1 outcome=native-model-miss-requeued
2026-09-09 18:24:58.870 liquid native stain contact consumed source=confirmed particle=278 emission=1 retry=3 result=0 count=1 outcome=native-model-miss-final
2026-09-09 18:24:58.895 liquid native stain contact consumed source=confirmed particle=316 emission=1 retry=0 result=0 count=1 outcome=native-model-miss-requeued
2026-09-09 18:24:58.897 testicular retraction live write person=2 control=46d30240 input=0.250 baseline=0.000 contribution=0.250 output=0.250
2026-09-09 18:24:58.918 liquid native stain contact consumed source=confirmed particle=280 emission=1 retry=2 result=0 count=1 outcome=native-model-miss-final
2026-09-09 18:24:58.940 liquid native stain contact consumed source=confirmed particle=316 emission=1 retry=1 result=0 count=1 outcome=native-model-miss-requeued
2026-09-09 18:24:58.958 liquid native stain contact consumed source=confirmed particle=326 emission=1 retry=0 result=0 count=1 outcome=native-model-miss-requeued
2026-09-09 18:24:58.977 liquid native stain contact consumed source=confirmed particle=316 emission=1 retry=2 result=0 count=1 outcome=native-model-miss-requeued
2026-09-09 18:24:58.996 liquid native stain contact consumed source=confirmed particle=326 emission=1 retry=1 result=0 count=1 outcome=native-model-miss-requeued
2026-09-09 18:24:59.005 liquid world emitter sample person=2 emission=1 position=(-0.73520,1.25948,1.65371) direction=(-0.08571,0.99597,-0.02647) source=rebuilt-joint-local-hierarchy
2026-09-09 18:24:59.016 liquid native stain transform particle=299 frame=001af650 descriptor=65fe5ca0 descriptor_scale=(1.00000,1.00000,1.00000) custom_hit_view=(0.08698,0.08905,-0.88729) custom_ray_view=(0.08221,0.13823,-0.82448)->(0.05962,-0.61530,-0.78604)
2026-09-09 18:24:59.016 liquid native stain contact consumed source=confirmed particle=299 emission=1 retry=0 result=0 count=1 outcome=native-model-hit-impact-ray
2026-09-09 18:24:59.018 liquid native stain frozen update=32aed320 group=5bc71c20 wrapper=80543da0 control=7f32ec80 weight=1 mode=property-setter
2026-09-09 18:24:59.018 NATIVE STAIN ANIMATION DIAG generation=1 emission=1 particle=299 sample_ms=0 update=32aed320 descriptor=65fe5ca0 descriptor_checksum=7ad0cefc group_index=0 group=5bc71c20 group_checksum=27b8e027 counts=(nodes:100,controls:100,weights:100,vectors:100) nodes=[94:80D725C0:70a6b965:"",95:80D73140:bb6c130e:"",96:80D72C40:49ec89b8:"",97:80D73AA0:24608a72:"",98:80D74CA0:eb644b55:"",99:80D73E40:4fcb24e7:""] controls=[94:805434E0:7db2822d:"",95:80542FE0:9df29ccd:"",96:805436C0:3f1ef9cc:"",97:80543760:1fd9f63c:"",98:80542F40:e9ad232b:"",99:80543DA0:04841ef2:""] weights=[90:1,91:1,92:1,93:1,94:1,95:1,96:1,97:1,98:1,99:1] vectors=[94:(1,1,1),95:(1,1,1),96:(1,1,1),97:(1,1,1),98:(1,1,1),99:(1,1,1)]
2026-09-09 18:24:59.038 liquid native stain contact consumed source=confirmed particle=316 emission=1 retry=3 result=0 count=1 outcome=native-model-miss-final
2026-09-09 18:24:59.063 liquid native stain contact consumed source=confirmed particle=326 emission=1 retry=2 result=0 count=1 outcome=native-model-miss-requeued
2026-09-09 18:24:59.083 liquid native stain transform particle=285 frame=001af650 descriptor=65fe5ca0 descriptor_scale=(1.00000,1.00000,1.00000) custom_hit_view=(0.08963,0.09478,-0.89407) custom_ray_view=(0.08467,0.14400,-0.83066)->(0.06167,-0.61207,-0.78839)
2026-09-09 18:24:59.083 liquid native stain contact consumed source=confirmed particle=285 emission=1 retry=0 result=0 count=1 outcome=native-model-hit-impact-ray
2026-09-09 18:24:59.084 liquid native stain frozen update=32aed320 group=5bc71c20 wrapper=805238c0 control=7f330ac0 weight=1 mode=property-setter
2026-09-09 18:24:59.085 NATIVE STAIN ANIMATION DIAG generation=2 emission=1 particle=285 sample_ms=0 update=32aed320 descriptor=65fe5ca0 descriptor_checksum=d004edcb group_index=0 group=5bc71c20 group_checksum=27b8e027 counts=(nodes:103,controls:103,weights:103,vectors:103) nodes=[97:80D73AA0:4b45aa95:"",98:80D74CA0:b27a9d32:"",99:80D73E40:6f55fdb7:"",100:80D74060:e5319a3d:"",101:80D75260:d37bf570:"",102:80D750E0:2984bb3d:""] controls=[97:80543760:1fd9f63c:"",98:80542F40:e9ad232b:"",99:80543DA0:a5fdc73a:"",100:80543D60:a3183546:"",101:80543F80:073103f6:"",102:805238C0:cd5cf1ca:""] weights=[93:1,94:1,95:1,96:1,97:1,98:1,99:1,100:1,101:1,102:1] vectors=[97:(1,1,1),98:(1,1,1),99:(1,1,1),100:(1,1,1),101:(1,1,1),102:(1,1,1)]
2026-09-09 18:24:59.100 liquid native stain contact consumed source=confirmed particle=326 emission=1 retry=3 result=0 count=1 outcome=native-model-miss-final
2026-09-09 18:24:59.123 liquid native stain transform particle=306 frame=001af650 descriptor=65fe5ca0 descriptor_scale=(1.00000,1.00000,1.00000) custom_hit_view=(0.08386,0.07238,-0.87195) custom_ray_view=(0.07929,0.12100,-0.81109)->(0.05855,-0.62305,-0.77999)
2026-09-09 18:24:59.124 liquid native stain contact consumed source=confirmed particle=306 emission=1 retry=0 result=0 count=1 outcome=native-model-hit-impact-ray
2026-09-09 18:24:59.125 liquid native stain frozen update=32aed320 group=5bc71c20 wrapper=80523960 control=7f331540 weight=1 mode=property-setter
2026-09-09 18:24:59.126 NATIVE STAIN ANIMATION DIAG generation=3 emission=1 particle=306 sample_ms=0 update=32aed320 descriptor=65fe5ca0 descriptor_checksum=d6010ccc group_index=0 group=5bc71c20 group_checksum=6c2ba17f counts=(nodes:105,controls:105,weights:105,vectors:105) nodes=[99:80D73E40:efa7f155:"",100:80D74060:4071f7df:"",101:80D75260:0aeb6952:"",102:80D750E0:29d8bfef:"",103:80D73FA0:7908fd6b:"",104:80D74BE0:036cbe3b:""] controls=[99:80543DA0:a5fdc73a:"",100:80543D60:a3183546:"",101:80543F80:073103f6:"",102:805238C0:76c66d87:"",103:80523240:df728048:"",104:80523960:682aa982:""] weights=[95:1,96:1,97:1,98:1,99:1,100:1,101:1,102:1,103:1,104:1] vectors=[99:(1,1,1),100:(1,1,1),101:(1,1,1),102:(1,1,1),103:(1,1,1),104:(1,1,1)]
2026-09-09 18:24:59.144 liquid native stain contact consumed source=confirmed particle=342 emission=1 retry=0 result=0 count=1 outcome=native-model-miss-final
2026-09-09 18:24:59.145 testicular retraction live write person=2 control=46d30240 input=0.078 baseline=0.000 contribution=0.059 output=0.059
2026-09-09 18:24:59.165 liquid native stain contact consumed source=confirmed particle=344 emission=1 retry=0 result=0 count=1 outcome=native-model-miss-final
2026-09-09 18:24:59.236 NATIVE STAIN ANIMATION DIAG generation=3 emission=1 particle=306 sample_ms=110 update=32aed320 descriptor=65fe5ca0 descriptor_checksum=f4136632 group_index=0 group=5bc71c20 group_checksum=6c2ba17f counts=(nodes:107,controls:107,weights:107,vectors:107) nodes=[101:80D75260:95e945cb:"",102:80D750E0:4f466c76:"",103:80D73FA0:9ceab672:"",104:80D74BE0:8b3ca2f8:"",105:80D73D80:cbe814e0:"",106:80D73EE0:f424b212:""] controls=[101:80543F80:073103f6:"",102:805238C0:76c66d87:"",103:80523240:df728048:"",104:80523960:be48fa4c:"",105:805236A0:18a9e78b:"",106:80523FA0:804bc4c7:""] weights=[97:1,98:1,99:1,100:1,101:1,102:1,103:1,104:1,105:1,106:1] vectors=[101:(1,1,1),102:(1,1,1),103:(1,1,1),104:(1,1,1),105:(1,1,1),106:(1,1,1)]
2026-09-09 18:24:59.258 liquid world emitter sample person=2 emission=1 position=(-0.73520,1.25948,1.65371) direction=(-0.08571,0.99597,-0.02647) source=rebuilt-joint-local-hierarchy
2026-09-09 18:24:59.346 NATIVE STAIN ANIMATION DIAG generation=3 emission=1 particle=306 sample_ms=219 update=32aed320 descriptor=65fe5ca0 descriptor_checksum=f4136632 group_index=0 group=5bc71c20 group_checksum=6c2ba17f counts=(nodes:107,controls:107,weights:107,vectors:107) nodes=[101:80D75260:5b563820:"",102:80D750E0:4293257d:"",103:80D73FA0:d06d8479:"",104:80D74BE0:bd08dd73:"",105:80D73D80:6458988b:"",106:80D73EE0:e646d459:""] controls=[101:80543F80:073103f6:"",102:805238C0:76c66d87:"",103:80523240:df728048:"",104:80523960:be48fa4c:"",105:805236A0:18a9e78b:"",106:80523FA0:804bc4c7:""] weights=[97:1,98:1,99:1,100:1,101:1,102:1,103:1,104:1,105:1,106:1] vectors=[101:(1,1,1),102:(1,1,1),103:(1,1,1),104:(1,1,1),105:(1,1,1),106:(1,1,1)]
2026-09-09 18:24:59.405 ejaculation audio started person=2 emission=1 pulse=5 volume=0.000 path="C:\Users\ErolB\Desktop\Games\TK17\The Klub 17\Extensions\Liquids\Sounds\Ejaculation\Default\cum03.mp3"
2026-09-09 18:24:59.406 testicular retraction control resolved person=2 mode=FindObjC-direct wrapper=46d30240 control=46d30240 weight=0.000
2026-09-09 18:24:59.406 testicular retraction pulse person=2 emission=1 pulse=5 baseline=0.000 start=-0.001 target=0.250
2026-09-09 18:24:59.418 testicular retraction live write person=2 control=46d30240 input=0.000 baseline=0.000 contribution=-0.001 output=0.000
2026-09-09 18:24:59.418 testicular retraction applied person=2 emission=1 pulse=5 baseline=0.000 contribution=-0.001 output=0.000
2026-09-09 18:24:59.451 NATIVE STAIN ANIMATION DIAG generation=3 emission=1 particle=306 sample_ms=328 update=32aed320 descriptor=65fe5ca0 descriptor_checksum=f4136632 group_index=0 group=5bc71c20 group_checksum=6c2ba17f counts=(nodes:107,controls:107,weights:107,vectors:107) nodes=[101:80D75260:93c552ff:"",102:80D750E0:86c062e2:"",103:80D73FA0:a008f8e6:"",104:80D74BE0:4c83ea8c:"",105:80D73D80:b9dbc174:"",106:80D73EE0:6f678a46:""] controls=[101:80543F80:073103f6:"",102:805238C0:76c66d87:"",103:80523240:df728048:"",104:80523960:be48fa4c:"",105:805236A0:18a9e78b:"",106:80523FA0:79f7ce90:""] weights=[97:1,98:1,99:1,100:1,101:1,102:1,103:1,104:1,105:1,106:1] vectors=[101:(1,1,1),102:(1,1,1),103:(1,1,1),104:(1,1,1),105:(1,1,1),106:(1,1,1)]
2026-09-09 18:24:59.451 NATIVE STAIN FIELD DIAG generation=3 outcome=baseline node=80d73ee0 control=7f3337c0
2026-09-09 18:24:59.452 memory snapshot label="native-stain-animation-node-baseline" address=80D73EE0 words=724ba8d4,724f4170,724ba908,724f4190,566f8a20,4833cb40,01fff0ad,00000000,00000000,00000000,5a0e1bca,00000000,79433560,724f4230,00000000,0001e02a,3f800000,3f800000,3f800000,3f800000,00000000,00000000,00000000,00000000
2026-09-09 18:24:59.452 memory snapshot label="native-stain-animation-control-baseline" address=7F3337C0 words=724b9ad4,000002d4,724b9adc,724f4190,3f67a0fa,00000000,724f4170,000002d5,000002d6,000002d7,000002d1,000002d8,000002d9,000002d1,000002d9,000002d2,e84aae63,8d017eda,000002db,000002d8,000002db,000002d9,000002d9,7f333808
2026-09-09 18:24:59.453 liquid deep links event="native-stain-animation-node" object=80d73ee0 named_or_string_links=0 scan_bytes=96
2026-09-09 18:24:59.453 liquid deep links event="native-stain-animation-control" object=7f3337c0 named_or_string_links=0 scan_bytes=96
2026-09-09 18:24:59.510 liquid world emitter sample person=2 emission=1 position=(-0.73520,1.25948,1.65371) direction=(-0.08571,0.99597,-0.02647) source=rebuilt-joint-local-hierarchy
2026-09-09 18:24:59.565 NATIVE STAIN ANIMATION DIAG generation=3 emission=1 particle=306 sample_ms=438 update=32aed320 descriptor=65fe5ca0 descriptor_checksum=f4136632 group_index=0 group=5bc71c20 group_checksum=6c2ba17f counts=(nodes:107,controls:107,weights:107,vectors:107) nodes=[101:80D75260:3033dc14:"",102:80D750E0:03af5b69:"",103:80D73FA0:7c7be1ed:"",104:80D74BE0:0d73a147:"",105:80D73D80:f7fa2adf:"",106:80D73EE0:ceefd9cd:""] controls=[101:80543F80:073103f6:"",102:805238C0:76c66d87:"",103:80523240:df728048:"",104:80523960:be48fa4c:"",105:805236A0:18a9e78b:"",106:80523FA0:79f7ce90:""] weights=[97:1,98:1,99:1,100:1,101:1,102:1,103:1,104:1,105:1,106:1] vectors=[101:(1,1,1),102:(1,1,1),103:(1,1,1),104:(1,1,1),105:(1,1,1),106:(1,1,1)]
2026-09-09 18:24:59.565 NATIVE STAIN FIELD DIAG generation=3 node=80D73EE0 control=7F3337C0 changes=N+0x3c:0001e02a>0001e031(1.722504e-040>1.722602e-040),C+0x10:3f67a0fa>3f5df992(0.9048001>0.8670894) totals=(node:1,control:1)
2026-09-09 18:24:59.621 ejaculation audio finished person=2 emission=1 pulse=5 path="C:\Users\ErolB\Desktop\Games\TK17\The Klub 17\Extensions\Liquids\Sounds\Ejaculation\Default\cum03.mp3"
2026-09-09 18:24:59.696 NATIVE STAIN ANIMATION DIAG generation=3 emission=1 particle=306 sample_ms=578 update=32aed320 descriptor=65fe5ca0 descriptor_checksum=f4136632 group_index=0 group=5bc71c20 group_checksum=6c2ba17f counts=(nodes:107,controls:107,weights:107,vectors:107) nodes=[101:80D75260:e4c648b2:"",102:80D750E0:fd3c470f:"",103:80D73FA0:41b2a08b:"",104:80D74BE0:f22698a1:"",105:80D73D80:f3137c79:"",106:80D73EE0:c86d446b:""] controls=[101:80543F80:073103f6:"",102:805238C0:76c66d87:"",103:80523240:df728048:"",104:80523960:be48fa4c:"",105:805236A0:18a9e78b:"",106:80523FA0:86f76ec8:""] weights=[97:1,98:1,99:1,100:1,101:1,102:1,103:1,104:1,105:1,106:1] vectors=[101:(1,1,1),102:(1,1,1),103:(1,1,1),104:(1,1,1),105:(1,1,1),106:(1,1,1)]
2026-09-09 18:24:59.696 NATIVE STAIN FIELD DIAG generation=3 node=80D73EE0 control=7F3337C0 changes=N+0x3c:0001e031>0001e037(1.722602e-040>1.722686e-040),C+0x10:3f5df992>3f52ed94(0.8670894>0.8239377) totals=(node:1,control:1)
2026-09-09 18:24:59.696 testicular retraction live write person=2 control=46d30240 input=0.272 baseline=0.000 contribution=0.269 output=0.269
2026-09-09 18:24:59.765 liquid world emitter sample person=2 emission=1 position=(-0.73520,1.25948,1.65371) direction=(-0.08571,0.99597,-0.02647) source=rebuilt-joint-local-hierarchy
2026-09-09 18:24:59.801 NATIVE STAIN ANIMATION DIAG generation=3 emission=1 particle=306 sample_ms=688 update=32aed320 descriptor=65fe5ca0 descriptor_checksum=f4136632 group_index=0 group=5bc71c20 group_checksum=6c2ba17f counts=(nodes:107,controls:107,weights:107,vectors:107) nodes=[101:80D75260:e59c01ab:"",102:80D750E0:50547916:"",103:80D73FA0:a4c06b12:"",104:80D74BE0:ad44d958:"",105:80D73D80:843b5980:"",106:80D73EE0:ec4efd72:""] controls=[101:80543F80:073103f6:"",102:805238C0:76c66d87:"",103:80523240:df728048:"",104:80523960:be48fa4c:"",105:805236A0:18a9e78b:"",106:80523FA0:86f76ec8:""] weights=[97:1,98:1,99:1,100:1,101:1,102:1,103:1,104:1,105:1,106:1] vectors=[101:(1,1,1),102:(1,1,1),103:(1,1,1),104:(1,1,1),105:(1,1,1),106:(1,1,1)]
2026-09-09 18:24:59.801 NATIVE STAIN FIELD DIAG generation=3 node=80D73EE0 control=7F3337C0 changes=N+0x3c:0001e037>0001e03e(1.722686e-040>1.722784e-040),C+0x10:3f52ed94>3f4a1013(0.8239377>0.7893078) totals=(node:1,control:1)
2026-09-09 18:24:59.912 NATIVE STAIN ANIMATION DIAG generation=3 emission=1 particle=306 sample_ms=797 update=32aed320 descriptor=65fe5ca0 descriptor_checksum=f4136632 group_index=0 group=5bc71c20 group_checksum=6c2ba17f counts=(nodes:107,controls:107,weights:107,vectors:107) nodes=[101:80D75260:de2d5080:"",102:80D750E0:9b6cd01d:"",103:80D73FA0:acdf3299:"",104:80D74BE0:1cd81cd3:"",105:80D73D80:8baa0aab:"",106:80D73EE0:d0a031b9:""] controls=[101:80543F80:073103f6:"",102:805238C0:76c66d87:"",103:80523240:df728048:"",104:80523960:be48fa4c:"",105:805236A0:18a9e78b:"",106:80523FA0:768b55b9:""] weights=[97:1,98:1,99:1,100:1,101:1,102:1,103:1,104:1,105:1,106:1] vectors=[101:(1,1,1),102:(1,1,1),103:(1,1,1),104:(1,1,1),105:(1,1,1),106:(1,1,1)]
2026-09-09 18:24:59.913 NATIVE STAIN FIELD DIAG generation=3 node=80D73EE0 control=7F3337C0 changes=N+0x3c:0001e03e>0001e045(1.722784e-040>1.722882e-040),C+0x10:3f4a1013>3f40ca19(0.7893078>0.7530838) totals=(node:1,control:1)
2026-09-09 18:24:59.944 testicular retraction live write person=2 control=46d30240 input=0.243 baseline=0.000 contribution=0.244 output=0.244
2026-09-09 18:25:00.006 liquid native stain contact consumed source=confirmed particle=353 emission=1 retry=0 result=0 count=1 outcome=native-model-miss-requeued
2026-09-09 18:25:00.017 liquid world emitter sample person=2 emission=1 position=(-0.73520,1.25948,1.65371) direction=(-0.08571,0.99597,-0.02647) source=rebuilt-joint-local-hierarchy
2026-09-09 18:25:00.027 NATIVE STAIN ANIMATION DIAG generation=3 emission=1 particle=306 sample_ms=907 update=32aed320 descriptor=65fe5ca0 descriptor_checksum=55704ac0 group_index=0 group=5bc71c20 group_checksum=6c2ba17f counts=(nodes:108,controls:108,weights:108,vectors:108) nodes=[102:80D750E0:d7ac7864:"",103:80D73FA0:debe4920:"",104:80D74BE0:857acc8a:"",105:80D73D80:8ad451b2:"",106:80D73EE0:3122eec0:"",107:80D74F80:5a4e66a1:""] controls=[102:805238C0:76c66d87:"",103:80523240:df728048:"",104:80523960:be48fa4c:"",105:805236A0:18a9e78b:"",106:80523FA0:768b55b9:"",107:80524280:202cc29f:""] weights=[98:1,99:1,100:1,101:1,102:1,103:1,104:1,105:1,106:1,107:1] vectors=[102:(1,1,1),103:(1,1,1),104:(1,1,1),105:(1,1,1),106:(1,1,1),107:(1,1,1)]
2026-09-09 18:25:00.028 NATIVE STAIN FIELD DIAG generation=3 outcome=baseline node=80d74f80 control=7f333440
2026-09-09 18:25:00.028 memory snapshot label="native-stain-animation-node-baseline" address=80D74F80 words=724ba8d4,0032002d,724ba908,724f4190,566fa080,4833cb40,01fff0ad,00000000,00000000,00000000,5a0e1bca,00000000,79434b40,724f4230,00000000,0001e04c,3f800000,3f800000,3f800000,3f800000,00000000,00000000,00000000,00000000
2026-09-09 18:25:00.028 memory snapshot label="native-stain-animation-control-baseline" address=7F333440 words=724b9ad4,3f800000,724b9adc,724f4190,3f7e12c0,00000000,724f4170,3f800000,3f800000,3d6a5228,3f672010,3d6aac10,3f66c341,3d6ab058,3f654b55,3d6ab4a0,e83aaff3,8d017659,000002a8,000002ac,000002ad,000002a8,000002ad,7f333488
2026-09-09 18:25:00.029 liquid deep links event="native-stain-animation-node" object=80d74f80 named_or_string_links=0 scan_bytes=96
2026-09-09 18:25:00.029 liquid deep string event="native-stain-animation-control" object=7f333440 offset=0x030 pointer=3f66c341 text="16_gay_mb03Source"
2026-09-09 18:25:00.062 liquid native stain contact consumed source=confirmed particle=353 emission=1 retry=1 result=0 count=1 outcome=native-model-miss-requeued
2026-09-09 18:25:00.080 liquid native stain contact consumed source=confirmed particle=356 emission=1 retry=0 result=0 count=1 outcome=native-model-miss-requeued
2026-09-09 18:25:00.103 liquid native stain contact consumed source=confirmed particle=353 emission=1 retry=2 result=0 count=1 outcome=native-model-miss-requeued
2026-09-09 18:25:00.124 liquid native stain contact consumed source=confirmed particle=356 emission=1 retry=1 result=0 count=1 outcome=native-model-miss-requeued
2026-09-09 18:25:00.146 liquid native stain contact consumed source=confirmed particle=358 emission=1 retry=0 result=0 count=1 outcome=native-model-miss-requeued
2026-09-09 18:25:00.148 NATIVE STAIN ANIMATION DIAG generation=3 emission=1 particle=306 sample_ms=1032 update=32aed320 descriptor=65fe5ca0 descriptor_checksum=7afb4cd3 group_index=0 group=5bc71c20 group_checksum=6c2ba17f counts=(nodes:113,controls:113,weights:113,vectors:113) nodes=[107:80D74F80:8b34a82f:"",108:80D74280:f0d5eb59:"",109:80D744A0:4c1f1af0:"",110:80D74340:90a9f540:"",111:80D74400:ab7424e1:"",112:80D74560:86f26ef6:""] controls=[107:80524280:9bda625a:"",108:80523F60:c1405d9d:"",109:805240A0:2f7032f8:"",110:80524A00:b18b1f24:"",111:80524CC0:3cfbee41:"",112:80524E00:2162aa87:""] weights=[103:1,104:1,105:1,106:1,107:1,108:1,109:1,110:1,111:1,112:1] vectors=[107:(1,1,1),108:(1,1,1),109:(1,1,1),110:(1,1,1),111:(1,1,1),112:(1,1,1)]
2026-09-09 18:25:00.148 NATIVE STAIN FIELD DIAG generation=3 outcome=baseline node=80d74560 control=7f3364e0
2026-09-09 18:25:00.148 memory snapshot label="native-stain-animation-node-baseline" address=80D74560 words=724ba8d4,724f4170,724ba908,724f4190,566fa240,4833cb40,01fff0ad,00000000,00000000,00000000,5a0e1bca,00000000,79435440,724f4230,00000000,ffffffff,3f800000,3f800000,3f800000,3f800000,00000000,00000000,00000000,00000000
2026-09-09 18:25:00.148 memory snapshot label="native-stain-animation-control-baseline" address=7F3364E0 words=724b9ad4,0000048e,724b9adc,724f4190,3f800000,00000000,724f4170,0000048f,00000153,00000150,00000490,00000153,e628a5c1,8d01e591,00000150,7f336518,00000000,00000000,081d63c0,00000000,00000001,725100c4,00000001,00000001
2026-09-09 18:25:00.149 liquid deep links event="native-stain-animation-node" object=80d74560 named_or_string_links=0 scan_bytes=96
2026-09-09 18:25:00.149 liquid deep links event="native-stain-animation-control" object=7f3364e0 named_or_string_links=0 scan_bytes=96
2026-09-09 18:25:00.169 liquid native stain contact consumed source=confirmed particle=353 emission=1 retry=3 result=0 count=1 outcome=native-model-miss-final
2026-09-09 18:25:00.192 liquid native stain contact consumed source=confirmed particle=364 emission=1 retry=0 result=0 count=1 outcome=native-model-miss-requeued
2026-09-09 18:25:00.194 testicular retraction live write person=2 control=46d30240 input=0.250 baseline=0.000 contribution=0.250 output=0.250
2026-09-09 18:25:00.213 liquid native stain contact consumed source=confirmed particle=356 emission=1 retry=2 result=0 count=1 outcome=native-model-miss-final
2026-09-09 18:25:00.235 liquid native stain contact consumed source=confirmed particle=364 emission=1 retry=1 result=0 count=1 outcome=native-model-miss-requeued
2026-09-09 18:25:00.254 liquid native stain contact consumed source=confirmed particle=370 emission=1 retry=0 result=0 count=1 outcome=native-model-miss-requeued
2026-09-09 18:25:00.256 NATIVE STAIN ANIMATION DIAG generation=3 emission=1 particle=306 sample_ms=1141 update=32aed320 descriptor=65fe5ca0 descriptor_checksum=25ba9fd1 group_index=0 group=5bc71c20 group_checksum=6c2ba17f counts=(nodes:118,controls:118,weights:118,vectors:118) nodes=[112:80D74560:b47dfdb4:"",113:80D751A0:0bd3dd40:"",114:80D74620:cb87616a:"",115:80D746E0:fcfe42c1:"",116:80D74780:74c18414:"",117:80D74840:a9639ea7:""] controls=[112:80524E00:152d9cdd:"",113:80524C80:71b3f37a:"",114:80524640:d573842d:"",115:80538C20:a7ab16aa:"",116:80538FE0:189c361c:"",117:805392C0:59ed0131:""] weights=[108:1,109:1,110:1,111:1,112:1,113:1,114:1,115:1,116:1,117:1] vectors=[112:(1,1,1),113:(1,1,1),114:(1,1,1),115:(1,1,1),116:(1,1,1),117:(1,1,1)]
2026-09-09 18:25:00.256 NATIVE STAIN FIELD DIAG generation=3 outcome=baseline node=80d74840 control=7f329c00
2026-09-09 18:25:00.257 memory snapshot label="native-stain-animation-node-baseline" address=80D74840 words=724ba8d4,724f4170,724ba908,724f4190,566fc4a0,4833cb40,01fff0ad,00000000,00000000,00000000,5a0e1bca,00000000,794335e0,724f4230,00000000,ffffffff,3f800000,3f800000,3f800000,3f800000,00000000,00000000,00000000,00000000
2026-09-09 18:25:00.257 memory snapshot label="native-stain-animation-control-baseline" address=7F329C00 words=724b9ad4,00000000,724b9adc,724f4190,3f800000,00000000,724f4170,3f800000,3e35a130,bf7b0112,bdada20e,00000000,bedccd53,00000000,bf66f895,00000000,fdc29aeb,8d001ad1,bed87e3d,00000000,3f2b3f66,3d237e85,fdc79ae8,7f329c48
2026-09-09 18:25:00.258 liquid deep links event="native-stain-animation-node" object=80d74840 named_or_string_links=0 scan_bytes=96
2026-09-09 18:25:00.259 liquid deep links event="native-stain-animation-control" object=7f329c00 named_or_string_links=0 scan_bytes=96
2026-09-09 18:25:00.268 liquid world emitter sample person=2 emission=1 position=(-0.73520,1.25948,1.65371) direction=(-0.08571,0.99597,-0.02647) source=rebuilt-joint-local-hierarchy
2026-09-09 18:25:00.280 liquid native stain contact consumed source=confirmed particle=364 emission=1 retry=2 result=0 count=1 outcome=native-model-miss-requeued
2026-09-09 18:25:00.298 liquid native stain contact consumed source=confirmed particle=370 emission=1 retry=1 result=0 count=1 outcome=native-model-miss-requeued
2026-09-09 18:25:00.320 liquid native stain contact consumed source=confirmed particle=364 emission=1 retry=3 result=0 count=1 outcome=native-model-miss-final
2026-09-09 18:25:00.341 liquid native stain contact consumed source=confirmed particle=370 emission=1 retry=2 result=0 count=1 outcome=native-model-miss-requeued
2026-09-09 18:25:00.366 liquid native stain transform particle=391 frame=001af650 descriptor=65fe5ca0 descriptor_scale=(1.00000,1.00000,1.00000) custom_hit_view=(0.08565,0.08814,-0.88611) custom_ray_view=(0.08055,0.13831,-0.82203)->(0.06263,-0.61522,-0.78586)
2026-09-09 18:25:00.366 liquid native stain contact consumed source=confirmed particle=391 emission=1 retry=0 result=0 count=1 outcome=native-model-hit-impact-ray
2026-09-09 18:25:00.368 liquid native stain frozen update=32aed320 group=5bc71c20 wrapper=8053ab20 control=7f32c360 weight=1 mode=property-setter
2026-09-09 18:25:00.368 NATIVE STAIN ANIMATION DIAG generation=4 emission=1 particle=391 sample_ms=0 update=32aed320 descriptor=65fe5ca0 descriptor_checksum=9f941d2e group_index=0 group=5bc71c20 group_checksum=6c2ba17f counts=(nodes:123,controls:123,weights:123,vectors:123) nodes=[117:80D74840:e8f3806e:"",118:80D82FC0:65c24a87:"",119:80D82E40:598fb21c:"",120:80D82720:ea164e8d:"",121:80D831E0:223434f4:"",122:80D836E0:20488fc4:""] controls=[117:805392C0:59ed0131:"",118:805398A0:a9cca507:"",119:805399E0:332337dd:"",120:80539FE0:26fdb8ca:"",121:8053A660:097d9594:"",122:8053AB20:bc470828:""] weights=[113:1,114:1,115:1,116:1,117:1,118:1,119:1,120:1,121:1,122:1] vectors=[117:(1,1,1),118:(1,1,1),119:(1,1,1),120:(1,1,1),121:(1,1,1),122:(1,1,1)]
2026-09-09 18:25:00.387 liquid native stain contact consumed source=confirmed particle=370 emission=1 retry=3 result=0 count=1 outcome=native-model-miss-final
2026-09-09 18:25:00.413 liquid native stain contact consumed source=confirmed particle=399 emission=1 retry=0 result=0 count=1 outcome=native-model-miss-requeued
2026-09-09 18:25:00.433 liquid native stain transform particle=403 frame=001af650 descriptor=65fe5ca0 descriptor_scale=(1.00000,1.00000,1.00000) custom_hit_view=(0.09849,0.07014,-0.87344) custom_ray_view=(0.09292,0.11934,-0.81190)->(0.07055,-0.62284,-0.77916)
2026-09-09 18:25:00.434 liquid native stain contact consumed source=confirmed particle=403 emission=1 retry=0 result=0 count=1 outcome=native-model-hit-impact-ray
2026-09-09 18:25:00.434 liquid native stain frozen update=32aed320 group=5bc71c20 wrapper=804d1ac0 control=7f32d800 weight=1 mode=property-setter
2026-09-09 18:25:00.434 NATIVE STAIN ANIMATION DIAG generation=5 emission=1 particle=403 sample_ms=0 update=32aed320 descriptor=65fe5ca0 descriptor_checksum=f276ee88 group_index=0 group=5bc71c20 group_checksum=6c2ba17f counts=(nodes:126,controls:126,weights:126,vectors:126) nodes=[120:80D82720:3f4820ee:"",121:80D831E0:4d55b297:"",122:80D836E0:ffcab95e:"",123:80D83900:a635dcb8:"",124:80D82CE0:284919ba:"",125:80D824E0:ba4f3ea9:""] controls=[120:80539FE0:26fdb8ca:"",121:8053A660:097d9594:"",122:8053AB20:bc470828:"",123:8053EF40:8668810b:"",124:804D3680:a698317f:"",125:804D1AC0:06c95083:""] weights=[116:1,117:1,118:1,119:1,120:1,121:1,122:1,123:1,124:1,125:1] vectors=[120:(1,1,1),121:(1,1,1),122:(1,1,1),123:(1,1,1),124:(1,1,1),125:(1,1,1)]
2026-09-09 18:25:00.452 liquid native stain contact consumed source=confirmed particle=411 emission=1 retry=0 result=0 count=1 outcome=native-model-miss-requeued
2026-09-09 18:25:00.454 testicular retraction live write person=2 control=46d30240 input=0.250 baseline=0.000 contribution=0.250 output=0.250
2026-09-09 18:25:00.473 liquid native stain contact consumed source=confirmed particle=399 emission=1 retry=1 result=0 count=1 outcome=native-model-miss-requeued
2026-09-09 18:25:00.499 liquid native stain contact consumed source=confirmed particle=411 emission=1 retry=1 result=0 count=1 outcome=native-model-miss-requeued
2026-09-09 18:25:00.511 liquid world emitter sample person=2 emission=1 position=(-0.73520,1.25948,1.65371) direction=(-0.08571,0.99597,-0.02647) source=rebuilt-joint-local-hierarchy
2026-09-09 18:25:00.520 liquid native stain contact consumed source=confirmed particle=399 emission=1 retry=2 result=0 count=1 outcome=native-model-miss-requeued
2026-09-09 18:25:00.546 liquid native stain contact consumed source=confirmed particle=411 emission=1 retry=2 result=0 count=1 outcome=native-model-miss-requeued
2026-09-09 18:25:00.548 NATIVE STAIN ANIMATION DIAG generation=5 emission=1 particle=403 sample_ms=109 update=32aed320 descriptor=65fe5ca0 descriptor_checksum=f7a9515b group_index=0 group=5bc71c20 group_checksum=6c2ba17f counts=(nodes:131,controls:131,weights:131,vectors:131) nodes=[125:80D824E0:19b82ea0:"",126:80D83340:b85884fa:"",127:80D82660:2f3d8382:"",128:80D825A0:a3f3f7d0:"",129:80D82880:11f6e334:"",130:80D82A00:11b4bc55:""] controls=[125:804D1AC0:06c95083:"",126:804D2A00:9be92008:"",127:6645D620:6cba3f0e:"",128:659EB7C0:e67df261:"",129:7F41A8A0:33145f8a:"",130:7F419F40:15c6b587:""] weights=[121:1,122:1,123:1,124:1,125:1,126:1,127:1,128:1,129:1,130:1] vectors=[125:(1,1,1),126:(1,1,1),127:(1,1,1),128:(1,1,1),129:(1,1,1),130:(1,1,1)]
2026-09-09 18:25:00.568 liquid native stain contact consumed source=confirmed particle=399 emission=1 retry=3 result=0 count=1 outcome=native-model-miss-final
2026-09-09 18:25:00.586 liquid native stain contact consumed source=confirmed particle=411 emission=1 retry=3 result=0 count=1 outcome=native-model-miss-final
2026-09-09 18:25:00.607 liquid native stain contact consumed source=confirmed particle=358 emission=1 retry=1 result=0 count=1 outcome=native-model-miss-final
2026-09-09 18:25:00.626 liquid native stain contact consumed source=confirmed particle=361 emission=1 retry=0 result=0 count=1 outcome=native-model-miss-final
2026-09-09 18:25:00.643 liquid native stain contact consumed source=confirmed particle=363 emission=1 retry=0 result=0 count=1 outcome=native-model-miss-final
2026-09-09 18:25:00.645 NATIVE STAIN ANIMATION DIAG generation=5 emission=1 particle=403 sample_ms=219 update=32aed320 descriptor=65fe5ca0 descriptor_checksum=fdce1fa3 group_index=0 group=5bc71c20 group_checksum=6c2ba17f counts=(nodes:136,controls:136,weights:136,vectors:136) nodes=[130:80D82A00:9c6186c9:"",131:80D82B60:001811ee:"",132:80D82C20:86e13e72:"",133:80D83580:1ebc29eb:"",134:80D83620:e67abab2:"",135:80D837A0:7538ff0f:""] controls=[130:7F419F40:15c6b587:"",131:7F41A6C0:51ab5c04:"",132:7F41A540:55877d70:"",133:7F419FE0:60061487:"",134:7F41B260:185e8850:"",135:7F41AAE0:23a45909:""] weights=[126:1,127:1,128:1,129:1,130:1,131:1,132:1,133:1,134:1,135:1] vectors=[130:(1,1,1),131:(1,1,1),132:(1,1,1),133:(1,1,1),134:(1,1,1),135:(1,1,1)]
2026-09-09 18:25:00.665 liquid native stain transform particle=377 frame=001af650 descriptor=65fe5ca0 descriptor_scale=(1.00000,1.00000,1.00000) custom_hit_view=(0.08197,0.08135,-0.87902) custom_ray_view=(0.07685,0.13091,-0.81626)->(0.06378,-0.61849,-0.78320)
2026-09-09 18:25:00.665 liquid native stain contact consumed source=confirmed particle=377 emission=1 retry=0 result=0 count=1 outcome=native-model-hit-impact-ray
2026-09-09 18:25:00.666 liquid native stain frozen update=32aed320 group=5bc71c20 wrapper=7f41a9e0 control=7f350f00 weight=1 mode=property-setter
2026-09-09 18:25:00.667 NATIVE STAIN ANIMATION DIAG generation=6 emission=1 particle=377 sample_ms=0 update=32aed320 descriptor=65fe5ca0 descriptor_checksum=f4398bb2 group_index=0 group=5bc71c20 group_checksum=6c2ba17f counts=(nodes:137,controls:137,weights:137,vectors:137) nodes=[131:80D82B60:aae63f8d:"",132:80D82C20:26954891:"",133:80D83580:8370e9c8:"",134:80D83620:0765f0d1:"",135:80D837A0:f3cb4c70:"",136:80D83860:39d31485:""] controls=[131:7F41A6C0:51ab5c04:"",132:7F41A540:55877d70:"",133:7F419FE0:60061487:"",134:7F41B260:185e8850:"",135:7F41AAE0:23a45909:"",136:7F41A9E0:1c1e96f5:""] weights=[127:1,128:1,129:1,130:1,131:1,132:1,133:1,134:1,135:1,136:1] vectors=[131:(1,1,1),132:(1,1,1),133:(1,1,1),134:(1,1,1),135:(1,1,1),136:(1,1,1)]
2026-09-09 18:25:00.717 liquid native stain contact consumed source=confirmed particle=376 emission=1 retry=0 result=0 count=1 outcome=native-model-miss-final
2026-09-09 18:25:00.718 testicular retraction live write person=2 control=46d30240 input=0.050 baseline=0.000 contribution=0.037 output=0.037
2026-09-09 18:25:00.768 liquid world emitter sample person=2 emission=1 position=(-0.73520,1.25948,1.65371) direction=(-0.08571,0.99597,-0.02647) source=rebuilt-joint-local-hierarchy
2026-09-09 18:25:00.780 NATIVE STAIN ANIMATION DIAG generation=6 emission=1 particle=377 sample_ms=110 update=32aed320 descriptor=65fe5ca0 descriptor_checksum=25c90dee group_index=0 group=5bc71c20 group_checksum=6c2ba17f counts=(nodes:139,controls:138,weights:139,vectors:139) nodes=[133:80D83580:612d198c:"",134:80D83620:05adb6d5:"",135:80D837A0:31bd55b4:"",136:80D83860:0953905e:"",137:80D822C0:2a58933c:"",138:80D84600:92519eda:""] controls=[132:7F41A540:55877d70:"",133:7F419FE0:60061487:"",134:7F41B260:185e8850:"",135:7F41AAE0:23a45909:"",136:7F41A9E0:15af3c90:"",137:7F41AA80:d54c9fdd:""] weights=[129:1,130:1,131:1,132:1,133:1,134:1,135:1,136:1,137:1,138:1] vectors=[133:(1,1,1),134:(1,1,1),135:(1,1,1),136:(1,1,1),137:(1,1,1),138:(1,1,1)]
2026-09-09 18:25:00.880 NATIVE STAIN ANIMATION DIAG generation=6 emission=1 particle=377 sample_ms=219 update=32aed320 descriptor=65fe5ca0 descriptor_checksum=25c90dee group_index=0 group=5bc71c20 group_checksum=6c2ba17f counts=(nodes:139,controls:138,weights:139,vectors:139) nodes=[133:80D83580:221cd047:"",134:80D83620:e06b0c3e:"",135:80D837A0:7f9d371f:"",136:80D83860:2ff16175:"",137:80D822C0:26c47597:"",138:80D84600:0c67e031:""] controls=[132:7F41A540:55877d70:"",133:7F419FE0:60061487:"",134:7F41B260:185e8850:"",135:7F41AAE0:23a45909:"",136:7F41A9E0:15af3c90:"",137:7F41AA80:d54c9fdd:""] weights=[129:1,130:1,131:1,132:1,133:1,134:1,135:1,136:1,137:1,138:1] vectors=[133:(1,1,1),134:(1,1,1),135:(1,1,1),136:(1,1,1),137:(1,1,1),138:(1,1,1)]
2026-09-09 18:25:00.910 ejaculation audio started person=2 emission=1 pulse=6 volume=0.000 path="C:\Users\ErolB\Desktop\Games\TK17\The Klub 17\Extensions\Liquids\Sounds\Ejaculation\Default\cum05.mp3"
2026-09-09 18:25:00.911 testicular retraction control resolved person=2 mode=FindObjC-direct wrapper=46d30240 control=46d30240 weight=0.000
2026-09-09 18:25:00.911 testicular retraction pulse person=2 emission=1 pulse=6 baseline=0.000 start=-0.001 target=0.250
2026-09-09 18:25:00.920 testicular retraction applied person=2 emission=1 pulse=6 baseline=0.000 contribution=-0.001 output=0.000
2026-09-09 18:25:00.959 testicular retraction live write person=2 control=46d30240 input=0.255 baseline=0.000 contribution=0.270 output=0.270
2026-09-09 18:25:00.992 NATIVE STAIN ANIMATION DIAG generation=6 emission=1 particle=377 sample_ms=328 update=32aed320 descriptor=65fe5ca0 descriptor_checksum=25c90dee group_index=0 group=5bc71c20 group_checksum=6c2ba17f counts=(nodes:139,controls:138,weights:139,vectors:139) nodes=[133:80D83580:c1ee0858:"",134:80D83620:57137861:"",135:80D837A0:7ea5edc0:"",136:80D83860:d5158c8a:"",137:80D822C0:be4a6d68:"",138:80D84600:b5c7f64e:""] controls=[132:7F41A540:55877d70:"",133:7F419FE0:60061487:"",134:7F41B260:185e8850:"",135:7F41AAE0:23a45909:"",136:7F41A9E0:15af3c90:"",137:7F41AA80:d54c9fdd:""] weights=[129:1,130:1,131:1,132:1,133:1,134:1,135:1,136:1,137:1,138:1] vectors=[133:(1,1,1),134:(1,1,1),135:(1,1,1),136:(1,1,1),137:(1,1,1),138:(1,1,1)]
2026-09-09 18:25:00.993 NATIVE STAIN FIELD DIAG generation=6 outcome=baseline node=80d84600 control=7f351840
2026-09-09 18:25:00.993 memory snapshot label="native-stain-animation-node-baseline" address=80D84600 words=724ba8d4,724f4190,724ba908,724f4190,56701200,4833cb40,01fff0ad,00000000,00000000,00000000,5a0e1bca,00000000,79435440,724f4230,00000000,0001e07a,3f800000,3f800000,3f800000,3f800000,00000000,00000000,00000000,00000000
2026-09-09 18:25:00.993 memory snapshot label="native-stain-animation-control-baseline" address=7F351840 words=724b9ad4,00000658,724b9adc,724f4190,3f688b9e,00000000,724f4170,00000659,0000065c,0000065d,00000654,00000659,ec466a6d,8d013554,0000065d,7f351878,00000000,00000000,081d53b0,00000000,00000002,72510144,00000001,00000001
2026-09-09 18:25:00.994 liquid deep links event="native-stain-animation-node" object=80d84600 named_or_string_links=0 scan_bytes=96
2026-09-09 18:25:00.994 liquid deep links event="native-stain-animation-control" object=7f351840 named_or_string_links=0 scan_bytes=96
2026-09-09 18:25:01.021 liquid world emitter sample person=2 emission=1 position=(-0.73520,1.25948,1.65371) direction=(-0.08571,0.99597,-0.02647) source=rebuilt-joint-local-hierarchy
2026-09-09 18:25:01.102 NATIVE STAIN ANIMATION DIAG generation=6 emission=1 particle=377 sample_ms=438 update=32aed320 descriptor=65fe5ca0 descriptor_checksum=25c90dee group_index=0 group=5bc71c20 group_checksum=6c2ba17f counts=(nodes:139,controls:138,weights:139,vectors:139) nodes=[133:80D83580:3ecb7153:"",134:80D83620:76c57c4a:"",135:80D837A0:47c297eb:"",136:80D83860:4f2be821:"",137:80D822C0:801a6343:"",138:80D84600:54476a25:""] controls=[132:7F41A540:55877d70:"",133:7F419FE0:60061487:"",134:7F41B260:185e8850:"",135:7F41AAE0:23a45909:"",136:7F41A9E0:15af3c90:"",137:7F41AA80:d54c9fdd:""] weights=[129:1,130:1,131:1,132:1,133:1,134:1,135:1,136:1,137:1,138:1] vectors=[133:(1,1,1),134:(1,1,1),135:(1,1,1),136:(1,1,1),137:(1,1,1),138:(1,1,1)]
2026-09-09 18:25:01.103 NATIVE STAIN FIELD DIAG generation=6 node=80D84600 control=7F351840 changes=N+0x3c:0001e07a>0001e081(1.723625e-040>1.723723e-040),C+0x10:3f688b9e>3f5f2e31(0.9083804>0.8717986) totals=(node:1,control:1)
2026-09-09 18:25:01.209 NATIVE STAIN ANIMATION DIAG generation=6 emission=1 particle=377 sample_ms=547 update=32aed320 descriptor=65fe5ca0 descriptor_checksum=25c90dee group_index=0 group=5bc71c20 group_checksum=6c2ba17f counts=(nodes:139,controls:138,weights:139,vectors:139) nodes=[133:80D83580:94bb3d0a:"",134:80D83620:20d5b093:"",135:80D837A0:fa1afef2:"",136:80D83860:cbe7ecd8:"",137:80D822C0:1af52cfa:"",138:80D84600:f839d05c:""] controls=[132:7F41A540:55877d70:"",133:7F419FE0:60061487:"",134:7F41B260:185e8850:"",135:7F41AAE0:23a45909:"",136:7F41A9E0:15af3c90:"",137:7F41AA80:d54c9fdd:""] weights=[129:1,130:1,131:1,132:1,133:1,134:1,135:1,136:1,137:1,138:1] vectors=[133:(1,1,1),134:(1,1,1),135:(1,1,1),136:(1,1,1),137:(1,1,1),138:(1,1,1)]
2026-09-09 18:25:01.209 NATIVE STAIN FIELD DIAG generation=6 node=80D84600 control=7F351840 changes=N+0x3c:0001e081>0001e088(1.723723e-040>1.723821e-040),C+0x10:3f5f2e31>3f562208(0.8717986>0.8364568) totals=(node:1,control:1)
2026-09-09 18:25:01.210 testicular retraction live write person=2 control=46d30240 input=0.262 baseline=0.000 contribution=0.259 output=0.259
2026-09-09 18:25:01.219 ejaculation audio finished person=2 emission=1 pulse=6 path="C:\Users\ErolB\Desktop\Games\TK17\The Klub 17\Extensions\Liquids\Sounds\Ejaculation\Default\cum05.mp3"
2026-09-09 18:25:01.272 liquid world emitter sample person=2 emission=1 position=(-0.73520,1.25948,1.65371) direction=(-0.08571,0.99597,-0.02647) source=rebuilt-joint-local-hierarchy
2026-09-09 18:25:01.330 NATIVE STAIN ANIMATION DIAG generation=6 emission=1 particle=377 sample_ms=656 update=32aed320 descriptor=65fe5ca0 descriptor_checksum=25c90dee group_index=0 group=5bc71c20 group_checksum=6c2ba17f counts=(nodes:139,controls:138,weights:139,vectors:139) nodes=[133:80D83580:bd57e02d:"",134:80D83620:34a19af4:"",135:80D837A0:57bc1f15:"",136:80D83860:c790c6bf:"",137:80D822C0:5e0ee15d:"",138:80D84600:b554837b:""] controls=[132:7F41A540:55877d70:"",133:7F419FE0:60061487:"",134:7F41B260:185e8850:"",135:7F41AAE0:23a45909:"",136:7F41A9E0:15af3c90:"",137:7F41AA80:d54c9fdd:""] weights=[129:1,130:1,131:1,132:1,133:1,134:1,135:1,136:1,137:1,138:1] vectors=[133:(1,1,1),134:(1,1,1),135:(1,1,1),136:(1,1,1),137:(1,1,1),138:(1,1,1)]
2026-09-09 18:25:01.330 NATIVE STAIN FIELD DIAG generation=6 node=80D84600 control=7F351840 changes=N+0x3c:0001e088>0001e08f(1.723821e-040>1.723919e-040),C+0x10:3f562208>3f4bfd69(0.8364568>0.7968355) totals=(node:1,control:1)
2026-09-09 18:25:01.430 NATIVE STAIN ANIMATION DIAG generation=6 emission=1 particle=377 sample_ms=766 update=32aed320 descriptor=65fe5ca0 descriptor_checksum=25c90dee group_index=0 group=5bc71c20 group_checksum=6c2ba17f counts=(nodes:139,controls:138,weights:139,vectors:139) nodes=[133:80D83580:14882f27:"",134:80D83620:9ac6aa1e:"",135:80D837A0:bb0e623f:"",136:80D83860:72a23f95:"",137:80D822C0:d34dfc37:"",138:80D84600:a5295bd1:""] controls=[132:7F41A540:55877d70:"",133:7F419FE0:60061487:"",134:7F41B260:185e8850:"",135:7F41AAE0:23a45909:"",136:7F41A9E0:15af3c90:"",137:7F41AA80:d54c9fdd:""] weights=[129:1,130:1,131:1,132:1,133:1,134:1,135:1,136:1,137:1,138:1] vectors=[133:(1,1,1),134:(1,1,1),135:(1,1,1),136:(1,1,1),137:(1,1,1),138:(1,1,1)]
2026-09-09 18:25:01.430 NATIVE STAIN FIELD DIAG generation=6 node=80D84600 control=7F351840 changes=N+0x3c:0001e08f>0001e095(1.723919e-040>1.724003e-040),C+0x10:3f4bfd69>3f437896(0.7968355>0.7635587) totals=(node:1,control:1)
2026-09-09 18:25:01.461 testicular retraction live write person=2 control=46d30240 input=0.244 baseline=0.000 contribution=0.245 output=0.245
2026-09-09 18:25:01.516 liquid native stain contact consumed source=confirmed particle=427 emission=1 retry=0 result=0 count=1 outcome=native-model-miss-requeued
2026-09-09 18:25:01.527 liquid world emitter sample person=2 emission=1 position=(-0.73520,1.25948,1.65371) direction=(-0.08571,0.99597,-0.02647) source=rebuilt-joint-local-hierarchy
2026-09-09 18:25:01.554 liquid native stain contact consumed source=confirmed particle=427 emission=1 retry=1 result=0 count=1 outcome=native-model-miss-requeued
2026-09-09 18:25:01.556 NATIVE STAIN ANIMATION DIAG generation=6 emission=1 particle=377 sample_ms=891 update=32aed320 descriptor=65fe5ca0 descriptor_checksum=8fae275a group_index=0 group=5bc71c20 group_checksum=6c2ba17f counts=(nodes:141,controls:140,weights:141,vectors:141) nodes=[135:80D837A0:00b583c6:"",136:80D83860:96b5ec0c:"",137:80D822C0:f06ff06e:"",138:80D84600:40042588:"",139:80D84100:039d7f45:"",140:80D841A0:064af990:""] controls=[134:7F41B260:185e8850:"",135:7F41AAE0:23a45909:"",136:7F41A9E0:15af3c90:"",137:7F41AA80:d54c9fdd:"",138:7F41B520:9037cf4c:"",139:7F41B700:ec28e49c:""] weights=[131:1,132:1,133:1,134:1,135:1,136:1,137:1,138:1,139:1,140:1] vectors=[135:(1,1,1),136:(1,1,1),137:(1,1,1),138:(1,1,1),139:(1,1,1),140:(1,1,1)]
2026-09-09 18:25:01.556 NATIVE STAIN FIELD DIAG generation=6 outcome=baseline node=80d841a0 control=7f352c60
2026-09-09 18:25:01.557 memory snapshot label="native-stain-animation-node-baseline" address=80D841A0 words=724ba8d4,80d85000,724ba908,724f4190,56700cc0,4833cb40,01fff0ad,00000000,00000000,00000000,5a0e1bca,00000000,79433f80,724f4230,00000000,ffffffff,3f800000,3f800000,3f800000,3f800000,00000000,00000000,00000000,00000000
2026-09-09 18:25:01.557 memory snapshot label="native-stain-animation-control-baseline" address=7F352C60 words=724b9ad4,0000073e,724b9adc,724f4190,3f800000,00000000,724f4170,00000740,00000742,00000741,00000742,00000743,ef3a6cf1,8d016321,00000744,7f352c98,00000000,00000000,081d43a0,00000000,00000001,72510104,00000001,00000001
2026-09-09 18:25:01.558 liquid deep links event="native-stain-animation-node" object=80d841a0 named_or_string_links=0 scan_bytes=96
2026-09-09 18:25:01.558 liquid deep links event="native-stain-animation-control" object=7f352c60 named_or_string_links=0 scan_bytes=96
2026-09-09 18:25:01.581 liquid native stain contact consumed source=confirmed particle=429 emission=1 retry=0 result=0 count=1 outcome=native-model-miss-requeued
2026-09-09 18:25:01.602 liquid native stain contact consumed source=confirmed particle=427 emission=1 retry=2 result=0 count=1 outcome=native-model-miss-requeued
2026-09-09 18:25:01.630 liquid native stain contact consumed source=confirmed particle=429 emission=1 retry=1 result=0 count=1 outcome=native-model-miss-requeued
2026-09-09 18:25:01.650 liquid native stain contact consumed source=confirmed particle=427 emission=1 retry=3 result=0 count=1 outcome=native-model-miss-final
2026-09-09 18:25:01.673 liquid native stain contact consumed source=confirmed particle=436 emission=1 retry=0 result=0 count=1 outcome=native-model-miss-requeued
2026-09-09 18:25:01.674 NATIVE STAIN ANIMATION DIAG generation=6 emission=1 particle=377 sample_ms=1000 update=32aed320 descriptor=65fe5ca0 descriptor_checksum=8a478f62 group_index=0 group=5bc71c20 group_checksum=6c2ba17f counts=(nodes:146,controls:145,weights:146,vectors:146) nodes=[140:80D841A0:44a9ea1c:"",141:80D83E20:ead94745:"",142:80D846C0:69c6f5f2:"",143:80D84040:c9c3807e:"",144:80D843E0:f806c587:"",145:80D84820:4b5fd139:""] controls=[139:7F41B700:041ba7c6:"",140:7F41BB20:2fa43474:"",141:7F41BD00:91a23b56:"",142:7F41BDA0:d96fa6fe:"",143:7F41C0C0:5319d846:"",144:7F41C2E0:05e0ac22:""] weights=[136:1,137:1,138:1,139:1,140:1,141:1,142:1,143:1,144:1,145:1] vectors=[140:(1,1,1),141:(1,1,1),142:(1,1,1),143:(1,1,1),144:(1,1,1),145:(1,1,1)]
2026-09-09 18:25:01.674 NATIVE STAIN FIELD DIAG generation=6 outcome=baseline node=80d84820 control=7f3559e0
2026-09-09 18:25:01.675 memory snapshot label="native-stain-animation-node-baseline" address=80D84820 words=724ba8d4,724f4170,724ba908,724f4190,567062c0,4833cb40,01fff0ad,00000000,00000000,00000000,5a0e1bca,00000000,794334c0,724f4230,00000000,ffffffff,3f800000,3f800000,3f800000,3f800000,00000000,00000000,00000000,00000000
2026-09-09 18:25:01.675 memory snapshot label="native-stain-animation-control-baseline" address=7F3559E0 words=724b9ad4,724f42f8,724b9adc,724f4190,3f800000,00000000,724f4170,47e4a8c0,000008f7,000008f8,000008f4,000008f3,e58a6221,8d01cbf4,000008f8,7f355a18,00000000,00000000,081d43a0,00000000,00000001,72510104,00000001,00000001
2026-09-09 18:25:01.676 liquid deep links event="native-stain-animation-node" object=80d84820 named_or_string_links=0 scan_bytes=96
2026-09-09 18:25:01.676 liquid deep links event="native-stain-animation-control" object=7f3559e0 named_or_string_links=0 scan_bytes=96
2026-09-09 18:25:01.729 liquid native stain contact consumed source=confirmed particle=436 emission=1 retry=1 result=0 count=1 outcome=native-model-miss-requeued
2026-09-09 18:25:01.731 testicular retraction live write person=2 control=46d30240 input=0.250 baseline=0.000 contribution=0.250 output=0.250
2026-09-09 18:25:01.752 liquid native stain contact consumed source=confirmed particle=429 emission=1 retry=2 result=0 count=1 outcome=native-model-miss-final
2026-09-09 18:25:01.773 liquid native stain contact consumed source=confirmed particle=436 emission=1 retry=2 result=0 count=1 outcome=native-model-miss-requeued
2026-09-09 18:25:01.775 NATIVE STAIN ANIMATION DIAG generation=6 emission=1 particle=377 sample_ms=1110 update=32aed320 descriptor=65fe5ca0 descriptor_checksum=014f378e group_index=0 group=5bc71c20 group_checksum=6c2ba17f counts=(nodes:149,controls:148,weights:149,vectors:149) nodes=[143:80D84040:bd8153bb:"",144:80D843E0:fcaccfc2:"",145:80D84820:332a17b0:"",146:80D84D20:8144f03b:"",147:80D84260:1a7a0541:"",148:80D83A80:0c3a20c0:""] controls=[142:7F41BDA0:d96fa6fe:"",143:7F41C0C0:5319d846:"",144:7F41C2E0:18d4be80:"",145:7F41BEE0:c2448638:"",146:7F41C8E0:00993d6b:"",147:7F41CC40:153a3173:""] weights=[139:1,140:1,141:1,142:1,143:1,144:1,145:1,146:1,147:1,148:1] vectors=[143:(1,1,1),144:(1,1,1),145:(1,1,1),146:(1,1,1),147:(1,1,1),148:(1,1,1)]
2026-09-09 18:25:01.775 NATIVE STAIN FIELD DIAG generation=6 outcome=baseline node=80d83a80 control=7f357720
2026-09-09 18:25:01.775 memory snapshot label="native-stain-animation-node-baseline" address=80D83A80 words=724ba8d4,00340034,724ba908,724f4190,56708520,4833cb40,01fff0ad,00000000,00000000,00000000,5a0e1bca,00000000,794342e0,724f4230,00000000,ffffffff,3f800000,3f800000,3f800000,3f800000,00000000,00000000,00000000,00000000
2026-09-09 18:25:01.776 memory snapshot label="native-stain-animation-control-baseline" address=7F357720 words=724b9ad4,724f42f8,724b9adc,724f4190,3f800000,00000000,724f4170,47e4a8c0,00000a9a,00000a8a,00000a99,00000a98,00000a9b,00000a99,00000a9b,00000a9a,e060678f,8d020e9b,00000a9c,00000a9a,00000a9c,00000a9d,00000a8a,7f357768
2026-09-09 18:25:01.777 liquid deep links event="native-stain-animation-node" object=80d83a80 named_or_string_links=0 scan_bytes=96
2026-09-09 18:25:01.777 liquid deep links event="native-stain-animation-control" object=7f357720 named_or_string_links=0 scan_bytes=96
2026-09-09 18:25:01.786 liquid world emitter sample person=2 emission=1 position=(-0.73520,1.25948,1.65371) direction=(-0.08571,0.99597,-0.02647) source=rebuilt-joint-local-hierarchy
2026-09-09 18:25:01.801 liquid native stain contact consumed source=confirmed particle=448 emission=1 retry=0 result=0 count=1 outcome=native-model-miss-requeued
2026-09-09 18:25:01.825 liquid native stain contact consumed source=confirmed particle=436 emission=1 retry=3 result=0 count=1 outcome=native-model-miss-final
2026-09-09 18:25:01.848 liquid native stain transform particle=458 frame=001af650 descriptor=65fe5ca0 descriptor_scale=(1.00000,1.00000,1.00000) custom_hit_view=(0.08567,0.06321,-0.86616) custom_ray_view=(0.08005,0.11350,-0.80391)->(0.07004,-0.62687,-0.77597)
2026-09-09 18:25:01.848 liquid native stain contact consumed source=confirmed particle=458 emission=1 retry=0 result=0 count=1 outcome=native-model-hit-impact-ray
2026-09-09 18:25:01.849 liquid native stain frozen update=32aed320 group=5bc71c20 wrapper=7f41d060 control=7f359160 weight=1 mode=property-setter
2026-09-09 18:25:01.850 NATIVE STAIN ANIMATION DIAG generation=7 emission=1 particle=458 sample_ms=0 update=32aed320 descriptor=65fe5ca0 descriptor_checksum=c0c605ac group_index=0 group=5bc71c20 group_checksum=6c2ba17f counts=(nodes:152,controls:151,weights:152,vectors:152) nodes=[146:80D84D20:c5a59ad8:"",147:80D84260:434241a2:"",148:80D83A80:0e40f36a:"",149:80D84B00:59485dfd:"",150:80D83CA0:f82d417f:"",151:80D848E0:5857f2e9:""] controls=[145:7F41BEE0:c2448638:"",146:7F41C8E0:b7133202:"",147:7F41CC40:153a3173:"",148:7F41CE20:ee686589:"",149:7F41CEC0:9686a163:"",150:7F41D060:27d18800:""] weights=[142:1,143:1,144:1,145:1,146:1,147:1,148:1,149:1,150:1,151:1] vectors=[146:(1,1,1),147:(1,1,1),148:(1,1,1),149:(1,1,1),150:(1,1,1),151:(1,1,1)]
2026-09-09 18:25:01.871 liquid native stain contact consumed source=confirmed particle=448 emission=1 retry=1 result=0 count=1 outcome=native-model-miss-requeued
2026-09-09 18:25:01.896 liquid native stain transform particle=465 frame=001af650 descriptor=65fe5ca0 descriptor_scale=(1.00000,1.00000,1.00000) custom_hit_view=(0.09352,0.08735,-0.88692) custom_ray_view=(0.08750,0.13701,-0.82334)->(0.07442,-0.61377,-0.78597)
2026-09-09 18:25:01.896 liquid native stain contact consumed source=confirmed particle=465 emission=1 retry=0 result=0 count=1 outcome=native-model-hit-impact-ray
2026-09-09 18:25:01.897 liquid native stain frozen update=32aed320 group=5bc71c20 wrapper=7f41d140 control=7f35a660 weight=1 mode=property-setter
2026-09-09 18:25:01.898 NATIVE STAIN ANIMATION DIAG generation=8 emission=1 particle=465 sample_ms=0 update=32aed320 descriptor=65fe5ca0 descriptor_checksum=3cb4fc69 group_index=0 group=5bc71c20 group_checksum=6c2ba17f counts=(nodes:154,controls:153,weights:154,vectors:154) nodes=[148:80D83A80:21083114:"",149:80D84B00:ead90ee3:"",150:80D83CA0:32f682e1:"",151:80D848E0:4b6db7dd:"",152:80D84480:24ff19e3:"",153:80D83D60:5564746c:""] controls=[147:7F41CC40:153a3173:"",148:7F41CE20:ee686589:"",149:7F41CEC0:9686a163:"",150:7F41D060:27d18800:"",151:7F41D7E0:53b928bc:"",152:7F41D140:6b347a9e:""] weights=[144:1,145:1,146:1,147:1,148:1,149:1,150:1,151:1,152:1,153:1] vectors=[148:(1,1,1),149:(1,1,1),150:(1,1,1),151:(1,1,1),152:(1,1,1),153:(1,1,1)]
2026-09-09 18:25:01.919 liquid native stain contact consumed source=confirmed particle=448 emission=1 retry=2 result=0 count=1 outcome=native-model-miss-requeued
2026-09-09 18:25:01.940 liquid native stain contact consumed source=confirmed particle=473 emission=1 retry=0 result=0 count=1 outcome=native-model-miss-requeued
2026-09-09 18:25:01.961 liquid native stain contact consumed source=confirmed particle=448 emission=1 retry=3 result=0 count=1 outcome=native-model-miss-final
2026-09-09 18:25:01.981 liquid native stain contact consumed source=confirmed particle=479 emission=1 retry=0 result=0 count=1 outcome=native-model-miss-requeued
2026-09-09 18:25:01.982 testicular retraction live write person=2 control=46d30240 input=0.250 baseline=0.000 contribution=0.250 output=0.250
2026-09-09 18:25:02.000 liquid native stain contact consumed source=confirmed particle=473 emission=1 retry=1 result=0 count=1 outcome=native-model-miss-requeued
2026-09-09 18:25:02.020 liquid native stain contact consumed source=confirmed particle=431 emission=1 retry=0 result=0 count=1 outcome=native-model-miss-final
2026-09-09 18:25:02.021 NATIVE STAIN ANIMATION DIAG generation=8 emission=1 particle=465 sample_ms=125 update=32aed320 descriptor=65fe5ca0 descriptor_checksum=d9cffb71 group_index=0 group=5bc71c20 group_checksum=6c2ba17f counts=(nodes:160,controls:159,weights:160,vectors:160) nodes=[154:80D84760:4c943c68:"",155:80D860A0:16122e14:"",156:80D86140:4309bf38:"",157:80D862C0:1d50dae4:"",158:80D864E0:2f9fadcd:"",159:80D865A0:1906e26a:""] controls=[153:7F41D1E0:da483a12:"",154:7F41D960:d7969872:"",155:7F41DBE0:b181e689:"",156:7F41E040:26f55c15:"",157:7F41DC40:24f60a07:"",158:7F41E0A0:2d7fd305:""] weights=[150:1,151:1,152:1,153:1,154:1,155:1,156:1,157:1,158:1,159:1] vectors=[154:(1,1,1),155:(1,1,1),156:(1,1,1),157:(1,1,1),158:(1,1,1),159:(1,1,1)]
2026-09-09 18:25:02.042 liquid native stain contact consumed source=confirmed particle=479 emission=1 retry=1 result=0 count=1 outcome=native-model-miss-requeued
2026-09-09 18:25:02.055 liquid world emitter sample person=2 emission=1 position=(-0.73520,1.25948,1.65371) direction=(-0.08571,0.99597,-0.02647) source=rebuilt-joint-local-hierarchy
2026-09-09 18:25:02.066 liquid native stain contact consumed source=confirmed particle=473 emission=1 retry=2 result=0 count=1 outcome=native-model-miss-requeued
2026-09-09 18:25:02.084 liquid native stain contact consumed source=confirmed particle=479 emission=1 retry=2 result=0 count=1 outcome=native-model-miss-requeued
2026-09-09 18:25:02.104 liquid native stain contact consumed source=confirmed particle=473 emission=1 retry=3 result=0 count=1 outcome=native-model-miss-final
2026-09-09 18:25:02.125 liquid native stain contact consumed source=confirmed particle=433 emission=1 retry=0 result=0 count=1 outcome=native-model-miss-final
2026-09-09 18:25:02.145 liquid native stain contact consumed source=confirmed particle=479 emission=1 retry=3 result=0 count=1 outcome=native-model-miss-final
2026-09-09 18:25:02.147 NATIVE STAIN ANIMATION DIAG generation=8 emission=1 particle=465 sample_ms=250 update=32aed320 descriptor=65fe5ca0 descriptor_checksum=ebf83a79 group_index=0 group=5bc71c20 group_checksum=a6ef4903 counts=(nodes:166,controls:165,weights:166,vectors:166) nodes=[160:80D874C0:f6dc8325:"",161:80D867C0:7bd5aaa2:"",162:80D87560:315b1913:"",163:80D86B60:b9e8ed1d:"",164:80D87BE0:5fa69da9:"",165:80D879C0:4556083c:""] controls=[159:7F41DE60:7241ca0f:"",160:7F41EF00:dae13714:"",161:7F41EB80:28fcf014:"",162:7F41E540:00be8836:"",163:7F41E640:2498386d:"",164:7F41F3A0:921fe11b:""] weights=[156:1,157:1,158:1,159:1,160:1,161:1,162:1,163:1,164:1,165:1] vectors=[160:(1,1,1),161:(1,1,1),162:(1,1,1),163:(1,1,1),164:(1,1,1),165:(1,1,1)]
2026-09-09 18:25:02.169 liquid native stain contact consumed source=confirmed particle=441 emission=1 retry=0 result=0 count=1 outcome=native-model-miss-final
2026-09-09 18:25:02.222 testicular retraction live write person=2 control=46d30240 input=0.026 baseline=0.000 contribution=0.026 output=0.026
2026-09-09 18:25:02.257 NATIVE STAIN ANIMATION DIAG generation=8 emission=1 particle=465 sample_ms=359 update=32aed320 descriptor=65fe5ca0 descriptor_checksum=d27388f0 group_index=0 group=5bc71c20 group_checksum=a6ef4903 counts=(nodes:167,controls:166,weights:167,vectors:167) nodes=[161:80D867C0:9d3261bc:"",162:80D87560:a37c3fed:"",163:80D86B60:729adb03:"",164:80D87BE0:b77ebf97:"",165:80D879C0:84d08582:"",166:80D86AA0:d843ea53:""] controls=[160:7F41EF00:221c0596:"",161:7F41EB80:28fcf014:"",162:7F41E540:00be8836:"",163:7F41E640:2498386d:"",164:7F41F3A0:4654dd61:"",165:7F41F860:817711fe:""] weights=[157:1,158:1,159:1,160:1,161:1,162:1,163:1,164:1,165:1,166:1] vectors=[161:(1,1,1),162:(1,1,1),163:(1,1,1),164:(1,1,1),165:(1,1,1),166:(1,1,1)]
2026-09-09 18:25:02.258 NATIVE STAIN FIELD DIAG generation=8 outcome=baseline node=80d86aa0 control=7f3620e0
2026-09-09 18:25:02.258 memory snapshot label="native-stain-animation-node-baseline" address=80D86AA0 words=724ba8d4,724f42f8,724ba908,724f4190,7f44afa0,4833cb40,01fff0ad,00000000,00000000,00000000,5a0e1bca,00000000,79434760,724f4230,00000000,0001e0bb,3f800000,3f800000,3f800000,3f800000,00000000,00000000,00000000,00000000
2026-09-09 18:25:02.258 memory snapshot label="native-stain-animation-control-baseline" address=7F3620E0 words=724b9ad4,7f3626a0,724b9adc,724f4190,3f785310,00000000,724f4170,724f42f8,000001b4,000001a1,000001b3,000001b5,000001b6,000001b3,000001b6,000001b4,cea80d47,8d0392b6,0000019e,000001b4,0000019e,000001a1,000001a7,7f362128
2026-09-09 18:25:02.260 liquid deep links event="native-stain-animation-node" object=80d86aa0 named_or_string_links=0 scan_bytes=96
2026-09-09 18:25:02.260 liquid deep string event="native-stain-animation-control" object=7f3620e0 offset=0x010 pointer=3f785310 text=":"
2026-09-09 18:25:02.311 liquid world emitter sample person=2 emission=1 position=(-0.73520,1.25948,1.65371) direction=(-0.08571,0.99597,-0.02647) source=rebuilt-joint-local-hierarchy
2026-09-09 18:25:02.366 NATIVE STAIN ANIMATION DIAG generation=8 emission=1 particle=465 sample_ms=468 update=32aed320 descriptor=65fe5ca0 descriptor_checksum=d27388f0 group_index=0 group=5bc71c20 group_checksum=a6ef4903 counts=(nodes:167,controls:166,weights:167,vectors:167) nodes=[161:80D867C0:e63b9cd5:"",162:80D87560:02d19ba4:"",163:80D86B60:739f550a:"",164:80D87BE0:2abc23be:"",165:80D879C0:5a2a4c4b:"",166:80D86AA0:02d757ba:""] controls=[160:7F41EF00:dae13714:"",161:7F41EB80:28fcf014:"",162:7F41E540:00be8836:"",163:7F41E640:2498386d:"",164:7F41F3A0:4654dd61:"",165:7F41F860:2a836678:""] weights=[157:1,158:1,159:1,160:1,161:1,162:1,163:1,164:1,165:1,166:1] vectors=[161:(1,1,1),162:(1,1,1),163:(1,1,1),164:(1,1,1),165:(1,1,1),166:(1,1,1)]
2026-09-09 18:25:02.366 NATIVE STAIN FIELD DIAG generation=8 node=80D86AA0 control=7F3620E0 changes=N+0x3c:0001e0bb>0001e0c2(1.724536e-040>1.724634e-040),C+0x10:3f785310>3f6f2bbc(0.9700174>0.9342611) totals=(node:1,control:1)
2026-09-09 18:25:02.415 ejaculation audio started person=2 emission=1 pulse=7 volume=0.000 path="C:\Users\ErolB\Desktop\Games\TK17\The Klub 17\Extensions\Liquids\Sounds\Ejaculation\Default\cum07.mp3"
2026-09-09 18:25:02.415 testicular retraction control resolved person=2 mode=FindObjC-direct wrapper=46d30240 control=46d30240 weight=0.000
2026-09-09 18:25:02.416 testicular retraction pulse person=2 emission=1 pulse=7 baseline=0.000 start=-0.001 target=0.250
2026-09-09 18:25:02.424 testicular retraction applied person=2 emission=1 pulse=7 baseline=0.000 contribution=-0.001 output=0.000
2026-09-09 18:25:02.481 NATIVE STAIN ANIMATION DIAG generation=8 emission=1 particle=465 sample_ms=578 update=32aed320 descriptor=65fe5ca0 descriptor_checksum=d27388f0 group_index=0 group=5bc71c20 group_checksum=a6ef4903 counts=(nodes:167,controls:166,weights:167,vectors:167) nodes=[161:80D867C0:50f5dbd0:"",162:80D87560:ffc77561:"",163:80D86B60:1bb8640f:"",164:80D87BE0:620299fb:"",165:80D879C0:5a57a48e:"",166:80D86AA0:2617aebf:""] controls=[160:7F41EF00:6a797c34:"",161:7F41EB80:28fcf014:"",162:7F41E540:00be8836:"",163:7F41E640:2498386d:"",164:7F41F3A0:4654dd61:"",165:7F41F860:81b60776:""] weights=[157:1,158:1,159:1,160:1,161:1,162:1,163:1,164:1,165:1,166:1] vectors=[161:(1,1,1),162:(1,1,1),163:(1,1,1),164:(1,1,1),165:(1,1,1),166:(1,1,1)]
2026-09-09 18:25:02.482 NATIVE STAIN FIELD DIAG generation=8 node=80D86AA0 control=7F3620E0 changes=N+0x3c:0001e0c2>0001e0c7(1.724634e-040>1.724704e-040),C+0x10:3f6f2bbc>3f65553b(0.9342611>0.8958318) totals=(node:1,control:1)
2026-09-09 18:25:02.482 testicular retraction live write person=2 control=46d30240 input=0.270 baseline=0.000 contribution=0.286 output=0.286
2026-09-09 18:25:02.557 liquid world emitter sample person=2 emission=1 position=(-0.73520,1.25948,1.65371) direction=(-0.08571,0.99597,-0.02647) source=rebuilt-joint-local-hierarchy
2026-09-09 18:25:02.596 NATIVE STAIN ANIMATION DIAG generation=8 emission=1 particle=465 sample_ms=687 update=32aed320 descriptor=65fe5ca0 descriptor_checksum=d27388f0 group_index=0 group=5bc71c20 group_checksum=a6ef4903 counts=(nodes:167,controls:166,weights:167,vectors:167) nodes=[161:80D867C0:1bb68249:"",162:80D87560:d84c5f18:"",163:80D86B60:6ed09616:"",164:80D87BE0:312dbec2:"",165:80D879C0:84af88d7:"",166:80D86AA0:2d5c9446:""] controls=[160:7F41EF00:6a797c34:"",161:7F41EB80:28fcf014:"",162:7F41E540:00be8836:"",163:7F41E640:2498386d:"",164:7F41F3A0:4654dd61:"",165:7F41F860:81b60776:""] weights=[157:1,158:1,159:1,160:1,161:1,162:1,163:1,164:1,165:1,166:1] vectors=[161:(1,1,1),162:(1,1,1),163:(1,1,1),164:(1,1,1),165:(1,1,1),166:(1,1,1)]
2026-09-09 18:25:02.597 NATIVE STAIN FIELD DIAG generation=8 node=80D86AA0 control=7F3620E0 changes=N+0x3c:0001e0c7>0001e0ce(1.724704e-040>1.724802e-040),C+0x10:3f65553b>3f5ba29e(0.8958318>0.8579501) totals=(node:1,control:1)
2026-09-09 18:25:02.710 NATIVE STAIN ANIMATION DIAG generation=8 emission=1 particle=465 sample_ms=812 update=32aed320 descriptor=65fe5ca0 descriptor_checksum=d27388f0 group_index=0 group=5bc71c20 group_checksum=a6ef4903 counts=(nodes:167,controls:166,weights:167,vectors:167) nodes=[161:80D867C0:3aab84a4:"",162:80D87560:ae61b3d5:"",163:80D86B60:463da09b:"",164:80D87BE0:24aa0f6f:"",165:80D879C0:e476271a:"",166:80D86AA0:86624e6b:""] controls=[160:7F41EF00:6a797c34:"",161:7F41EB80:28fcf014:"",162:7F41E540:00be8836:"",163:7F41E640:2498386d:"",164:7F41F3A0:4654dd61:"",165:7F41F860:81b60776:""] weights=[157:1,158:1,159:1,160:1,161:1,162:1,163:1,164:1,165:1,166:1] vectors=[161:(1,1,1),162:(1,1,1),163:(1,1,1),164:(1,1,1),165:(1,1,1),166:(1,1,1)]
2026-09-09 18:25:02.711 NATIVE STAIN FIELD DIAG generation=8 node=80D86AA0 control=7F3620E0 changes=N+0x3c:0001e0ce>0001e0d3(1.724802e-040>1.724872e-040),C+0x10:3f5ba29e>3f520576(0.8579501>0.8203958) totals=(node:1,control:1)
2026-09-09 18:25:02.720 ejaculation audio finished person=2 emission=1 pulse=7 path="C:\Users\ErolB\Desktop\Games\TK17\The Klub 17\Extensions\Liquids\Sounds\Ejaculation\Default\cum07.mp3"
2026-09-09 18:25:02.734 testicular retraction live write person=2 control=46d30240 input=0.265 baseline=0.000 contribution=0.256 output=0.256
2026-09-09 18:25:02.811 liquid world emitter sample person=2 emission=1 position=(-0.73520,1.25948,1.65371) direction=(-0.08571,0.99597,-0.02647) source=rebuilt-joint-local-hierarchy
2026-09-09 18:25:02.821 NATIVE STAIN ANIMATION DIAG generation=8 emission=1 particle=465 sample_ms=921 update=32aed320 descriptor=65fe5ca0 descriptor_checksum=d27388f0 group_index=0 group=5bc71c20 group_checksum=a6ef4903 counts=(nodes:167,controls:166,weights:167,vectors:167) nodes=[161:80D867C0:c0f8f23e:"",162:80D87560:1c904aef:"",163:80D86B60:3293cf81:"",164:80D87BE0:7c88ce55:"",165:80D879C0:beaf2f40:"",166:80D86AA0:49f81191:""] controls=[160:7F41EF00:fc8afe5d:"",161:7F41EB80:28fcf014:"",162:7F41E540:00be8836:"",163:7F41E640:2498386d:"",164:7F41F3A0:4654dd61:"",165:7F41F860:c0a86fbe:""] weights=[157:1,158:1,159:1,160:1,161:1,162:1,163:1,164:1,165:1,166:1] vectors=[161:(1,1,1),162:(1,1,1),163:(1,1,1),164:(1,1,1),165:(1,1,1),166:(1,1,1)]
2026-09-09 18:25:02.821 NATIVE STAIN FIELD DIAG generation=8 node=80D86AA0 control=7F3620E0 changes=N+0x3c:0001e0d3>0001e0d9(1.724872e-040>1.724956e-040),C+0x10:3f520576>3f48a8d8(0.8203958>0.7838264) totals=(node:1,control:1)
2026-09-09 18:25:02.929 NATIVE STAIN ANIMATION DIAG generation=8 emission=1 particle=465 sample_ms=1031 update=32aed320 descriptor=65fe5ca0 descriptor_checksum=d27388f0 group_index=0 group=5bc71c20 group_checksum=a6ef4903 counts=(nodes:167,controls:166,weights:167,vectors:167) nodes=[161:80D867C0:2eb3b657:"",162:80D87560:eb79ed26:"",163:80D86B60:76b94988:"",164:80D87BE0:d10f827c:"",165:80D879C0:609cf0c9:"",166:80D86AA0:46c8da78:""] controls=[160:7F41EF00:09c01e6d:"",161:7F41EB80:28fcf014:"",162:7F41E540:00be8836:"",163:7F41E640:2498386d:"",164:7F41F3A0:4654dd61:"",165:7F41F860:2a836678:""] weights=[157:1,158:1,159:1,160:1,161:1,162:1,163:1,164:1,165:1,166:1] vectors=[161:(1,1,1),162:(1,1,1),163:(1,1,1),164:(1,1,1),165:(1,1,1),166:(1,1,1)]
2026-09-09 18:25:02.930 NATIVE STAIN FIELD DIAG generation=8 node=80D86AA0 control=7F3620E0 changes=N+0x3c:0001e0d9>0001e0e0(1.724956e-040>1.725054e-040),C+0x10:3f48a8d8>3f3f778e(0.7838264>0.747918) totals=(node:1,control:1)
2026-09-09 18:25:02.980 testicular retraction live write person=2 control=46d30240 input=0.245 baseline=0.000 contribution=0.247 output=0.247
2026-09-09 18:25:03.013 liquid native stain contact consumed source=confirmed particle=488 emission=1 retry=0 result=0 count=1 outcome=native-model-miss-requeued
2026-09-09 18:25:03.053 liquid native stain contact consumed source=confirmed particle=489 emission=1 retry=0 result=0 count=1 outcome=native-model-miss-requeued
2026-09-09 18:25:03.054 NATIVE STAIN ANIMATION DIAG generation=8 emission=1 particle=465 sample_ms=1156 update=32aed320 descriptor=65fe5ca0 descriptor_checksum=bdef67b3 group_index=0 group=5bc71c20 group_checksum=a6ef4903 counts=(nodes:169,controls:168,weights:169,vectors:169) nodes=[163:80D86B60:4854dcef:"",164:80D87BE0:61cfb71b:"",165:80D879C0:c2e00bee:"",166:80D86AA0:e2ad83df:"",167:80D87900:af90b6f7:"",168:80D869E0:a11e7fe2:""] controls=[162:7F41E540:00be8836:"",163:7F41E640:2498386d:"",164:7F41F3A0:4654dd61:"",165:7F41F860:dd98e55d:"",166:7F41F5E0:226b0412:"",167:7F41F8A0:64f95ca1:""] weights=[159:1,160:1,161:1,162:1,163:1,164:1,165:1,166:1,167:1,168:1] vectors=[163:(1,1,1),164:(1,1,1),165:(1,1,1),166:(1,1,1),167:(1,1,1),168:(1,1,1)]
2026-09-09 18:25:03.054 NATIVE STAIN FIELD DIAG generation=8 outcome=baseline node=80d869e0 control=7f363a40
2026-09-09 18:25:03.054 memory snapshot label="native-stain-animation-node-baseline" address=80D869E0 words=724ba8d4,7f362ee0,724ba908,724f4190,7f448f00,4833cb40,01fff0ad,00000000,00000000,00000000,5a0e1bca,00000000,794338c0,724f4230,00000000,ffffffff,3f800000,3f800000,3f800000,3f800000,00000000,00000000,00000000,00000000
2026-09-09 18:25:03.055 memory snapshot label="native-stain-animation-control-baseline" address=7F363A40 words=724b9ad4,6645dc00,724b9adc,724f4190,3f800000,00000000,724f4170,6645dc00,000002de,000002fa,000002de,000002dd,000002fb,000002fc,000002fd,000002fb,c9840e33,8d03ccfe,000002fc,000002f7,000002fa,000002fc,000002fa,7f363a88
2026-09-09 18:25:03.056 liquid deep links event="native-stain-animation-node" object=80d869e0 named_or_string_links=0 scan_bytes=96
2026-09-09 18:25:03.056 liquid deep links event="native-stain-animation-control" object=7f363a40 named_or_string_links=0 scan_bytes=96
2026-09-09 18:25:03.068 liquid world emitter sample person=2 emission=1 position=(-0.73520,1.25948,1.65371) direction=(-0.08571,0.99597,-0.02647) source=rebuilt-joint-local-hierarchy
2026-09-09 18:25:03.079 liquid native stain contact consumed source=confirmed particle=488 emission=1 retry=1 result=0 count=1 outcome=native-model-miss-requeued
2026-09-09 18:25:03.102 liquid native stain contact consumed source=confirmed particle=489 emission=1 retry=1 result=0 count=1 outcome=native-model-miss-requeued
2026-09-09 18:25:03.124 liquid native stain contact consumed source=confirmed particle=488 emission=1 retry=2 result=0 count=1 outcome=native-model-miss-requeued
2026-09-09 18:25:03.147 liquid native stain contact consumed source=confirmed particle=489 emission=1 retry=2 result=0 count=1 outcome=native-model-miss-requeued
2026-09-09 18:25:03.168 liquid native stain contact consumed source=confirmed particle=488 emission=1 retry=3 result=0 count=1 outcome=native-model-miss-final
2026-09-09 18:25:03.170 NATIVE STAIN ANIMATION DIAG generation=8 emission=1 particle=465 sample_ms=1265 update=32aed320 descriptor=65fe5ca0 descriptor_checksum=f0348d58 group_index=0 group=5bc71c20 group_checksum=a6ef4903 counts=(nodes:174,controls:173,weights:174,vectors:174) nodes=[168:80D869E0:ee589b73:"",169:80D86C20:e7db802a:"",170:80D86F00:3e91a343:"",171:80D86880:db97c583:"",172:80D87A80:55e29dd7:"",173:80D871E0:20ed42c3:""] controls=[167:7F41F8A0:64f95ca1:"",168:7F41F2C0:3d70d0e6:"",169:7F41FF80:ae19de7d:"",170:7F41FA40:2147f071:"",171:7F420260:d56977a8:"",172:7F41F9A0:f0f2ea7d:""] weights=[164:1,165:1,166:1,167:1,168:1,169:1,170:1,171:1,172:1,173:1] vectors=[168:(1,1,1),169:(1,1,1),170:(1,1,1),171:(1,1,1),172:(1,1,1),173:(1,1,1)]
2026-09-09 18:25:03.170 NATIVE STAIN FIELD DIAG generation=8 outcome=baseline node=80d871e0 control=7f366060
2026-09-09 18:25:03.170 memory snapshot label="native-stain-animation-node-baseline" address=80D871E0 words=724ba8d4,724f42f8,724ba908,724f4190,7f44bbc0,4833cb40,01fff0ad,00000000,00000000,00000000,5a0e1bca,00000000,79434d80,724f4230,00000000,ffffffff,3f800000,3f800000,3f800000,3f800000,00000000,00000000,00000000,00000000
2026-09-09 18:25:03.170 memory snapshot label="native-stain-animation-control-baseline" address=7F366060 words=724b9ad4,3e27a000,724b9adc,724f4190,3f800000,00000000,724f4170,3e0d8000,00000495,00000496,00000435,00000495,c6ba0571,8d042333,00000494,7f366098,00000000,00000000,081d63c0,00000000,00000001,725100c4,00000001,00000001
2026-09-09 18:25:03.171 liquid deep links event="native-stain-animation-node" object=80d871e0 named_or_string_links=0 scan_bytes=96
2026-09-09 18:25:03.172 liquid deep links event="native-stain-animation-control" object=7f366060 named_or_string_links=0 scan_bytes=96
2026-09-09 18:25:03.196 liquid native stain contact consumed source=confirmed particle=489 emission=1 retry=3 result=0 count=1 outcome=native-model-miss-final
2026-09-09 18:25:03.218 liquid native stain transform particle=502 frame=001af650 descriptor=65fe5ca0 descriptor_scale=(1.00000,1.00000,1.00000) custom_hit_view=(0.08142,0.08737,-0.88449) custom_ray_view=(0.07556,0.13655,-0.82152)->(0.07321,-0.61382,-0.78604)
2026-09-09 18:25:03.218 liquid native stain contact consumed source=confirmed particle=502 emission=1 retry=0 result=0 count=1 outcome=native-model-hit-impact-ray
2026-09-09 18:25:03.220 liquid native stain frozen update=32aed320 group=5bc71c20 wrapper=7f4206c0 control=7f367fe0 weight=1 mode=property-setter
2026-09-09 18:25:03.221 NATIVE STAIN ANIMATION DIAG generation=9 emission=1 particle=502 sample_ms=0 update=32aed320 descriptor=65fe5ca0 descriptor_checksum=cd11ab84 group_index=0 group=5bc71c20 group_checksum=a6ef4903 counts=(nodes:176,controls:175,weights:176,vectors:176) nodes=[170:80D86F00:dc8c1561:"",171:80D86880:2fb1c3a1:"",172:80D87A80:22f67275:"",173:80D871E0:8d186120:"",174:80D87D60:44b03c20:"",175:80D876E0:befe781d:""] controls=[169:7F41FF80:ae19de7d:"",170:7F41FA40:2147f071:"",171:7F420260:d56977a8:"",172:7F41F9A0:e9416c0f:"",173:7F420D00:ece83eb7:"",174:7F4206C0:b2243db4:""] weights=[166:1,167:1,168:1,169:1,170:1,171:1,172:1,173:1,174:1,175:1] vectors=[170:(1,1,1),171:(1,1,1),172:(1,1,1),173:(1,1,1),174:(1,1,1),175:(1,1,1)]
2026-09-09 18:25:03.222 testicular retraction live write person=2 control=46d30240 input=0.250 baseline=0.000 contribution=0.250 output=0.250
2026-09-09 18:25:03.245 liquid native stain contact consumed source=confirmed particle=492 emission=1 retry=0 result=0 count=1 outcome=native-model-miss-final
2026-09-09 18:25:03.266 liquid native stain contact consumed source=confirmed particle=505 emission=1 retry=0 result=0 count=1 outcome=native-model-miss-requeued
2026-09-09 18:25:03.293 liquid native stain contact consumed source=confirmed particle=494 emission=1 retry=0 result=0 count=1 outcome=native-model-miss-final
2026-09-09 18:25:03.317 liquid native stain contact consumed source=confirmed particle=505 emission=1 retry=1 result=0 count=1 outcome=native-model-miss-requeued
2026-09-09 18:25:03.319 NATIVE STAIN ANIMATION DIAG generation=9 emission=1 particle=502 sample_ms=109 update=32aed320 descriptor=65fe5ca0 descriptor_checksum=81891270 group_index=0 group=5bc71c20 group_checksum=a6ef4903 counts=(nodes:180,controls:179,weights:180,vectors:180) nodes=[174:80D87D60:42dad54c:"",175:80D876E0:e36d92aa:"",176:80D86E40:6d9b6890:"",177:80D88600:b08a0c6e:"",178:80D88260:a06f615c:"",179:80D892E0:45e88c2d:""] controls=[173:7F420D00:6754c620:"",174:7F4206C0:c4cf0bcc:"",175:7F420580:214032a2:"",176:7F4208E0:84268fb1:"",177:7F420BC0:ee32dc69:"",178:7F420E40:14186c88:""] weights=[170:1,171:1,172:1,173:1,174:1,175:1,176:1,177:1,178:1,179:1] vectors=[174:(1,1,1),175:(1,1,1),176:(1,1,1),177:(1,1,1),178:(1,1,1),179:(1,1,1)]
2026-09-09 18:25:03.330 liquid world emitter sample person=2 emission=1 position=(-0.73520,1.25948,1.65371) direction=(-0.08571,0.99597,-0.02647) source=rebuilt-joint-local-hierarchy
2026-09-09 18:25:03.341 liquid native stain contact consumed source=confirmed particle=513 emission=1 retry=0 result=0 count=1 outcome=native-model-miss-requeued
2026-09-09 18:25:03.363 liquid native stain contact consumed source=confirmed particle=505 emission=1 retry=2 result=0 count=1 outcome=native-model-miss-requeued
2026-09-09 18:25:03.384 liquid native stain contact consumed source=confirmed particle=513 emission=1 retry=1 result=0 count=1 outcome=native-model-miss-requeued
2026-09-09 18:25:03.408 liquid native stain contact consumed source=confirmed particle=505 emission=1 retry=3 result=0 count=1 outcome=native-model-miss-final
2026-09-09 18:25:03.428 liquid native stain contact consumed source=confirmed particle=513 emission=1 retry=2 result=0 count=1 outcome=native-model-miss-final
2026-09-09 18:25:03.430 NATIVE STAIN ANIMATION DIAG generation=9 emission=1 particle=502 sample_ms=219 update=32aed320 descriptor=65fe5ca0 descriptor_checksum=38ffad1f group_index=0 group=5bc71c20 group_checksum=a6ef4903 counts=(nodes:185,controls:184,weights:185,vectors:185) nodes=[179:80D892E0:b7629b5f:"",180:80D883C0:f5fa45a5:"",181:80D88320:9c3b5a4a:"",182:80D880E0:dfe37a38:"",183:80D89460:1fdb928f:"",184:80D890C0:9cf7dfac:""] controls=[178:7F420E40:a8abb778:"",179:7F420E80:d9e92401:"",180:7F420EE0:949b68bc:"",181:7F420FC0:42e19a5c:"",182:7F421CE0:22c3976b:"",183:7F421DE0:829d3544:""] weights=[175:1,176:1,177:1,178:1,179:1,180:1,181:1,182:1,183:1,184:1] vectors=[179:(1,1,1),180:(1,1,1),181:(1,1,1),182:(1,1,1),183:(1,1,1),184:(1,1,1)]
2026-09-09 18:25:03.449 liquid native stain contact consumed source=confirmed particle=529 emission=1 retry=0 result=0 count=1 outcome=native-model-miss-final
2026-09-09 18:25:03.474 liquid native stain contact consumed source=confirmed particle=518 emission=1 retry=0 result=0 count=1 outcome=native-model-miss-final
2026-09-09 18:25:03.477 testicular retraction live write person=2 control=46d30240 input=0.250 baseline=0.000 contribution=0.250 output=0.250
2026-09-09 18:25:03.500 liquid native stain contact consumed source=confirmed particle=523 emission=1 retry=0 result=0 count=1 outcome=native-model-miss-final
2026-09-09 18:25:03.525 liquid native stain transform particle=497 frame=001af650 descriptor=65fe5ca0 descriptor_scale=(1.00000,1.00000,1.00000) custom_hit_view=(0.08438,0.07862,-0.87701) custom_ray_view=(0.07832,0.12853,-0.81393)->(0.07511,-0.61876,-0.78198)
2026-09-09 18:25:03.525 liquid native stain contact consumed source=confirmed particle=497 emission=1 retry=0 result=0 count=1 outcome=native-model-hit-impact-ray
2026-09-09 18:25:03.527 liquid native stain frozen update=32aed320 group=5bc71c20 wrapper=7f422a00 control=7f4e6940 weight=1 mode=property-setter
2026-09-09 18:25:03.527 NATIVE STAIN ANIMATION DIAG generation=10 emission=1 particle=497 sample_ms=0 update=32aed320 descriptor=65fe5ca0 descriptor_checksum=76aa9f6f group_index=0 group=5bc71c20 group_checksum=a6ef4903 counts=(nodes:189,controls:188,weights:189,vectors:189) nodes=[183:80D89460:083c6fd3:"",184:80D890C0:fc19db92:"",185:80D88A40:c012a96e:"",186:80D88540:37d1dca6:"",187:80D893A0:c5401c2f:"",188:80D881A0:60e063e8:""] controls=[182:7F421CE0:22c3976b:"",183:7F421DE0:829d3544:"",184:7F421BA0:1578b327:"",185:7F421880:f5df3c98:"",186:7F421AC0:dc1cc94b:"",187:7F422A00:3629ce1b:""] weights=[179:1,180:1,181:1,182:1,183:1,184:1,185:1,186:1,187:1,188:1] vectors=[183:(1,1,1),184:(1,1,1),185:(1,1,1),186:(1,1,1),187:(1,1,1),188:(1,1,1)]
2026-09-09 18:25:03.643 NATIVE STAIN ANIMATION DIAG generation=10 emission=1 particle=497 sample_ms=109 update=32aed320 descriptor=65fe5ca0 descriptor_checksum=76aa9f6f group_index=0 group=5bc71c20 group_checksum=a6ef4903 counts=(nodes:189,controls:188,weights:189,vectors:189) nodes=[183:80D89460:3ab98b52:"",184:80D890C0:af6df59f:"",185:80D88A40:f4d9028b:"",186:80D88540:bd6e1a93:"",187:80D893A0:b7e91bbe:"",188:80D881A0:0b0b0d9b:""] controls=[182:7F421CE0:22c3976b:"",183:7F421DE0:829d3544:"",184:7F421BA0:1578b327:"",185:7F421880:f5df3c98:"",186:7F421AC0:dc1cc94b:"",187:7F422A00:d1c5cc3d:""] weights=[179:1,180:1,181:1,182:1,183:1,184:1,185:1,186:1,187:1,188:1] vectors=[183:(1,1,1),184:(1,1,1),185:(1,1,1),186:(1,1,1),187:(1,1,1),188:(1,1,1)]
2026-09-09 18:25:03.738 testicular retraction live write person=2 control=46d30240 input=0.037 baseline=0.000 contribution=0.021 output=0.021
2026-09-09 18:25:03.759 NATIVE STAIN ANIMATION DIAG generation=10 emission=1 particle=497 sample_ms=234 update=32aed320 descriptor=65fe5ca0 descriptor_checksum=76aa9f6f group_index=0 group=5bc71c20 group_checksum=a6ef4903 counts=(nodes:189,controls:188,weights:189,vectors:189) nodes=[183:80D89460:c871b716:"",184:80D890C0:0a85efe3:"",185:80D88A40:62f35407:"",186:80D88540:21df1d4f:"",187:80D893A0:0bf8bf7a:"",188:80D881A0:e76bcc57:""] controls=[182:7F421CE0:22c3976b:"",183:7F421DE0:829d3544:"",184:7F421BA0:1578b327:"",185:7F421880:f5df3c98:"",186:7F421AC0:dc1cc94b:"",187:7F422A00:d1c5cc3d:""] weights=[179:1,180:1,181:1,182:1,183:1,184:1,185:1,186:1,187:1,188:1] vectors=[183:(1,1,1),184:(1,1,1),185:(1,1,1),186:(1,1,1),187:(1,1,1),188:(1,1,1)]
2026-09-09 18:25:03.870 NATIVE STAIN ANIMATION DIAG generation=10 emission=1 particle=497 sample_ms=343 update=32aed320 descriptor=65fe5ca0 descriptor_checksum=76aa9f6f group_index=0 group=5bc71c20 group_checksum=a6ef4903 counts=(nodes:189,controls:188,weights:189,vectors:189) nodes=[183:80D89460:b06888fc:"",184:80D890C0:039e75c9:"",185:80D88A40:eb5e0025:"",186:80D88540:052d30bd:"",187:80D893A0:f8b2b598:"",188:80D881A0:e0e936f5:""] controls=[182:7F421CE0:22c3976b:"",183:7F421DE0:829d3544:"",184:7F421BA0:1578b327:"",185:7F421880:f5df3c98:"",186:7F421AC0:dc1cc94b:"",187:7F422A00:d1c5cc3d:""] weights=[179:1,180:1,181:1,182:1,183:1,184:1,185:1,186:1,187:1,188:1] vectors=[183:(1,1,1),184:(1,1,1),185:(1,1,1),186:(1,1,1),187:(1,1,1),188:(1,1,1)]
2026-09-09 18:25:03.871 NATIVE STAIN FIELD DIAG generation=10 outcome=baseline node=80d881a0 control=7f4e6940
2026-09-09 18:25:03.871 memory snapshot label="native-stain-animation-node-baseline" address=80D881A0 words=724ba8d4,38ef1560,724ba908,724f4190,7f44ea20,4833cb40,01fff0ad,00000000,00000000,00000000,5a0e1bca,00000000,79435440,724f4230,00000000,0001e10b,3f800000,3f800000,3f800000,3f800000,00000000,00000000,00000000,00000000
2026-09-09 18:25:03.871 memory snapshot label="native-stain-animation-control-baseline" address=7F4E6940 words=724b9ad4,3d6a8e18,724b9adc,724f4190,3f800000,00000000,724f4170,3d6aac10,3f66c341,3d6ab058,3f66b58b,3d6ab4a0,f053044d,8d00ebfd,000008a1,7f4e6978,00000000,00000000,081d43a0,00000000,00000002,72510104,00000001,00000001
2026-09-09 18:25:03.872 liquid deep links event="native-stain-animation-node" object=80d881a0 named_or_string_links=0 scan_bytes=96
2026-09-09 18:25:03.873 liquid deep string event="native-stain-animation-control" object=7f4e6940 offset=0x020 pointer=3f66c341 text="16_gay_mb03Source"
2026-09-09 18:25:03.973 NATIVE STAIN ANIMATION DIAG generation=10 emission=1 particle=497 sample_ms=453 update=32aed320 descriptor=65fe5ca0 descriptor_checksum=76aa9f6f group_index=0 group=5bc71c20 group_checksum=a6ef4903 counts=(nodes:189,controls:188,weights:189,vectors:189) nodes=[183:80D89460:64e7ca4f:"",184:80D890C0:1d4439c2:"",185:80D88A40:0f21092e:"",186:80D88540:85690a16:"",187:80D893A0:7855af3b:"",188:80D881A0:3eba449e:""] controls=[182:7F421CE0:22c3976b:"",183:7F421DE0:829d3544:"",184:7F421BA0:1578b327:"",185:7F421880:f5df3c98:"",186:7F421AC0:dc1cc94b:"",187:7F422A00:d1c5cc3d:""] weights=[179:1,180:1,181:1,182:1,183:1,184:1,185:1,186:1,187:1,188:1] vectors=[183:(1,1,1),184:(1,1,1),185:(1,1,1),186:(1,1,1),187:(1,1,1),188:(1,1,1)]
2026-09-09 18:25:03.974 NATIVE STAIN FIELD DIAG generation=10 node=80D881A0 control=7F4E6940 changes=N+0x3c:0001e10b>0001e110(1.725657e-040>1.725727e-040) totals=(node:1,control:0)
2026-09-09 18:25:03.974 testicular retraction live write person=2 control=46d30240 input=0.000 baseline=0.000 contribution=-0.005 output=0.000
2026-09-09 18:25:04.083 NATIVE STAIN ANIMATION DIAG generation=10 emission=1 particle=497 sample_ms=562 update=32aed320 descriptor=65fe5ca0 descriptor_checksum=76aa9f6f group_index=0 group=5bc71c20 group_checksum=a6ef4903 counts=(nodes:189,controls:188,weights:189,vectors:189) nodes=[183:80D89460:39b6d328:"",184:80D890C0:f4c4e275:"",185:80D88A40:60059499:"",186:80D88540:a2f75ec1:"",187:80D893A0:3722e4cc:"",188:80D881A0:d46e9849:""] controls=[182:7F421CE0:22c3976b:"",183:7F421DE0:829d3544:"",184:7F421BA0:1578b327:"",185:7F421880:f5df3c98:"",186:7F421AC0:dc1cc94b:"",187:7F422A00:d1c5cc3d:""] weights=[179:1,180:1,181:1,182:1,183:1,184:1,185:1,186:1,187:1,188:1] vectors=[183:(1,1,1),184:(1,1,1),185:(1,1,1),186:(1,1,1),187:(1,1,1),188:(1,1,1)]
2026-09-09 18:25:04.083 NATIVE STAIN FIELD DIAG generation=10 node=80D881A0 control=7F4E6940 changes=N+0x3c:0001e110>0001e117(1.725727e-040>1.725825e-040) totals=(node:1,control:0)
2026-09-09 18:25:04.230 NATIVE STAIN ANIMATION DIAG generation=10 emission=1 particle=497 sample_ms=703 update=32aed320 descriptor=65fe5ca0 descriptor_checksum=76aa9f6f group_index=0 group=5bc71c20 group_checksum=a6ef4903 counts=(nodes:189,controls:188,weights:189,vectors:189) nodes=[183:80D89460:cd40760a:"",184:80D890C0:27b10dd7:"",185:80D88A40:3958e033:"",186:80D88540:c5c01ceb:"",187:80D893A0:93738da6:"",188:80D881A0:e3d6f663:""] controls=[182:7F421CE0:22c3976b:"",183:7F421DE0:829d3544:"",184:7F421BA0:1578b327:"",185:7F421880:f5df3c98:"",186:7F421AC0:dc1cc94b:"",187:7F422A00:d1c5cc3d:""] weights=[179:1,180:1,181:1,182:1,183:1,184:1,185:1,186:1,187:1,188:1] vectors=[183:(1,1,1),184:(1,1,1),185:(1,1,1),186:(1,1,1),187:(1,1,1),188:(1,1,1)]
2026-09-09 18:25:04.230 NATIVE STAIN FIELD DIAG generation=10 node=80D881A0 control=7F4E6940 changes=N+0x3c:0001e117>0001e119(1.725825e-040>1.725853e-040) totals=(node:1,control:0)
2026-09-09 18:25:04.339 NATIVE STAIN ANIMATION DIAG generation=10 emission=1 particle=497 sample_ms=812 update=32aed320 descriptor=65fe5ca0 descriptor_checksum=76aa9f6f group_index=0 group=5bc71c20 group_checksum=a6ef4903 counts=(nodes:189,controls:188,weights:189,vectors:189) nodes=[183:80D89460:4835ddbd:"",184:80D890C0:992bcfb0:"",185:80D88A40:e1b4bb04:"",186:80D88540:6d5fdbfc:"",187:80D893A0:dc3f9691:"",188:80D881A0:fd40bf74:""] controls=[182:7F421CE0:22c3976b:"",183:7F421DE0:829d3544:"",184:7F421BA0:1578b327:"",185:7F421880:f5df3c98:"",186:7F421AC0:dc1cc94b:"",187:7F422A00:d1c5cc3d:""] weights=[179:1,180:1,181:1,182:1,183:1,184:1,185:1,186:1,187:1,188:1] vectors=[183:(1,1,1),184:(1,1,1),185:(1,1,1),186:(1,1,1),187:(1,1,1),188:(1,1,1)]
2026-09-09 18:25:04.339 NATIVE STAIN FIELD DIAG generation=10 node=80D881A0 control=7F4E6940 changes=N+0x3c:0001e119>0001e11e(1.725853e-040>1.725923e-040) totals=(node:1,control:0)
2026-09-09 18:25:04.449 NATIVE STAIN ANIMATION DIAG generation=10 emission=1 particle=497 sample_ms=921 update=32aed320 descriptor=65fe5ca0 descriptor_checksum=76aa9f6f group_index=0 group=5bc71c20 group_checksum=a6ef4903 counts=(nodes:189,controls:188,weights:189,vectors:189) nodes=[183:80D89460:c7f76aa5:"",184:80D890C0:579c3898:"",185:80D88A40:71c2067c:"",186:80D88540:a35fe684:"",187:80D893A0:a4b4f2c9:"",188:80D881A0:42f3d84c:""] controls=[182:7F421CE0:22c3976b:"",183:7F421DE0:829d3544:"",184:7F421BA0:1578b327:"",185:7F421880:f5df3c98:"",186:7F421AC0:dc1cc94b:"",187:7F422A00:d1c5cc3d:""] weights=[179:1,180:1,181:1,182:1,183:1,184:1,185:1,186:1,187:1,188:1] vectors=[183:(1,1,1),184:(1,1,1),185:(1,1,1),186:(1,1,1),187:(1,1,1),188:(1,1,1)]
2026-09-09 18:25:04.450 NATIVE STAIN FIELD DIAG generation=10 node=80D881A0 control=7F4E6940 changes=N+0x3c:0001e11e>0001e126(1.725923e-040>1.726035e-040) totals=(node:1,control:0)
2026-09-09 18:25:04.558 NATIVE STAIN ANIMATION DIAG generation=10 emission=1 particle=497 sample_ms=1031 update=32aed320 descriptor=65fe5ca0 descriptor_checksum=76aa9f6f group_index=0 group=5bc71c20 group_checksum=a6ef4903 counts=(nodes:189,controls:188,weights:189,vectors:189) nodes=[183:80D89460:d16e5c6d:"",184:80D890C0:d1d478a0:"",185:80D88A40:deacec34:"",186:80D88540:56a9a58c:"",187:80D893A0:6070af01:"",188:80D881A0:c86ec244:""] controls=[182:7F421CE0:22c3976b:"",183:7F421DE0:829d3544:"",184:7F421BA0:1578b327:"",185:7F421880:f5df3c98:"",186:7F421AC0:dc1cc94b:"",187:7F422A00:d1c5cc3d:""] weights=[179:1,180:1,181:1,182:1,183:1,184:1,185:1,186:1,187:1,188:1] vectors=[183:(1,1,1),184:(1,1,1),185:(1,1,1),186:(1,1,1),187:(1,1,1),188:(1,1,1)]
2026-09-09 18:25:04.558 NATIVE STAIN FIELD DIAG generation=10 node=80D881A0 control=7F4E6940 changes=N+0x3c:0001e126>0001e12e(1.726035e-040>1.726147e-040) totals=(node:1,control:0)
2026-09-09 18:25:04.660 NATIVE STAIN ANIMATION DIAG generation=10 emission=1 particle=497 sample_ms=1140 update=32aed320 descriptor=65fe5ca0 descriptor_checksum=76aa9f6f group_index=0 group=5bc71c20 group_checksum=a6ef4903 counts=(nodes:189,controls:188,weights:189,vectors:189) nodes=[183:80D89460:545486b3:"",184:80D890C0:f25d10a6:"",185:80D88A40:9cfdaf8a:"",186:80D88540:c6911cf2:"",187:80D893A0:c8c78ad7:"",188:80D881A0:3bb264fa:""] controls=[182:7F421CE0:22c3976b:"",183:7F421DE0:829d3544:"",184:7F421BA0:1578b327:"",185:7F421880:f5df3c98:"",186:7F421AC0:dc1cc94b:"",187:7F422A00:d1c5cc3d:""] weights=[179:1,180:1,181:1,182:1,183:1,184:1,185:1,186:1,187:1,188:1] vectors=[183:(1,1,1),184:(1,1,1),185:(1,1,1),186:(1,1,1),187:(1,1,1),188:(1,1,1)]
2026-09-09 18:25:04.661 NATIVE STAIN FIELD DIAG generation=10 node=80D881A0 control=7F4E6940 changes=N+0x3c:0001e12e>0001e134(1.726147e-040>1.726232e-040) totals=(node:1,control:0)
2026-09-09 18:25:04.771 NATIVE STAIN ANIMATION DIAG generation=10 emission=1 particle=497 sample_ms=1250 update=32aed320 descriptor=65fe5ca0 descriptor_checksum=76aa9f6f group_index=0 group=5bc71c20 group_checksum=a6ef4903 counts=(nodes:189,controls:188,weights:189,vectors:189) nodes=[183:80D89460:0772cdaa:"",184:80D890C0:681a00f7:"",185:80D88A40:bd811d13:"",186:80D88540:a062660b:"",187:80D893A0:2270c506:"",188:80D881A0:56674e83:""] controls=[182:7F421CE0:22c3976b:"",183:7F421DE0:829d3544:"",184:7F421BA0:1578b327:"",185:7F421880:f5df3c98:"",186:7F421AC0:dc1cc94b:"",187:7F422A00:d1c5cc3d:""] weights=[179:1,180:1,181:1,182:1,183:1,184:1,185:1,186:1,187:1,188:1] vectors=[183:(1,1,1),184:(1,1,1),185:(1,1,1),186:(1,1,1),187:(1,1,1),188:(1,1,1)]
2026-09-09 18:25:04.772 NATIVE STAIN FIELD DIAG generation=10 node=80D881A0 control=7F4E6940 changes=N+0x3c:0001e134>0001e139(1.726232e-040>1.726302e-040) totals=(node:1,control:0)
2026-09-09 18:25:04.879 NATIVE STAIN ANIMATION DIAG generation=10 emission=1 particle=497 sample_ms=1359 update=32aed320 descriptor=65fe5ca0 descriptor_checksum=76aa9f6f group_index=0 group=5bc71c20 group_checksum=a6ef4903 counts=(nodes:189,controls:188,weights:189,vectors:189) nodes=[183:80D89460:482b7e92:"",184:80D890C0:e128b15f:"",185:80D88A40:cc77b8cb:"",186:80D88540:d8853ed3:"",187:80D893A0:e05a9a7e:"",188:80D881A0:337c8c5b:""] controls=[182:7F421CE0:22c3976b:"",183:7F421DE0:829d3544:"",184:7F421BA0:1578b327:"",185:7F421880:f5df3c98:"",186:7F421AC0:dc1cc94b:"",187:7F422A00:d1c5cc3d:""] weights=[179:1,180:1,181:1,182:1,183:1,184:1,185:1,186:1,187:1,188:1] vectors=[183:(1,1,1),184:(1,1,1),185:(1,1,1),186:(1,1,1),187:(1,1,1),188:(1,1,1)]
2026-09-09 18:25:04.880 NATIVE STAIN FIELD DIAG generation=10 node=80D881A0 control=7F4E6940 changes=N+0x3c:0001e139>0001e141(1.726302e-040>1.726414e-040) totals=(node:1,control:0)
2026-09-09 18:25:04.988 NATIVE STAIN ANIMATION DIAG generation=10 emission=1 particle=497 sample_ms=1468 update=32aed320 descriptor=65fe5ca0 descriptor_checksum=76aa9f6f group_index=0 group=5bc71c20 group_checksum=a6ef4903 counts=(nodes:189,controls:188,weights:189,vectors:189) nodes=[183:80D89460:d86b0af8:"",184:80D890C0:8308a385:"",185:80D88A40:828cea69:"",186:80D88540:00423e71:"",187:80D893A0:60de2e9c:"",188:80D881A0:e7ffe179:""] controls=[182:7F421CE0:22c3976b:"",183:7F421DE0:829d3544:"",184:7F421BA0:1578b327:"",185:7F421880:f5df3c98:"",186:7F421AC0:dc1cc94b:"",187:7F422A00:d1c5cc3d:""] weights=[179:1,180:1,181:1,182:1,183:1,184:1,185:1,186:1,187:1,188:1] vectors=[183:(1,1,1),184:(1,1,1),185:(1,1,1),186:(1,1,1),187:(1,1,1),188:(1,1,1)]
2026-09-09 18:25:04.989 NATIVE STAIN FIELD DIAG generation=10 node=80D881A0 control=7F4E6940 changes=N+0x3c:0001e141>0001e147(1.726414e-040>1.726498e-040) totals=(node:1,control:0)
2026-09-09 18:25:05.110 NATIVE STAIN ANIMATION DIAG generation=10 emission=1 particle=497 sample_ms=1578 update=32aed320 descriptor=65fe5ca0 descriptor_checksum=76aa9f6f group_index=0 group=5bc71c20 group_checksum=a6ef4903 counts=(nodes:189,controls:188,weights:189,vectors:189) nodes=[183:80D89460:faf74c8d:"",184:80D890C0:a3dd2ac0:"",185:80D88A40:b53ae814:"",186:80D88540:d3d28d2c:"",187:80D893A0:4ae4c0e1:"",188:80D881A0:096e9b64:""] controls=[182:7F421CE0:22c3976b:"",183:7F421DE0:829d3544:"",184:7F421BA0:1578b327:"",185:7F421880:f5df3c98:"",186:7F421AC0:dc1cc94b:"",187:7F422A00:d1c5cc3d:""] weights=[179:1,180:1,181:1,182:1,183:1,184:1,185:1,186:1,187:1,188:1] vectors=[183:(1,1,1),184:(1,1,1),185:(1,1,1),186:(1,1,1),187:(1,1,1),188:(1,1,1)]
2026-09-09 18:25:05.110 NATIVE STAIN FIELD DIAG generation=10 node=80D881A0 control=7F4E6940 changes=N+0x3c:0001e147>0001e14e(1.726498e-040>1.726596e-040) totals=(node:1,control:0)
2026-09-09 18:25:05.208 NATIVE STAIN ANIMATION DIAG generation=10 emission=1 particle=497 sample_ms=1687 update=32aed320 descriptor=65fe5ca0 descriptor_checksum=76aa9f6f group_index=0 group=5bc71c20 group_checksum=a6ef4903 counts=(nodes:189,controls:188,weights:189,vectors:189) nodes=[183:80D89460:6ba1d606:"",184:80D890C0:162f3993:"",185:80D88A40:4e885e77:"",186:80D88540:56acd69f:"",187:80D893A0:be41bcaa:"",188:80D881A0:1a998fe7:""] controls=[182:7F421CE0:22c3976b:"",183:7F421DE0:829d3544:"",184:7F421BA0:1578b327:"",185:7F421880:f5df3c98:"",186:7F421AC0:dc1cc94b:"",187:7F422A00:d1c5cc3d:""] weights=[179:1,180:1,181:1,182:1,183:1,184:1,185:1,186:1,187:1,188:1] vectors=[183:(1,1,1),184:(1,1,1),185:(1,1,1),186:(1,1,1),187:(1,1,1),188:(1,1,1)]
2026-09-09 18:25:05.208 NATIVE STAIN FIELD DIAG generation=10 node=80D881A0 control=7F4E6940 changes=N+0x3c:0001e14e>0001e155(1.726596e-040>1.726694e-040) totals=(node:1,control:0)
2026-09-09 18:25:05.322 NATIVE STAIN ANIMATION DIAG generation=10 emission=1 particle=497 sample_ms=1796 update=32aed320 descriptor=65fe5ca0 descriptor_checksum=76aa9f6f group_index=0 group=5bc71c20 group_checksum=a6ef4903 counts=(nodes:189,controls:188,weights:189,vectors:189) nodes=[183:80D89460:e9b5271b:"",184:80D890C0:2cd2bc0e:"",185:80D88A40:54168ae2:"",186:80D88540:df9f36da:"",187:80D893A0:635e6e6f:"",188:80D881A0:3c9651d2:""] controls=[182:7F421CE0:22c3976b:"",183:7F421DE0:829d3544:"",184:7F421BA0:1578b327:"",185:7F421880:f5df3c98:"",186:7F421AC0:dc1cc94b:"",187:7F422A00:d1c5cc3d:""] weights=[179:1,180:1,181:1,182:1,183:1,184:1,185:1,186:1,187:1,188:1] vectors=[183:(1,1,1),184:(1,1,1),185:(1,1,1),186:(1,1,1),187:(1,1,1),188:(1,1,1)]
2026-09-09 18:25:05.323 NATIVE STAIN FIELD DIAG generation=10 node=80D881A0 control=7F4E6940 changes=N+0x3c:0001e155>0001e15c(1.726694e-040>1.726792e-040) totals=(node:1,control:0)
2026-09-09 18:25:05.431 NATIVE STAIN ANIMATION DIAG generation=10 emission=1 particle=497 sample_ms=1906 update=32aed320 descriptor=65fe5ca0 descriptor_checksum=76aa9f6f group_index=0 group=5bc71c20 group_checksum=a6ef4903 counts=(nodes:189,controls:188,weights:189,vectors:189) nodes=[183:80D89460:08a7d203:"",184:80D890C0:715299b6:"",185:80D88A40:852af35a:"",186:80D88540:ff9fee62:"",187:80D893A0:965be667:"",188:80D881A0:e135262a:""] controls=[182:7F421CE0:22c3976b:"",183:7F421DE0:829d3544:"",184:7F421BA0:1578b327:"",185:7F421880:f5df3c98:"",186:7F421AC0:dc1cc94b:"",187:7F422A00:d1c5cc3d:""] weights=[179:1,180:1,181:1,182:1,183:1,184:1,185:1,186:1,187:1,188:1] vectors=[183:(1,1,1),184:(1,1,1),185:(1,1,1),186:(1,1,1),187:(1,1,1),188:(1,1,1)]
2026-09-09 18:25:05.431 NATIVE STAIN FIELD DIAG generation=10 node=80D881A0 control=7F4E6940 changes=N+0x3c:0001e15c>0001e164(1.726792e-040>1.726904e-040) totals=(node:1,control:0)
2026-09-09 18:25:05.529 PhysX GUI enabled before enumeration by ParamDescription count=7
2026-09-09 18:25:05.532 settings ejaculation-audio presets injected in memory count=1
2026-09-09 18:25:05.547 NATIVE STAIN ANIMATION DIAG generation=10 emission=1 particle=497 sample_ms=2015 update=32aed320 descriptor=65fe5ca0 descriptor_checksum=76aa9f6f group_index=0 group=5bc71c20 group_checksum=a6ef4903 counts=(nodes:189,controls:188,weights:189,vectors:189) nodes=[183:80D89460:e7735f4b:"",184:80D890C0:3f441d7e:"",185:80D88A40:a65f6612:"",186:80D88540:7a66a3ea:"",187:80D893A0:823f2e5f:"",188:80D881A0:830659a2:""] controls=[182:7F421CE0:22c3976b:"",183:7F421DE0:829d3544:"",184:7F421BA0:1578b327:"",185:7F421880:f5df3c98:"",186:7F421AC0:dc1cc94b:"",187:7F422A00:d1c5cc3d:""] weights=[179:1,180:1,181:1,182:1,183:1,184:1,185:1,186:1,187:1,188:1] vectors=[183:(1,1,1),184:(1,1,1),185:(1,1,1),186:(1,1,1),187:(1,1,1),188:(1,1,1)]
2026-09-09 18:25:05.547 NATIVE STAIN FIELD DIAG generation=10 node=80D881A0 control=7F4E6940 changes=N+0x3c:0001e164>0001e16c(1.726904e-040>1.727016e-040) totals=(node:1,control:0)
2026-09-09 18:25:05.653 NATIVE STAIN ANIMATION DIAG generation=10 emission=1 particle=497 sample_ms=2125 update=32aed320 descriptor=65fe5ca0 descriptor_checksum=76aa9f6f group_index=0 group=5bc71c20 group_checksum=a6ef4903 counts=(nodes:189,controls:188,weights:189,vectors:189) nodes=[183:80D89460:2bf33cf3:"",184:80D890C0:67903a66:"",185:80D88A40:749c65ca:"",186:80D88540:d6f47c32:"",187:80D893A0:f6331e97:"",188:80D881A0:5b88fcba:""] controls=[182:7F421CE0:22c3976b:"",183:7F421DE0:829d3544:"",184:7F421BA0:1578b327:"",185:7F421880:f5df3c98:"",186:7F421AC0:dc1cc94b:"",187:7F422A00:d1c5cc3d:""] weights=[179:1,180:1,181:1,182:1,183:1,184:1,185:1,186:1,187:1,188:1] vectors=[183:(1,1,1),184:(1,1,1),185:(1,1,1),186:(1,1,1),187:(1,1,1),188:(1,1,1)]
2026-09-09 18:25:05.653 NATIVE STAIN FIELD DIAG generation=10 node=80D881A0 control=7F4E6940 changes=N+0x3c:0001e16c>0001e174(1.727016e-040>1.727128e-040) totals=(node:1,control:0)
2026-09-09 18:25:05.762 NATIVE STAIN ANIMATION DIAG generation=10 emission=1 particle=497 sample_ms=2234 update=32aed320 descriptor=65fe5ca0 descriptor_checksum=76aa9f6f group_index=0 group=5bc71c20 group_checksum=a6ef4903 counts=(nodes:189,controls:188,weights:189,vectors:189) nodes=[183:80D89460:7fb47459:"",184:80D890C0:af6ac48c:"",185:80D88A40:f51ff9e8:"",186:80D88540:791359a0:"",187:80D893A0:f91a3035:"",188:80D881A0:832079d8:""] controls=[182:7F421CE0:22c3976b:"",183:7F421DE0:829d3544:"",184:7F421BA0:1578b327:"",185:7F421880:f5df3c98:"",186:7F421AC0:dc1cc94b:"",187:7F422A00:d1c5cc3d:""] weights=[179:1,180:1,181:1,182:1,183:1,184:1,185:1,186:1,187:1,188:1] vectors=[183:(1,1,1),184:(1,1,1),185:(1,1,1),186:(1,1,1),187:(1,1,1),188:(1,1,1)]
2026-09-09 18:25:05.762 NATIVE STAIN FIELD DIAG generation=10 node=80D881A0 control=7F4E6940 changes=N+0x3c:0001e174>0001e17a(1.727128e-040>1.727212e-040) totals=(node:1,control:0)
2026-09-09 18:25:05.868 NATIVE STAIN ANIMATION DIAG generation=10 emission=1 particle=497 sample_ms=2343 update=32aed320 descriptor=65fe5ca0 descriptor_checksum=76aa9f6f group_index=0 group=5bc71c20 group_checksum=a6ef4903 counts=(nodes:189,controls:188,weights:189,vectors:189) nodes=[183:80D89460:dd050e41:"",184:80D890C0:e438bb74:"",185:80D88A40:e045ab60:"",186:80D88540:243152a8:"",187:80D893A0:e917de2d:"",188:80D881A0:b233d3b0:""] controls=[182:7F421CE0:22c3976b:"",183:7F421DE0:829d3544:"",184:7F421BA0:1578b327:"",185:7F421880:f5df3c98:"",186:7F421AC0:dc1cc94b:"",187:7F422A00:d1c5cc3d:""] weights=[179:1,180:1,181:1,182:1,183:1,184:1,185:1,186:1,187:1,188:1] vectors=[183:(1,1,1),184:(1,1,1),185:(1,1,1),186:(1,1,1),187:(1,1,1),188:(1,1,1)]
2026-09-09 18:25:05.869 NATIVE STAIN FIELD DIAG generation=10 node=80D881A0 control=7F4E6940 changes=N+0x3c:0001e17a>0001e182(1.727212e-040>1.727325e-040) totals=(node:1,control:0)
2026-09-09 18:25:05.982 NATIVE STAIN ANIMATION DIAG generation=10 emission=1 particle=497 sample_ms=2453 update=32aed320 descriptor=65fe5ca0 descriptor_checksum=76aa9f6f group_index=0 group=5bc71c20 group_checksum=a6ef4903 counts=(nodes:189,controls:188,weights:189,vectors:189) nodes=[183:80D89460:f4dfbc09:"",184:80D890C0:8b5b0cbc:"",185:80D88A40:c4c7bc58:"",186:80D88540:3075faf0:"",187:80D893A0:d13d3065:"",188:80D881A0:54233668:""] controls=[182:7F421CE0:22c3976b:"",183:7F421DE0:829d3544:"",184:7F421BA0:1578b327:"",185:7F421880:f5df3c98:"",186:7F421AC0:dc1cc94b:"",187:7F422A00:d1c5cc3d:""] weights=[179:1,180:1,181:1,182:1,183:1,184:1,185:1,186:1,187:1,188:1] vectors=[183:(1,1,1),184:(1,1,1),185:(1,1,1),186:(1,1,1),187:(1,1,1),188:(1,1,1)]
2026-09-09 18:25:05.982 NATIVE STAIN FIELD DIAG generation=10 node=80D881A0 control=7F4E6940 changes=N+0x3c:0001e182>0001e18a(1.727325e-040>1.727437e-040) totals=(node:1,control:0)
2026-09-09 18:25:09.520 liquid prototype emitter started source=model person=2 start=1292268000 duration=10.000 end=1292278000
2026-09-09 18:25:09.532 liquid world emitter sample person=2 emission=2 position=(-0.73520,1.25948,1.65371) direction=(-0.08571,0.99597,-0.02647) source=rebuilt-joint-local-hierarchy
2026-09-09 18:25:09.554 ejaculation audio started person=2 emission=2 pulse=1 volume=0.000 path="C:\Users\ErolB\Desktop\Games\TK17\The Klub 17\Extensions\Liquids\Sounds\Ejaculation\Default\cum01.mp3"
2026-09-09 18:25:09.554 testicular retraction control resolved person=2 mode=FindObjC-direct wrapper=46d30240 control=46d30240 weight=0.000
2026-09-09 18:25:09.554 testicular retraction pulse person=2 emission=2 pulse=1 baseline=0.000 start=0.000 target=0.250
2026-09-09 18:25:09.563 testicular retraction live write person=2 control=46d30240 input=0.000 baseline=0.000 contribution=0.000 output=0.000
2026-09-09 18:25:09.563 testicular retraction applied person=2 emission=2 pulse=1 baseline=0.000 contribution=0.000 output=0.000
2026-09-09 18:25:09.626 liquid native stain descriptor captured emission=2 frame=001af650 descriptor=65fe5ca0 rate=4 size=0.025 field28=0 field2c=2.679236e+20 field30=0 scale=(1,1,1)
2026-09-09 18:25:09.627 memory snapshot label="native-stain-descriptor" address=65FE5CA0 words=3e309b40,6647eb00,3e800000,3c23d70a,00000004,65746e6f,dab39755,00000bc0,40800000,3ccccccd,00000000,61686300,00000000,3f800000,3f800000,3f800000
2026-09-09 18:25:09.759 ejaculation audio finished person=2 emission=2 pulse=1 path="C:\Users\ErolB\Desktop\Games\TK17\The Klub 17\Extensions\Liquids\Sounds\Ejaculation\Default\cum01.mp3"
2026-09-09 18:25:09.784 liquid world emitter sample person=2 emission=2 position=(-0.73520,1.25948,1.65371) direction=(-0.08571,0.99597,-0.02647) source=rebuilt-joint-local-hierarchy
2026-09-09 18:25:09.808 testicular retraction live write person=2 control=46d30240 input=0.272 baseline=0.000 contribution=0.269 output=0.269
2026-09-09 18:25:10.033 liquid world emitter sample person=2 emission=2 position=(-0.73520,1.25948,1.65371) direction=(-0.08571,0.99597,-0.02647) source=rebuilt-joint-local-hierarchy
2026-09-09 18:25:10.065 testicular retraction live write person=2 control=46d30240 input=0.241 baseline=0.000 contribution=0.242 output=0.242
2026-09-09 18:25:10.178 liquid native stain contact consumed source=confirmed particle=538 emission=2 retry=0 result=0 count=1 outcome=native-model-miss-requeued
2026-09-09 18:25:10.217 liquid native stain contact consumed source=confirmed particle=541 emission=2 retry=0 result=0 count=1 outcome=native-model-miss-requeued
2026-09-09 18:25:10.240 liquid native stain contact consumed source=confirmed particle=538 emission=2 retry=1 result=0 count=1 outcome=native-model-miss-requeued
2026-09-09 18:25:10.261 liquid native stain contact consumed source=confirmed particle=541 emission=2 retry=1 result=0 count=1 outcome=native-model-miss-requeued
2026-09-09 18:25:10.272 liquid world emitter sample person=2 emission=2 position=(-0.73520,1.25948,1.65371) direction=(-0.08571,0.99597,-0.02647) source=rebuilt-joint-local-hierarchy
2026-09-09 18:25:10.285 liquid native stain contact consumed source=confirmed particle=538 emission=2 retry=2 result=0 count=1 outcome=native-model-miss-requeued
2026-09-09 18:25:10.302 liquid native stain contact consumed source=confirmed particle=543 emission=2 retry=0 result=0 count=1 outcome=native-model-miss-requeued
2026-09-09 18:25:10.303 testicular retraction live write person=2 control=46d30240 input=0.250 baseline=0.000 contribution=0.250 output=0.250
2026-09-09 18:25:10.322 liquid native stain contact consumed source=confirmed particle=538 emission=2 retry=3 result=0 count=1 outcome=native-model-miss-final
2026-09-09 18:25:10.345 liquid native stain contact consumed source=confirmed particle=552 emission=2 retry=0 result=0 count=1 outcome=native-model-miss-requeued
2026-09-09 18:25:10.370 liquid native stain contact consumed source=confirmed particle=541 emission=2 retry=2 result=0 count=1 outcome=native-model-miss-final
2026-09-09 18:25:10.392 liquid native stain contact consumed source=confirmed particle=552 emission=2 retry=1 result=0 count=1 outcome=native-model-miss-requeued
2026-09-09 18:25:10.417 liquid native stain contact consumed source=confirmed particle=559 emission=2 retry=0 result=0 count=1 outcome=native-model-miss-requeued
2026-09-09 18:25:10.439 liquid native stain contact consumed source=confirmed particle=552 emission=2 retry=2 result=0 count=1 outcome=native-model-miss-requeued
2026-09-09 18:25:10.458 liquid native stain contact consumed source=confirmed particle=543 emission=2 retry=1 result=0 count=1 outcome=native-model-miss-final
2026-09-09 18:25:10.481 liquid native stain contact consumed source=confirmed particle=552 emission=2 retry=3 result=0 count=1 outcome=native-model-miss-final
2026-09-09 18:25:10.503 liquid native stain transform particle=576 frame=001af650 descriptor=65fe5ca0 descriptor_scale=(1.00000,1.00000,1.00000) custom_hit_view=(0.17842,0.04893,-1.36278) custom_ray_view=(0.17206,0.10445,-1.30419)->(0.07857,-0.68573,-0.72360)
2026-09-09 18:25:10.503 liquid native stain contact consumed source=confirmed particle=576 emission=2 retry=0 result=0 count=1 outcome=native-model-hit-impact-ray
2026-09-09 18:25:10.504 liquid native stain frozen update=32aed320 group=5bc71c20 wrapper=7f41c700 control=7f1b5aa0 weight=1 mode=property-setter
2026-09-09 18:25:10.504 NATIVE STAIN ANIMATION DIAG generation=11 emission=2 particle=576 sample_ms=16 update=32aed320 descriptor=65fe5ca0 descriptor_checksum=0fda2a09 group_index=0 group=5bc71c20 group_checksum=acfee4db counts=(nodes:15,controls:15,weights:15,vectors:15) nodes=[9:80D85240:dcc455db:"",10:80D85460:c3299aac:"",11:80D85520:630362e2:"",12:80D855C0:985068e8:"",13:80D86380:eb5e256d:"",14:80D85740:52f66d5d:""] controls=[9:7F41B8A0:198b421e:"",10:7F41B7A0:1c0a6d37:"",11:7F41BA80:7b646c1c:"",12:7F41BD00:2ec42715:"",13:7F41B3A0:fdb49951:"",14:7F41C700:6859a25f:""] weights=[5:1,6:1,7:1,8:1,9:1,10:1,11:1,12:1,13:1,14:1] vectors=[9:(1,1,1),10:(1,1,1),11:(1,1,1),12:(1,1,1),13:(1,1,1),14:(1,1,1)]
2026-09-09 18:25:10.524 liquid native stain contact consumed source=confirmed particle=559 emission=2 retry=1 result=0 count=1 outcome=native-model-miss-requeued
2026-09-09 18:25:10.534 liquid world emitter sample person=2 emission=2 position=(-0.73520,1.25948,1.65371) direction=(-0.08571,0.99597,-0.02647) source=rebuilt-joint-local-hierarchy
2026-09-09 18:25:10.549 liquid native stain contact consumed source=confirmed particle=587 emission=2 retry=0 result=0 count=1 outcome=native-model-miss-requeued
2026-09-09 18:25:10.550 testicular retraction live write person=2 control=46d30240 input=0.250 baseline=0.000 contribution=0.250 output=0.250
2026-09-09 18:25:10.571 liquid native stain contact consumed source=confirmed particle=559 emission=2 retry=2 result=0 count=1 outcome=native-model-miss-final
2026-09-09 18:25:10.594 liquid native stain contact consumed source=confirmed particle=606 emission=2 retry=0 result=0 count=1 outcome=native-model-miss-requeued
2026-09-09 18:25:10.615 liquid native stain contact consumed source=confirmed particle=587 emission=2 retry=1 result=0 count=1 outcome=native-model-miss-requeued
2026-09-09 18:25:10.616 NATIVE STAIN ANIMATION DIAG generation=11 emission=2 particle=576 sample_ms=125 update=32aed320 descriptor=65fe5ca0 descriptor_checksum=df21e442 group_index=0 group=5bc71c20 group_checksum=f81a9cd0 counts=(nodes:20,controls:20,weights:20,vectors:20) nodes=[14:80D85740:5bd28b93:"",15:80D86140:7e752f90:"",16:80D85800:1c36b95f:"",17:80D85AE0:6c436bb6:"",18:80D85A20:75cbc463:"",19:80D85B80:a6ead64d:""] controls=[14:7F41C700:e7e44d3d:"",15:7F41C480:a6cad019:"",16:7F41BD40:0821dad9:"",17:7F41C3E0:829b0362:"",18:7F41C560:8dc19c79:"",19:7F41CBA0:d54bd3f0:""] weights=[10:1,11:1,12:1,13:1,14:1,15:1,16:1,17:1,18:1,19:1] vectors=[14:(1,1,1),15:(1,1,1),16:(1,1,1),17:(1,1,1),18:(1,1,1),19:(1,1,1)]
2026-09-09 18:25:10.636 liquid native stain contact consumed source=confirmed particle=606 emission=2 retry=1 result=0 count=1 outcome=native-model-miss-requeued
2026-09-09 18:25:10.657 liquid native stain contact consumed source=confirmed particle=587 emission=2 retry=2 result=0 count=1 outcome=native-model-miss-requeued
2026-09-09 18:25:10.674 liquid native stain contact consumed source=confirmed particle=571 emission=2 retry=0 result=0 count=1 outcome=native-model-miss-final
2026-09-09 18:25:10.725 liquid native stain contact consumed source=confirmed particle=606 emission=2 retry=2 result=0 count=1 outcome=native-model-miss-final
2026-09-09 18:25:10.726 NATIVE STAIN ANIMATION DIAG generation=11 emission=2 particle=576 sample_ms=235 update=32aed320 descriptor=65fe5ca0 descriptor_checksum=1b68e6a1 group_index=0 group=5bc71c20 group_checksum=f81a9cd0 counts=(nodes:24,controls:24,weights:24,vectors:24) nodes=[18:80D85A20:4a2e8227:"",19:80D85B80:93b6f087:"",20:80D85E60:ecd7ebca:"",21:80D85F20:cec3bc0e:"",22:80D860A0:9f038f78:"",23:80D86F00:6a02cd9d:""] controls=[18:7F41C560:8dc19c79:"",19:7F41CBA0:3791c626:"",20:7F41CD80:59bd2ab4:"",21:7F41CC40:8b616b32:"",22:7F41CE80:cab03e65:"",23:7F41D740:9f004fa8:""] weights=[14:1,15:1,16:1,17:1,18:1,19:1,20:1,21:1,22:1,23:1] vectors=[18:(1,1,1),19:(1,1,1),20:(1,1,1),21:(1,1,1),22:(1,1,1),23:(1,1,1)]
2026-09-09 18:25:10.750 liquid native stain contact consumed source=confirmed particle=587 emission=2 retry=3 result=0 count=1 outcome=native-model-miss-final
2026-09-09 18:25:10.771 liquid native stain contact consumed source=confirmed particle=546 emission=2 retry=0 result=0 count=1 outcome=native-model-miss-final
2026-09-09 18:25:10.782 liquid world emitter sample person=2 emission=2 position=(-0.73520,1.25948,1.65371) direction=(-0.08571,0.99597,-0.02647) source=rebuilt-joint-local-hierarchy
2026-09-09 18:25:10.796 liquid native stain transform particle=549 frame=001af650 descriptor=65fe5ca0 descriptor_scale=(1.00000,1.00000,1.00000) custom_hit_view=(0.11513,0.06847,-1.51825) custom_ray_view=(0.10947,0.13175,-1.46698)->(0.06938,-0.77510,-0.62802)
2026-09-09 18:25:10.796 liquid native stain contact consumed source=confirmed particle=549 emission=2 retry=0 result=0 count=1 outcome=native-model-hit-impact-ray
2026-09-09 18:25:10.798 liquid native stain frozen update=32aed320 group=5bc71c20 wrapper=7f41d780 control=7f1bce80 weight=1 mode=property-setter
2026-09-09 18:25:10.798 NATIVE STAIN ANIMATION DIAG generation=12 emission=2 particle=549 sample_ms=0 update=32aed320 descriptor=65fe5ca0 descriptor_checksum=49e696c0 group_index=0 group=5bc71c20 group_checksum=f81a9cd0 counts=(nodes:27,controls:27,weights:27,vectors:27) nodes=[21:80D85F20:6a905cf7:"",22:80D860A0:1ff17311:"",23:80D86F00:746a756e:"",24:80D86D80:e48cf4a9:"",25:80D87620:06563211:"",26:80D86E40:7afb7079:""] controls=[21:7F41CC40:8b616b32:"",22:7F41CE80:cab03e65:"",23:7F41D740:b03edf0c:"",24:7F41DB00:f5dd8b0b:"",25:7F41D9C0:f814ddf9:"",26:7F41D780:6f013e89:""] weights=[17:1,18:1,19:1,20:1,21:1,22:1,23:1,24:1,25:1,26:1] vectors=[21:(1,1,1),22:(1,1,1),23:(1,1,1),24:(1,1,1),25:(1,1,1),26:(1,1,1)]
2026-09-09 18:25:10.819 liquid native stain transform particle=562 frame=001af650 descriptor=65fe5ca0 descriptor_scale=(1.00000,1.00000,1.00000) custom_hit_view=(0.11984,0.05359,-1.50713) custom_ray_view=(0.11487,0.11636,-1.45766)->(0.06207,-0.78390,-0.61778)
2026-09-09 18:25:10.819 liquid native stain contact consumed source=confirmed particle=562 emission=2 retry=0 result=0 count=1 outcome=native-model-hit-impact-ray
2026-09-09 18:25:10.820 liquid native stain frozen update=32aed320 group=5bc71c20 wrapper=7f41dbe0 control=7f1bd0c0 weight=1 mode=property-setter
2026-09-09 18:25:10.821 NATIVE STAIN ANIMATION DIAG generation=13 emission=2 particle=562 sample_ms=0 update=32aed320 descriptor=65fe5ca0 descriptor_checksum=2a870da6 group_index=0 group=5bc71c20 group_checksum=f81a9cd0 counts=(nodes:28,controls:28,weights:28,vectors:28) nodes=[22:80D860A0:a3ec20bc:"",23:80D86F00:671cb51b:"",24:80D86D80:ab7b7e14:"",25:80D87620:8a50dfbc:"",26:80D86E40:e6f9e69f:"",27:80D876E0:0f08aa26:""] controls=[22:7F41CE80:cab03e65:"",23:7F41D740:b03edf0c:"",24:7F41DB00:f5dd8b0b:"",25:7F41D9C0:944e659b:"",26:7F41D780:6f013e89:"",27:7F41DBE0:fdcb8fde:""] weights=[18:1,19:1,20:1,21:1,22:1,23:1,24:1,25:1,26:1,27:1] vectors=[22:(1,1,1),23:(1,1,1),24:(1,1,1),25:(1,1,1),26:(1,1,1),27:(1,1,1)]
2026-09-09 18:25:10.821 testicular retraction live write person=2 control=46d30240 input=0.059 baseline=0.000 contribution=0.043 output=0.043
2026-09-09 18:25:10.842 liquid native stain transform particle=611 frame=001af650 descriptor=65fe5ca0 descriptor_scale=(1.00000,1.00000,1.00000) custom_hit_view=(0.15825,0.06748,-1.54020) custom_ray_view=(0.15224,0.12850,-1.49130)->(0.07663,-0.77801,-0.62356)
2026-09-09 18:25:10.842 liquid native stain contact consumed source=confirmed particle=611 emission=2 retry=0 result=0 count=1 outcome=native-model-hit-impact-ray
2026-09-09 18:25:10.844 liquid native stain frozen update=32aed320 group=5bc71c20 wrapper=7f41e500 control=7f1be4e0 weight=1 mode=property-setter
2026-09-09 18:25:10.845 NATIVE STAIN ANIMATION DIAG generation=14 emission=2 particle=611 sample_ms=0 update=32aed320 descriptor=65fe5ca0 descriptor_checksum=f2a544d4 group_index=0 group=5bc71c20 group_checksum=f4262ca6 counts=(nodes:29,controls:29,weights:29,vectors:29) nodes=[23:80D86F00:d65c807c:"",24:80D86D80:7e120f33:"",25:80D87620:67e2f45b:"",26:80D86E40:993ca540:"",27:80D876E0:cd6aad03:"",28:80D86B60:e87c4040:""] controls=[23:7F41D740:b03edf0c:"",24:7F41DB00:f5dd8b0b:"",25:7F41D9C0:944e659b:"",26:7F41D780:6f013e89:"",27:7F41DBE0:57370724:"",28:7F41E500:9bd2a533:""] weights=[19:1,20:1,21:1,22:1,23:1,24:1,25:1,26:1,27:1,28:1] vectors=[23:(1,1,1),24:(1,1,1),25:(1,1,1),26:(1,1,1),27:(1,1,1),28:(1,1,1)]
2026-09-09 18:25:10.864 liquid native stain transform particle=642 frame=001af650 descriptor=65fe5ca0 descriptor_scale=(1.00000,1.00000,1.00000) custom_hit_view=(0.09350,0.05698,-1.51007) custom_ray_view=(0.08772,0.12061,-1.46090)->(0.07159,-0.78924,-0.60990)
2026-09-09 18:25:10.865 liquid native stain contact consumed source=confirmed particle=642 emission=2 retry=0 result=0 count=1 outcome=native-model-hit-impact-ray
2026-09-09 18:25:10.866 liquid native stain frozen update=32aed320 group=5bc71c20 wrapper=7f41e2c0 control=7f1bf3c0 weight=1 mode=property-setter
2026-09-09 18:25:10.867 NATIVE STAIN ANIMATION DIAG generation=15 emission=2 particle=642 sample_ms=0 update=32aed320 descriptor=65fe5ca0 descriptor_checksum=9d77f642 group_index=0 group=5bc71c20 group_checksum=f4262ca6 counts=(nodes:30,controls:30,weights:30,vectors:30) nodes=[24:80D86D80:1a2a2406:"",25:80D87620:8fa5f1ae:"",26:80D86E40:20866dd5:"",27:80D876E0:2caf3616:"",28:80D86B60:45bf2e28:"",29:80D86940:d4a1897d:""] controls=[24:7F41DB00:66549959:"",25:7F41D9C0:944e659b:"",26:7F41D780:6f013e89:"",27:7F41DBE0:e5ac2d45:"",28:7F41E500:9bd2a533:"",29:7F41E2C0:4410b204:""] weights=[20:1,21:1,22:1,23:1,24:1,25:1,26:1,27:1,28:1,29:1] vectors=[24:(1,1,1),25:(1,1,1),26:(1,1,1),27:(1,1,1),28:(1,1,1),29:(1,1,1)]
2026-09-09 18:25:10.973 NATIVE STAIN ANIMATION DIAG generation=15 emission=2 particle=642 sample_ms=110 update=32aed320 descriptor=65fe5ca0 descriptor_checksum=9d77f642 group_index=0 group=5bc71c20 group_checksum=f4262ca6 counts=(nodes:30,controls:30,weights:30,vectors:30) nodes=[24:80D86D80:60e3a3ab:"",25:80D87620:86c56a43:"",26:80D86E40:40af9098:"",27:80D876E0:ae78021b:"",28:80D86B60:5e4341c5:"",29:80D86940:a755a784:""] controls=[24:7F41DB00:497d0c93:"",25:7F41D9C0:944e659b:"",26:7F41D780:6f013e89:"",27:7F41DBE0:f135ed72:"",28:7F41E500:9bd2a533:"",29:7F41E2C0:4410b204:""] weights=[20:1,21:1,22:1,23:1,24:1,25:1,26:1,27:1,28:1,29:1] vectors=[24:(1,1,1),25:(1,1,1),26:(1,1,1),27:(1,1,1),28:(1,1,1),29:(1,1,1)]
2026-09-09 18:25:11.029 liquid world emitter sample person=2 emission=2 position=(-0.73520,1.25948,1.65371) direction=(-0.08571,0.99597,-0.02647) source=rebuilt-joint-local-hierarchy
2026-09-09 18:25:11.053 ejaculation audio started person=2 emission=2 pulse=2 volume=0.000 path="C:\Users\ErolB\Desktop\Games\TK17\The Klub 17\Extensions\Liquids\Sounds\Ejaculation\Default\cum05.mp3"
2026-09-09 18:25:11.053 testicular retraction pulse person=2 emission=2 pulse=2 baseline=0.000 start=-0.001 target=0.250
2026-09-09 18:25:11.060 testicular retraction applied person=2 emission=2 pulse=2 baseline=0.000 contribution=-0.001 output=0.000
2026-09-09 18:25:11.076 testicular retraction live write person=2 control=46d30240 input=0.000 baseline=0.000 contribution=0.254 output=0.254
2026-09-09 18:25:11.103 NATIVE STAIN ANIMATION DIAG generation=15 emission=2 particle=642 sample_ms=235 update=32aed320 descriptor=65fe5ca0 descriptor_checksum=9d77f642 group_index=0 group=5bc71c20 group_checksum=f4262ca6 counts=(nodes:30,controls:30,weights:30,vectors:30) nodes=[24:80D86D80:9bacfe19:"",25:80D87620:371a26c1:"",26:80D86E40:75b28242:"",27:80D876E0:cd7fcb49:"",28:80D86B60:8847db57:"",29:80D86940:b94c8bfe:""] controls=[24:7F41DB00:497d0c93:"",25:7F41D9C0:944e659b:"",26:7F41D780:6f013e89:"",27:7F41DBE0:6e98d914:"",28:7F41E500:9bd2a533:"",29:7F41E2C0:4410b204:""] weights=[20:1,21:1,22:1,23:1,24:1,25:1,26:1,27:1,28:1,29:1] vectors=[24:(1,1,1),25:(1,1,1),26:(1,1,1),27:(1,1,1),28:(1,1,1),29:(1,1,1)]
2026-09-09 18:25:11.220 NATIVE STAIN ANIMATION DIAG generation=15 emission=2 particle=642 sample_ms=344 update=32aed320 descriptor=65fe5ca0 descriptor_checksum=9d77f642 group_index=0 group=5bc71c20 group_checksum=f4262ca6 counts=(nodes:30,controls:30,weights:30,vectors:30) nodes=[24:80D86D80:14ff9b51:"",25:80D87620:7e6e1b69:"",26:80D86E40:2e5e8d9a:"",27:80D876E0:e96aa761:"",28:80D86B60:9b245d1f:"",29:80D86940:fb4f5ae6:""] controls=[24:7F41DB00:497d0c93:"",25:7F41D9C0:944e659b:"",26:7F41D780:6f013e89:"",27:7F41DBE0:6e98d914:"",28:7F41E500:26fef011:"",29:7F41E2C0:4410b204:""] weights=[20:1,21:1,22:1,23:1,24:1,25:1,26:1,27:1,28:1,29:1] vectors=[24:(1,1,1),25:(1,1,1),26:(1,1,1),27:(1,1,1),28:(1,1,1),29:(1,1,1)]
2026-09-09 18:25:11.222 NATIVE STAIN FIELD DIAG generation=15 outcome=baseline node=80d86940 control=7f1bf3c0
2026-09-09 18:25:11.222 memory snapshot label="native-stain-animation-node-baseline" address=80D86940 words=724ba8d4,724f4170,724ba908,724f4190,7f449cc0,4833cb40,01fff0ad,00000000,00000000,00000000,5a0e1bca,00000000,79435320,724f4230,00000000,0001e2e4,3f800000,3f800000,3f800000,3f800000,00000000,00000000,00000000,00000000
2026-09-09 18:25:11.222 memory snapshot label="native-stain-animation-control-baseline" address=7F1BF3C0 words=724b9ad4,6871ec40,724b9adc,724f4190,3f800000,00000000,724f4170,6871e9a0,3f800000,00000000,d7e7b71e,8d031700,00000000,00000000,00000000,7f1bf3f0,00000000,00000000,081d63c0,00000000,00000002,725100c4,00000001,00000001
2026-09-09 18:25:11.223 liquid deep links event="native-stain-animation-node" object=80d86940 named_or_string_links=0 scan_bytes=96
2026-09-09 18:25:11.223 liquid deep links event="native-stain-animation-control" object=7f1bf3c0 named_or_string_links=0 scan_bytes=96
2026-09-09 18:25:11.265 ejaculation audio finished person=2 emission=2 pulse=2 path="C:\Users\ErolB\Desktop\Games\TK17\The Klub 17\Extensions\Liquids\Sounds\Ejaculation\Default\cum05.mp3"
2026-09-09 18:25:11.290 liquid world emitter sample person=2 emission=2 position=(-0.73520,1.25948,1.65371) direction=(-0.08571,0.99597,-0.02647) source=rebuilt-joint-local-hierarchy
2026-09-09 18:25:11.316 testicular retraction live write person=2 control=46d30240 input=0.265 baseline=0.000 contribution=0.265 output=0.265
2026-09-09 18:25:11.329 NATIVE STAIN ANIMATION DIAG generation=15 emission=2 particle=642 sample_ms=453 update=32aed320 descriptor=65fe5ca0 descriptor_checksum=9d77f642 group_index=0 group=5bc71c20 group_checksum=f4262ca6 counts=(nodes:30,controls:30,weights:30,vectors:30) nodes=[24:80D86D80:c0d3050f:"",25:80D87620:b5886cf7:"",26:80D86E40:d979ef64:"",27:80D876E0:5e785e9f:"",28:80D86B60:51a593e1:"",29:80D86940:99581ef8:""] controls=[24:7F41DB00:497d0c93:"",25:7F41D9C0:944e659b:"",26:7F41D780:6f013e89:"",27:7F41DBE0:92de26dc:"",28:7F41E500:26fef011:"",29:7F41E2C0:4410b204:""] weights=[20:1,21:1,22:1,23:1,24:1,25:1,26:1,27:1,28:1,29:1] vectors=[24:(1,1,1),25:(1,1,1),26:(1,1,1),27:(1,1,1),28:(1,1,1),29:(1,1,1)]
2026-09-09 18:25:11.329 NATIVE STAIN FIELD DIAG generation=15 node=80D86940 control=7F1BF3C0 changes=N+0x3c:0001e2e4>0001e2ea(1.732285e-040>1.732369e-040) totals=(node:1,control:0)
2026-09-09 18:25:11.433 NATIVE STAIN ANIMATION DIAG generation=15 emission=2 particle=642 sample_ms=563 update=32aed320 descriptor=65fe5ca0 descriptor_checksum=9d77f642 group_index=0 group=5bc71c20 group_checksum=f4262ca6 counts=(nodes:30,controls:30,weights:30,vectors:30) nodes=[24:80D86D80:603db3fd:"",25:80D87620:69dc6c15:"",26:80D86E40:44474a6e:"",27:80D876E0:8d1f71ed:"",28:80D86B60:3ea0ea33:"",29:80D86940:0006cd12:""] controls=[24:7F41DB00:497d0c93:"",25:7F41D9C0:944e659b:"",26:7F41D780:6f013e89:"",27:7F41DBE0:4570f7f2:"",28:7F41E500:26fef011:"",29:7F41E2C0:4410b204:""] weights=[20:1,21:1,22:1,23:1,24:1,25:1,26:1,27:1,28:1,29:1] vectors=[24:(1,1,1),25:(1,1,1),26:(1,1,1),27:(1,1,1),28:(1,1,1),29:(1,1,1)]
2026-09-09 18:25:11.433 NATIVE STAIN FIELD DIAG generation=15 node=80D86940 control=7F1BF3C0 changes=N+0x3c:0001e2ea>0001e2f0(1.732369e-040>1.732453e-040) totals=(node:1,control:0)
2026-09-09 18:25:11.541 NATIVE STAIN ANIMATION DIAG generation=15 emission=2 particle=642 sample_ms=672 update=32aed320 descriptor=65fe5ca0 descriptor_checksum=9d77f642 group_index=0 group=5bc71c20 group_checksum=f4262ca6 counts=(nodes:30,controls:30,weights:30,vectors:30) nodes=[24:80D86D80:b56f865e:"",25:80D87620:5e3ba9b6:"",26:80D86E40:08abc00d:"",27:80D876E0:8fabdbce:"",28:80D86B60:aa8a00d0:"",29:80D86940:2bb3e679:""] controls=[24:7F41DB00:497d0c93:"",25:7F41D9C0:944e659b:"",26:7F41D780:6f013e89:"",27:7F41DBE0:b2f2afb7:"",28:7F41E500:26fef011:"",29:7F41E2C0:4410b204:""] weights=[20:1,21:1,22:1,23:1,24:1,25:1,26:1,27:1,28:1,29:1] vectors=[24:(1,1,1),25:(1,1,1),26:(1,1,1),27:(1,1,1),28:(1,1,1),29:(1,1,1)]
2026-09-09 18:25:11.541 NATIVE STAIN FIELD DIAG generation=15 node=80D86940 control=7F1BF3C0 changes=N+0x3c:0001e2f0>0001e2f7(1.732453e-040>1.732551e-040) totals=(node:1,control:0)
2026-09-09 18:25:11.549 liquid world emitter sample person=2 emission=2 position=(-0.73520,1.25948,1.65371) direction=(-0.08571,0.99597,-0.02647) source=rebuilt-joint-local-hierarchy
2026-09-09 18:25:11.572 testicular retraction live write person=2 control=46d30240 input=0.242 baseline=0.000 contribution=0.243 output=0.243
2026-09-09 18:25:11.658 NATIVE STAIN ANIMATION DIAG generation=15 emission=2 particle=642 sample_ms=782 update=32aed320 descriptor=65fe5ca0 descriptor_checksum=9d77f642 group_index=0 group=5bc71c20 group_checksum=f4262ca6 counts=(nodes:30,controls:30,weights:30,vectors:30) nodes=[24:80D86D80:36b48283:"",25:80D87620:c501c26b:"",26:80D86E40:724a71f0:"",27:80D876E0:191761b3:"",28:80D86B60:8efe1e6d:"",29:80D86940:d7c84e2c:""] controls=[24:7F41DB00:497d0c93:"",25:7F41D9C0:944e659b:"",26:7F41D780:6f013e89:"",27:7F41DBE0:b2f2afb7:"",28:7F41E500:26fef011:"",29:7F41E2C0:4410b204:""] weights=[20:1,21:1,22:1,23:1,24:1,25:1,26:1,27:1,28:1,29:1] vectors=[24:(1,1,1),25:(1,1,1),26:(1,1,1),27:(1,1,1),28:(1,1,1),29:(1,1,1)]
2026-09-09 18:25:11.658 NATIVE STAIN FIELD DIAG generation=15 node=80D86940 control=7F1BF3C0 changes=N+0x3c:0001e2f7>0001e2fe(1.732551e-040>1.732649e-040) totals=(node:1,control:0)
2026-09-09 18:25:11.676 liquid native stain transform particle=654 frame=001af650 descriptor=65fe5ca0 descriptor_scale=(1.00000,1.00000,1.00000) custom_hit_view=(0.07838,0.04541,-1.57193) custom_ray_view=(0.07258,0.11860,-1.54157)->(0.07303,-0.92123,-0.38211)
2026-09-09 18:25:11.676 liquid native stain contact consumed source=confirmed particle=654 emission=2 retry=0 result=0 count=1 outcome=native-model-hit-impact-ray
2026-09-09 18:25:11.678 liquid native stain frozen update=32aed320 group=5bc71c20 wrapper=7f422ec0 control=7f1c0220 weight=1 mode=property-setter
2026-09-09 18:25:11.678 NATIVE STAIN ANIMATION DIAG generation=16 emission=2 particle=654 sample_ms=0 update=32aed320 descriptor=65fe5ca0 descriptor_checksum=3e5ef089 group_index=0 group=5bc71c20 group_checksum=f4262ca6 counts=(nodes:31,controls:31,weights:31,vectors:31) nodes=[25:80D87620:2c2d2d7e:"",26:80D86E40:e4e61d45:"",27:80D876E0:b0e04e86:"",28:80D86B60:69ba6d18:"",29:80D86940:4f798941:"",30:80D869E0:bdc7415e:""] controls=[25:7F41D9C0:944e659b:"",26:7F41D780:6f013e89:"",27:7F41DBE0:b2f2afb7:"",28:7F41E500:26fef011:"",29:7F41E2C0:4410b204:"",30:7F422EC0:be9c7df4:""] weights=[21:1,22:1,23:1,24:1,25:1,26:1,27:1,28:1,29:1,30:1] vectors=[25:(1,1,1),26:(1,1,1),27:(1,1,1),28:(1,1,1),29:(1,1,1),30:(1,1,1)]
2026-09-09 18:25:11.746 liquid native stain contact consumed source=confirmed particle=657 emission=2 retry=0 result=0 count=1 outcome=native-model-miss-requeued
2026-09-09 18:25:11.770 liquid native stain contact consumed source=confirmed particle=659 emission=2 retry=0 result=0 count=1 outcome=native-model-miss-requeued
2026-09-09 18:25:11.795 liquid native stain contact consumed source=confirmed particle=657 emission=2 retry=1 result=0 count=1 outcome=native-model-miss-requeued
2026-09-09 18:25:11.798 NATIVE STAIN ANIMATION DIAG generation=16 emission=2 particle=654 sample_ms=109 update=32aed320 descriptor=65fe5ca0 descriptor_checksum=50d08f40 group_index=0 group=5bc71c20 group_checksum=f4262ca6 counts=(nodes:34,controls:34,weights:34,vectors:34) nodes=[28:80D86B60:6247272b:"",29:80D86940:4ea6511e:"",30:80D869E0:2570e3d9:"",31:80D86AA0:84fe900c:"",32:80D87BE0:d70c9173:"",33:80D86C20:77013040:""] controls=[28:7F41E500:26fef011:"",29:7F41E2C0:4410b204:"",30:7F422EC0:b3dd35fa:"",31:7F422D20:e142f3e5:"",32:7F4237C0:4d67a34f:"",33:7F423960:74ddf417:""] weights=[24:1,25:1,26:1,27:1,28:1,29:1,30:1,31:1,32:1,33:1] vectors=[28:(1,1,1),29:(1,1,1),30:(1,1,1),31:(1,1,1),32:(1,1,1),33:(1,1,1)]
2026-09-09 18:25:11.807 liquid world emitter sample person=2 emission=2 position=(-0.73520,1.25948,1.65371) direction=(-0.08571,0.99597,-0.02647) source=rebuilt-joint-local-hierarchy
2026-09-09 18:25:11.820 liquid native stain contact consumed source=confirmed particle=659 emission=2 retry=1 result=0 count=1 outcome=native-model-miss-requeued
2026-09-09 18:25:11.822 testicular retraction live write person=2 control=46d30240 input=0.250 baseline=0.000 contribution=0.250 output=0.250
2026-09-09 18:25:11.843 liquid native stain contact consumed source=confirmed particle=657 emission=2 retry=2 result=0 count=1 outcome=native-model-miss-requeued
2026-09-09 18:25:11.866 liquid native stain contact consumed source=confirmed particle=659 emission=2 retry=2 result=0 count=1 outcome=native-model-miss-requeued
2026-09-09 18:25:11.888 liquid native stain contact consumed source=confirmed particle=657 emission=2 retry=3 result=0 count=1 outcome=native-model-miss-final
2026-09-09 18:25:11.909 liquid native stain contact consumed source=confirmed particle=677 emission=2 retry=0 result=0 count=1 outcome=native-model-miss-requeued
2026-09-09 18:25:11.910 NATIVE STAIN ANIMATION DIAG generation=16 emission=2 particle=654 sample_ms=234 update=32aed320 descriptor=65fe5ca0 descriptor_checksum=8eedc4fe group_index=0 group=5bc71c20 group_checksum=f4262ca6 counts=(nodes:39,controls:39,weights:39,vectors:39) nodes=[33:80D86C20:e2bff384:"",34:80D87E00:c5be8ad0:"",35:80D87400:6de839c0:"",36:80D87D60:72584f06:"",37:80D86880:fbd6d055:"",38:80D879C0:8d8ffcbc:""] controls=[33:7F423960:628286c9:"",34:7F4235E0:22b47b42:"",35:7F423D60:4331f1a4:"",36:7F423860:b3ebc5f2:"",37:7F424860:17cbeb5d:"",38:7F423FA0:b280be4c:""] weights=[29:1,30:1,31:1,32:1,33:1,34:1,35:1,36:1,37:1,38:1] vectors=[33:(1,1,1),34:(1,1,1),35:(1,1,1),36:(1,1,1),37:(1,1,1),38:(1,1,1)]
2026-09-09 18:25:11.931 liquid native stain contact consumed source=confirmed particle=659 emission=2 retry=3 result=0 count=1 outcome=native-model-miss-final
2026-09-09 18:25:11.950 liquid native stain contact consumed source=confirmed particle=677 emission=2 retry=1 result=0 count=1 outcome=native-model-miss-requeued
2026-09-09 18:25:11.971 liquid native stain contact consumed source=confirmed particle=685 emission=2 retry=0 result=0 count=1 outcome=native-model-miss-requeued
2026-09-09 18:25:11.994 liquid native stain contact consumed source=confirmed particle=677 emission=2 retry=2 result=0 count=1 outcome=native-model-miss-requeued
2026-09-09 18:25:12.018 liquid native stain contact consumed source=confirmed particle=685 emission=2 retry=1 result=0 count=1 outcome=native-model-miss-requeued
2026-09-09 18:25:12.020 NATIVE STAIN ANIMATION DIAG generation=16 emission=2 particle=654 sample_ms=344 update=32aed320 descriptor=65fe5ca0 descriptor_checksum=5ef16a4d group_index=0 group=5bc71c20 group_checksum=f4262ca6 counts=(nodes:44,controls:44,weights:44,vectors:44) nodes=[38:80D879C0:15b88065:"",39:80D87900:fa244349:"",40:80D877A0:d4a734c4:"",41:80D86CC0:e4559085:"",42:80D87060:d770cd3b:"",43:80D87560:b8b92951:""] controls=[38:7F423FA0:b280be4c:"",39:7F424580:a60c1bc9:"",40:7F423F40:f769e7ca:"",41:7F4252A0:89c75aa3:"",42:7F425020:0678292b:"",43:7F424A80:827050d9:""] weights=[34:1,35:1,36:1,37:1,38:1,39:1,40:1,41:1,42:1,43:1] vectors=[38:(1,1,1),39:(1,1,1),40:(1,1,1),41:(1,1,1),42:(1,1,1),43:(1,1,1)]
2026-09-09 18:25:12.020 NATIVE STAIN FIELD DIAG generation=16 outcome=baseline node=80d87560 control=7f1c7920
2026-09-09 18:25:12.020 memory snapshot label="native-stain-animation-node-baseline" address=80D87560 words=724ba8d4,7f1c6f80,724ba908,724f4190,7f4503e0,4833cb40,01fff0ad,00000000,00000000,00000000,5a0e1bca,00000000,79433dc0,724f4230,00000000,ffffffff,3f800000,3f800000,3f800000,3f800000,00000000,00000000,00000000,00000000
2026-09-09 18:25:12.020 memory snapshot label="native-stain-animation-control-baseline" address=7F1C7920 words=724b9ad4,6871ec40,724b9adc,724f4190,3f800000,00000000,724f4170,6871e9a0,724f4170,00000000,00000000,00000000,00000000,00000000,c0b94648,8d044800,00000000,00000000,00000000,00000000,00000000,00000000,00000000,7f1c7960
2026-09-09 18:25:12.021 liquid deep links event="native-stain-animation-node" object=80d87560 named_or_string_links=0 scan_bytes=96
2026-09-09 18:25:12.021 liquid deep links event="native-stain-animation-control" object=7f1c7920 named_or_string_links=0 scan_bytes=96
2026-09-09 18:25:12.040 liquid native stain contact consumed source=confirmed particle=677 emission=2 retry=3 result=0 count=1 outcome=native-model-miss-final
2026-09-09 18:25:12.052 liquid world emitter sample person=2 emission=2 position=(-0.73520,1.25948,1.65371) direction=(-0.08571,0.99597,-0.02647) source=rebuilt-joint-local-hierarchy
2026-09-09 18:25:12.066 liquid native stain contact consumed source=confirmed particle=713 emission=2 retry=0 result=0 count=1 outcome=native-model-miss-requeued
2026-09-09 18:25:12.067 testicular retraction live write person=2 control=46d30240 input=0.250 baseline=0.000 contribution=0.250 output=0.250
2026-09-09 18:25:12.085 liquid native stain contact consumed source=confirmed particle=685 emission=2 retry=2 result=0 count=1 outcome=native-model-miss-requeued
2026-09-09 18:25:12.104 liquid native stain contact consumed source=confirmed particle=713 emission=2 retry=1 result=0 count=1 outcome=native-model-miss-requeued
2026-09-09 18:25:12.125 liquid native stain contact consumed source=confirmed particle=662 emission=2 retry=0 result=0 count=1 outcome=native-model-miss-final
2026-09-09 18:25:12.146 liquid native stain contact consumed source=confirmed particle=685 emission=2 retry=3 result=0 count=1 outcome=native-model-miss-final
2026-09-09 18:25:12.147 NATIVE STAIN ANIMATION DIAG generation=16 emission=2 particle=654 sample_ms=469 update=32aed320 descriptor=65fe5ca0 descriptor_checksum=339352bd group_index=0 group=5bc71c20 group_checksum=aa626f4d counts=(nodes:50,controls:50,weights:50,vectors:50) nodes=[44:80D87B20:71550bd2:"",45:80D87A80:980e4d4b:"",46:80D87120:ff955d71:"",47:80D87280:5c4bb2e8:"",48:80D88DE0:bd31cc6f:"",49:80D88760:03ffb616:""] controls=[44:7F4250C0:43ddf7b8:"",45:7F4256C0:81002fd5:"",46:7F425B20:8e54b7c2:"",47:7F425B60:7ac2a267:"",48:7F4259E0:f21fad73:"",49:7F425700:9547d7ac:""] weights=[40:1,41:1,42:1,43:1,44:1,45:1,46:1,47:1,48:1,49:1] vectors=[44:(1,1,1),45:(1,1,1),46:(1,1,1),47:(1,1,1),48:(1,1,1),49:(1,1,1)]
2026-09-09 18:25:12.148 NATIVE STAIN FIELD DIAG generation=16 outcome=baseline node=80d88760 control=7f1ab060
2026-09-09 18:25:12.148 memory snapshot label="native-stain-animation-node-baseline" address=80D88760 words=724ba8d4,00000001,724ba908,724f4190,7f451a40,4833cb40,01fff0ad,00000000,00000000,00000000,5a0e1bca,00000000,794342e0,724f4230,00000000,ffffffff,3f800000,3f800000,3f800000,3f800000,00000000,00000000,00000000,00000000
2026-09-09 18:25:12.148 memory snapshot label="native-stain-animation-control-baseline" address=7F1AB060 words=724b9ad4,00000000,724b9adc,724f4190,3f800000,00000000,724f4170,00000000,00000000,00000000,00000000,00000000,00000000,00000000,fe519f70,8d003400,00000000,00000000,00000000,00000000,00000000,00000000,00000000,7f1ab0a0
2026-09-09 18:25:12.149 liquid deep links event="native-stain-animation-node" object=80d88760 named_or_string_links=0 scan_bytes=96
2026-09-09 18:25:12.149 liquid deep links event="native-stain-animation-control" object=7f1ab060 named_or_string_links=0 scan_bytes=96
2026-09-09 18:25:12.169 liquid native stain contact consumed source=confirmed particle=713 emission=2 retry=2 result=0 count=1 outcome=native-model-miss-requeued
2026-09-09 18:25:12.192 liquid native stain contact consumed source=confirmed particle=670 emission=2 retry=0 result=0 count=1 outcome=native-model-miss-final
2026-09-09 18:25:12.211 liquid native stain contact consumed source=confirmed particle=713 emission=2 retry=3 result=0 count=1 outcome=native-model-miss-final
2026-09-09 18:25:12.229 liquid native stain contact consumed source=confirmed particle=696 emission=2 retry=0 result=0 count=1 outcome=native-model-miss-final
2026-09-09 18:25:12.247 liquid native stain transform particle=698 frame=001af650 descriptor=65fe5ca0 descriptor_scale=(1.00000,1.00000,1.00000) custom_hit_view=(0.13802,0.03953,-1.58766) custom_ray_view=(0.13166,0.11403,-1.55733)->(0.07886,-0.92329,-0.37592)
2026-09-09 18:25:12.247 liquid native stain contact consumed source=confirmed particle=698 emission=2 retry=0 result=0 count=1 outcome=native-model-hit-impact-ray
2026-09-09 18:25:12.248 liquid native stain frozen update=32aed320 group=5bc71c20 wrapper=7f426ac0 control=80057680 weight=1 mode=property-setter
2026-09-09 18:25:12.249 NATIVE STAIN ANIMATION DIAG generation=17 emission=2 particle=698 sample_ms=0 update=32aed320 descriptor=65fe5ca0 descriptor_checksum=8e4154f7 group_index=0 group=5bc71c20 group_checksum=aa626f4d counts=(nodes:55,controls:55,weights:55,vectors:55) nodes=[49:80D88760:fd015bce:"",50:80D888E0:d4b0a837:"",51:80D890C0:d1b8810f:"",52:80D89220:c6a77fc2:"",53:80D892E0:29907e53:"",54:80D893A0:328768c8:""] controls=[49:7F425700:9547d7ac:"",50:7F425DE0:b71bcf28:"",51:7F4264C0:40d52afc:"",52:7F4260C0:0c8293c1:"",53:7F425E80:b488deeb:"",54:7F426AC0:2beacf5a:""] weights=[45:1,46:1,47:1,48:1,49:1,50:1,51:1,52:1,53:1,54:1] vectors=[49:(1,1,1),50:(1,1,1),51:(1,1,1),52:(1,1,1),53:(1,1,1),54:(1,1,1)]
2026-09-09 18:25:12.269 liquid native stain contact consumed source=confirmed particle=731 emission=2 retry=0 result=0 count=1 outcome=native-model-miss-final
2026-09-09 18:25:12.290 liquid native stain contact consumed source=confirmed particle=724 emission=2 retry=0 result=0 count=1 outcome=native-model-miss-final
2026-09-09 18:25:12.304 liquid world emitter sample person=2 emission=2 position=(-0.73520,1.25948,1.65371) direction=(-0.08571,0.99597,-0.02647) source=rebuilt-joint-local-hierarchy
2026-09-09 18:25:12.318 testicular retraction live write person=2 control=46d30240 input=0.043 baseline=0.000 contribution=0.043 output=0.043
2026-09-09 18:25:12.366 NATIVE STAIN ANIMATION DIAG generation=17 emission=2 particle=698 sample_ms=125 update=32aed320 descriptor=65fe5ca0 descriptor_checksum=8b84d65d group_index=0 group=5bc71c20 group_checksum=aa626f4d counts=(nodes:57,controls:57,weights:57,vectors:57) nodes=[51:80D890C0:ae99e2c5:"",52:80D89220:2c675488:"",53:80D892E0:0d68fb01:"",54:80D893A0:7f4310fe:"",55:80D88B00:c2931876:"",56:80D88BC0:a0b64081:""] controls=[51:7F4264C0:40d52afc:"",52:7F4260C0:0c8293c1:"",53:7F425E80:b488deeb:"",54:7F426AC0:89f54694:"",55:7F426CA0:e5257712:"",56:7F427100:865d2276:""] weights=[47:1,48:1,49:1,50:1,51:1,52:1,53:1,54:1,55:1,56:1] vectors=[51:(1,1,1),52:(1,1,1),53:(1,1,1),54:(1,1,1),55:(1,1,1),56:(1,1,1)]
2026-09-09 18:25:12.489 NATIVE STAIN ANIMATION DIAG generation=17 emission=2 particle=698 sample_ms=250 update=32aed320 descriptor=65fe5ca0 descriptor_checksum=8b84d65d group_index=0 group=5bc71c20 group_checksum=aa626f4d counts=(nodes:57,controls:57,weights:57,vectors:57) nodes=[51:80D890C0:c19705ad:"",52:80D89220:e7314420:"",53:80D892E0:88203de9:"",54:80D893A0:cd13fc96:"",55:80D88B00:8044cd9e:"",56:80D88BC0:904de969:""] controls=[51:7F4264C0:40d52afc:"",52:7F4260C0:0c8293c1:"",53:7F425E80:b488deeb:"",54:7F426AC0:89f54694:"",55:7F426CA0:e5257712:"",56:7F427100:865d2276:""] weights=[47:1,48:1,49:1,50:1,51:1,52:1,53:1,54:1,55:1,56:1] vectors=[51:(1,1,1),52:(1,1,1),53:(1,1,1),54:(1,1,1),55:(1,1,1),56:(1,1,1)]
2026-09-09 18:25:12.551 ejaculation audio started person=2 emission=2 pulse=3 volume=0.000 path="C:\Users\ErolB\Desktop\Games\TK17\The Klub 17\Extensions\Liquids\Sounds\Ejaculation\Default\cum02.mp3"
2026-09-09 18:25:12.551 testicular retraction pulse person=2 emission=2 pulse=3 baseline=0.000 start=-0.001 target=0.250
2026-09-09 18:25:12.562 testicular retraction applied person=2 emission=2 pulse=3 baseline=0.000 contribution=-0.001 output=0.000
2026-09-09 18:25:12.566 testicular retraction live write person=2 control=46d30240 input=0.000 baseline=0.000 contribution=-0.001 output=0.000
2026-09-09 18:25:12.573 liquid world emitter sample person=2 emission=2 position=(-0.73520,1.25948,1.65371) direction=(-0.08571,0.99597,-0.02647) source=rebuilt-joint-local-hierarchy
2026-09-09 18:25:12.613 NATIVE STAIN ANIMATION DIAG generation=17 emission=2 particle=698 sample_ms=360 update=32aed320 descriptor=65fe5ca0 descriptor_checksum=8b84d65d group_index=0 group=5bc71c20 group_checksum=aa626f4d counts=(nodes:57,controls:57,weights:57,vectors:57) nodes=[51:80D890C0:4799fe83:"",52:80D89220:0539f34e:"",53:80D892E0:7ccd013f:"",54:80D893A0:8156da58:"",55:80D88B00:90af8eb0:"",56:80D88BC0:7696f0bf:""] controls=[51:7F4264C0:40d52afc:"",52:7F4260C0:0c8293c1:"",53:7F425E80:b488deeb:"",54:7F426AC0:89f54694:"",55:7F426CA0:4504152b:"",56:7F427100:3705749d:""] weights=[47:1,48:1,49:1,50:1,51:1,52:1,53:1,54:1,55:1,56:1] vectors=[51:(1,1,1),52:(1,1,1),53:(1,1,1),54:(1,1,1),55:(1,1,1),56:(1,1,1)]
2026-09-09 18:25:12.613 NATIVE STAIN FIELD DIAG generation=17 outcome=baseline node=80d88bc0 control=800598a0
2026-09-09 18:25:12.614 memory snapshot label="native-stain-animation-node-baseline" address=80D88BC0 words=724ba8d4,800587a0,724ba908,724f4190,7f44fd00,4833cb40,01fff0ad,00000000,00000000,00000000,5a0e1bca,00000000,79436260,724f4230,00000000,0001e32c,3f800000,3f800000,3f800000,3f800000,00000000,00000000,00000000,00000000
2026-09-09 18:25:12.614 memory snapshot label="native-stain-animation-control-baseline" address=800598A0 words=724b9ad4,474d7560,724b9adc,724f4190,3f648f69,00000000,724f4170,3f007265,65e65120,65e64bc0,65e64960,65e64d80,65e64840,65e65680,c2437a78,8d025c00,65e63a00,65e635c0,65e63400,65e63c60,65e641a0,65e63360,65e63fe0,800598e0
2026-09-09 18:25:12.615 liquid deep links event="native-stain-animation-node" object=80d88bc0 named_or_string_links=0 scan_bytes=96
2026-09-09 18:25:12.615 liquid deep links event="native-stain-animation-control" object=800598a0 named_or_string_links=0 scan_bytes=96
2026-09-09 18:25:12.731 NATIVE STAIN ANIMATION DIAG generation=17 emission=2 particle=698 sample_ms=485 update=32aed320 descriptor=65fe5ca0 descriptor_checksum=8b84d65d group_index=0 group=5bc71c20 group_checksum=aa626f4d counts=(nodes:57,controls:57,weights:57,vectors:57) nodes=[51:80D890C0:ac881aee:"",52:80D89220:863efb63:"",53:80D892E0:7dc46432:"",54:80D893A0:96942495:"",55:80D88B00:6767387d:"",56:80D88BC0:778e53b2:""] controls=[51:7F4264C0:40d52afc:"",52:7F4260C0:0c8293c1:"",53:7F425E80:b488deeb:"",54:7F426AC0:89f54694:"",55:7F426CA0:4504152b:"",56:7F427100:3705749d:""] weights=[47:1,48:1,49:1,50:1,51:1,52:1,53:1,54:1,55:1,56:1] vectors=[51:(1,1,1),52:(1,1,1),53:(1,1,1),54:(1,1,1),55:(1,1,1),56:(1,1,1)]
2026-09-09 18:25:12.731 NATIVE STAIN FIELD DIAG generation=17 node=80D88BC0 control=800598A0 changes=N+0x3c:0001e32c>0001e331(1.733294e-040>1.733364e-040),C+0x10:3f648f69>3f5ab19f(0.8928133>0.8542728) totals=(node:1,control:1)
2026-09-09 18:25:12.820 testicular retraction live write person=2 control=46d30240 input=0.269 baseline=0.000 contribution=0.265 output=0.265
2026-09-09 18:25:12.829 liquid world emitter sample person=2 emission=2 position=(-0.73520,1.25948,1.65371) direction=(-0.08571,0.99597,-0.02647) source=rebuilt-joint-local-hierarchy
2026-09-09 18:25:12.837 NATIVE STAIN ANIMATION DIAG generation=17 emission=2 particle=698 sample_ms=594 update=32aed320 descriptor=65fe5ca0 descriptor_checksum=8b84d65d group_index=0 group=5bc71c20 group_checksum=aa626f4d counts=(nodes:57,controls:57,weights:57,vectors:57) nodes=[51:80D890C0:5b401dfc:"",52:80D89220:d71a6c51:"",53:80D892E0:d229bfb8:"",54:80D893A0:5253d85f:"",55:80D88B00:7277bbc7:"",56:80D88BC0:11136b38:""] controls=[51:7F4264C0:40d52afc:"",52:7F4260C0:0c8293c1:"",53:7F425E80:b488deeb:"",54:7F426AC0:89f54694:"",55:7F426CA0:4504152b:"",56:7F427100:bc864c4b:""] weights=[47:1,48:1,49:1,50:1,51:1,52:1,53:1,54:1,55:1,56:1] vectors=[51:(1,1,1),52:(1,1,1),53:(1,1,1),54:(1,1,1),55:(1,1,1),56:(1,1,1)]
2026-09-09 18:25:12.838 NATIVE STAIN FIELD DIAG generation=17 node=80D88BC0 control=800598A0 changes=N+0x3c:0001e331>0001e337(1.733364e-040>1.733448e-040),C+0x10:3f5ab19f>3f5191e4(0.8542728>0.8186324) totals=(node:1,control:1)
2026-09-09 18:25:12.867 ejaculation audio finished person=2 emission=2 pulse=3 path="C:\Users\ErolB\Desktop\Games\TK17\The Klub 17\Extensions\Liquids\Sounds\Ejaculation\Default\cum02.mp3"
2026-09-09 18:25:12.955 NATIVE STAIN ANIMATION DIAG generation=17 emission=2 particle=698 sample_ms=703 update=32aed320 descriptor=65fe5ca0 descriptor_checksum=8b84d65d group_index=0 group=5bc71c20 group_checksum=aa626f4d counts=(nodes:57,controls:57,weights:57,vectors:57) nodes=[51:80D890C0:6310337a:"",52:80D89220:89d3d157:"",53:80D892E0:96efe3f6:"",54:80D893A0:ded22309:"",55:80D88B00:38ebc581:"",56:80D88BC0:2a5d9376:""] controls=[51:7F4264C0:40d52afc:"",52:7F4260C0:0c8293c1:"",53:7F425E80:b488deeb:"",54:7F426AC0:89f54694:"",55:7F426CA0:81353c88:"",56:7F427100:3b8c23af:""] weights=[47:1,48:1,49:1,50:1,51:1,52:1,53:1,54:1,55:1,56:1] vectors=[51:(1,1,1),52:(1,1,1),53:(1,1,1),54:(1,1,1),55:(1,1,1),56:(1,1,1)]
2026-09-09 18:25:12.955 NATIVE STAIN FIELD DIAG generation=17 node=80D88BC0 control=800598A0 changes=N+0x3c:0001e337>0001e33d(1.733448e-040>1.733532e-040),C+0x10:3f5191e4>3f47bb4d(0.8186324>0.7802017) totals=(node:1,control:1)
2026-09-09 18:25:13.061 NATIVE STAIN ANIMATION DIAG generation=17 emission=2 particle=698 sample_ms=813 update=32aed320 descriptor=65fe5ca0 descriptor_checksum=8b84d65d group_index=0 group=5bc71c20 group_checksum=aa626f4d counts=(nodes:57,controls:57,weights:57,vectors:57) nodes=[51:80D890C0:e48e6828:"",52:80D89220:e0253d25:"",53:80D892E0:4a9880ec:"",54:80D893A0:42a24573:"",55:80D88B00:8f52cf7b:"",56:80D88BC0:02b1ba6c:""] controls=[51:7F4264C0:40d52afc:"",52:7F4260C0:0c8293c1:"",53:7F425E80:b488deeb:"",54:7F426AC0:89f54694:"",55:7F426CA0:81353c88:"",56:7F427100:2121e38f:""] weights=[47:1,48:1,49:1,50:1,51:1,52:1,53:1,54:1,55:1,56:1] vectors=[51:(1,1,1),52:(1,1,1),53:(1,1,1),54:(1,1,1),55:(1,1,1),56:(1,1,1)]
2026-09-09 18:25:13.061 NATIVE STAIN FIELD DIAG generation=17 node=80D88BC0 control=800598A0 changes=N+0x3c:0001e33d>0001e343(1.733532e-040>1.733616e-040),C+0x10:3f47bb4d>3f3e9a50(0.7802017>0.7445421) totals=(node:1,control:1)
2026-09-09 18:25:13.071 liquid world emitter sample person=2 emission=2 position=(-0.73520,1.25948,1.65371) direction=(-0.08571,0.99597,-0.02647) source=rebuilt-joint-local-hierarchy
2026-09-09 18:25:13.084 testicular retraction live write person=2 control=46d30240 input=0.243 baseline=0.000 contribution=0.244 output=0.244
2026-09-09 18:25:13.170 liquid native stain contact consumed source=confirmed particle=758 emission=2 retry=0 result=0 count=1 outcome=native-model-miss-requeued
2026-09-09 18:25:13.171 NATIVE STAIN ANIMATION DIAG generation=17 emission=2 particle=698 sample_ms=922 update=32aed320 descriptor=65fe5ca0 descriptor_checksum=35023a56 group_index=0 group=5bc71c20 group_checksum=aa626f4d counts=(nodes:58,controls:58,weights:58,vectors:58) nodes=[52:80D89220:5081a12b:"",53:80D892E0:21368bea:"",54:80D893A0:39e84b1d:"",55:80D88B00:3d7aaf35:"",56:80D88BC0:b034a96a:"",57:80D88F40:8c1c3703:""] controls=[52:7F4260C0:0c8293c1:"",53:7F425E80:b488deeb:"",54:7F426AC0:89f54694:"",55:7F426CA0:81353c88:"",56:7F427100:3b8c23af:"",57:7F4277E0:39a118af:""] weights=[48:1,49:1,50:1,51:1,52:1,53:1,54:1,55:1,56:1,57:1] vectors=[52:(1,1,1),53:(1,1,1),54:(1,1,1),55:(1,1,1),56:(1,1,1),57:(1,1,1)]
2026-09-09 18:25:13.171 NATIVE STAIN FIELD DIAG generation=17 outcome=baseline node=80d88f40 control=800590c0
2026-09-09 18:25:13.171 memory snapshot label="native-stain-animation-node-baseline" address=80D88F40 words=724ba8d4,002d0031,724ba908,724f4190,7f450900,4833cb40,01fff0ad,00000000,00000000,00000000,5a0e1bca,00000000,79433dc0,724f4230,00000000,ffffffff,3f800000,3f800000,3f800000,3f800000,00000000,00000000,00000000,00000000
2026-09-09 18:25:13.172 memory snapshot label="native-stain-animation-control-baseline" address=800590C0 words=724b9ad4,6871ec40,724b9adc,724f4190,3f800000,00000000,724f4170,6871e9a0,3f800000,3d6aac10,3fd1a524,3d6ab058,3fcd5bd5,3d6ab4a0,c37f7b7c,8d024a60,65e772e0,65e76a00,65e76bc0,65e76960,65e768c0,65e76820,65e77380,80059100
2026-09-09 18:25:13.173 liquid deep links event="native-stain-animation-node" object=80d88f40 named_or_string_links=0 scan_bytes=96
2026-09-09 18:25:13.173 liquid deep links event="native-stain-animation-control" object=800590c0 named_or_string_links=0 scan_bytes=96
2026-09-09 18:25:13.208 liquid native stain transform particle=761 frame=001af650 descriptor=65fe5ca0 descriptor_scale=(1.00000,1.00000,1.00000) custom_hit_view=(0.06715,0.04469,-1.56907) custom_ray_view=(0.06163,0.11720,-1.53992)->(0.07043,-0.92555,-0.37203)
2026-09-09 18:25:13.208 liquid native stain contact consumed source=confirmed particle=761 emission=2 retry=0 result=0 count=1 outcome=native-model-hit-impact-ray
2026-09-09 18:25:13.209 liquid native stain frozen update=32aed320 group=5bc71c20 wrapper=7f427640 control=8005a1e0 weight=1 mode=property-setter
2026-09-09 18:25:13.210 NATIVE STAIN ANIMATION DIAG generation=18 emission=2 particle=761 sample_ms=0 update=32aed320 descriptor=65fe5ca0 descriptor_checksum=f89904c0 group_index=0 group=5bc71c20 group_checksum=aa626f4d counts=(nodes:59,controls:59,weights:59,vectors:59) nodes=[53:80D892E0:41f48db4:"",54:80D893A0:8fac62eb:"",55:80D88B00:30dabd43:"",56:80D88BC0:895f1d34:"",57:80D88F40:a5ddef14:"",58:80D88820:a9aca0e1:""] controls=[53:7F425E80:b488deeb:"",54:7F426AC0:89f54694:"",55:7F426CA0:81353c88:"",56:7F427100:da7b1d87:"",57:7F4277E0:e34abc48:"",58:7F427640:5bcc9f02:""] weights=[49:1,50:1,51:1,52:1,53:1,54:1,55:1,56:1,57:1,58:1] vectors=[53:(1,1,1),54:(1,1,1),55:(1,1,1),56:(1,1,1),57:(1,1,1),58:(1,1,1)]
2026-09-09 18:25:13.234 liquid native stain contact consumed source=confirmed particle=758 emission=2 retry=1 result=0 count=1 outcome=native-model-miss-requeued
2026-09-09 18:25:13.255 liquid native stain contact consumed source=confirmed particle=763 emission=2 retry=0 result=0 count=1 outcome=native-model-miss-requeued
2026-09-09 18:25:13.279 liquid native stain contact consumed source=confirmed particle=758 emission=2 retry=2 result=0 count=1 outcome=native-model-miss-requeued
2026-09-09 18:25:13.300 liquid native stain contact consumed source=confirmed particle=766 emission=2 retry=0 result=0 count=1 outcome=native-model-miss-requeued
2026-09-09 18:25:13.331 liquid native stain contact consumed source=confirmed particle=758 emission=2 retry=3 result=0 count=1 outcome=native-model-miss-final
2026-09-09 18:25:13.333 NATIVE STAIN ANIMATION DIAG generation=18 emission=2 particle=761 sample_ms=125 update=32aed320 descriptor=65fe5ca0 descriptor_checksum=fb2481f6 group_index=0 group=5bc71c20 group_checksum=aa626f4d counts=(nodes:64,controls:64,weights:64,vectors:64) nodes=[58:80D88820:6203c89d:"",59:80D88C60:7de068fb:"",60:80D88480:81a839aa:"",61:80D89460:af9a447c:"",62:80D88D20:7bf77683:"",63:80D88260:a37251f0:""] controls=[58:7F427640:45abfefc:"",59:7F427960:5efac289:"",60:7F426DE0:d6308e02:"",61:7F4276E0:eec7f944:"",62:7F4271A0:a1d2e6ea:"",63:7F427F60:17d8cf80:""] weights=[54:1,55:1,56:1,57:1,58:1,59:1,60:1,61:1,62:1,63:1] vectors=[58:(1,1,1),59:(1,1,1),60:(1,1,1),61:(1,1,1),62:(1,1,1),63:(1,1,1)]
2026-09-09 18:25:13.333 testicular retraction live write person=2 control=46d30240 input=0.250 baseline=0.000 contribution=0.250 output=0.250
2026-09-09 18:25:13.343 liquid world emitter sample person=2 emission=2 position=(-0.73520,1.25948,1.65371) direction=(-0.08571,0.99597,-0.02647) source=rebuilt-joint-local-hierarchy
2026-09-09 18:25:13.358 liquid native stain contact consumed source=confirmed particle=771 emission=2 retry=0 result=0 count=1 outcome=native-model-miss-requeued
2026-09-09 18:25:13.382 liquid native stain contact consumed source=confirmed particle=763 emission=2 retry=1 result=0 count=1 outcome=native-model-miss-requeued
2026-09-09 18:25:13.407 liquid native stain contact consumed source=confirmed particle=771 emission=2 retry=1 result=0 count=1 outcome=native-model-miss-requeued
2026-09-09 18:25:13.428 liquid native stain contact consumed source=confirmed particle=763 emission=2 retry=2 result=0 count=1 outcome=native-model-miss-final
2026-09-09 18:25:13.456 liquid native stain contact consumed source=confirmed particle=771 emission=2 retry=2 result=0 count=1 outcome=native-model-miss-requeued
2026-09-09 18:25:13.457 NATIVE STAIN ANIMATION DIAG generation=18 emission=2 particle=761 sample_ms=250 update=32aed320 descriptor=65fe5ca0 descriptor_checksum=f1fed188 group_index=0 group=5bc71c20 group_checksum=74424527 counts=(nodes:69,controls:69,weights:69,vectors:69) nodes=[63:80D88260:8d92e7b9:"",64:80D87EC0:9c378644:"",65:80D89000:51f12e6d:"",66:80D88320:1cc76ffa:"",67:80D89180:fbe6a9f7:"",68:80D88600:d355358f:""] controls=[63:7F427F60:a30831f5:"",64:7F427C40:54801d08:"",65:7F418780:c61b231e:"",66:7F4187E0:6232d969:"",67:7F418820:d0357b2e:"",68:7F418AA0:9db6e60a:""] weights=[59:1,60:1,61:1,62:1,63:1,64:1,65:1,66:1,67:1,68:1] vectors=[63:(1,1,1),64:(1,1,1),65:(1,1,1),66:(1,1,1),67:(1,1,1),68:(1,1,1)]
2026-09-09 18:25:13.483 liquid native stain contact consumed source=confirmed particle=784 emission=2 retry=0 result=0 count=1 outcome=native-model-miss-requeued
2026-09-09 18:25:13.504 liquid native stain contact consumed source=confirmed particle=771 emission=2 retry=3 result=0 count=1 outcome=native-model-miss-final
2026-09-09 18:25:13.524 liquid native stain contact consumed source=confirmed particle=784 emission=2 retry=1 result=0 count=1 outcome=native-model-miss-requeued
2026-09-09 18:25:13.546 liquid native stain contact consumed source=confirmed particle=805 emission=2 retry=0 result=0 count=1 outcome=native-model-miss-requeued
2026-09-09 18:25:13.572 liquid native stain contact consumed source=confirmed particle=784 emission=2 retry=2 result=0 count=1 outcome=native-model-miss-requeued
2026-09-09 18:25:13.573 NATIVE STAIN ANIMATION DIAG generation=18 emission=2 particle=761 sample_ms=359 update=32aed320 descriptor=65fe5ca0 descriptor_checksum=779ac3ca group_index=0 group=5bc71c20 group_checksum=74424527 counts=(nodes:74,controls:74,weights:74,vectors:74) nodes=[68:80D88600:f5757a11:"",69:80D897E0:3477d0e5:"",70:80D895C0:8cb25d5c:"",71:80D898A0:dee82b68:"",72:80D8A360:a63fa396:"",73:80D89960:94809081:""] controls=[68:7F418AA0:cd69f4b9:"",69:7F418B00:56f046f8:"",70:7F419400:ab181157:"",71:7F419140:3bcff868:"",72:7F418E60:c7362d13:"",73:7F4190A0:cc3a1e12:""] weights=[64:1,65:1,66:1,67:1,68:1,69:1,70:1,71:1,72:1,73:1] vectors=[68:(1,1,1),69:(1,1,1),70:(1,1,1),71:(1,1,1),72:(1,1,1),73:(1,1,1)]
2026-09-09 18:25:13.573 NATIVE STAIN FIELD DIAG generation=18 outcome=baseline node=80d89960 control=80064200
2026-09-09 18:25:13.573 memory snapshot label="native-stain-animation-node-baseline" address=80D89960 words=724ba8d4,00000000,724ba908,724f4190,7f452ee0,4833cb40,01fff0ad,00000000,00000000,00000000,5a0e1bca,00000000,794334c0,724f4230,00000000,ffffffff,3f800000,3f800000,3f800000,3f800000,00000000,00000000,00000000,00000000
2026-09-09 18:25:13.574 memory snapshot label="native-stain-animation-control-baseline" address=80064200 words=724b9ad4,61685374,724b9adc,724f4190,3f800000,00000000,724f4170,00657061,51d89100,51cc0be0,d5150126,8d03dfa0,3f59d724,0a1c1150,3f6a1cc4,80064230,00000000,00000000,081d43a0,00000000,00000001,72510104,00000001,00000001
2026-09-09 18:25:13.574 liquid deep links event="native-stain-animation-node" object=80d89960 named_or_string_links=0 scan_bytes=96
2026-09-09 18:25:13.575 liquid deep string event="native-stain-animation-control" object=80064200 offset=0x01c pointer=00657061 text="?e"
2026-09-09 18:25:13.587 liquid world emitter sample person=2 emission=2 position=(-0.73520,1.25948,1.65371) direction=(-0.08571,0.99597,-0.02647) source=rebuilt-joint-local-hierarchy
2026-09-09 18:25:13.601 liquid native stain contact consumed source=confirmed particle=805 emission=2 retry=1 result=0 count=1 outcome=native-model-miss-requeued
2026-09-09 18:25:13.602 testicular retraction live write person=2 control=46d30240 input=0.250 baseline=0.000 contribution=0.250 output=0.250
2026-09-09 18:25:13.627 liquid native stain contact consumed source=confirmed particle=784 emission=2 retry=3 result=0 count=1 outcome=native-model-miss-final
2026-09-09 18:25:13.648 liquid native stain contact consumed source=confirmed particle=805 emission=2 retry=2 result=0 count=1 outcome=native-model-miss-requeued
2026-09-09 18:25:13.672 liquid native stain contact consumed source=confirmed particle=766 emission=2 retry=1 result=0 count=1 outcome=native-model-miss-final
2026-09-09 18:25:13.693 liquid native stain contact consumed source=confirmed particle=769 emission=2 retry=0 result=0 count=1 outcome=native-model-miss-final
2026-09-09 18:25:13.694 NATIVE STAIN ANIMATION DIAG generation=18 emission=2 particle=761 sample_ms=484 update=32aed320 descriptor=65fe5ca0 descriptor_checksum=3421e203 group_index=0 group=5bc71c20 group_checksum=74424527 counts=(nodes:79,controls:79,weights:79,vectors:79) nodes=[73:80D89960:47500856:"",74:80D89DA0:3696f29a:"",75:80D89E60:36ee5196:"",76:80D8A5A0:221ff0cd:"",77:80D8AAA0:b5342931:"",78:80D8AB60:13088584:""] controls=[73:7F4190A0:cc3a1e12:"",74:7F4198C0:ca311641:"",75:7F4197C0:1184eed9:"",76:7F419680:8496212b:"",77:7F4199A0:57327121:"",78:7F419B80:477939b5:""] weights=[69:1,70:1,71:1,72:1,73:1,74:1,75:1,76:1,77:1,78:1] vectors=[73:(1,1,1),74:(1,1,1),75:(1,1,1),76:(1,1,1),77:(1,1,1),78:(1,1,1)]
2026-09-09 18:25:13.694 NATIVE STAIN FIELD DIAG generation=18 outcome=baseline node=80d8ab60 control=800665e0
2026-09-09 18:25:13.695 memory snapshot label="native-stain-animation-node-baseline" address=80D8AB60 words=724ba8d4,724f4170,724ba908,724f4190,7f454c20,4833cb40,01fff0ad,00000000,00000000,00000000,5a0e1bca,00000000,794337a0,724f4230,00000000,ffffffff,3f800000,3f800000,3f800000,3f800000,00000000,00000000,00000000,00000000
2026-09-09 18:25:13.695 memory snapshot label="native-stain-animation-control-baseline" address=800665E0 words=724b9ad4,38ef1560,724b9adc,724f4190,3f800000,00000000,724f4170,4895da20,50d90b00,50ab3ba0,d99905a2,8d043140,5122d2a0,5130acc0,51228de0,80066610,00000000,00000000,081d43a0,00000000,00000001,72510104,00000001,00000001
2026-09-09 18:25:13.696 liquid deep links event="native-stain-animation-node" object=80d8ab60 named_or_string_links=0 scan_bytes=96
2026-09-09 18:25:13.696 liquid deep links event="native-stain-animation-control" object=800665e0 named_or_string_links=0 scan_bytes=96
2026-09-09 18:25:13.749 liquid native stain contact consumed source=confirmed particle=805 emission=2 retry=3 result=0 count=1 outcome=native-model-miss-final
2026-09-09 18:25:13.773 liquid native stain contact consumed source=confirmed particle=773 emission=2 retry=0 result=0 count=1 outcome=native-model-miss-final
2026-09-09 18:25:13.796 liquid native stain contact consumed source=confirmed particle=779 emission=2 retry=0 result=0 count=1 outcome=native-model-miss-final
2026-09-09 18:25:13.821 liquid native stain contact consumed source=confirmed particle=787 emission=2 retry=0 result=0 count=1 outcome=native-model-miss-final
2026-09-09 18:25:13.823 NATIVE STAIN ANIMATION DIAG generation=18 emission=2 particle=761 sample_ms=609 update=32aed320 descriptor=65fe5ca0 descriptor_checksum=93a7fc4f group_index=0 group=5bc71c20 group_checksum=74424527 counts=(nodes:83,controls:83,weights:83,vectors:83) nodes=[77:80D8AAA0:af247abd:"",78:80D8AB60:54c0c18f:"",79:80D8A7C0:bddbcd92:"",80:80D8A080:9e01244e:"",81:80D89A20:7568fafe:"",82:80D89680:f1fe10dd:""] controls=[77:7F4199A0:57327121:"",78:7F419B80:56810b3f:"",79:7F41DDC0:62b2d11a:"",80:7F41E180:787fda2c:"",81:7F41E900:4a227544:"",82:7F41E7C0:be4159f4:""] weights=[73:1,74:1,75:1,76:1,77:1,78:1,79:1,80:1,81:1,82:1] vectors=[77:(1,1,1),78:(1,1,1),79:(1,1,1),80:(1,1,1),81:(1,1,1),82:(1,1,1)]
2026-09-09 18:25:13.823 NATIVE STAIN FIELD DIAG generation=18 outcome=baseline node=80d89680 control=80068cc0
2026-09-09 18:25:13.823 memory snapshot label="native-stain-animation-node-baseline" address=80D89680 words=724ba8d4,724f42f8,724ba908,724f4190,7f4567a0,4833cb40,01fff0ad,00000000,00000000,00000000,5a0e1bca,00000000,794338c0,724f4230,00000000,ffffffff,3f800000,3f800000,3f800000,3f800000,00000000,00000000,00000000,00000000
2026-09-09 18:25:13.824 memory snapshot label="native-stain-animation-control-baseline" address=80068CC0 words=724b9ad4,6871ec40,724b9adc,724f4190,3f800000,00000000,724f4170,6871e9a0,3fccf6fb,3d6aac10,3fcf2a7a,3d6ab058,3fcf5c14,3d6ab4a0,dcff18fc,8d048a80,3f5a28da,0a1c1150,3f69a6ab,3d6a5ab8,3f69a6ab,3d6a78b0,3f683420,80068d00
2026-09-09 18:25:13.825 liquid deep links event="native-stain-animation-node" object=80d89680 named_or_string_links=0 scan_bytes=96
2026-09-09 18:25:13.825 liquid deep links event="native-stain-animation-control" object=80068cc0 named_or_string_links=0 scan_bytes=96
2026-09-09 18:25:13.835 liquid world emitter sample person=2 emission=2 position=(-0.73520,1.25948,1.65371) direction=(-0.08571,0.99597,-0.02647) source=rebuilt-joint-local-hierarchy
2026-09-09 18:25:13.848 liquid native stain contact consumed source=confirmed particle=825 emission=2 retry=0 result=0 count=1 outcome=native-model-miss-final
2026-09-09 18:25:13.849 testicular retraction live write person=2 control=46d30240 input=0.043 baseline=0.000 contribution=0.031 output=0.031
2026-09-09 18:25:13.870 liquid native stain contact consumed source=confirmed particle=832 emission=2 retry=0 result=0 count=1 outcome=native-model-miss-final
2026-09-09 18:25:13.926 NATIVE STAIN ANIMATION DIAG generation=18 emission=2 particle=761 sample_ms=719 update=32aed320 descriptor=65fe5ca0 descriptor_checksum=954afd3b group_index=0 group=5bc71c20 group_checksum=74424527 counts=(nodes:85,controls:85,weights:85,vectors:85) nodes=[79:80D8A7C0:1663cec5:"",80:80D8A080:0184a901:"",81:80D89A20:5be109b1:"",82:80D89680:f176f611:"",83:80D8A920:379007f4:"",84:80D89F20:b01ef5fc:""] controls=[79:7F41DDC0:62b2d11a:"",80:7F41E180:a59a04e8:"",81:7F41E900:4a227544:"",82:7F41E7C0:be4159f4:"",83:7F41EAE0:d5c80196:"",84:7F41E720:7efab5ff:""] weights=[75:1,76:1,77:1,78:1,79:1,80:1,81:1,82:1,83:1,84:1] vectors=[79:(1,1,1),80:(1,1,1),81:(1,1,1),82:(1,1,1),83:(1,1,1),84:(1,1,1)]
2026-09-09 18:25:13.926 NATIVE STAIN FIELD DIAG generation=18 outcome=baseline node=80d89f20 control=8004a260
2026-09-09 18:25:13.926 memory snapshot label="native-stain-animation-node-baseline" address=80D89F20 words=724ba8d4,724f4170,724ba908,724f4190,7f457de0,4833cb40,01fff0ad,00000000,00000000,00000000,5a0e1bca,00000000,79436260,724f4230,00000000,0001e368,3f800000,3f800000,3f800000,3f800000,00000000,00000000,00000000,00000000
2026-09-09 18:25:13.927 memory snapshot label="native-stain-animation-control-baseline" address=8004A260 words=724b9ad4,3f800000,724b9adc,724f4190,3f7af632,00000000,724f4170,3f800000,3f800000,3b07a8a0,e1095d32,80002960,3ea3ab05,0a1c1150,3fccf6fb,00000000,00000000,00000000,00000000,00000000,00000000,7250e188,00000008,00000008
2026-09-09 18:25:13.928 liquid deep links event="native-stain-animation-node" object=80d89f20 named_or_string_links=0 scan_bytes=96
2026-09-09 18:25:13.928 liquid deep string event="native-stain-animation-control" object=8004a260 offset=0x010 pointer=3f7af632 text="<"
2026-09-09 18:25:14.053 ejaculation audio started person=2 emission=2 pulse=4 volume=0.000 path="C:\Users\ErolB\Desktop\Games\TK17\The Klub 17\Extensions\Liquids\Sounds\Ejaculation\Default\cum03.mp3"
2026-09-09 18:25:14.053 testicular retraction pulse person=2 emission=2 pulse=4 baseline=0.000 start=-0.001 target=0.250
2026-09-09 18:25:14.064 NATIVE STAIN ANIMATION DIAG generation=18 emission=2 particle=761 sample_ms=844 update=32aed320 descriptor=65fe5ca0 descriptor_checksum=954afd3b group_index=0 group=5bc71c20 group_checksum=74424527 counts=(nodes:85,controls:85,weights:85,vectors:85) nodes=[79:80D8A7C0:39826d0f:"",80:80D8A080:1dac2c53:"",81:80D89A20:ae129ec3:"",82:80D89680:211bdc23:"",83:80D8A920:0f3703e6:"",84:80D89F20:0166f2ee:""] controls=[79:7F41DDC0:62b2d11a:"",80:7F41E180:a59a04e8:"",81:7F41E900:4a227544:"",82:7F41E7C0:be4159f4:"",83:7F41EAE0:d5c80196:"",84:7F41E720:7efab5ff:""] weights=[75:1,76:1,77:1,78:1,79:1,80:1,81:1,82:1,83:1,84:1] vectors=[79:(1,1,1),80:(1,1,1),81:(1,1,1),82:(1,1,1),83:(1,1,1),84:(1,1,1)]
2026-09-09 18:25:14.064 NATIVE STAIN FIELD DIAG generation=18 node=80D89F20 control=8004A260 changes=N+0x3c:0001e368>0001e36e(1.734135e-040>1.734219e-040),C+0x10:3f7af632>3f6f49e1(0.9803191>0.9347211),C+0x2c:80002960>8c002960(-1.484255e-041>-9.873212e-032),C+0x30:3ea3ab05>8f821e88(0.3196642>-1.283075e-029),C+0x34:0a1c1150>8004a290(7.514383e-033>-4.256584e-040),C+0x38:3fccf6fb>00000003(1.601287>4.203895e-045),C+0x3c:00000000>8f821e5c(0>-1.283068e-029),C+0x40:00000000>ffffffff(0>0),C+0x44:00000000>ffffffff(0>0),C+0x54:7250e188>020007d0(4.137314e+030>9.406197e-038),C+0x58:00000008>7f41f8c8(1.121039e-044>2.578327e+038),C+0x5c:00000008>00000001(1.121039e-044>1.401298e-045) totals=(node:1,control:11)
2026-09-09 18:25:14.065 testicular retraction applied person=2 emission=2 pulse=4 baseline=0.000 contribution=-0.001 output=0.000
2026-09-09 18:25:14.095 liquid world emitter sample person=2 emission=2 position=(-0.73520,1.25948,1.65371) direction=(-0.08571,0.99597,-0.02647) source=rebuilt-joint-local-hierarchy
2026-09-09 18:25:14.103 testicular retraction live write person=2 control=46d30240 input=0.254 baseline=0.000 contribution=0.270 output=0.270
2026-09-09 18:25:14.169 NATIVE STAIN ANIMATION DIAG generation=18 emission=2 particle=761 sample_ms=953 update=32aed320 descriptor=65fe5ca0 descriptor_checksum=954afd3b group_index=0 group=5bc71c20 group_checksum=74424527 counts=(nodes:85,controls:85,weights:85,vectors:85) nodes=[79:80D8A7C0:639652c9:"",80:80D8A080:52da358d:"",81:80D89A20:e1ab5b5d:"",82:80D89680:8470bcbd:"",83:80D8A920:16b88398:"",84:80D89F20:9e3812d0:""] controls=[79:7F41DDC0:62b2d11a:"",80:7F41E180:a59a04e8:"",81:7F41E900:4a227544:"",82:7F41E7C0:be4159f4:"",83:7F41EAE0:d5c80196:"",84:7F41E720:7efab5ff:""] weights=[75:1,76:1,77:1,78:1,79:1,80:1,81:1,82:1,83:1,84:1] vectors=[79:(1,1,1),80:(1,1,1),81:(1,1,1),82:(1,1,1),83:(1,1,1),84:(1,1,1)]
2026-09-09 18:25:14.170 NATIVE STAIN FIELD DIAG generation=18 node=80D89F20 control=8004A260 changes=N+0x3c:0001e36e>0001e374(1.734219e-040>1.734303e-040),C+0x10:3f6f49e1>3f66591d(0.9347211>0.8997973) totals=(node:1,control:1)
2026-09-09 18:25:14.273 ejaculation audio finished person=2 emission=2 pulse=4 path="C:\Users\ErolB\Desktop\Games\TK17\The Klub 17\Extensions\Liquids\Sounds\Ejaculation\Default\cum03.mp3"
2026-09-09 18:25:14.285 NATIVE STAIN ANIMATION DIAG generation=18 emission=2 particle=761 sample_ms=1078 update=32aed320 descriptor=65fe5ca0 descriptor_checksum=954afd3b group_index=0 group=5bc71c20 group_checksum=74424527 counts=(nodes:85,controls:85,weights:85,vectors:85) nodes=[79:80D8A7C0:3cd39263:"",80:80D8A080:3577841f:"",81:80D89A20:2999026f:"",82:80D89680:1f14d4cf:"",83:80D8A920:f2ba035a:"",84:80D89F20:6a5102c2:""] controls=[79:7F41DDC0:62b2d11a:"",80:7F41E180:a59a04e8:"",81:7F41E900:4a227544:"",82:7F41E7C0:be4159f4:"",83:7F41EAE0:d5c80196:"",84:7F41E720:7efab5ff:""] weights=[75:1,76:1,77:1,78:1,79:1,80:1,81:1,82:1,83:1,84:1] vectors=[79:(1,1,1),80:(1,1,1),81:(1,1,1),82:(1,1,1),83:(1,1,1),84:(1,1,1)]
2026-09-09 18:25:14.285 NATIVE STAIN FIELD DIAG generation=18 node=80D89F20 control=8004A260 changes=N+0x3c:0001e374>0001e37a(1.734303e-040>1.734387e-040),C+0x10:3f66591d>3f5ca1c2(0.8997973>0.8618432),C+0x2c:8c002960>80002960(-9.873212e-032>-1.484255e-041),C+0x30:8f821e88>3ea3ab05(-1.283075e-029>0.3196642),C+0x34:8004a290>0a1c1150(-4.256584e-040>7.514383e-033),C+0x38:00000003>3fccf6fb(4.203895e-045>1.601287),C+0x3c:8f821e5c>00000000(-1.283068e-029>0),C+0x40:ffffffff>00000000(0>0),C+0x44:ffffffff>00000000(0>0),C+0x54:020007d0>7250e408(9.406197e-038>4.137508e+030),C+0x58:7f41f8c8>00000008(2.578327e+038>1.121039e-044),C+0x5c:00000001>00000008(1.401298e-045>1.121039e-044) totals=(node:1,control:11)
2026-09-09 18:25:14.345 liquid world emitter sample person=2 emission=2 position=(-0.73520,1.25948,1.65371) direction=(-0.08571,0.99597,-0.02647) source=rebuilt-joint-local-hierarchy
2026-09-09 18:25:14.353 testicular retraction live write person=2 control=46d30240 input=0.262 baseline=0.000 contribution=0.259 output=0.259
2026-09-09 18:25:14.402 NATIVE STAIN ANIMATION DIAG generation=18 emission=2 particle=761 sample_ms=1188 update=32aed320 descriptor=65fe5ca0 descriptor_checksum=954afd3b group_index=0 group=5bc71c20 group_checksum=74424527 counts=(nodes:85,controls:85,weights:85,vectors:85) nodes=[79:80D8A7C0:88441bbc:"",80:80D8A080:658e2478:"",81:80D89A20:a26c4368:"",82:80D89680:1ea20c88:"",83:80D8A920:9d3153ed:"",84:80D89F20:5af9db85:""] controls=[79:7F41DDC0:62b2d11a:"",80:7F41E180:a59a04e8:"",81:7F41E900:4a227544:"",82:7F41E7C0:be4159f4:"",83:7F41EAE0:d5c80196:"",84:7F41E720:7efab5ff:""] weights=[75:1,76:1,77:1,78:1,79:1,80:1,81:1,82:1,83:1,84:1] vectors=[79:(1,1,1),80:(1,1,1),81:(1,1,1),82:(1,1,1),83:(1,1,1),84:(1,1,1)]
2026-09-09 18:25:14.402 NATIVE STAIN FIELD DIAG generation=18 node=80D89F20 control=8004A260 changes=N+0x3c:0001e37a>0001e381(1.734387e-040>1.734485e-040),C+0x10:3f5ca1c2>3f52b0dd(0.8618432>0.8230112) totals=(node:1,control:1)
2026-09-09 18:25:14.513 NATIVE STAIN ANIMATION DIAG generation=18 emission=2 particle=761 sample_ms=1297 update=32aed320 descriptor=65fe5ca0 descriptor_checksum=954afd3b group_index=0 group=5bc71c20 group_checksum=74424527 counts=(nodes:85,controls:85,weights:85,vectors:85) nodes=[79:80D8A7C0:8d992dae:"",80:80D8A080:ec6121f2:"",81:80D89A20:345e34a2:"",82:80D89680:b8e237c2:"",83:80D8A920:58f107b7:"",84:80D89F20:d0839fcf:""] controls=[79:7F41DDC0:62b2d11a:"",80:7F41E180:a59a04e8:"",81:7F41E900:4a227544:"",82:7F41E7C0:be4159f4:"",83:7F41EAE0:d5c80196:"",84:7F41E720:7efab5ff:""] weights=[75:1,76:1,77:1,78:1,79:1,80:1,81:1,82:1,83:1,84:1] vectors=[79:(1,1,1),80:(1,1,1),81:(1,1,1),82:(1,1,1),83:(1,1,1),84:(1,1,1)]
2026-09-09 18:25:14.514 NATIVE STAIN FIELD DIAG generation=18 node=80D89F20 control=8004A260 changes=N+0x3c:0001e381>0001e387(1.734485e-040>1.734569e-040),C+0x10:3f52b0dd>3f4983d4(0.8230112>0.7871678) totals=(node:1,control:1)
2026-09-09 18:25:14.600 liquid world emitter sample person=2 emission=2 position=(-0.73520,1.25948,1.65371) direction=(-0.08571,0.99597,-0.02647) source=rebuilt-joint-local-hierarchy
2026-09-09 18:25:14.608 testicular retraction live write person=2 control=46d30240 input=0.244 baseline=0.000 contribution=0.247 output=0.247
2026-09-09 18:25:14.631 NATIVE STAIN ANIMATION DIAG generation=18 emission=2 particle=761 sample_ms=1422 update=32aed320 descriptor=65fe5ca0 descriptor_checksum=954afd3b group_index=0 group=5bc71c20 group_checksum=74424527 counts=(nodes:85,controls:85,weights:85,vectors:85) nodes=[79:80D8A7C0:ab816280:"",80:80D8A080:0c345b04:"",81:80D89A20:dfc4cdf4:"",82:80D89680:ae49a014:"",83:80D8A920:b3ac43b1:"",84:80D89F20:4cfc52f9:""] controls=[79:7F41DDC0:62b2d11a:"",80:7F41E180:a59a04e8:"",81:7F41E900:4a227544:"",82:7F41E7C0:be4159f4:"",83:7F41EAE0:d5c80196:"",84:7F41E720:7efab5ff:""] weights=[75:1,76:1,77:1,78:1,79:1,80:1,81:1,82:1,83:1,84:1] vectors=[79:(1,1,1),80:(1,1,1),81:(1,1,1),82:(1,1,1),83:(1,1,1),84:(1,1,1)]
2026-09-09 18:25:14.632 NATIVE STAIN FIELD DIAG generation=18 node=80D89F20 control=8004A260 changes=N+0x3c:0001e387>0001e38d(1.734569e-040>1.734653e-040),C+0x10:3f4983d4>3f3f9e43(0.7871678>0.7485086) totals=(node:1,control:1)
2026-09-09 18:25:14.670 liquid native stain contact consumed source=confirmed particle=852 emission=2 retry=0 result=0 count=1 outcome=native-model-miss-requeued
2026-09-09 18:25:14.707 liquid native stain contact consumed source=confirmed particle=854 emission=2 retry=0 result=0 count=1 outcome=native-model-miss-requeued
2026-09-09 18:25:14.764 liquid native stain contact consumed source=confirmed particle=852 emission=2 retry=1 result=0 count=1 outcome=native-model-miss-requeued
2026-09-09 18:25:14.766 NATIVE STAIN ANIMATION DIAG generation=18 emission=2 particle=761 sample_ms=1547 update=32aed320 descriptor=65fe5ca0 descriptor_checksum=242e2e20 group_index=0 group=5bc71c20 group_checksum=74424527 counts=(nodes:88,controls:88,weights:88,vectors:88) nodes=[82:80D89680:2dd49967:"",83:80D8A920:0c18c172:"",84:80D89F20:3ae46a6a:"",85:80D8A700:ae82f623:"",86:80D8A9E0:fa041336:"",87:80D8A140:dc781a1e:""] controls=[82:7F41E7C0:be4159f4:"",83:7F41EAE0:d5c80196:"",84:7F41E720:7efab5ff:"",85:7F41F800:24ec9c3a:"",86:7F41F300:cd76c528:"",87:7F41F900:d4775095:""] weights=[78:1,79:1,80:1,81:1,82:1,83:1,84:1,85:1,86:1,87:1] vectors=[82:(1,1,1),83:(1,1,1),84:(1,1,1),85:(1,1,1),86:(1,1,1),87:(1,1,1)]
2026-09-09 18:25:14.766 NATIVE STAIN FIELD DIAG generation=18 outcome=baseline node=80d8a140 control=7f4e2b20
2026-09-09 18:25:14.766 memory snapshot label="native-stain-animation-node-baseline" address=80D8A140 words=724ba8d4,38ef1560,724ba908,724f4190,7f458320,4833cb40,01fff0ad,00000000,00000000,00000000,5a0e1bca,00000000,79434880,724f4230,00000000,ffffffff,3f800000,3f800000,3f800000,3f800000,00000000,00000000,00000000,00000000
2026-09-09 18:25:14.767 memory snapshot label="native-stain-animation-control-baseline" address=7F4E2B20 words=724b9ad4,724f4170,724b9adc,724f4190,3f800000,00000000,724f4170,7ef59ae0,00000000,00000000,3f800000,00000000,f9970c09,8d005def,bdf57ed1,7f4e2b58,00000000,00000000,081d43a0,00000000,00000001,72510104,00000001,00000001
2026-09-09 18:25:14.767 liquid deep links event="native-stain-animation-node" object=80d8a140 named_or_string_links=0 scan_bytes=96
2026-09-09 18:25:14.768 liquid deep links event="native-stain-animation-control" object=7f4e2b20 named_or_string_links=0 scan_bytes=96
2026-09-09 18:25:14.791 liquid native stain contact consumed source=confirmed particle=854 emission=2 retry=1 result=0 count=1 outcome=native-model-miss-requeued
2026-09-09 18:25:14.817 liquid native stain contact consumed source=confirmed particle=852 emission=2 retry=2 result=0 count=1 outcome=native-model-miss-requeued
2026-09-09 18:25:14.840 liquid native stain contact consumed source=confirmed particle=854 emission=2 retry=2 result=0 count=1 outcome=native-model-miss-requeued
2026-09-09 18:25:14.852 liquid world emitter sample person=2 emission=2 position=(-0.73520,1.25948,1.65371) direction=(-0.08571,0.99597,-0.02647) source=rebuilt-joint-local-hierarchy
2026-09-09 18:25:14.865 liquid native stain contact consumed source=confirmed particle=852 emission=2 retry=3 result=0 count=1 outcome=native-model-miss-final
2026-09-09 18:25:14.867 NATIVE STAIN ANIMATION DIAG generation=18 emission=2 particle=761 sample_ms=1656 update=32aed320 descriptor=65fe5ca0 descriptor_checksum=02d5748d group_index=0 group=5bc71c20 group_checksum=74424527 counts=(nodes:92,controls:92,weights:92,vectors:92) nodes=[86:80D8A9E0:ac336bba:"",87:80D8A140:d0f5888c:"",88:80D89FE0:6191e7a8:"",89:80D89B80:fadd5eac:"",90:80D8B400:39adab3b:"",91:80D8AD80:63fdf4e2:""] controls=[86:7F41F300:44a7fe32:"",87:7F41F900:530735d8:"",88:7F41F8A0:03fec15e:"",89:7F41F260:0fd3d5e5:"",90:7F420120:aaaf7bca:"",91:7F41F940:dd46d9c7:""] weights=[82:1,83:1,84:1,85:1,86:1,87:1,88:1,89:1,90:1,91:1] vectors=[86:(1,1,1),87:(1,1,1),88:(1,1,1),89:(1,1,1),90:(1,1,1),91:(1,1,1)]
2026-09-09 18:25:14.868 NATIVE STAIN FIELD DIAG generation=18 outcome=baseline node=80d8ad80 control=7f4e52e0
2026-09-09 18:25:14.868 memory snapshot label="native-stain-animation-node-baseline" address=80D8AD80 words=724ba8d4,3cbe8bc1,724ba908,724f4190,7f456940,4833cb40,01fff0ad,00000000,00000000,00000000,5a0e1bca,00000000,79434880,724f4230,00000000,ffffffff,3f800000,3f800000,3f800000,3f800000,00000000,00000000,00000000,00000000
2026-09-09 18:25:14.868 memory snapshot label="native-stain-animation-control-baseline" address=7F4E52E0 words=724b9ad4,6871ec40,724b9adc,724f4190,3f800000,00000000,724f4170,6871e9a0,00000787,0000077e,000005e7,000005ee,0000081f,000005e7,0000081f,0000081a,f6a90307,8000b8ed,00000820,000005ee,00000820,0000081f,0000081f,00000000
2026-09-09 18:25:14.869 liquid deep links event="native-stain-animation-node" object=80d8ad80 named_or_string_links=0 scan_bytes=96
2026-09-09 18:25:14.869 liquid deep links event="native-stain-animation-control" object=7f4e52e0 named_or_string_links=0 scan_bytes=96
2026-09-09 18:25:14.869 testicular retraction live write person=2 control=46d30240 input=0.250 baseline=0.000 contribution=0.250 output=0.250
2026-09-09 18:25:14.894 liquid native stain contact consumed source=confirmed particle=868 emission=2 retry=0 result=0 count=1 outcome=native-model-miss-requeued
2026-09-09 18:25:14.918 liquid native stain contact consumed source=confirmed particle=854 emission=2 retry=3 result=0 count=1 outcome=native-model-miss-final
2026-09-09 18:25:14.939 liquid native stain contact consumed source=confirmed particle=868 emission=2 retry=1 result=0 count=1 outcome=native-model-miss-requeued
2026-09-09 18:25:14.964 liquid native stain contact consumed source=confirmed particle=874 emission=2 retry=0 result=0 count=1 outcome=native-model-miss-requeued
2026-09-09 18:25:14.987 liquid native stain contact consumed source=confirmed particle=868 emission=2 retry=2 result=0 count=1 outcome=native-model-miss-requeued
2026-09-09 18:25:14.989 NATIVE STAIN ANIMATION DIAG generation=18 emission=2 particle=761 sample_ms=1781 update=32aed320 descriptor=65fe5ca0 descriptor_checksum=c444ab79 group_index=0 group=5bc71c20 group_checksum=74424527 counts=(nodes:97,controls:97,weights:97,vectors:97) nodes=[91:80D8AD80:8781f735:"",92:80D8B9C0:282c74f6:"",93:80D8C1A0:23a80ef6:"",94:80D8BD40:804052c9:"",95:80D8B620:c1de3d1e:"",96:80D8C260:8e37a597:""] controls=[91:7F41F940:845abe8f:"",92:7F41FD60:271cbd5d:"",93:7F41FF40:c8ea777b:"",94:7F420580:eb5a40a7:"",95:7F420520:3a0dae8a:"",96:7F4203A0:173a1185:""] weights=[87:1,88:1,89:1,90:1,91:1,92:1,93:1,94:1,95:1,96:1] vectors=[91:(1,1,1),92:(1,1,1),93:(1,1,1),94:(1,1,1),95:(1,1,1),96:(1,1,1)]
2026-09-09 18:25:14.989 NATIVE STAIN FIELD DIAG generation=18 outcome=baseline node=80d8c260 control=7f4e7ce0
2026-09-09 18:25:14.989 memory snapshot label="native-stain-animation-node-baseline" address=80D8C260 words=724ba8d4,00000000,724ba908,724f4190,7f4573a0,4833cb40,01fff0ad,00000000,00000000,00000000,5a0e1bca,00000000,79434760,724f4230,00000000,ffffffff,3f800000,3f800000,3f800000,3f800000,00000000,00000000,00000000,00000000
2026-09-09 18:25:14.989 memory snapshot label="native-stain-animation-control-baseline" address=7F4E7CE0 words=724b9ad4,3f800000,724b9adc,724f4190,3f800000,00000000,724f4170,3f800000,3f800000,3d6a5228,3f66c33c,3d6aac10,3f66c33c,3d6ab058,3f66b585,3d6ab4a0,f3e906c7,8d0118be,3f5a4704,0a1c1150,3f66c33c,3d6a7cf8,3f66ec92,7f4e7d28
2026-09-09 18:25:14.990 liquid deep links event="native-stain-animation-node" object=80d8c260 named_or_string_links=0 scan_bytes=96
2026-09-09 18:25:14.991 liquid deep string event="native-stain-animation-control" object=7f4e7ce0 offset=0x028 pointer=3f66c33c text="ose0116_gay_mb03Source"
2026-09-09 18:25:14.991 liquid deep string event="native-stain-animation-control" object=7f4e7ce0 offset=0x030 pointer=3f66c33c text="ose0116_gay_mb03Source"
2026-09-09 18:25:14.991 liquid deep string event="native-stain-animation-control" object=7f4e7ce0 offset=0x050 pointer=3f66c33c text="ose0116_gay_mb03Source"
2026-09-09 18:25:15.015 liquid native stain contact consumed source=confirmed particle=874 emission=2 retry=1 result=0 count=1 outcome=native-model-miss-requeued
2026-09-09 18:25:15.039 liquid native stain contact consumed source=confirmed particle=868 emission=2 retry=3 result=0 count=1 outcome=native-model-miss-final
2026-09-09 18:25:15.067 liquid native stain contact consumed source=confirmed particle=897 emission=2 retry=0 result=0 count=1 outcome=native-model-miss-requeued
2026-09-09 18:25:15.079 liquid contact classification particle=908 body_result=0 person=0 primitive=0 nodes=(-1,-1) segment_t=0.000 signed_distance=0.01392 world_gap=0.00916
2026-09-09 18:25:15.080 liquid depth collision hit particle=908 age=0.619 world=(-0.8634,1.0479,1.6090) particle_depth=0.968678 scene_depth=0.968378 sweep_steps=1 world_gap=0.00916
2026-09-09 18:25:15.090 liquid native stain contact consumed source=confirmed particle=874 emission=2 retry=2 result=0 count=1 outcome=native-model-miss-final
2026-09-09 18:25:15.103 liquid world emitter sample person=2 emission=2 position=(-0.72133,1.18118,1.65799) direction=(-0.08571,0.99597,-0.02647) source=rebuilt-joint-local-hierarchy
2026-09-09 18:25:15.105 liquid contact classification particle=915 body_result=0 person=0 primitive=0 nodes=(-1,-1) segment_t=0.000 signed_distance=0.01386 world_gap=0.00830
2026-09-09 18:25:15.105 liquid depth collision hit particle=915 age=0.609 world=(-0.8815,1.0264,1.6209) particle_depth=0.969154 scene_depth=0.968989 sweep_steps=1 world_gap=0.00830
2026-09-09 18:25:15.105 liquid contact classification particle=918 body_result=0 person=0 primitive=0 nodes=(-1,-1) segment_t=0.000 signed_distance=0.01266 world_gap=0.01093
2026-09-09 18:25:15.106 liquid depth collision hit particle=918 age=0.588 world=(-0.8708,1.0279,1.6000) particle_depth=0.968772 scene_depth=0.968552 sweep_steps=1 world_gap=0.01093
2026-09-09 18:25:15.124 liquid native stain contact consumed source=confirmed particle=897 emission=2 retry=1 result=0 count=1 outcome=native-model-miss-requeued
2026-09-09 18:25:15.126 NATIVE STAIN ANIMATION DIAG generation=18 emission=2 particle=761 sample_ms=1906 update=32aed320 descriptor=65fe5ca0 descriptor_checksum=62ef4a48 group_index=0 group=5bc71c20 group_checksum=74424527 counts=(nodes:103,controls:102,weights:103,vectors:103) nodes=[97:80D8AEE0:aa696ca3:"",98:80D8BE00:0551fcd1:"",99:80D8CDE0:adea6130:"",100:80D8D3A0:732bc13f:"",101:80D8CBA0:82a94f02:"",102:80D8D2E0:f82dc34f:""] controls=[96:7F4203A0:e7b8ac12:"",97:7F420440:a5c54acd:"",98:7F421160:7413379d:"",99:7F421600:0b4b20e8:"",100:7F421380:1e1b0b5a:"",101:7F420EE0:4c813f3c:""] weights=[93:1,94:1,95:1,96:1,97:1,98:1,99:1,100:1,101:1,102:1] vectors=[97:(1,1,1),98:(1,1,1),99:(1,1,1),100:(1,1,1),101:(1,1,1),102:(1,1,1)]
2026-09-09 18:25:15.127 NATIVE STAIN FIELD DIAG generation=18 outcome=baseline node=80d8d2e0 control=7f4eb6a0
2026-09-09 18:25:15.127 memory snapshot label="native-stain-animation-node-baseline" address=80D8D2E0 words=724ba8d4,724f42f8,724ba908,724f4190,7f458840,4833cb40,01fff0ad,00000000,00000000,00000000,5a0e1bca,00000000,794335e0,724f4230,00000000,ffffffff,3f800000,3f800000,3f800000,3f800000,00000000,00000000,00000000,00000000
2026-09-09 18:25:15.127 memory snapshot label="native-stain-animation-control-baseline" address=7F4EB6A0 words=724b9ad4,00000630,724b9adc,724f4190,3f800000,00000000,724f4170,80000c2d,00000631,0000062e,00000631,00000632,00000633,00000634,00000635,00000633,ea211fbf,89019c36,00000634,00000637,00000638,00000634,00000638,7f4eb6e8
2026-09-09 18:25:15.128 liquid deep links event="native-stain-animation-node" object=80d8d2e0 named_or_string_links=0 scan_bytes=96
2026-09-09 18:25:15.128 liquid deep links event="native-stain-animation-control" object=7f4eb6a0 named_or_string_links=0 scan_bytes=96
2026-09-09 18:25:15.128 testicular retraction live write person=2 control=46d30240 input=0.250 baseline=0.000 contribution=0.250 output=0.250
2026-09-09 18:25:15.153 liquid native stain contact consumed source=confirmed particle=894 emission=2 retry=0 result=0 count=1 outcome=native-model-miss-requeued
2026-09-09 18:25:15.178 liquid native stain contact consumed source=confirmed particle=897 emission=2 retry=2 result=0 count=1 outcome=native-model-miss-requeued
2026-09-09 18:25:15.205 liquid native stain contact consumed source=confirmed particle=894 emission=2 retry=1 result=0 count=1 outcome=native-model-miss-requeued
2026-09-09 18:25:15.232 liquid native stain contact consumed source=confirmed particle=897 emission=2 retry=3 result=0 count=1 outcome=native-model-miss-final
2026-09-09 18:25:15.234 NATIVE STAIN ANIMATION DIAG generation=18 emission=2 particle=761 sample_ms=2016 update=32aed320 descriptor=65fe5ca0 descriptor_checksum=eb15a048 group_index=0 group=5bc71c20 group_checksum=6b9628df counts=(nodes:109,controls:106,weights:109,vectors:109) nodes=[103:80D8ED80:5d176516:"",104:80D8DFC0:d47eb5a9:"",105:80D8EE20:8c2df83f:"",106:80D8DDA0:9cc55707:"",107:80D8F280:bb03f8c4:"",108:80D8F340:b5cc1dff:""] controls=[100:7F421380:1e1b0b5a:"",101:7F420EE0:36837db6:"",102:7F421B60:a12c3e9a:"",103:7F421DE0:3d45cfdc:"",104:7F421840:eb4af92b:"",105:7F422420:7f3b4cde:""] weights=[99:1,100:1,101:1,102:1,103:1,104:1,105:1,106:1,107:1,108:1] vectors=[103:(1,1,1),104:(1,1,1),105:(1,1,1),106:(1,1,1),107:(1,1,1),108:(1,1,1)]
2026-09-09 18:25:15.234 NATIVE STAIN FIELD DIAG generation=18 outcome=baseline node=80d8f340 control=7f4ee960
2026-09-09 18:25:15.234 memory snapshot label="native-stain-animation-node-baseline" address=80D8F340 words=724ba8d4,724f42f8,724ba908,724f4190,7f45b860,4833cb40,01fff0ad,00000000,00000000,00000000,5a0e1bca,00000000,79433560,724f4230,00000000,ffffffff,3f800000,3f800000,3f800000,3f800000,00000000,00000000,00000000,00000000
2026-09-09 18:25:15.234 memory snapshot label="native-stain-animation-control-baseline" address=7F4EE960 words=724b9ad4,7c333073,724b9adc,724f4190,3f800000,00000000,724f4170,306e6f73,3f800034,00000895,00000896,00000897,00000898,00000896,00000898,00000899,e0591457,8d021095,00000894,00000897,00000894,00000898,00000898,7f4ee9a8
2026-09-09 18:25:15.235 liquid deep links event="native-stain-animation-node" object=80d8f340 named_or_string_links=0 scan_bytes=96
2026-09-09 18:25:15.236 liquid deep links event="native-stain-animation-control" object=7f4ee960 named_or_string_links=0 scan_bytes=96
2026-09-09 18:25:15.264 liquid native stain contact consumed source=confirmed particle=894 emission=2 retry=2 result=0 count=1 outcome=native-model-miss-final
2026-09-09 18:25:15.291 liquid native stain contact consumed source=confirmed particle=857 emission=2 retry=0 result=0 count=1 outcome=native-model-miss-final
2026-09-09 18:25:15.304 liquid contact classification particle=933 body_result=0 person=0 primitive=0 nodes=(-1,-1) segment_t=0.000 signed_distance=0.02686 world_gap=0.01312
2026-09-09 18:25:15.306 liquid depth collision hit particle=933 age=0.219 world=(-0.8493,0.9005,1.7072) particle_depth=0.971105 scene_depth=0.970114 sweep_steps=1 world_gap=0.01312
2026-09-09 18:25:15.322 liquid native stain contact consumed source=confirmed particle=860 emission=2 retry=0 result=0 count=1 outcome=native-model-miss-final
2026-09-09 18:25:15.349 liquid native stain contact consumed source=confirmed particle=861 emission=2 retry=0 result=0 count=1 outcome=native-model-miss-final
2026-09-09 18:25:15.351 NATIVE STAIN ANIMATION DIAG generation=18 emission=2 particle=761 sample_ms=2141 update=32aed320 descriptor=65fe5ca0 descriptor_checksum=604fbddb group_index=0 group=5bc71c20 group_checksum=6b9628df counts=(nodes:113,controls:110,weights:113,vectors:113) nodes=[107:80D8F280:a193aa18:"",108:80D8F340:71249e1f:"",109:80D70B20:874da926:"",110:80D6F940:5e58a64e:"",111:80D6FC20:d2cf5799:"",112:80D71320:6e6bc4bf:""] controls=[104:7F421840:eb4af92b:"",105:7F422420:a96698d8:"",106:7F4226E0:b4256daf:"",107:7F4224C0:076f3311:"",108:7F4221A0:2848e2c3:"",109:7F424BC0:a30fa47e:""] weights=[103:1,104:1,105:1,106:1,107:1,108:1,109:1,110:1,111:1,112:1] vectors=[107:(1,1,1),108:(1,1,1),109:(1,1,1),110:(1,1,1),111:(1,1,1),112:(1,1,1)]
2026-09-09 18:25:15.351 NATIVE STAIN FIELD DIAG generation=18 outcome=baseline node=80d71320 control=7f4e1620
2026-09-09 18:25:15.352 memory snapshot label="native-stain-animation-node-baseline" address=80D71320 words=724ba8d4,4895db60,724ba908,724f4190,7f45afc0,4833cb40,01fff0ad,00000000,00000000,00000000,5a0e1bca,00000000,79433f80,724f4230,00000000,ffffffff,3f800000,3f800000,3f800000,3f800000,00000000,00000000,00000000,00000000
2026-09-09 18:25:15.352 memory snapshot label="native-stain-animation-control-baseline" address=7F4E1620 words=724b9ad4,3f800000,724b9adc,724f4190,3f800000,00000000,724f4170,3f800000,3f800000,bf110ea0,3cfe9734,00000000,fe370ba9,8d002d8f,3fce5b11,7f4e1658,00000000,00000000,081d43a0,00000000,00000001,72510104,00000001,00000001
2026-09-09 18:25:15.352 liquid deep links event="native-stain-animation-node" object=80d71320 named_or_string_links=0 scan_bytes=96
2026-09-09 18:25:15.353 liquid deep links event="native-stain-animation-control" object=7f4e1620 named_or_string_links=0 scan_bytes=96
2026-09-09 18:25:15.365 liquid world emitter sample person=2 emission=2 position=(-0.69973,1.05927,1.66466) direction=(-0.08571,0.99597,-0.02647) source=rebuilt-joint-local-hierarchy
2026-09-09 18:25:15.381 liquid native stain contact consumed source=confirmed particle=875 emission=2 retry=0 result=0 count=1 outcome=native-model-miss-final
2026-09-09 18:25:15.384 testicular retraction live write person=2 control=46d30240 input=0.031 baseline=0.000 contribution=0.022 output=0.022
2026-09-09 18:25:15.406 liquid native stain contact consumed source=confirmed particle=898 emission=2 retry=0 result=0 count=1 outcome=native-model-miss-final
2026-09-09 18:25:15.418 liquid camera occlusion rejected particle=935 world_gap=0.06364 contact_limit=0.02673 sweep_steps=1
2026-09-09 18:25:15.429 liquid native stain contact consumed source=confirmed particle=916 emission=2 retry=0 result=0 count=1 outcome=native-model-miss-final
2026-09-09 18:25:15.443 liquid camera occlusion rejected particle=935 world_gap=0.07025 contact_limit=0.02989 sweep_steps=2
2026-09-09 18:25:15.456 liquid native stain contact consumed source=confirmed particle=925 emission=2 retry=0 result=0 count=1 outcome=native-model-miss-final
2026-09-09 18:25:15.457 NATIVE STAIN ANIMATION DIAG generation=18 emission=2 particle=761 sample_ms=2250 update=32aed320 descriptor=65fe5ca0 descriptor_checksum=f79dd003 group_index=0 group=5bc71c20 group_checksum=6b9628df counts=(nodes:118,controls:114,weights:118,vectors:118) nodes=[112:80D71320:b7db61a3:"",113:80D71600:911d7c95:"",114:80D720C0:3d0f7466:"",115:80D71A40:0254f8f7:"",116:80D71480:1113e47a:"",117:80D72FE0:a17e67d8:""] controls=[108:7F4221A0:2848e2c3:"",109:7F424BC0:a30fa47e:"",110:7F420B20:df87201c:"",111:8053C640:896b9a7d:"",112:8053C3C0:000fa08c:"",113:8053C560:cd6ad995:""] weights=[108:1,109:1,110:1,111:1,112:1,113:1,114:1,115:1,116:1,117:1] vectors=[112:(1,1,1),113:(1,1,1),114:(1,1,1),115:(1,1,1),116:(1,1,1),117:(1,1,1)]
2026-09-09 18:25:15.458 NATIVE STAIN FIELD DIAG generation=18 outcome=baseline node=80d72fe0 control=7f2a6700
2026-09-09 18:25:15.458 memory snapshot label="native-stain-animation-node-baseline" address=80D72FE0 words=724ba8d4,00000000,724ba908,724f4190,7f459600,4833cb40,01fff0ad,00000000,00000000,00000000,5a0e1bca,00000000,79434760,724f4230,00000000,ffffffff,3f800000,3f800000,3f800000,3f800000,00000000,00000000,00000000,00000000
2026-09-09 18:25:15.458 memory snapshot label="native-stain-animation-control-baseline" address=7F2A6700 words=724b9ad4,3d6a7468,724b9adc,724f4190,3f800000,00000000,724f4170,3d6a5228,3fd790f3,3d6aac10,3fd5d0e9,3d6ab058,3fd71b35,3d6ab4a0,f5718584,8d00b200,3ed4c2e0,be4b283e,3f633e56,00000000,bedfde0b,3fc2abc3,3eed2038,7f2a6740
2026-09-09 18:25:15.459 liquid deep links event="native-stain-animation-node" object=80d72fe0 named_or_string_links=0 scan_bytes=96
2026-09-09 18:25:15.459 liquid deep links event="native-stain-animation-control" object=7f2a6700 named_or_string_links=0 scan_bytes=96
2026-09-09 18:25:15.474 liquid camera occlusion rejected particle=935 world_gap=0.07274 contact_limit=0.03398 sweep_steps=3
2026-09-09 18:25:15.493 liquid camera occlusion rejected particle=935 world_gap=0.07168 contact_limit=0.02034 sweep_steps=5
2026-09-09 18:25:15.512 liquid camera occlusion rejected particle=935 world_gap=0.08047 contact_limit=0.02213 sweep_steps=6
2026-09-09 18:25:15.554 ejaculation audio started person=2 emission=2 pulse=5 volume=0.000 path="C:\Users\ErolB\Desktop\Games\TK17\The Klub 17\Extensions\Liquids\Sounds\Ejaculation\Default\cum04.mp3"
2026-09-09 18:25:15.555 testicular retraction pulse person=2 emission=2 pulse=5 baseline=0.000 start=-0.001 target=0.250
2026-09-09 18:25:15.563 testicular retraction applied person=2 emission=2 pulse=5 baseline=0.000 contribution=-0.001 output=0.000
2026-09-09 18:25:15.581 NATIVE STAIN ANIMATION DIAG generation=18 emission=2 particle=761 sample_ms=2359 update=32aed320 descriptor=65fe5ca0 descriptor_checksum=f79dd003 group_index=0 group=5bc71c20 group_checksum=6b9628df counts=(nodes:118,controls:114,weights:118,vectors:118) nodes=[112:80D71320:2931288e:"",113:80D71600:7be03258:"",114:80D720C0:ff67accb:"",115:80D71A40:1ff426fa:"",116:80D71480:522aba77:"",117:80D72FE0:0205b085:""] controls=[108:7F4221A0:2848e2c3:"",109:7F424BC0:a30fa47e:"",110:7F420B20:df87201c:"",111:8053C640:896b9a7d:"",112:8053C3C0:000fa08c:"",113:8053C560:cd6ad995:""] weights=[108:1,109:1,110:1,111:1,112:1,113:1,114:1,115:1,116:1,117:1] vectors=[112:(1,1,1),113:(1,1,1),114:(1,1,1),115:(1,1,1),116:(1,1,1),117:(1,1,1)]
2026-09-09 18:25:15.582 NATIVE STAIN FIELD DIAG generation=18 node=80D72FE0 control=7F2A6700 changes=N+0x3c:ffffffff>0001e3b1(0>1.735158e-040),C+0x10:3f800000>3f751d88(1>0.9574819) totals=(node:1,control:1)
2026-09-09 18:25:15.634 liquid world emitter sample person=2 emission=2 position=(-0.69538,1.03469,1.66601) direction=(-0.08571,0.99597,-0.02647) source=rebuilt-joint-local-hierarchy
2026-09-09 18:25:15.641 testicular retraction live write person=2 control=46d30240 input=0.280 baseline=0.000 contribution=0.289 output=0.289
2026-09-09 18:25:15.685 NATIVE STAIN ANIMATION DIAG generation=18 emission=2 particle=761 sample_ms=2469 update=32aed320 descriptor=65fe5ca0 descriptor_checksum=f79dd003 group_index=0 group=5bc71c20 group_checksum=6b9628df counts=(nodes:118,controls:114,weights:118,vectors:118) nodes=[112:80D71320:55fd943d:"",113:80D71600:64d8040b:"",114:80D720C0:e5daf018:"",115:80D71A40:8ec30ea1:"",116:80D71480:e22a394c:"",117:80D72FE0:5d273616:""] controls=[108:7F4221A0:2848e2c3:"",109:7F424BC0:a30fa47e:"",110:7F420B20:df87201c:"",111:8053C640:896b9a7d:"",112:8053C3C0:000fa08c:"",113:8053C560:cd6ad995:""] weights=[108:1,109:1,110:1,111:1,112:1,113:1,114:1,115:1,116:1,117:1] vectors=[112:(1,1,1),113:(1,1,1),114:(1,1,1),115:(1,1,1),116:(1,1,1),117:(1,1,1)]
2026-09-09 18:25:15.685 NATIVE STAIN FIELD DIAG generation=18 node=80D72FE0 control=7F2A6700 changes=N+0x3c:0001e3b1>0001e3b6(1.735158e-040>1.735228e-040),C+0x10:3f751d88>3f6c6117(0.9574819>0.9233565) totals=(node:1,control:1)
2026-09-09 18:25:15.866 ejaculation audio finished person=2 emission=2 pulse=5 path="C:\Users\ErolB\Desktop\Games\TK17\The Klub 17\Extensions\Liquids\Sounds\Ejaculation\Default\cum04.mp3"
2026-09-09 18:25:15.883 testicular retraction live write person=2 control=46d30240 input=0.259 baseline=0.000 contribution=0.254 output=0.254
2026-09-09 18:25:15.893 liquid world emitter sample person=2 emission=2 position=(-0.69643,1.04063,1.66568) direction=(-0.08571,0.99597,-0.02647) source=rebuilt-joint-local-hierarchy
2026-09-09 18:25:15.999 liquid native stain contact consumed source=confirmed particle=983 emission=2 retry=0 result=-1 count=0 outcome=native-model-miss-requeued
2026-09-09 18:25:16.057 liquid native stain contact consumed source=confirmed particle=983 emission=2 retry=1 result=0 count=1 outcome=native-model-miss-requeued
2026-09-09 18:25:16.083 liquid native stain contact consumed source=confirmed particle=939 emission=2 retry=0 result=0 count=1 outcome=native-model-miss-requeued
2026-09-09 18:25:16.115 liquid native stain contact consumed source=confirmed particle=983 emission=2 retry=2 result=0 count=1 outcome=native-model-miss-requeued
2026-09-09 18:25:16.138 liquid native stain contact consumed source=confirmed particle=939 emission=2 retry=1 result=0 count=1 outcome=native-model-miss-requeued
2026-09-09 18:25:16.140 testicular retraction live write person=2 control=46d30240 input=0.245 baseline=0.000 contribution=0.249 output=0.249
2026-09-09 18:25:16.153 liquid world emitter sample person=2 emission=2 position=(-0.75585,1.37607,1.64733) direction=(-0.08571,0.99597,-0.02647) source=rebuilt-joint-local-hierarchy
2026-09-09 18:25:16.175 liquid native stain contact consumed source=confirmed particle=983 emission=2 retry=3 result=0 count=1 outcome=native-model-miss-final
2026-09-09 18:25:16.200 liquid native stain contact consumed source=confirmed particle=961 emission=2 retry=0 result=0 count=1 outcome=native-model-miss-requeued
2026-09-09 18:25:16.234 liquid native stain contact consumed source=confirmed particle=939 emission=2 retry=2 result=0 count=1 outcome=native-model-miss-final
2026-09-09 18:25:16.258 liquid native stain contact consumed source=confirmed particle=961 emission=2 retry=1 result=0 count=1 outcome=native-model-miss-requeued
2026-09-09 18:25:16.294 liquid native stain contact consumed source=confirmed particle=941 emission=2 retry=0 result=0 count=1 outcome=native-model-miss-final
2026-09-09 18:25:16.319 liquid native stain contact consumed source=confirmed particle=961 emission=2 retry=2 result=0 count=1 outcome=native-model-miss-requeued
2026-09-09 18:25:16.354 liquid native stain contact consumed source=confirmed particle=952 emission=2 retry=0 result=0 count=1 outcome=native-model-miss-requeued
2026-09-09 18:25:16.380 liquid native stain contact consumed source=confirmed particle=961 emission=2 retry=3 result=0 count=1 outcome=native-model-miss-final
2026-09-09 18:25:16.382 testicular retraction live write person=2 control=46d30240 input=0.250 baseline=0.000 contribution=0.250 output=0.250
2026-09-09 18:25:16.411 liquid native stain contact consumed source=confirmed particle=952 emission=2 retry=1 result=-1 count=0 outcome=native-model-miss-final
2026-09-09 18:25:16.424 liquid world emitter sample person=2 emission=2 position=(-0.82452,1.76368,1.62612) direction=(-0.08571,0.99597,-0.02647) source=rebuilt-joint-local-hierarchy
2026-09-09 18:25:16.643 testicular retraction live write person=2 control=46d30240 input=0.250 baseline=0.000 contribution=0.250 output=0.250
2026-09-09 18:25:16.675 liquid world emitter sample person=2 emission=2 position=(-0.79921,1.62080,1.63394) direction=(-0.08571,0.99597,-0.02647) source=rebuilt-joint-local-hierarchy
2026-09-09 18:25:16.878 testicular retraction live write person=2 control=46d30240 input=0.022 baseline=0.000 contribution=0.022 output=0.022
2026-09-09 18:25:16.910 liquid world emitter sample person=2 emission=2 position=(-0.69469,1.03080,1.66622) direction=(-0.08571,0.99597,-0.02647) source=rebuilt-joint-local-hierarchy
2026-09-09 18:25:17.053 ejaculation audio started person=2 emission=2 pulse=6 volume=0.000 path="C:\Users\ErolB\Desktop\Games\TK17\The Klub 17\Extensions\Liquids\Sounds\Ejaculation\Default\cum01.mp3"
2026-09-09 18:25:17.053 testicular retraction pulse person=2 emission=2 pulse=6 baseline=0.000 start=-0.001 target=0.250
2026-09-09 18:25:17.063 testicular retraction applied person=2 emission=2 pulse=6 baseline=0.000 contribution=-0.001 output=0.000
2026-09-09 18:25:17.143 testicular retraction live write person=2 control=46d30240 input=0.286 baseline=0.000 contribution=0.289 output=0.289
2026-09-09 18:25:17.177 liquid world emitter sample person=2 emission=2 position=(-0.66387,0.85685,1.67574) direction=(-0.08571,0.99597,-0.02647) source=rebuilt-joint-local-hierarchy
2026-09-09 18:25:17.262 ejaculation audio finished person=2 emission=2 pulse=6 path="C:\Users\ErolB\Desktop\Games\TK17\The Klub 17\Extensions\Liquids\Sounds\Ejaculation\Default\cum01.mp3"
2026-09-09 18:25:17.378 testicular retraction live write person=2 control=46d30240 input=0.254 baseline=0.000 contribution=0.254 output=0.254
2026-09-09 18:25:17.430 liquid world emitter sample person=2 emission=2 position=(-0.67923,0.94355,1.67099) direction=(-0.08571,0.99597,-0.02647) source=rebuilt-joint-local-hierarchy
2026-09-09 18:25:17.471 liquid native stain contact consumed source=confirmed particle=1037 emission=2 retry=0 result=0 count=1 outcome=native-model-miss-requeued
2026-09-09 18:25:17.522 liquid native stain contact consumed source=confirmed particle=1037 emission=2 retry=1 result=0 count=1 outcome=native-model-miss-requeued
2026-09-09 18:25:17.551 liquid native stain transform particle=1003 frame=001af650 descriptor=65fe5ca0 descriptor_scale=(1.00000,1.00000,1.00000) custom_hit_view=(-0.02560,0.06311,-1.56392) custom_ray_view=(-0.03485,0.13562,-1.53235)->(0.11613,-0.91065,-0.39653)
2026-09-09 18:25:17.551 liquid native stain contact consumed source=confirmed particle=1003 emission=2 retry=0 result=0 count=1 outcome=native-model-hit-impact-ray
2026-09-09 18:25:17.552 liquid native stain frozen update=32aed320 group=5bc71c20 wrapper=8053ed00 control=7f2b10c0 weight=1 mode=property-setter
2026-09-09 18:25:17.553 NATIVE STAIN ANIMATION DIAG generation=19 emission=2 particle=1003 sample_ms=0 update=32aed320 descriptor=65fe5ca0 descriptor_checksum=83251c35 group_index=0 group=5bc71c20 group_checksum=6b9628df counts=(nodes:135,controls:129,weights:135,vectors:135) nodes=[129:7D93B280:1945f6c9:"",130:68649020:ce90199d:"",131:7F922D00:681e70ec:"",132:7F91EAE0:24c8cad8:"",133:7F91DDE0:e18f61e8:"",134:7F91FCE0:02aefa83:""] controls=[123:8053E120:6d69f4df:"",124:8053E860:ef659da2:"",125:8053E1C0:fb1413a7:"",126:8053ECC0:b449a10a:"",127:8053F0C0:7e8ac50c:"",128:8053ED00:0b06f404:""] weights=[125:1,126:1,127:1,128:1,129:1,130:1,131:1,132:1,133:1,134:1] vectors=[129:(1,1,1),130:(1,1,1),131:(1,1,1),132:(1,1,1),133:(1,1,1),134:(1,1,1)]
2026-09-09 18:25:17.578 liquid native stain contact consumed source=confirmed particle=1037 emission=2 retry=2 result=0 count=1 outcome=native-model-miss-requeued
2026-09-09 18:25:17.626 liquid native stain contact consumed source=confirmed particle=1037 emission=2 retry=3 result=0 count=1 outcome=native-model-miss-final
2026-09-09 18:25:17.630 testicular retraction live write person=2 control=46d30240 input=0.249 baseline=0.000 contribution=0.249 output=0.249
2026-09-09 18:25:17.656 liquid native stain contact consumed source=confirmed particle=1053 emission=2 retry=0 result=0 count=1 outcome=native-model-miss-requeued
2026-09-09 18:25:17.681 NATIVE STAIN ANIMATION DIAG generation=19 emission=2 particle=1003 sample_ms=125 update=32aed320 descriptor=65fe5ca0 descriptor_checksum=e776cf9d group_index=0 group=5bc71c20 group_checksum=6b9628df counts=(nodes:141,controls:132,weights:141,vectors:141) nodes=[135:7F91FE40:34da0f6e:"",136:7F91F660:51640833:"",137:7F91F4E0:49ba89a0:"",138:7F921760:2425c695:"",139:7F920EC0:0a9611d0:"",140:7F9211A0:fc2f7164:""] controls=[126:8053ECC0:b449a10a:"",127:8053F0C0:7e8ac50c:"",128:8053ED00:9266a733:"",129:8053EEA0:89db1715:"",130:8053FBC0:37459376:"",131:8053F3E0:8f89ceb0:""] weights=[131:1,132:1,133:1,134:1,135:1,136:1,137:1,138:1,139:1,140:1] vectors=[135:(1,1,1),136:(1,1,1),137:(1,1,1),138:(1,1,1),139:(1,1,1),140:(1,1,1)]
2026-09-09 18:25:17.692 liquid world emitter sample person=2 emission=2 position=(-0.78045,1.51494,1.63973) direction=(-0.08571,0.99597,-0.02647) source=rebuilt-joint-local-hierarchy
2026-09-09 18:25:17.705 liquid native stain contact consumed source=confirmed particle=1053 emission=2 retry=1 result=0 count=1 outcome=native-model-miss-requeued
2026-09-09 18:25:17.782 liquid native stain contact consumed source=confirmed particle=1053 emission=2 retry=2 result=0 count=1 outcome=native-model-miss-final
2026-09-09 18:25:17.811 NATIVE STAIN ANIMATION DIAG generation=19 emission=2 particle=1003 sample_ms=250 update=32aed320 descriptor=65fe5ca0 descriptor_checksum=f6fea517 group_index=0 group=5bc71c20 group_checksum=6b9628df counts=(nodes:146,controls:134,weights:146,vectors:146) nodes=[140:7F9211A0:039a6d50:"",141:7F920BE0:33f711c7:"",142:7F91E180:a9f8f559:"",143:94433B20:f866576b:"",144:94433A60:b1db71b1:"",145:94433E00:1d5f60d5:""] controls=[128:8053ED00:9266a733:"",129:8053EEA0:89db1715:"",130:8053FBC0:37459376:"",131:8053F3E0:8f89ceb0:"",132:8053FF20:2e927227:"",133:80540600:33d80d2f:""] weights=[136:1,137:1,138:1,139:1,140:1,141:1,142:1,143:1,144:1,145:1] vectors=[140:(1,1,1),141:(1,1,1),142:(1,1,1),143:(1,1,1),144:(1,1,1),145:(1,1,1)]
2026-09-09 18:25:17.895 testicular retraction live write person=2 control=46d30240 input=0.250 baseline=0.000 contribution=0.250 output=0.250
2026-09-09 18:25:17.913 NATIVE STAIN ANIMATION DIAG generation=19 emission=2 particle=1003 sample_ms=359 update=32aed320 descriptor=65fe5ca0 descriptor_checksum=f6fea517 group_index=0 group=5bc71c20 group_checksum=6b9628df counts=(nodes:146,controls:134,weights:146,vectors:146) nodes=[140:7F9211A0:de8fc5a7:"",141:7F920BE0:f3c195f0:"",142:7F91E180:dd11f676:"",143:94433B20:bdb574bc:"",144:94433A60:443207de:"",145:94433E00:dc7e1cba:""] controls=[128:8053ED00:9266a733:"",129:8053EEA0:89db1715:"",130:8053FBC0:37459376:"",131:8053F3E0:8f89ceb0:"",132:8053FF20:2e927227:"",133:80540600:33d80d2f:""] weights=[136:1,137:1,138:1,139:1,140:1,141:1,142:1,143:1,144:1,145:1] vectors=[140:(1,1,1),141:(1,1,1),142:(1,1,1),143:(1,1,1),144:(1,1,1),145:(1,1,1)]
2026-09-09 18:25:17.913 NATIVE STAIN FIELD DIAG generation=19 outcome=baseline node=94433e00 control=7f9a2d00
2026-09-09 18:25:17.914 memory snapshot label="native-stain-animation-node-baseline" address=94433E00 words=724ba8d4,00000000,724ba908,724f4190,7f45dfe0,4833cb40,01fff0ad,00000000,00000000,00000000,5a0e1bca,00000000,79434d80,724f4230,00000000,0001e412,3f800000,3f800000,3f800000,3f800000,00000000,00000000,00000000,00000000
2026-09-09 18:25:17.914 memory snapshot label="native-stain-animation-control-baseline" address=7F9A2D00 words=724b9ad4,00000000,724b9adc,724f4190,3f746f01,00000000,724f4170,00000000,00000000,00000000,bf800000,00000000,f70b8cc5,8d00d45f,3da1cbda,7f9a2d38,00000000,00000000,081d63c0,00000000,00000002,725100c4,00000001,00000001
2026-09-09 18:25:17.915 liquid deep links event="native-stain-animation-node" object=94433e00 named_or_string_links=0 scan_bytes=96
2026-09-09 18:25:17.915 liquid deep links event="native-stain-animation-control" object=7f9a2d00 named_or_string_links=0 scan_bytes=96
2026-09-09 18:25:17.949 liquid world emitter sample person=2 emission=2 position=(-0.81125,1.68880,1.63022) direction=(-0.08571,0.99597,-0.02647) source=rebuilt-joint-local-hierarchy
2026-09-09 18:25:18.024 NATIVE STAIN ANIMATION DIAG generation=19 emission=2 particle=1003 sample_ms=469 update=32aed320 descriptor=65fe5ca0 descriptor_checksum=f6fea517 group_index=0 group=5bc71c20 group_checksum=6b9628df counts=(nodes:146,controls:134,weights:146,vectors:146) nodes=[140:7F9211A0:1c9ba295:"",141:7F920BE0:407ac11a:"",142:7F91E180:9e3e615c:"",143:94433B20:d15f45d6:"",144:94433A60:62b8a4b4:"",145:94433E00:046e6090:""] controls=[128:8053ED00:9266a733:"",129:8053EEA0:89db1715:"",130:8053FBC0:37459376:"",131:8053F3E0:8f89ceb0:"",132:8053FF20:2e927227:"",133:80540600:33d80d2f:""] weights=[136:1,137:1,138:1,139:1,140:1,141:1,142:1,143:1,144:1,145:1] vectors=[140:(1,1,1),141:(1,1,1),142:(1,1,1),143:(1,1,1),144:(1,1,1),145:(1,1,1)]
2026-09-09 18:25:18.025 NATIVE STAIN FIELD DIAG generation=19 node=94433E00 control=7F9A2D00 changes=N+0x3c:0001e412>0001e418(1.736517e-040>1.736601e-040),C+0x10:3f746f01>3f6b229a(0.9548188>0.9184967) totals=(node:1,control:1)
2026-09-09 18:25:18.142 NATIVE STAIN ANIMATION DIAG generation=19 emission=2 particle=1003 sample_ms=578 update=32aed320 descriptor=65fe5ca0 descriptor_checksum=f6fea517 group_index=0 group=5bc71c20 group_checksum=6b9628df counts=(nodes:146,controls:134,weights:146,vectors:146) nodes=[140:7F9211A0:0cf43240:"",141:7F920BE0:e0b422d7:"",142:7F91E180:1f243d09:"",143:94433B20:9b47895b:"",144:94433A60:f7abb761:"",145:94433E00:ce35a925:""] controls=[128:8053ED00:9266a733:"",129:8053EEA0:89db1715:"",130:8053FBC0:37459376:"",131:8053F3E0:8f89ceb0:"",132:8053FF20:2e927227:"",133:80540600:33d80d2f:""] weights=[136:1,137:1,138:1,139:1,140:1,141:1,142:1,143:1,144:1,145:1] vectors=[140:(1,1,1),141:(1,1,1),142:(1,1,1),143:(1,1,1),144:(1,1,1),145:(1,1,1)]
2026-09-09 18:25:18.143 NATIVE STAIN FIELD DIAG generation=19 node=94433E00 control=7F9A2D00 changes=N+0x3c:0001e418>0001e41d(1.736601e-040>1.736671e-040),C+0x10:3f6b229a>3f616c69(0.9184967>0.8805605) totals=(node:1,control:1)
2026-09-09 18:25:18.145 testicular retraction live write person=2 control=46d30240 input=0.250 baseline=0.000 contribution=0.250 output=0.250
2026-09-09 18:25:18.207 liquid world emitter sample person=2 emission=2 position=(-0.72001,1.17376,1.65840) direction=(-0.08571,0.99597,-0.02647) source=rebuilt-joint-local-hierarchy
2026-09-09 18:25:18.240 NATIVE STAIN ANIMATION DIAG generation=19 emission=2 particle=1003 sample_ms=687 update=32aed320 descriptor=65fe5ca0 descriptor_checksum=f6fea517 group_index=0 group=5bc71c20 group_checksum=6b9628df counts=(nodes:146,controls:134,weights:146,vectors:146) nodes=[140:7F9211A0:a1d541cc:"",141:7F920BE0:ffd01a7b:"",142:7F91E180:6591ae05:"",143:94433B20:39ef0cf7:"",144:94433A60:17599d2d:"",145:94433E00:228731e9:""] controls=[128:8053ED00:9266a733:"",129:8053EEA0:89db1715:"",130:8053FBC0:37459376:"",131:8053F3E0:8f89ceb0:"",132:8053FF20:2e927227:"",133:80540600:33d80d2f:""] weights=[136:1,137:1,138:1,139:1,140:1,141:1,142:1,143:1,144:1,145:1] vectors=[140:(1,1,1),141:(1,1,1),142:(1,1,1),143:(1,1,1),144:(1,1,1),145:(1,1,1)]
2026-09-09 18:25:18.242 NATIVE STAIN FIELD DIAG generation=19 node=94433E00 control=7F9A2D00 changes=N+0x3c:0001e41d>0001e421(1.736671e-040>1.736727e-040),C+0x10:3f616c69>3f58d486(0.8805605>0.8469929) totals=(node:1,control:1)
2026-09-09 18:25:18.348 NATIVE STAIN ANIMATION DIAG generation=19 emission=2 particle=1003 sample_ms=797 update=32aed320 descriptor=65fe5ca0 descriptor_checksum=f6fea517 group_index=0 group=5bc71c20 group_checksum=6b9628df counts=(nodes:146,controls:134,weights:146,vectors:146) nodes=[140:7F9211A0:c44e6bb3:"",141:7F920BE0:1a275014:"",142:7F91E180:e9a1c3d2:"",143:94433B20:ed74e8d8:"",144:94433A60:f48c0efa:"",145:94433E00:6ead599e:""] controls=[128:8053ED00:9266a733:"",129:8053EEA0:89db1715:"",130:8053FBC0:37459376:"",131:8053F3E0:8f89ceb0:"",132:8053FF20:2e927227:"",133:80540600:33d80d2f:""] weights=[136:1,137:1,138:1,139:1,140:1,141:1,142:1,143:1,144:1,145:1] vectors=[140:(1,1,1),141:(1,1,1),142:(1,1,1),143:(1,1,1),144:(1,1,1),145:(1,1,1)]
2026-09-09 18:25:18.348 NATIVE STAIN FIELD DIAG generation=19 node=94433E00 control=7F9A2D00 changes=N+0x3c:0001e421>0001e426(1.736727e-040>1.736797e-040),C+0x10:3f58d486>3f4fdfcc(0.8469929>0.8120086) totals=(node:1,control:1)
2026-09-09 18:25:18.397 testicular retraction live write person=2 control=46d30240 input=0.026 baseline=0.000 contribution=0.017 output=0.017
2026-09-09 18:25:18.453 liquid world emitter sample person=2 emission=2 position=(-0.79821,1.61516,1.63425) direction=(-0.08571,0.99597,-0.02647) source=rebuilt-joint-local-hierarchy
2026-09-09 18:25:18.468 NATIVE STAIN ANIMATION DIAG generation=19 emission=2 particle=1003 sample_ms=906 update=32aed320 descriptor=65fe5ca0 descriptor_checksum=f6fea517 group_index=0 group=5bc71c20 group_checksum=6b9628df counts=(nodes:146,controls:134,weights:146,vectors:146) nodes=[140:7F9211A0:fe25eaa6:"",141:7F920BE0:c39b4309:"",142:7F91E180:3c3d1cd7:"",143:94433B20:b794f825:"",144:94433A60:14748cef:"",145:94433E00:b1e83a5b:""] controls=[128:8053ED00:9266a733:"",129:8053EEA0:89db1715:"",130:8053FBC0:37459376:"",131:8053F3E0:8f89ceb0:"",132:8053FF20:2e927227:"",133:80540600:33d80d2f:""] weights=[136:1,137:1,138:1,139:1,140:1,141:1,142:1,143:1,144:1,145:1] vectors=[140:(1,1,1),141:(1,1,1),142:(1,1,1),143:(1,1,1),144:(1,1,1),145:(1,1,1)]
2026-09-09 18:25:18.468 NATIVE STAIN FIELD DIAG generation=19 node=94433E00 control=7F9A2D00 changes=N+0x3c:0001e426>0001e42b(1.736797e-040>1.736867e-040),C+0x10:3f4fdfcc>3f4602b3(0.8120086>0.7734787) totals=(node:1,control:1)
2026-09-09 18:25:18.558 ejaculation audio started person=2 emission=2 pulse=7 volume=0.000 path="C:\Users\ErolB\Desktop\Games\TK17\The Klub 17\Extensions\Liquids\Sounds\Ejaculation\Default\cum04.mp3"
2026-09-09 18:25:18.558 testicular retraction pulse person=2 emission=2 pulse=7 baseline=0.000 start=-0.001 target=0.250
2026-09-09 18:25:18.569 NATIVE STAIN ANIMATION DIAG generation=19 emission=2 particle=1003 sample_ms=1015 update=32aed320 descriptor=65fe5ca0 descriptor_checksum=f6fea517 group_index=0 group=5bc71c20 group_checksum=6b9628df counts=(nodes:146,controls:134,weights:146,vectors:146) nodes=[140:7F9211A0:baaed592:"",141:7F920BE0:7f4c865d:"",142:7F91E180:0535b2f3:"",143:94433B20:0cfe2591:"",144:94433A60:e733ebcb:"",145:94433E00:ffbe73bf:""] controls=[128:8053ED00:9266a733:"",129:8053EEA0:89db1715:"",130:8053FBC0:37459376:"",131:8053F3E0:8f89ceb0:"",132:8053FF20:2e927227:"",133:80540600:33d80d2f:""] weights=[136:1,137:1,138:1,139:1,140:1,141:1,142:1,143:1,144:1,145:1] vectors=[140:(1,1,1),141:(1,1,1),142:(1,1,1),143:(1,1,1),144:(1,1,1),145:(1,1,1)]
2026-09-09 18:25:18.569 NATIVE STAIN FIELD DIAG generation=19 node=94433E00 control=7F9A2D00 changes=N+0x3c:0001e42b>0001e42f(1.736867e-040>1.736923e-040),C+0x10:3f4602b3>3f3d64aa(0.7734787>0.7398173) totals=(node:1,control:1)
2026-09-09 18:25:18.570 testicular retraction applied person=2 emission=2 pulse=7 baseline=0.000 contribution=-0.001 output=0.000
2026-09-09 18:25:18.663 testicular retraction live write person=2 control=46d30240 input=0.280 baseline=0.000 contribution=0.289 output=0.289
2026-09-09 18:25:18.686 NATIVE STAIN ANIMATION DIAG generation=19 emission=2 particle=1003 sample_ms=1125 update=32aed320 descriptor=65fe5ca0 descriptor_checksum=f6fea517 group_index=0 group=5bc71c20 group_checksum=6b9628df counts=(nodes:146,controls:134,weights:146,vectors:146) nodes=[140:7F9211A0:a887fda9:"",141:7F920BE0:06c82186:"",142:7F91E180:bc5884e0:"",143:94433B20:4b89952a:"",144:94433A60:42d8f988:"",145:94433E00:7de18e0c:""] controls=[128:8053ED00:9266a733:"",129:8053EEA0:89db1715:"",130:8053FBC0:37459376:"",131:8053F3E0:8f89ceb0:"",132:8053FF20:2e927227:"",133:80540600:33d80d2f:""] weights=[136:1,137:1,138:1,139:1,140:1,141:1,142:1,143:1,144:1,145:1] vectors=[140:(1,1,1),141:(1,1,1),142:(1,1,1),143:(1,1,1),144:(1,1,1),145:(1,1,1)]
2026-09-09 18:25:18.686 NATIVE STAIN FIELD DIAG generation=19 node=94433E00 control=7F9A2D00 changes=N+0x3c:0001e42f>0001e434(1.736923e-040>1.736994e-040),C+0x10:3f3d64aa>3f338b8a(0.7398173>0.7013479) totals=(node:1,control:1)
2026-09-09 18:25:18.697 liquid world emitter sample person=2 emission=2 position=(-0.77150,1.46440,1.64250) direction=(-0.08571,0.99597,-0.02647) source=rebuilt-joint-local-hierarchy
2026-09-09 18:25:18.791 ejaculation audio finished person=2 emission=2 pulse=7 path="C:\Users\ErolB\Desktop\Games\TK17\The Klub 17\Extensions\Liquids\Sounds\Ejaculation\Default\cum04.mp3"
2026-09-09 18:25:18.810 NATIVE STAIN ANIMATION DIAG generation=19 emission=2 particle=1003 sample_ms=1250 update=32aed320 descriptor=65fe5ca0 descriptor_checksum=f6fea517 group_index=0 group=5bc71c20 group_checksum=6b9628df counts=(nodes:146,controls:134,weights:146,vectors:146) nodes=[140:7F9211A0:4f065575:"",141:7F920BE0:ad0b74ba:"",142:7F91E180:006c77bc:"",143:94433B20:9a5af376:"",144:94433A60:76941654:"",145:94433E00:23343df0:""] controls=[128:8053ED00:9266a733:"",129:8053EEA0:89db1715:"",130:8053FBC0:37459376:"",131:8053F3E0:8f89ceb0:"",132:8053FF20:2e927227:"",133:80540600:33d80d2f:""] weights=[136:1,137:1,138:1,139:1,140:1,141:1,142:1,143:1,144:1,145:1] vectors=[140:(1,1,1),141:(1,1,1),142:(1,1,1),143:(1,1,1),144:(1,1,1),145:(1,1,1)]
2026-09-09 18:25:18.811 NATIVE STAIN FIELD DIAG generation=19 node=94433E00 control=7F9A2D00 changes=N+0x3c:0001e434>0001e438(1.736994e-040>1.73705e-040),C+0x10:3f338b8a>3f28f4a6(0.7013479>0.659983) totals=(node:1,control:1)
2026-09-09 18:25:18.921 NATIVE STAIN ANIMATION DIAG generation=19 emission=2 particle=1003 sample_ms=1359 update=32aed320 descriptor=65fe5ca0 descriptor_checksum=f6fea517 group_index=0 group=5bc71c20 group_checksum=6b9628df counts=(nodes:146,controls:134,weights:146,vectors:146) nodes=[140:7F9211A0:2e9f5da0:"",141:7F920BE0:211d15f7:"",142:7F91E180:4e9d83e9:"",143:94433B20:18a2117b:"",144:94433A60:feb37f81:"",145:94433E00:397b5c05:""] controls=[128:8053ED00:9266a733:"",129:8053EEA0:89db1715:"",130:8053FBC0:37459376:"",131:8053F3E0:8f89ceb0:"",132:8053FF20:2e927227:"",133:80540600:33d80d2f:""] weights=[136:1,137:1,138:1,139:1,140:1,141:1,142:1,143:1,144:1,145:1] vectors=[140:(1,1,1),141:(1,1,1),142:(1,1,1),143:(1,1,1),144:(1,1,1),145:(1,1,1)]
2026-09-09 18:25:18.921 NATIVE STAIN FIELD DIAG generation=19 node=94433E00 control=7F9A2D00 changes=N+0x3c:0001e438>0001e43d(1.73705e-040>1.73712e-040),C+0x10:3f28f4a6>3f1fbdf8(0.659983>0.6239924) totals=(node:1,control:1)
2026-09-09 18:25:18.922 testicular retraction live write person=2 control=46d30240 input=0.254 baseline=0.000 contribution=0.251 output=0.251
2026-09-09 18:25:18.961 liquid world emitter sample person=2 emission=2 position=(-0.67537,0.92177,1.67218) direction=(-0.08571,0.99597,-0.02647) source=rebuilt-joint-local-hierarchy
2026-09-09 18:25:19.037 NATIVE STAIN ANIMATION DIAG generation=19 emission=2 particle=1003 sample_ms=1484 update=32aed320 descriptor=65fe5ca0 descriptor_checksum=f6fea517 group_index=0 group=5bc71c20 group_checksum=6b9628df counts=(nodes:146,controls:134,weights:146,vectors:146) nodes=[140:7F9211A0:ba4b6477:"",141:7F920BE0:964bb720:"",142:7F91E180:25e29ac6:"",143:94433B20:5c463c4c:"",144:94433A60:db64a32e:"",145:94433E00:87d4c56a:""] controls=[128:8053ED00:9266a733:"",129:8053EEA0:89db1715:"",130:8053FBC0:37459376:"",131:8053F3E0:8f89ceb0:"",132:8053FF20:2e927227:"",133:80540600:33d80d2f:""] weights=[136:1,137:1,138:1,139:1,140:1,141:1,142:1,143:1,144:1,145:1] vectors=[140:(1,1,1),141:(1,1,1),142:(1,1,1),143:(1,1,1),144:(1,1,1),145:(1,1,1)]
2026-09-09 18:25:19.038 NATIVE STAIN FIELD DIAG generation=19 node=94433E00 control=7F9A2D00 changes=N+0x3c:0001e43d>0001e442(1.73712e-040>1.73719e-040),C+0x10:3f1fbdf8>3f158a25(0.6239924>0.5841392) totals=(node:1,control:1)
2026-09-09 18:25:19.145 NATIVE STAIN ANIMATION DIAG generation=19 emission=2 particle=1003 sample_ms=1594 update=32aed320 descriptor=65fe5ca0 descriptor_checksum=f6fea517 group_index=0 group=5bc71c20 group_checksum=6b9628df counts=(nodes:146,controls:134,weights:146,vectors:146) nodes=[140:7F9211A0:f899233a:"",141:7F920BE0:2fe23cf5:"",142:7F91E180:db65b3cb:"",143:94433B20:a0cce979:"",144:94433A60:1103eaf3:"",145:94433E00:87a76d27:""] controls=[128:8053ED00:9266a733:"",129:8053EEA0:89db1715:"",130:8053FBC0:37459376:"",131:8053F3E0:8f89ceb0:"",132:8053FF20:2e927227:"",133:80540600:33d80d2f:""] weights=[136:1,137:1,138:1,139:1,140:1,141:1,142:1,143:1,144:1,145:1] vectors=[140:(1,1,1),141:(1,1,1),142:(1,1,1),143:(1,1,1),144:(1,1,1),145:(1,1,1)]
2026-09-09 18:25:19.146 NATIVE STAIN FIELD DIAG generation=19 node=94433E00 control=7F9A2D00 changes=N+0x3c:0001e442>0001e447(1.73719e-040>1.73726e-040),C+0x10:3f158a25>3f0c67bd(0.5841392>0.5484579) totals=(node:1,control:1)
2026-09-09 18:25:19.170 testicular retraction live write person=2 control=46d30240 input=0.249 baseline=0.000 contribution=0.250 output=0.250
2026-09-09 18:25:19.226 liquid world emitter sample person=2 emission=2 position=(-0.62409,0.63231,1.68802) direction=(-0.08571,0.99597,-0.02647) source=rebuilt-joint-local-hierarchy
2026-09-09 18:25:19.259 NATIVE STAIN ANIMATION DIAG generation=19 emission=2 particle=1003 sample_ms=1703 update=32aed320 descriptor=65fe5ca0 descriptor_checksum=f6fea517 group_index=0 group=5bc71c20 group_checksum=6b9628df counts=(nodes:146,controls:134,weights:146,vectors:146) nodes=[140:7F9211A0:76380711:"",141:7F920BE0:dcdad5de:"",142:7F91E180:c4626918:"",143:94433B20:751fd012:"",144:94433A60:5b18c7f0:"",145:94433E00:3eaf8c54:""] controls=[128:8053ED00:9266a733:"",129:8053EEA0:89db1715:"",130:8053FBC0:37459376:"",131:8053F3E0:8f89ceb0:"",132:8053FF20:2e927227:"",133:80540600:33d80d2f:""] weights=[136:1,137:1,138:1,139:1,140:1,141:1,142:1,143:1,144:1,145:1] vectors=[140:(1,1,1),141:(1,1,1),142:(1,1,1),143:(1,1,1),144:(1,1,1),145:(1,1,1)]
2026-09-09 18:25:19.260 NATIVE STAIN FIELD DIAG generation=19 node=94433E00 control=7F9A2D00 changes=N+0x3c:0001e447>0001e44c(1.73726e-040>1.73733e-040),C+0x10:3f0c67bd>3f02f955(0.5484579>0.511617) totals=(node:1,control:1)
2026-09-09 18:25:19.374 NATIVE STAIN ANIMATION DIAG generation=19 emission=2 particle=1003 sample_ms=1812 update=32aed320 descriptor=65fe5ca0 descriptor_checksum=f6fea517 group_index=0 group=5bc71c20 group_checksum=6b9628df counts=(nodes:146,controls:134,weights:146,vectors:146) nodes=[140:7F9211A0:a088e767:"",141:7F920BE0:22d5bc30:"",142:7F91E180:714873b6:"",143:94433B20:835fd1fc:"",144:94433A60:a691e39e:"",145:94433E00:bca784fa:""] controls=[128:8053ED00:9266a733:"",129:8053EEA0:89db1715:"",130:8053FBC0:37459376:"",131:8053F3E0:8f89ceb0:"",132:8053FF20:2e927227:"",133:80540600:33d80d2f:""] weights=[136:1,137:1,138:1,139:1,140:1,141:1,142:1,143:1,144:1,145:1] vectors=[140:(1,1,1),141:(1,1,1),142:(1,1,1),143:(1,1,1),144:(1,1,1),145:(1,1,1)]
2026-09-09 18:25:19.375 NATIVE STAIN FIELD DIAG generation=19 node=94433E00 control=7F9A2D00 changes=N+0x3c:0001e44c>0001e452(1.73733e-040>1.737414e-040),C+0x10:3f02f955>3ef220ab(0.511617>0.4729055) totals=(node:1,control:1)
2026-09-09 18:25:19.431 liquid native stain contact consumed source=confirmed particle=1058 emission=2 retry=0 result=0 count=1 outcome=native-model-miss-requeued
2026-09-09 18:25:19.433 testicular retraction live write person=2 control=46d30240 input=0.250 baseline=0.000 contribution=0.250 output=0.250
2026-09-09 18:25:19.464 liquid native stain contact consumed source=confirmed particle=1059 emission=2 retry=0 result=0 count=1 outcome=native-model-miss-requeued
2026-09-09 18:25:19.477 liquid world emitter sample person=2 emission=2 position=(-0.68026,0.94938,1.67067) direction=(-0.08571,0.99597,-0.02647) source=rebuilt-joint-local-hierarchy
2026-09-09 18:25:19.494 liquid native stain contact consumed source=confirmed particle=1058 emission=2 retry=1 result=-1 count=0 outcome=native-model-miss-requeued
2026-09-09 18:25:19.494 NATIVE STAIN ANIMATION DIAG generation=19 emission=2 particle=1003 sample_ms=1937 update=32aed320 descriptor=65fe5ca0 descriptor_checksum=e5dea17b group_index=0 group=5bc71c20 group_checksum=6b9628df counts=(nodes:150,controls:136,weights:150,vectors:150) nodes=[144:94433A60:ba43548a:"",145:94433E00:00b2440e:"",146:944A7480:fff21476:"",147:944A78E0:34b894d5:"",148:944A7B00:4e5fd5d3:"",149:944A6F80:620d4d28:""] controls=[130:8053FBC0:37459376:"",131:8053F3E0:8f89ceb0:"",132:8053FF20:2e927227:"",133:80540600:33d80d2f:"",134:80540880:8677c06c:"",135:80540D40:62c636e7:""] weights=[140:1,141:1,142:1,143:1,144:1,145:1,146:1,147:1,148:1,149:1] vectors=[144:(1,1,1),145:(1,1,1),146:(1,1,1),147:(1,1,1),148:(1,1,1),149:(1,1,1)]
2026-09-09 18:25:19.494 NATIVE STAIN FIELD DIAG generation=19 outcome=baseline node=944a6f80 control=7f9a6880
2026-09-09 18:25:19.495 memory snapshot label="native-stain-animation-node-baseline" address=944A6F80 words=724ba8d4,724f42f8,724ba908,724f4190,7f461a60,4833cb40,01fff0ad,00000000,00000000,00000000,5a0e1bca,00000000,794342e0,724f4230,00000000,0001e456,3f800000,3f800000,3f800000,3f800000,00000000,00000000,00000000,00000000
2026-09-09 18:25:19.495 memory snapshot label="native-stain-animation-control-baseline" address=7F9A6880 words=724b9ad4,35eb8000,724b9adc,724f4190,3f7d7088,00000000,724f4170,35eb1060,be95b08f,36a9a06c,bf74d092,00000000,efbb8475,8d015c5f,be7126a9,7f9a68b8,00000000,00000000,081d63c0,00000000,00000002,725100c4,00000001,00000001
2026-09-09 18:25:19.496 liquid deep links event="native-stain-animation-node" object=944a6f80 named_or_string_links=0 scan_bytes=96
2026-09-09 18:25:19.496 liquid deep links event="native-stain-animation-control" object=7f9a6880 named_or_string_links=0 scan_bytes=96
2026-09-09 18:25:19.529 liquid native stain contact consumed source=confirmed particle=1059 emission=2 retry=1 result=0 count=1 outcome=native-model-miss-requeued
2026-09-09 18:25:19.554 liquid native stain contact consumed source=confirmed particle=1058 emission=2 retry=2 result=-1 count=0 outcome=native-model-miss-final
2026-09-09 18:25:19.578 liquid native stain contact consumed source=confirmed particle=1083 emission=2 retry=0 result=0 count=1 outcome=native-model-miss-final
2026-09-09 18:25:19.613 liquid native stain contact consumed source=confirmed particle=1059 emission=2 retry=2 result=0 count=1 outcome=native-model-miss-final
2026-09-09 18:25:19.614 NATIVE STAIN ANIMATION DIAG generation=19 emission=2 particle=1003 sample_ms=2062 update=32aed320 descriptor=65fe5ca0 descriptor_checksum=1519c04f group_index=0 group=5bc71c20 group_checksum=6b9628df counts=(nodes:154,controls:139,weights:154,vectors:154) nodes=[148:944A7B00:3063746f:"",149:944A6F80:3a0fb9f4:"",150:944A85C0:f0f07f42:"",151:944A97C0:a0c3dca1:"",152:944A8740:af508026:"",153:944A8AC0:b1bdda7e:""] controls=[133:80540600:33d80d2f:"",134:80540880:8677c06c:"",135:80540D40:62c636e7:"",136:805415A0:b33b2d52:"",137:80542460:b532ec15:"",138:80541F00:1bf26190:""] weights=[144:1,145:1,146:1,147:1,148:1,149:1,150:1,151:1,152:1,153:1] vectors=[148:(1,1,1),149:(1,1,1),150:(1,1,1),151:(1,1,1),152:(1,1,1),153:(1,1,1)]
2026-09-09 18:25:19.614 NATIVE STAIN FIELD DIAG generation=19 outcome=baseline node=944a8ac0 control=7f9a8a20
2026-09-09 18:25:19.614 memory snapshot label="native-stain-animation-node-baseline" address=944A8AC0 words=724ba8d4,724f4170,724ba908,724f4190,7f460240,4833cb40,01fff0ad,00000000,00000000,00000000,5a0e1bca,00000000,79433e60,724f4230,00000000,ffffffff,3f800000,3f800000,3f800000,3f800000,00000000,00000000,00000000,00000000
2026-09-09 18:25:19.614 memory snapshot label="native-stain-animation-control-baseline" address=7F9A8A20 words=724b9ad4,356a7700,724b9adc,724f4190,3f800000,00000000,724f4170,356a7500,3f800000,00000000,00000000,00000000,00000000,00000000,00000000,00000000,ebe5982f,8d01a900,00000000,00000000,00000000,00000000,00000000,7f9a8a68
2026-09-09 18:25:19.615 liquid deep links event="native-stain-animation-node" object=944a8ac0 named_or_string_links=0 scan_bytes=96
2026-09-09 18:25:19.616 liquid deep links event="native-stain-animation-control" object=7f9a8a20 named_or_string_links=0 scan_bytes=96
2026-09-09 18:25:19.650 liquid native stain contact consumed source=confirmed particle=1062 emission=2 retry=0 result=0 count=1 outcome=native-model-miss-final
2026-09-09 18:25:19.672 liquid native stain contact consumed source=confirmed particle=1066 emission=2 retry=0 result=0 count=1 outcome=native-model-miss-final
2026-09-09 18:25:19.676 testicular retraction live write person=2 control=46d30240 input=0.187 baseline=0.000 contribution=0.187 output=0.187
2026-09-09 18:25:19.702 liquid native stain contact consumed source=confirmed particle=1073 emission=2 retry=0 result=0 count=1 outcome=native-model-miss-final
2026-09-09 18:25:19.723 NATIVE STAIN ANIMATION DIAG generation=19 emission=2 particle=1003 sample_ms=2172 update=32aed320 descriptor=65fe5ca0 descriptor_checksum=c9d62cc1 group_index=0 group=5bc71c20 group_checksum=6b9628df counts=(nodes:160,controls:142,weights:160,vectors:160) nodes=[154:944AAF80:e555ce3b:"",155:944AAE00:d0b9af6e:"",156:944AB300:b8735bd6:"",157:944A9FA0:717dce94:"",158:944ABB00:5f02dda9:"",159:944ABE80:dca6fc80:""] controls=[136:805415A0:b33b2d52:"",137:80542460:b36ab9fe:"",138:80541F00:b4579446:"",139:805420A0:04fb2cc7:"",140:80542140:868d4f04:"",141:805428C0:f7a89ab5:""] weights=[150:1,151:1,152:1,153:1,154:1,155:1,156:1,157:1,158:1,159:1] vectors=[154:(1,1,1),155:(1,1,1),156:(1,1,1),157:(1,1,1),158:(1,1,1),159:(1,1,1)]
2026-09-09 18:25:19.723 NATIVE STAIN FIELD DIAG generation=19 outcome=baseline node=944abe80 control=7f9ac2a0
2026-09-09 18:25:19.723 memory snapshot label="native-stain-animation-node-baseline" address=944ABE80 words=724ba8d4,00000000,724ba908,724f4190,7f4630a0,4833cb40,01fff0ad,00000000,00000000,00000000,5a0e1bca,00000000,79433560,724f4230,00000000,0001e45e,3f800000,3f800000,3f800000,3f800000,00000000,00000000,00000000,00000000
2026-09-09 18:25:19.723 memory snapshot label="native-stain-animation-control-baseline" address=7F9AC2A0 words=724b9ad4,3e55246f,724b9adc,724f4190,3f7df5eb,00000000,724f4170,3e346800,00000000,00000000,00000000,00000000,e2f79139,8d022a00,00000000,7f9ac2d8,00000000,00000000,081d43a0,00000000,00000002,72510104,00000001,00000001
2026-09-09 18:25:19.724 liquid deep links event="native-stain-animation-node" object=944abe80 named_or_string_links=0 scan_bytes=96
2026-09-09 18:25:19.724 liquid deep links event="native-stain-animation-control" object=7f9ac2a0 named_or_string_links=0 scan_bytes=96
2026-09-09 18:25:19.849 NATIVE STAIN ANIMATION DIAG generation=19 emission=2 particle=1003 sample_ms=2297 update=32aed320 descriptor=65fe5ca0 descriptor_checksum=c9d62cc1 group_index=0 group=5bc71c20 group_checksum=6b9628df counts=(nodes:160,controls:142,weights:160,vectors:160) nodes=[154:944AAF80:73f82cee:"",155:944AAE00:967aeabb:"",156:944AB300:70cc2b13:"",157:944A9FA0:629caab9:"",158:944ABB00:b2aa5164:"",159:944ABE80:a99b22cd:""] controls=[136:805415A0:b33b2d52:"",137:80542460:b36ab9fe:"",138:80541F00:b4579446:"",139:805420A0:04fb2cc7:"",140:80542140:868d4f04:"",141:805428C0:f7a89ab5:""] weights=[150:1,151:1,152:1,153:1,154:1,155:1,156:1,157:1,158:1,159:1] vectors=[154:(1,1,1),155:(1,1,1),156:(1,1,1),157:(1,1,1),158:(1,1,1),159:(1,1,1)]
2026-09-09 18:25:19.849 NATIVE STAIN FIELD DIAG generation=19 node=944ABE80 control=7F9AC2A0 changes=N+0x3c:0001e45e>0001e463(1.737582e-040>1.737652e-040),C+0x10:3f7df5eb>3f734708(0.9920337>0.9503026) totals=(node:1,control:1)
2026-09-09 18:25:19.931 testicular retraction live write person=2 control=46d30240 input=0.014 baseline=0.000 contribution=0.011 output=0.011
2026-09-09 18:25:19.971 NATIVE STAIN ANIMATION DIAG generation=19 emission=2 particle=1003 sample_ms=2406 update=32aed320 descriptor=65fe5ca0 descriptor_checksum=c9d62cc1 group_index=0 group=5bc71c20 group_checksum=6b9628df counts=(nodes:160,controls:142,weights:160,vectors:160) nodes=[154:944AAF80:d9b8e34f:"",155:944AAE00:176e376a:"",156:944AB300:545e3172:"",157:944A9FA0:3844c670:"",158:944ABB00:da2567ad:"",159:944ABE80:0a255004:""] controls=[136:805415A0:b33b2d52:"",137:80542460:b36ab9fe:"",138:80541F00:b4579446:"",139:805420A0:04fb2cc7:"",140:80542140:868d4f04:"",141:805428C0:f7a89ab5:""] weights=[150:1,151:1,152:1,153:1,154:1,155:1,156:1,157:1,158:1,159:1] vectors=[154:(1,1,1),155:(1,1,1),156:(1,1,1),157:(1,1,1),158:(1,1,1),159:(1,1,1)]
2026-09-09 18:25:19.971 NATIVE STAIN FIELD DIAG generation=19 node=944ABE80 control=7F9AC2A0 changes=N+0x3c:0001e463>0001e46a(1.737652e-040>1.73775e-040),C+0x10:3f734708>3f68e54e(0.9503026>0.9097489) totals=(node:1,control:1)
2026-09-09 18:25:20.187 testicular retraction live write person=2 control=46d30240 input=0.000 baseline=0.000 contribution=-0.004 output=0.000
2026-09-09 18:25:32.104 NC-TK17-Liquids.dll detached
