2026-09-12 16:15:25.699 NC-TK17-Liquids.dll attached version=0.8.12-decal-freeze-performance diagnostic_enabled=1 liquids_enabled=1 config="C:\Users\ErolB\Desktop\Games\TK17\The Klub 17\Extensions\Liquids\Config.ini"
2026-09-12 16:15:25.707 loadextension
2026-09-12 16:15:25.707 executable fingerprint base=00400000 timestamp=0x56ef69a0 image_size=0x00312000 checksum=0x00304a16 expected_timestamp=0x56ef69a0 expected_image_size=0x00312000 expected_checksum=0x00304a16
2026-09-12 16:15:25.708 engine modules exe=00400000 app=726b0000 sys=726f0000 FindObjC=726b1030 GetModelViewRotationPivot=7277aeb0 GetWeakObjTarget=72720900 StringRefHash32=7276f130 NameHashFind=7276b2b0
2026-09-12 16:15:25.708 engine nil sentinels NilWeakSlot=7284808c NilWeak=72894230 NilObjectSlot=72848090 NilObject=728942f8
2026-09-12 16:15:25.708 address marker module=TK17-158.001.exe text="CumShot" address=0066d980 rva=0x0026d980
2026-09-12 16:15:25.708 address xref module=TK17-158.001.exe text="CumShot" address=004701f3 rva=0x000701f3
2026-09-12 16:15:25.708 address marker module=TK17-158.001.exe text="InternalCum_Start" address=00673f48 rva=0x00273f48
2026-09-12 16:15:25.708 address xref module=TK17-158.001.exe text="InternalCum_Start" address=0052198c rva=0x0012198c
2026-09-12 16:15:25.708 address marker module=TK17-158.001.exe text="Finish_CumShot" address=00675910 rva=0x00275910
2026-09-12 16:15:25.717 address marker module=TK17-158.001.exe text="Person_CumShot" address=00695260 rva=0x00295260
2026-09-12 16:15:25.717 address marker module=TK17-158.001.exe text="spermray01_init" address=0067102b rva=0x0027102b
2026-09-12 16:15:25.722 address marker module=TK17-158.001.exe text="spermray01_splash" address=00671007 rva=0x00271007
2026-09-12 16:15:25.724 address marker module=TK17-158.001.exe text="CumShot/Done" address=0066d980 rva=0x0026d980
2026-09-12 16:15:25.724 address xref module=TK17-158.001.exe text="CumShot/Done" address=004701f3 rva=0x000701f3
2026-09-12 16:15:25.727 address marker module=TK17-158.001.exe text=".?AVInternalCumControl@@" address=006ac928 rva=0x002ac928
2026-09-12 16:15:25.728 address marker module=TK17-158.001.exe text=".?AVInternalCumEmitterMap@@" address=006ac7d8 rva=0x002ac7d8
2026-09-12 16:15:25.728 address marker module=TK17-158.001.exe text=".?AVInternalCumZone@@" address=006ac97c rva=0x002ac97c
2026-09-12 16:15:25.737 liquid Hook5 D3D8 projection capture callback registered module=6c0a0000
2026-09-12 16:15:25.737 liquid Hook5 D3D8 EndScene projection capture callback registered module=6c0a0000
2026-09-12 16:15:25.737 liquid Hook5 D3D11 scene callback registered module=6c0a0000
2026-09-12 16:15:25.737 liquid Hook5 post-lighting composite callback registered module=6c0a0000
2026-09-12 16:15:25.737 liquid Hook5 final D3D11 Present callback registered module=6c0a0000
2026-09-12 16:15:25.737 settings ConfigEditor pre-enumeration hook installed target=005cca00 previous=05de0000 identity=ParamDescription
2026-09-12 16:15:25.739 settings ConfigEditor change hook installed target=004fe280 previous=6c547600 bindings=39
2026-09-12 16:15:25.739 settings ConfigEditor slider hook installed target=005c34f0 previous=72454170
2026-09-12 16:15:25.739 settings ConfigEditor spinbox hook installed target=005c5110 previous=6c545c40
2026-09-12 16:15:25.739 liquid camera world-space hook installed target=726d2fd0 previous=6c535d90 chaining=1
2026-09-12 16:15:25.740 diagnostic AppMain::Command hook installed target=726d1610 previous=6c55a9b0 chaining=1
2026-09-12 16:15:25.740 diagnostic Object::iNameSet hook installed target=72720bd0 previous=6c534fd0 chaining=1
2026-09-12 16:15:25.740 diagnostic native-stain CloneObject hook installed target=727f7830 previous=6c534b40 chaining=1
2026-09-12 16:15:25.740 diagnostic native-stain cache hook installed target=005f0e80 rva=0x001f0e80 previous=05df0000 chaining=1
2026-09-12 16:15:25.740 liquid native freeze weight hook installed rva=0x001f2060 mode=before-native-setter
2026-09-12 16:15:25.740 liquid surface decal projector hook installed rva=0x001f2537
2026-09-12 16:15:25.740 native stain confirmed-contact update hook installed target=005f1f70 rva=0x001f1f70 previous=05e30000 timer_set=726f8200 chaining=1
2026-09-12 16:15:25.740 diagnostic AppPick::PickRay hook installed target=726d2630 previous=05e40000 chaining=1
2026-09-12 16:15:25.740 liquid prototype ready command_hook=1 object_name_hook=1 camera_hook=1 graphics_device_hook=1 enabled=1 model_duration=10.000 tool_duration=10.000 particle_limit=316
2026-09-12 16:15:27.247 on_create
2026-09-12 16:15:33.849 PhysX native device registration device=07f8bdf0 accepted=1
2026-09-12 16:15:33.849 liquid graphics device hooked device=07f8bdf0
2026-09-12 16:15:39.961 PhysX native device registration device=32762980 accepted=1
2026-09-12 16:15:39.962 liquid graphics device hooked device=32762980
2026-09-12 16:15:50.788 settings changed param="NcLiquidsEjaculationSoundTarget" value="false" ini=[ejaculation_sound] preset note="normal INI hot-reload scheduled"
2026-09-12 16:15:50.807 settings changed param="NcLiquidsContactConnectDroplets" value="false" ini=[liquid_contact_droplets] connect_droplets note="normal INI hot-reload scheduled"
2026-09-12 16:15:50.849 settings changed param="NcLiquidsBodyStains" value="true" ini=[liquid_collision] spawn_model_stains note="normal INI hot-reload scheduled"
2026-09-12 16:15:50.894 settings changed param="NcLiquidsTesticularRetractionEnabled" value="true" ini=[testicular_retraction] enabled note="normal INI hot-reload scheduled"
2026-09-12 16:15:50.902 settings changed param="NcLiquidsMasterSwitch" value="true" ini=[liquids] enabled note="normal INI hot-reload scheduled"
2026-09-12 16:15:50.956 settings changed param="NcLiquidsTesticularRetractionEasingRetraction" value="0, 2.0, 0.33, 0.75" ini=[testicular_retraction] retraction_easing note="normal INI hot-reload scheduled"
2026-09-12 16:15:50.962 settings changed param="NcLiquidsAnimatedStains" value="false" ini=[liquid_collision] native_decal_drip note="normal INI hot-reload scheduled"
2026-09-12 16:15:50.969 settings changed param="NcLiquidsTesticularRetractionEasingRelease" value="0.1, 0.80, 0.40, 1.10" ini=[testicular_retraction] release_easing note="normal INI hot-reload scheduled"
2026-09-12 16:15:50.974 settings changed param="NcLiquidsCollisionEnabled" value="true" ini=[liquid_collision] enabled note="normal INI hot-reload scheduled"
2026-09-12 16:15:50.979 PhysX GUI enabled before enumeration by ParamDescription count=7
2026-09-12 16:15:50.981 settings ejaculation-audio presets injected in memory count=1
2026-09-12 16:15:51.239 settings changed param="NcLiquidsMasterSwitch" value="true" ini=[liquids] enabled note="normal INI hot-reload scheduled"
2026-09-12 16:15:51.247 settings changed param="NcLiquidsCollisionEnabled" value="true" ini=[liquid_collision] enabled note="normal INI hot-reload scheduled"
2026-09-12 16:15:51.253 settings changed param="NcLiquidsBodyStains" value="true" ini=[liquid_collision] spawn_model_stains note="normal INI hot-reload scheduled"
2026-09-12 16:15:51.259 settings changed param="NcLiquidsAnimatedStains" value="false" ini=[liquid_collision] native_decal_drip note="normal INI hot-reload scheduled"
2026-09-12 16:15:51.264 settings changed param="NcLiquidsContactConnectDroplets" value="true" ini=[liquid_contact_droplets] connect_droplets note="normal INI hot-reload scheduled"
2026-09-12 16:15:51.272 settings changed param="NcLiquidsTesticularRetractionEnabled" value="true" ini=[testicular_retraction] enabled note="normal INI hot-reload scheduled"
2026-09-12 16:15:51.278 settings changed param="NcLiquidsTesticularRetractionEasingRetraction" value="0, 2.0, 0.33, 0.75" ini=[testicular_retraction] retraction_easing note="normal INI hot-reload scheduled"
2026-09-12 16:15:51.283 settings changed param="NcLiquidsTesticularRetractionEasingRelease" value="0.1, 0.80, 0.40, 1.10" ini=[testicular_retraction] release_easing note="normal INI hot-reload scheduled"
2026-09-12 16:15:51.289 settings changed param="NcLiquidsEjaculationSoundTarget" value="Default" ini=[ejaculation_sound] preset note="normal INI hot-reload scheduled"
2026-09-12 16:15:51.292 PhysX GUI enabled before enumeration by ParamDescription count=7
2026-09-12 16:15:51.294 settings ejaculation-audio presets injected in memory count=1
2026-09-12 16:15:51.357 settings slider synced param="NcLiquidsPhysicsSpread" ini=0.05 previous=0.103763 live=0.05
2026-09-12 16:15:51.358 settings slider synced param="NcLiquidsPhysicsDrag" ini=0.08 previous=0.0854146 live=0.08
2026-09-12 16:15:51.359 settings slider synced param="NcLiquidsPhysicsGravity" ini=1 previous=1.00599 live=1
2026-09-12 16:15:51.361 settings slider synced param="NcLiquidsAmount" ini=195.519 previous=195.519 live=195.519
2026-09-12 16:15:51.362 settings slider synced param="NcLiquidsStreamCohesion" ini=0.3 previous=0.301495 live=0.3
2026-09-12 16:15:51.363 settings slider synced param="NcLiquidsDropletAmount" ini=0.06 previous=0.0646284 live=0.06
2026-09-12 16:15:51.364 settings slider synced param="NcLiquidsVisualSize" ini=0.0035 previous=0.0044955 live=0.0035
2026-09-12 16:15:51.365 settings slider synced param="NcLiquidsStreamThickness" ini=1 previous=1.64849 live=1
2026-09-12 16:15:51.365 settings slider synced param="NcLiquidsVisualOpacity" ini=0.75 previous=1 live=0.75
2026-09-12 16:15:51.367 settings slider synced param="NcLiquidsParticleLimit" ini=316 previous=315.797 live=316
2026-09-12 16:15:51.369 settings slider synced param="NcLiquidsPulseDuration" ini=0.5 previous=0.490826 live=0.5
2026-09-12 16:15:51.370 settings slider synced param="NcLiquidsPulseInterval" ini=1 previous=0.971029 live=1
2026-09-12 16:15:51.374 settings slider synced param="NcLiquidsStainAmount" ini=46.1392 previous=50.9823 live=46.1392
2026-09-12 16:15:51.377 settings slider synced param="NcLiquidsContactDropletConnectionDistance" ini=0.035 previous=0.0586491 live=0.035
2026-09-12 16:15:51.378 settings slider synced param="NcLiquidsContactDropletConnectionThickness" ini=0.25 previous=0.451774 live=0.25
2026-09-12 16:15:51.378 settings slider synced param="NcLiquidsContactDropletSize" ini=0.00346571 previous=0.00375543 live=0.00346571
2026-09-12 16:15:51.379 settings slider synced param="NcLiquidsContactDropletOpacity" ini=0.632428 previous=0.388025 live=0.632428
2026-09-12 16:15:51.385 settings slider synced param="NcLiquidsTesticularRetractionStrength" ini=0.25 previous=0.35 live=0.25
2026-09-12 16:15:51.386 settings slider synced param="NcLiquidsTesticularRetractionTimeRetraction" ini=0.6 previous=0.12 live=0.6
2026-09-12 16:15:51.388 settings slider synced param="NcLiquidsTesticularRetractionTimeRelease" ini=0.6 previous=0.5 live=0.6
2026-09-12 16:15:51.389 settings slider synced param="NcLiquidsEjaculationSoundVolume" ini=0 previous=0.569448 live=0
2026-09-12 16:15:51.446 settings spinbox synced param="NcLiquidsMasterSwitch" ini="ON" previous="" live=""
2026-09-12 16:15:51.450 settings spinbox synced param="NcLiquidsCollisionEnabled" ini="ON" previous="" live=""
2026-09-12 16:15:51.453 settings spinbox synced param="NcLiquidsBodyStains" ini="ON" previous="" live=""
2026-09-12 16:15:51.456 settings spinbox synced param="NcLiquidsAnimatedStains" ini="OFF" previous="" live=""
2026-09-12 16:15:51.460 settings spinbox synced param="NcLiquidsContactConnectDroplets" ini="ON" previous="" live=""
2026-09-12 16:15:51.462 settings spinbox synced param="NcLiquidsTesticularRetractionEnabled" ini="ON" previous="" live=""
2026-09-12 16:15:51.464 settings spinbox synced param="NcLiquidsTesticularRetractionEasingRetraction" ini="0, 2.0, 0.33, 0.75" previous="" live=""
2026-09-12 16:15:51.467 settings spinbox synced param="NcLiquidsTesticularRetractionEasingRelease" ini="0.1, 0.80, 0.40, 1.10" previous="" live=""
2026-09-12 16:15:51.470 settings spinbox synced param="NcLiquidsEjaculationSoundTarget" ini="Default" previous="" live=""
2026-09-12 16:16:07.481 liquid Hook5 final D3D11 Present callback active swap_chain=0a78ae50
2026-09-12 16:16:07.481 liquid skipped unsafe Present overlay because post-lighting depth composite was not dispatched scene_seen=0
2026-09-12 16:16:07.518 liquid skipped unsafe Present overlay because post-lighting depth composite was not dispatched scene_seen=0
2026-09-12 16:16:07.530 liquid skipped unsafe Present overlay because post-lighting depth composite was not dispatched scene_seen=0
2026-09-12 16:16:07.542 liquid skipped unsafe Present overlay because post-lighting depth composite was not dispatched scene_seen=0
2026-09-12 16:16:07.548 liquid skipped unsafe Present overlay because post-lighting depth composite was not dispatched scene_seen=0
2026-09-12 16:16:07.557 liquid skipped unsafe Present overlay because post-lighting depth composite was not dispatched scene_seen=0
2026-09-12 16:16:07.563 liquid skipped unsafe Present overlay because post-lighting depth composite was not dispatched scene_seen=0
2026-09-12 16:16:07.571 liquid skipped unsafe Present overlay because post-lighting depth composite was not dispatched scene_seen=0
2026-09-12 16:16:16.273 liquid native ray pending owner object=37b69420 name="Sspermray01_mesh" visible=0 changed=1
2026-09-12 16:16:16.274 liquid native ray pending owner object=37b136c0 name="spermray01_mesh" visible=0 changed=1
2026-09-12 16:16:16.274 liquid native ray pending owner object=37b50820 name="spermray01_meshShape" visible=0 changed=1
2026-09-12 16:16:16.276 liquid native ray pending owner object=37edaa20 name="Sspermray01_meshShape" visible=0 changed=1
2026-09-12 16:16:16.280 liquid native ray owner classified source=model owner="Person01Spermray" hidden_nodes=4
2026-09-12 16:16:16.280 liquid native ray owner classified source=model owner="SPerson01Spermray" hidden_nodes=0
2026-09-12 16:16:23.401 liquid native ray pending owner object=4c0b8ee0 name="Sspermray01_mesh" visible=0 changed=1
2026-09-12 16:16:23.403 liquid native ray pending owner object=4c032ea0 name="spermray01_mesh" visible=0 changed=1
2026-09-12 16:16:23.403 liquid native ray pending owner object=4a83e840 name="spermray01_meshShape" visible=0 changed=1
2026-09-12 16:16:23.405 liquid native ray pending owner object=4bbd2fc0 name="Sspermray01_meshShape" visible=0 changed=1
2026-09-12 16:16:23.411 liquid native ray owner classified source=model owner="Person02Spermray" hidden_nodes=4
2026-09-12 16:16:23.411 liquid native ray owner classified source=model owner="SPerson02Spermray" hidden_nodes=0
2026-09-12 16:16:30.178 liquid native ray pending owner object=533293e0 name="Sspermray01_mesh" visible=0 changed=1
2026-09-12 16:16:30.179 liquid native ray pending owner object=53154b80 name="spermray01_mesh" visible=0 changed=1
2026-09-12 16:16:30.179 liquid native ray pending owner object=53234ac0 name="spermray01_meshShape" visible=0 changed=1
2026-09-12 16:16:30.182 liquid native ray pending owner object=534118e0 name="Sspermray01_meshShape" visible=0 changed=1
2026-09-12 16:16:30.184 liquid native ray owner classified source=model owner="Person03Spermray" hidden_nodes=4
2026-09-12 16:16:30.186 liquid native ray owner classified source=model owner="SPerson03Spermray" hidden_nodes=0
2026-09-12 16:16:48.523 liquid native ray pending owner object=660f82a0 name="Sspermray01_mesh" visible=0 changed=1
2026-09-12 16:16:48.524 liquid native ray pending owner object=657f7d80 name="spermray01_mesh" visible=0 changed=1
2026-09-12 16:16:48.524 liquid native ray pending owner object=57badf60 name="spermray01_meshShape" visible=0 changed=1
2026-09-12 16:16:48.526 liquid native ray pending owner object=54593500 name="Sspermray01_meshShape" visible=0 changed=1
2026-09-12 16:16:48.528 liquid native ray owner classified source=tool owner="Tool01Spermray" restored_nodes=4
2026-09-12 16:16:48.528 liquid native ray owner classified source=tool owner="STool01Spermray" restored_nodes=0
2026-09-12 16:17:13.981 liquid native update performance version=0.8.12-decal-freeze-performance samples=12 native_and_pick_ms=0.004 freeze_cleanup_ms=0.000 diagnostics_and_retraction_ms=0.001 peak_total_ms=0.014 tracked=0 freeze_hook=1
2026-09-12 16:17:14.197 liquid Hook5 native fullscreen projection capture active viewport=2560x1368 projection=(1.29010,2.41421,-1.00008,-1.00000)
2026-09-12 16:17:14.197 liquid Hook5 depth-tested D3D11 scene submission active context=31347770 target=32318580 depth=32318ac0 viewport=2560x1368
2026-09-12 16:17:14.202 liquid configuration live-reloaded spawn_rate=195.52 size=0.0035 stream_thickness=1.000 stream_opacity=0.750 contact_droplet_size=0.0035 contact_droplet_opacity=0.632 stream_base_opacity=0.800 stream_base_fade_length=0.200 stream_wobble_start=0.030 stream_wobble_fade_length=0.100 stream_bulge=0.200 curve_smoothness=12 curve_tension=1.000 speed=2.061 spread=0.050 gravity=1.000 drag=0.080 pulses=10 cohesion=0.300 satellite_chance=0.060
2026-09-12 16:17:14.203 PhysX body-collider API connected module=6c510000 version=0x00010000 mode="exact depth impact remains unchanged; PhysX classifies body ownership only"
2026-09-12 16:17:14.203 PhysX post-animation retraction callback registered mode="PoseEditor playback and FreeMode; BlendControl only"
2026-09-12 16:17:14.204 liquid Hook5 post-lighting D3D11 composition active context=31347770 target=32317900 retained_depth=32318ac0 viewport=2560x1368
2026-09-12 16:17:14.231 ejaculation audio preset loaded preset="Default" files=7 directory="C:\Users\ErolB\Desktop\Games\TK17\The Klub 17\Extensions\Liquids\Sounds\Ejaculation\Default"
2026-09-12 16:17:14.987 liquid native update performance version=0.8.12-decal-freeze-performance samples=73 native_and_pick_ms=0.003 freeze_cleanup_ms=0.000 diagnostics_and_retraction_ms=0.001 peak_total_ms=0.017 tracked=0 freeze_hook=1
2026-09-12 16:17:15.973 liquid native update performance version=0.8.12-decal-freeze-performance samples=95 native_and_pick_ms=0.003 freeze_cleanup_ms=0.000 diagnostics_and_retraction_ms=0.001 peak_total_ms=0.034 tracked=0 freeze_hook=1
2026-09-12 16:17:17.459 liquid native update performance version=0.8.12-decal-freeze-performance samples=75 native_and_pick_ms=0.003 freeze_cleanup_ms=0.000 diagnostics_and_retraction_ms=0.001 peak_total_ms=0.014 tracked=0 freeze_hook=1
2026-09-12 16:17:18.458 liquid native update performance version=0.8.12-decal-freeze-performance samples=96 native_and_pick_ms=0.003 freeze_cleanup_ms=0.000 diagnostics_and_retraction_ms=0.001 peak_total_ms=0.008 tracked=0 freeze_hook=1
2026-09-12 16:17:19.460 liquid native update performance version=0.8.12-decal-freeze-performance samples=101 native_and_pick_ms=0.003 freeze_cleanup_ms=0.000 diagnostics_and_retraction_ms=0.001 peak_total_ms=0.015 tracked=0 freeze_hook=1
2026-09-12 16:17:20.456 liquid native update performance version=0.8.12-decal-freeze-performance samples=104 native_and_pick_ms=0.003 freeze_cleanup_ms=0.000 diagnostics_and_retraction_ms=0.001 peak_total_ms=0.034 tracked=0 freeze_hook=1
2026-09-12 16:17:21.461 liquid native update performance version=0.8.12-decal-freeze-performance samples=94 native_and_pick_ms=0.003 freeze_cleanup_ms=0.000 diagnostics_and_retraction_ms=0.001 peak_total_ms=0.008 tracked=0 freeze_hook=1
2026-09-12 16:17:22.462 liquid native update performance version=0.8.12-decal-freeze-performance samples=92 native_and_pick_ms=0.003 freeze_cleanup_ms=0.000 diagnostics_and_retraction_ms=0.001 peak_total_ms=0.011 tracked=0 freeze_hook=1
2026-09-12 16:17:23.466 liquid native update performance version=0.8.12-decal-freeze-performance samples=95 native_and_pick_ms=0.003 freeze_cleanup_ms=0.000 diagnostics_and_retraction_ms=0.001 peak_total_ms=0.013 tracked=0 freeze_hook=1
2026-09-12 16:17:24.459 liquid native update performance version=0.8.12-decal-freeze-performance samples=92 native_and_pick_ms=0.003 freeze_cleanup_ms=0.000 diagnostics_and_retraction_ms=0.001 peak_total_ms=0.062 tracked=0 freeze_hook=1
2026-09-12 16:17:24.791 liquid prototype emitter started source=model person=2 start=179314031 duration=10.000 end=179324031
2026-09-12 16:17:24.797 liquid Hook5 live FovMultiplier=1.00000 corrected_projection=(0.80000,1.49708) d3d8_viewport=2560x1368
2026-09-12 16:17:24.797 liquid Hook5 D3D8 projection capture active viewport=2560x1368 projection=(0.80000,1.49708,-1.00049,-1.00000) live_fov=1
2026-09-12 16:17:24.798 liquid collision depth probe ready view_format=45 texture_format=44 size=2560x1368 samples=1 quality=0 usage=0 bind=0x48 cpu=0x0 misc=0x0 view_dimension=3
2026-09-12 16:17:24.811 liquid world emitter sample person=2 emission=1 position=(1.86838,1.31361,2.26292) direction=(0.00000,0.98387,-0.17890) source=rebuilt-joint-local-hierarchy
2026-09-12 16:17:24.811 liquid prototype emitter transform active source=model person=2 position=(1.8684,1.3136,2.2629) direction=(0.0000,0.9839,-0.1789)
2026-09-12 16:17:24.944 ejaculation audio started person=2 emission=1 pulse=1 volume=0.000 path="C:\Users\ErolB\Desktop\Games\TK17\The Klub 17\Extensions\Liquids\Sounds\Ejaculation\Default\cum03.mp3"
2026-09-12 16:17:24.944 testicular retraction control resolved person=2 mode=FindObjC-direct wrapper=4aa2ebe0 control=4aa2ebe0 weight=0.000
2026-09-12 16:17:24.944 testicular retraction pulse person=2 emission=1 pulse=1 baseline=0.000 start=0.000 target=0.250
2026-09-12 16:17:24.944 PhysX live collider status tick_active=1 camera_valid=1 enabled=1 ready_person_mask=0x2
2026-09-12 16:17:24.952 liquid GPU-decoded depth collision initialized source=2560x1368 tile=1024x1024 source_format=44 output_format=41 buffers=3
2026-09-12 16:17:24.973 liquid D3D11 translucent ribbon renderer initialized device=30d51034
2026-09-12 16:17:24.974 liquid D3D11 scene depth matched func=4 draw_layer=-1 depth_write=0 depth_bias=0
2026-09-12 16:17:24.974 liquid background-isolated ribbon draw active sections=13 viewport=2560x1368 exact_projection=2 depth_test=1 premultiplied=1
2026-09-12 16:17:24.999 liquid native stain descriptor captured emission=1 frame=001af5c4 descriptor=5844bca0 rate=4 size=0.025 field28=0 field2c=1.019374e-38 field30=0 scale=(1,1,1)
2026-09-12 16:17:24.999 memory snapshot label="native-stain-descriptor" address=5844BCA0 words=458b6080,590ce3a0,3e800000,3c23d70a,00000004,006c006b,81c08c8d,000001a1,40800000,3ccccccd,00000000,006f0000,00000000,3f800000,3f800000,3f800000
2026-09-12 16:17:25.002 NATIVE STAIN PICK sequence=1 caller=TK17-158.001.exe+0x1f24ac(005F24AC) self=02820560 list="Dress01|Person01|Dress02|Person02|Dress03|Person03|Dress04|Person04" origin=(-0.32284,0.14840,-2.08219) direction=(0.25610,0.86343,0.43750) include_hidden=1 flags=0x0005cf39 result=-1 count=0 data=72894170 custom_contact=0 predicted=0 custom_particle=0 custom_hit=0
2026-09-12 16:17:25.002 testicular retraction live write person=2 control=4aa2ebe0 input=0.000 baseline=0.000 contribution=0.000 output=0.000
2026-09-12 16:17:25.002 testicular retraction applied person=2 emission=1 pulse=1 baseline=0.000 contribution=0.000 output=0.000
2026-09-12 16:17:25.017 liquid GPU-decoded depth collision initialized source=2560x1368 tile=1024x1024 source_format=44 output_format=41 buffers=3
2026-09-12 16:17:25.057 liquid world emitter sample person=2 emission=1 position=(1.86838,1.31361,2.26292) direction=(0.00000,0.98387,-0.17890) source=rebuilt-joint-local-hierarchy
2026-09-12 16:17:25.057 liquid asynchronous depth readback active latency_frames=3
2026-09-12 16:17:25.142 NATIVE STAIN PICK sequence=2 caller=TK17-158.001.exe+0x1f24ac(005F24AC) self=02820560 list="Dress01|Person01|Dress02|Person02|Dress03|Person03|Dress04|Person04" origin=(-0.32284,0.14839,-2.08219) direction=(0.25610,0.86342,0.43752) include_hidden=1 flags=0x0005cf43 result=-1 count=0 data=72894170 custom_contact=0 predicted=0 custom_particle=0 custom_hit=0
2026-09-12 16:17:25.149 liquid collision sample particle=8 age=0.110 screen=(1249.0,432.0) particle_depth=0.9750995 scene_depth=0.9907224 delta=-0.0156229 behind=0 tile=(1217,409 50x269)
2026-09-12 16:17:25.160 liquid collision sample particle=8 age=0.126 screen=(1252.0,419.2) particle_depth=0.9750292 scene_depth=0.9908583 delta=-0.0158291 behind=0 tile=(1215,398 55x284)
2026-09-12 16:17:25.171 liquid collision sample particle=8 age=0.142 screen=(1255.1,408.1) particle_depth=0.9749767 scene_depth=0.9909734 delta=-0.0159966 behind=0 tile=(1216,390 59x293)
2026-09-12 16:17:25.172 liquid collision sample particle=16 age=0.116 screen=(1252.2,427.8) particle_depth=0.9750444 scene_depth=0.9907747 delta=-0.0157303 behind=0 tile=(1216,390 59x293)
2026-09-12 16:17:25.183 liquid collision sample particle=8 age=0.157 screen=(1258.2,399.5) particle_depth=0.9749435 scene_depth=0.9910675 delta=-0.0161240 behind=0 tile=(1216,384 62x293)
2026-09-12 16:17:25.183 liquid collision sample particle=16 age=0.131 screen=(1255.3,416.3) particle_depth=0.9749792 scene_depth=0.9908897 delta=-0.0159105 behind=0 tile=(1216,384 62x293)
2026-09-12 16:17:25.183 liquid collision sample particle=24 age=0.104 screen=(1249.1,437.3) particle_depth=0.9751520 scene_depth=0.9906701 delta=-0.0155182 behind=0 tile=(1216,384 62x293)
2026-09-12 16:17:25.195 liquid collision sample particle=8 age=0.157 screen=(1258.2,399.5) particle_depth=0.9749435 scene_depth=0.9910675 delta=-0.0161240 behind=0 tile=(1216,384 62x293)
2026-09-12 16:17:25.196 liquid collision sample particle=16 age=0.131 screen=(1255.3,416.3) particle_depth=0.9749792 scene_depth=0.9908897 delta=-0.0159105 behind=0 tile=(1216,384 62x293)
2026-09-12 16:17:25.196 liquid collision sample particle=24 age=0.104 screen=(1249.1,437.3) particle_depth=0.9751520 scene_depth=0.9906701 delta=-0.0155182 behind=0 tile=(1216,384 62x293)
2026-09-12 16:17:25.213 liquid collision sample particle=8 age=0.173 screen=(1261.7,392.1) particle_depth=0.9749259 scene_depth=0.9911407 delta=-0.0162147 behind=0 tile=(1215,379 67x305)
2026-09-12 16:17:25.214 liquid collision sample particle=16 age=0.147 screen=(1258.8,405.8) particle_depth=0.9749274 scene_depth=0.9910047 delta=-0.0160773 behind=0 tile=(1215,379 67x305)
2026-09-12 16:17:25.214 liquid collision sample particle=24 age=0.120 screen=(1252.2,423.7) particle_depth=0.9750784 scene_depth=0.9908165 delta=-0.0157381 behind=0 tile=(1215,379 67x305)
2026-09-12 16:17:25.227 liquid collision sample particle=8 age=0.188 screen=(1265.1,387.0) particle_depth=0.9749256 scene_depth=0.9912034 delta=-0.0162778 behind=0 tile=(1217,376 70x292)
2026-09-12 16:17:25.228 liquid collision sample particle=16 age=0.162 screen=(1262.2,397.6) particle_depth=0.9748948 scene_depth=0.9910884 delta=-0.0161936 behind=0 tile=(1217,376 70x292)
2026-09-12 16:17:25.228 liquid collision sample particle=24 age=0.135 screen=(1255.2,412.6) particle_depth=0.9750251 scene_depth=0.9909315 delta=-0.0159064 behind=0 tile=(1217,376 70x292)
2026-09-12 16:17:25.228 liquid collision sample particle=32 age=0.108 screen=(1253.6,437.0) particle_depth=0.9751102 scene_depth=0.9906701 delta=-0.0155600 behind=0 tile=(1217,376 70x292)
2026-09-12 16:17:25.239 liquid collision sample particle=8 age=0.204 screen=(1268.8,383.4) particle_depth=0.9749431 scene_depth=0.9912347 delta=-0.0162916 behind=0 tile=(1215,375 76x305)
2026-09-12 16:17:25.239 liquid collision sample particle=16 age=0.178 screen=(1266.0,390.8) particle_depth=0.9748780 scene_depth=0.9911615 delta=-0.0162836 behind=0 tile=(1215,375 76x305)
2026-09-12 16:17:25.239 liquid collision sample particle=24 age=0.151 screen=(1258.6,402.6) particle_depth=0.9749860 scene_depth=0.9910361 delta=-0.0160500 behind=0 tile=(1215,375 76x305)
2026-09-12 16:17:25.240 liquid collision sample particle=32 age=0.124 screen=(1257.3,424.5) particle_depth=0.9750383 scene_depth=0.9908060 delta=-0.0157678 behind=0 tile=(1215,375 76x305)
2026-09-12 16:17:25.244 testicular retraction live write person=2 control=4aa2ebe0 input=0.244 baseline=0.000 contribution=0.243 output=0.243
2026-09-12 16:17:25.251 liquid collision sample particle=8 age=0.220 screen=(1272.8,381.7) particle_depth=0.9749787 scene_depth=0.9912556 delta=-0.0162770 behind=0 tile=(1216,366 80x310)
2026-09-12 16:17:25.252 liquid collision sample particle=16 age=0.194 screen=(1270.0,386.0) particle_depth=0.9748793 scene_depth=0.9912139 delta=-0.0163345 behind=0 tile=(1216,366 80x310)
2026-09-12 16:17:25.252 liquid collision sample particle=24 age=0.167 screen=(1262.2,394.6) particle_depth=0.9749649 scene_depth=0.9911197 delta=-0.0161549 behind=0 tile=(1216,366 80x310)
2026-09-12 16:17:25.265 ejaculation audio finished person=2 emission=1 pulse=1 path="C:\Users\ErolB\Desktop\Games\TK17\The Klub 17\Extensions\Liquids\Sounds\Ejaculation\Default\cum03.mp3"
2026-09-12 16:17:25.303 liquid world emitter sample person=2 emission=1 position=(1.86838,1.31361,2.26292) direction=(0.00000,0.98387,-0.17890) source=rebuilt-joint-local-hierarchy
2026-09-12 16:17:25.441 NATIVE STAIN PICK sequence=3 caller=TK17-158.001.exe+0x1f24ac(005F24AC) self=02820560 list="Dress01|Person01|Dress02|Person02|Dress03|Person03|Dress04|Person04" origin=(-0.32284,0.14839,-2.08219) direction=(0.25610,0.86342,0.43752) include_hidden=1 flags=0x0005cf58 result=-1 count=0 data=72894170 custom_contact=0 predicted=0 custom_particle=0 custom_hit=0
2026-09-12 16:17:25.448 liquid native stain contact queued particle=1 emission=1 origin=(1.8616,1.1826,2.1510) direction=(-0.0065,-0.9942,-0.1072)
2026-09-12 16:17:25.449 liquid camera-independent body collision particle=1 person=2 primitive=2 nodes=(2,12) segment_t=0.000 signed_distance=0.00281 inward=0.02133 world=(1.8611,1.1030,2.1424)
2026-09-12 16:17:25.461 liquid native stain descriptor rearmed emission=1 descriptor=5844bca0 state=0 rate=4.00000 trigger=0.10100
2026-09-12 16:17:25.463 liquid model attachment rejected particle=1 reason=hit-does-not-confirm-contact-surface
2026-09-12 16:17:25.463 liquid native stain contact consumed source=confirmed particle=1 emission=1 retry=0 result=9 count=1 native_hit=1 body_confirmed=0 retried=0 outcome=native-hit-attachment-unconfirmed
2026-09-12 16:17:25.464 NATIVE STAIN PICK sequence=4 caller=TK17-158.001.exe+0x1f24ac(005F24AC) self=02820560 list="Dress01|Person01|Dress02|Person02|Dress03|Person03|Dress04|Person04" origin=(-0.24252,0.08148,-2.21449) direction=(0.08115,-0.77652,-0.62485) include_hidden=1 flags=0x0005cf59 result=9 count=1 data=53467f80 custom_contact=1 predicted=0 custom_particle=1 custom_hit=0
2026-09-12 16:17:25.464 memory snapshot label="native-stain-pick-result" address=53467F80 words=3d8615e0,31ea2680,31ea2680,799aa3c0,31e079c0,be72e6c7,3cfb01d8,c0105863,bded7a44,3f60293b,3ef00e28,0000058c,00000589,0000058a,3ba961fe,3de93081,3e1c0e2b,3f0e3e5b,bbf2fc09,3de96bf4,bf865bea,57ea1400,c1c51c9b,bc9b461b
2026-09-12 16:17:25.464 liquid surface decal aligned frame=001af5c4 mode=mesh-normal final-projector=1
2026-09-12 16:17:25.466 NATIVE STAIN CACHE sequence=1 caller=TK17-158.001.exe+0x1f2813(005F2813) self=5844bca0 surface=31ea2680 surface_name="NcBlouse4_group_mesh" template=670d21a0 template_name="" result=670d21a0 result_name=""
2026-09-12 16:17:25.466 memory snapshot label="native-stain-cache-result" address=670D21A0 words=72851090,00000002,72851098,58a175c0,00000001,6745b740,728942f8,01010101,00000000,00000000,00000015,00000001,ffffffff,72894190,673acf01,00000000
2026-09-12 16:17:25.467 liquid native stain frozen update=32b904e0 group=57e00840 wrapper=84da31e0 control=79d6c960 weight=1 mode=property-setter
2026-09-12 16:17:25.467 NATIVE STAIN ANIMATION DIAG generation=1 emission=1 particle=1 sample_ms=0 update=32b904e0 descriptor=5844bca0 descriptor_checksum=eb11c8c8 group_index=0 group=57e00840 group_checksum=256c75b5 counts=(nodes:1,controls:1,weights:1,vectors:1) nodes=[0:84E31480:58bb7ab7:""] controls=[0:84DA31E0:9d1936a0:""] weights=[0:1] vectors=[0:(1,1,1)]
2026-09-12 16:17:25.467 liquid native update performance version=0.8.12-decal-freeze-performance samples=69 native_and_pick_ms=0.243 freeze_cleanup_ms=0.004 diagnostics_and_retraction_ms=0.044 peak_total_ms=5.758 tracked=1 freeze_hook=1
2026-09-12 16:17:25.474 liquid pivot resolver active mode=retained-live-object label="Person01Anim:Model01:root" object=46065c20 view=(0.0000,0.9842,-0.0314)
2026-09-12 16:17:25.474 liquid body-follow basis active person=1 root=(3.0239,3.1693,2.7356) spine=(3.5677,2.3788,2.9912)
2026-09-12 16:17:25.475 liquid body-follow basis active person=2 root=(1.8688,0.9937,2.2594) spine=(1.8688,0.8969,1.9148)
2026-09-12 16:17:25.476 liquid body-follow basis active person=3 root=(3.0239,3.1693,2.7356) spine=(3.5677,2.3788,2.9912)
2026-09-12 16:17:25.476 liquid body-follow node skipped path="Person04Anim:Model01:root" object=00000000 captured_name="" target=00000000 target_name="" expected="root"
2026-09-12 16:17:25.477 liquid surface contact attached particle=1 person=2 anchor=root end=spine_joint04 segment_t=0.232 distance=0.1371
2026-09-12 16:17:25.491 liquid body-follow basis active person=2 root=(1.8688,0.9937,2.2594) spine=(1.8688,0.8969,1.9148)
2026-09-12 16:17:25.499 testicular retraction live write person=2 control=4aa2ebe0 input=0.250 baseline=0.000 contribution=0.250 output=0.250
2026-09-12 16:17:25.506 liquid body-follow basis active person=2 root=(1.8688,0.9937,2.2594) spine=(1.8688,0.8969,1.9148)
2026-09-12 16:17:25.518 liquid native stain contact queued particle=3 emission=1 origin=(1.8650,1.1736,2.0918) direction=(-0.0024,-0.9925,-0.1219)
2026-09-12 16:17:25.519 liquid camera-independent body collision particle=3 person=2 primitive=2 nodes=(2,12) segment_t=0.138 signed_distance=0.00579 inward=0.02431 world=(1.8649,1.0942,2.0820)
2026-09-12 16:17:25.525 liquid native stain descriptor rearmed emission=1 descriptor=5844bca0 state=0 rate=4.00000 trigger=0.10100
2026-09-12 16:17:25.527 liquid model attachment rejected particle=3 reason=hit-does-not-confirm-contact-surface
2026-09-12 16:17:25.528 liquid native stain contact consumed source=confirmed particle=3 emission=1 retry=0 result=9 count=1 native_hit=1 body_confirmed=0 retried=0 outcome=native-hit-attachment-unconfirmed
2026-09-12 16:17:25.529 NATIVE STAIN PICK sequence=5 caller=TK17-158.001.exe+0x1f24ac(005F24AC) self=02820560 list="Dress01|Person01|Dress02|Person02|Dress03|Person03|Dress04|Person04" origin=(-0.19345,0.09312,-2.24692) direction=(0.09536,-0.77186,-0.62860) include_hidden=1 flags=0x0005cf5d result=9 count=1 data=53467f80 custom_contact=1 predicted=0 custom_particle=3 custom_hit=0
2026-09-12 16:17:25.530 memory snapshot label="native-stain-pick-result" address=53467F80 words=3d90ff20,31ea2680,31ea2680,799aa3c0,31e079c0,be3f2cdc,3d1d9a66,c012a6b0,3ee64f7a,3f4403e0,3eeb6682,0000052f,00000533,00000530,3ec6be60,3c66fb11,3e1f9040,3f199e2c,bb81e5d1,3dee266e,bf8e5482,57ea1400,c1c51c9b,bc9b461b
2026-09-12 16:17:25.530 liquid surface decal aligned frame=001af5c4 mode=mesh-normal final-projector=1
2026-09-12 16:17:25.530 NATIVE STAIN CACHE sequence=2 caller=TK17-158.001.exe+0x1f2813(005F2813) self=5844bca0 surface=31ea2680 surface_name="NcBlouse4_group_mesh" template=670d3300 template_name="" result=670d3300 result_name=""
2026-09-12 16:17:25.531 memory snapshot label="native-stain-cache-result" address=670D3300 words=72851090,00000028,72851098,6627dae0,00000001,6745ca80,728942f8,01010101,00000000,00000000,00000015,00000001,ffffffff,72894190,00000001,3f800000
2026-09-12 16:17:25.531 liquid native stain frozen update=32b904e0 group=57e00840 wrapper=84da32c0 control=79d6d680 weight=1 mode=property-setter
2026-09-12 16:17:25.538 liquid body-follow basis active person=1 root=(3.0239,3.1693,2.7356) spine=(3.5677,2.3788,2.9912)
2026-09-12 16:17:25.539 liquid body-follow basis active person=2 root=(1.8688,0.9937,2.2594) spine=(1.8688,0.8969,1.9148)
2026-09-12 16:17:25.539 liquid body-follow basis active person=3 root=(3.0239,3.1693,2.7356) spine=(3.5677,2.3788,2.9912)
2026-09-12 16:17:25.540 liquid body-follow node skipped path="Person04Anim:Model01:root" object=00000000 captured_name="" target=00000000 target_name="" expected="root"
2026-09-12 16:17:25.540 liquid surface contact attached particle=3 person=2 anchor=root end=spine_joint04 segment_t=0.401 distance=0.1448
2026-09-12 16:17:25.540 liquid native stain contact queued particle=2 emission=1 origin=(1.8701,1.1615,2.0647) direction=(0.0011,-0.9914,-0.1307)
2026-09-12 16:17:25.540 liquid camera-independent body collision particle=2 person=2 primitive=2 nodes=(2,12) segment_t=0.444 signed_distance=0.00080 inward=0.01932 world=(1.8702,1.0821,2.0542)
2026-09-12 16:17:25.541 liquid camera-independent body collision particle=4 person=2 primitive=2 nodes=(2,12) segment_t=0.180 signed_distance=0.00066 inward=0.01919 world=(1.8821,1.0920,2.0802)
2026-09-12 16:17:25.541 liquid camera-independent body collision particle=5 person=2 primitive=2 nodes=(2,12) segment_t=0.292 signed_distance=0.00786 inward=0.02638 world=(1.8572,1.0875,2.0663)
2026-09-12 16:17:25.541 liquid camera-independent body collision particle=6 person=2 primitive=2 nodes=(2,12) segment_t=0.182 signed_distance=0.00803 inward=0.02656 world=(1.8664,1.0924,2.0769)
2026-09-12 16:17:25.541 liquid camera-independent body collision particle=7 person=2 primitive=2 nodes=(2,12) segment_t=0.257 signed_distance=0.00260 inward=0.02112 world=(1.8740,1.0895,2.0717)
2026-09-12 16:17:25.542 liquid camera-independent body collision particle=10 person=2 primitive=2 nodes=(2,12) segment_t=0.000 signed_distance=0.00628 inward=0.02480 world=(1.8497,1.1004,2.1042)
2026-09-12 16:17:25.548 liquid native stain descriptor rearmed emission=1 descriptor=5844bca0 state=0 rate=4.00000 trigger=0.10100
2026-09-12 16:17:25.550 liquid model attachment rejected particle=2 reason=hit-does-not-confirm-contact-surface
2026-09-12 16:17:25.550 liquid native stain contact consumed source=confirmed particle=2 emission=1 retry=0 result=9 count=1 native_hit=1 body_confirmed=0 retried=0 outcome=native-hit-attachment-unconfirmed
2026-09-12 16:17:25.551 NATIVE STAIN PICK sequence=6 caller=TK17-158.001.exe+0x1f24ac(005F24AC) self=02820560 list="Dress01|Person01|Dress02|Person02|Dress03|Person03|Dress04|Person04" origin=(-0.16885,0.09024,-2.26414) direction=(0.10445,-0.76949,-0.63006) include_hidden=1 flags=0x0005cf5e result=9 count=1 data=53469940 custom_contact=1 predicted=0 custom_particle=2 custom_hit=0
2026-09-12 16:17:25.551 memory snapshot label="native-stain-pick-result" address=53469940 words=3d950306,31ea2680,31ea2680,799aa3c0,31e079c0,be251e71,3d0c49b9,c013d6b4,3ea698fc,3f489f36,3f077493,00000704,00000701,00000700,3e3171cc,3d7e7023,3e2539c4,3f202d17,3abd8333,3de44f59,bf92789c,57ea1400,c1c400b2,bf4aedba
2026-09-12 16:17:25.551 liquid surface decal aligned frame=001af5c4 mode=mesh-normal final-projector=1
2026-09-12 16:17:25.552 NATIVE STAIN CACHE sequence=3 caller=TK17-158.001.exe+0x1f2813(005F2813) self=5844bca0 surface=31ea2680 surface_name="NcBlouse4_group_mesh" template=670d2a00 template_name="" result=670d2a00 result_name=""
2026-09-12 16:17:25.552 memory snapshot label="native-stain-cache-result" address=670D2A00 words=72851090,00000082,72851098,66280ae0,00000001,6745cbe0,728942f8,01010101,00000000,00000000,00000015,00000001,ffffffff,72894190,674abf01,00000000
2026-09-12 16:17:25.552 liquid native stain frozen update=32b904e0 group=57e00840 wrapper=84da2ec0 control=79d6d540 weight=1 mode=property-setter
2026-09-12 16:17:25.560 liquid world emitter sample person=2 emission=1 position=(1.86838,1.31361,2.26292) direction=(0.00000,0.98387,-0.17890) source=rebuilt-joint-local-hierarchy
2026-09-12 16:17:25.560 liquid surface contact attached particle=2 person=2 anchor=root end=spine_joint04 segment_t=0.485 distance=0.1406
2026-09-12 16:17:25.561 liquid surface contact attached particle=4 person=2 anchor=root end=spine_joint04 segment_t=0.408 distance=0.1437
2026-09-12 16:17:25.561 liquid surface contact attached particle=5 person=2 anchor=root end=spine_joint04 segment_t=0.448 distance=0.1430
2026-09-12 16:17:25.561 liquid surface contact attached particle=6 person=2 anchor=root end=spine_joint04 segment_t=0.416 distance=0.1445
2026-09-12 16:17:25.561 liquid surface contact attached particle=7 person=2 anchor=root end=spine_joint04 segment_t=0.432 distance=0.1431
2026-09-12 16:17:25.562 liquid surface contact attached particle=10 person=2 anchor=root end=spine_joint04 segment_t=0.337 distance=0.1460
2026-09-12 16:17:25.562 liquid camera-independent body collision particle=8 person=2 primitive=2 nodes=(2,12) segment_t=0.211 signed_distance=0.00061 inward=0.01913 world=(1.8577,1.0910,2.0773)
2026-09-12 16:17:25.562 liquid camera-independent body collision particle=9 person=2 primitive=2 nodes=(2,12) segment_t=0.308 signed_distance=-0.00021 inward=0.01852 world=(1.8724,1.0874,2.0679)
2026-09-12 16:17:25.573 NATIVE STAIN ANIMATION DIAG generation=3 emission=1 particle=2 sample_ms=31 update=32b904e0 descriptor=5844bca0 descriptor_checksum=aaab0aee group_index=0 group=57e00840 group_checksum=256c75b5 counts=(nodes:3,controls:3,weights:3,vectors:3) nodes=[0:84E31480:cee20fcc:"",1:84E31540:aa0f9535:"",2:84E315E0:11636645:""] controls=[0:84DA31E0:098fa84f:"",1:84DA32C0:bd409d69:"",2:84DA2EC0:d8c7d312:""] weights=[0:1,1:1,2:1] vectors=[0:(1,1,1),1:(1,1,1),2:(1,1,1)]
2026-09-12 16:17:25.582 liquid body-follow node skipped path="Person04Anim:Model01:root" object=00000000 captured_name="" target=00000000 target_name="" expected="root"
2026-09-12 16:17:25.582 liquid surface contact attached particle=8 person=2 anchor=root end=spine_joint04 segment_t=0.416 distance=0.1434
2026-09-12 16:17:25.583 liquid surface contact attached particle=9 person=2 anchor=root end=spine_joint04 segment_t=0.444 distance=0.1420
2026-09-12 16:17:25.597 liquid native stain contact queued particle=11 emission=1 origin=(1.8801,1.1631,2.0768) direction=(0.0073,-0.9932,-0.1164)
2026-09-12 16:17:25.597 liquid camera-independent body collision particle=11 person=2 primitive=2 nodes=(2,12) segment_t=0.322 signed_distance=-0.00284 inward=0.01852 world=(1.8807,1.0837,2.0675)
2026-09-12 16:17:25.597 liquid camera-independent body collision particle=12 person=2 primitive=2 nodes=(2,12) segment_t=0.294 signed_distance=-0.01091 inward=0.01852 world=(1.8599,1.0773,2.0724)
2026-09-12 16:17:25.598 liquid camera-independent body collision particle=13 person=2 primitive=2 nodes=(2,12) segment_t=0.156 signed_distance=0.00663 inward=0.02515 world=(1.8719,1.0935,2.0803)
2026-09-12 16:17:25.598 liquid camera-independent body collision particle=14 person=2 primitive=2 nodes=(2,12) segment_t=0.304 signed_distance=-0.00424 inward=0.01852 world=(1.8771,1.0834,2.0695)
2026-09-12 16:17:25.598 liquid camera-independent body collision particle=15 person=2 primitive=2 nodes=(2,12) segment_t=0.346 signed_distance=-0.00227 inward=0.01852 world=(1.8767,1.0836,2.0648)
2026-09-12 16:17:25.598 liquid camera-independent body collision particle=16 person=2 primitive=2 nodes=(2,12) segment_t=0.248 signed_distance=0.00279 inward=0.02132 world=(1.8741,1.0898,2.0727)
2026-09-12 16:17:25.604 liquid native stain descriptor rearmed emission=1 descriptor=5844bca0 state=0 rate=4.00000 trigger=0.10100
2026-09-12 16:17:25.607 liquid model attachment rejected particle=11 reason=hit-does-not-confirm-contact-surface
2026-09-12 16:17:25.607 liquid native stain contact consumed source=confirmed particle=11 emission=1 retry=0 result=9 count=1 native_hit=1 body_confirmed=0 retried=0 outcome=native-hit-attachment-unconfirmed
2026-09-12 16:17:25.608 NATIVE STAIN PICK sequence=7 caller=TK17-158.001.exe+0x1f24ac(005F24AC) self=02820560 list="Dress01|Person01|Dress02|Person02|Dress03|Person03|Dress04|Person04" origin=(-0.17239,0.08287,-2.25061) direction=(0.09684,-0.77871,-0.61986) include_hidden=1 flags=0x0005cf61 result=9 count=1 data=534678a0 custom_contact=1 predicted=0 custom_particle=11 custom_hit=0
2026-09-12 16:17:25.608 memory snapshot label="native-stain-pick-result" address=534678A0 words=3d925dbe,31ea2680,31ea2680,799aa3c0,31e079c0,be2971ea,3cdef4fa,c012dfc8,3eb477c6,3f4a2e50,3f008473,00000532,00000536,00000534,3f05b7d4,3e755d56,3e2b9ea5,3f1d32de,3c3f6907,3de1e29f,bf909fe8,57ea1400,c1c507e1,be895b92
2026-09-12 16:17:25.608 liquid surface decal aligned frame=001af5c4 mode=mesh-normal final-projector=1
2026-09-12 16:17:25.609 NATIVE STAIN CACHE sequence=4 caller=TK17-158.001.exe+0x1f2813(005F2813) self=5844bca0 surface=31ea2680 surface_name="NcBlouse4_group_mesh" template=670d3f60 template_name="sperm15_phongSG" result=670d3f60 result_name="sperm15_phongSG"
2026-09-12 16:17:25.609 memory snapshot label="native-stain-cache-result" address=670D3F60 words=72851090,00000068,72851098,66280060,00000001,6745c460,728942f8,01010101,00000000,00000000,00000015,00000001,ffffffff,72894190,675cb101,00000000
2026-09-12 16:17:25.610 liquid native stain frozen update=32b904e0 group=57e00840 wrapper=84da2e20 control=79d6e020 weight=1 mode=property-setter
2026-09-12 16:17:25.618 liquid body-follow node skipped path="Person04Anim:Model01:root" object=00000000 captured_name="" target=00000000 target_name="" expected="root"
2026-09-12 16:17:25.618 liquid surface contact attached particle=11 person=2 anchor=root end=spine_joint04 segment_t=0.448 distance=0.1390
2026-09-12 16:17:25.618 liquid surface contact attached particle=12 person=2 anchor=root end=spine_joint04 segment_t=0.440 distance=0.1314
2026-09-12 16:17:25.633 liquid body-follow node skipped path="Person04Anim:Model01:root" object=00000000 captured_name="" target=00000000 target_name="" expected="root"
2026-09-12 16:17:25.633 liquid native stain contact queued particle=23 emission=1 origin=(1.8658,1.1636,2.0688) direction=(-0.0016,-0.9922,-0.1247)
2026-09-12 16:17:25.640 liquid native stain descriptor rearmed emission=1 descriptor=5844bca0 state=0 rate=4.00000 trigger=0.10100
2026-09-12 16:17:25.642 liquid model attachment rejected particle=23 reason=hit-does-not-confirm-contact-surface
2026-09-12 16:17:25.642 liquid native stain contact consumed source=confirmed particle=23 emission=1 retry=0 result=9 count=1 native_hit=1 body_confirmed=0 retried=0 outcome=native-hit-attachment-unconfirmed
2026-09-12 16:17:25.643 NATIVE STAIN PICK sequence=8 caller=TK17-158.001.exe+0x1f24ac(005F24AC) self=02820560 list="Dress01|Person01|Dress02|Person02|Dress03|Person03|Dress04|Person04" origin=(-0.17474,0.09247,-2.26365) direction=(0.09802,-0.77094,-0.62932) include_hidden=1 flags=0x0005cf63 result=9 count=1 data=53467380 custom_contact=1 predicted=0 custom_particle=23 custom_hit=0
2026-09-12 16:17:25.644 memory snapshot label="native-stain-pick-result" address=53467380 words=3d930303,31ea2680,31ea2680,799aa3c0,31e079c0,be2bb964,3d1810f0,c013c3d3,3eba643d,3f4455ee,3f0749bd,00000707,00000704,00000703,3f2b917c,3ca6a220,3e21a6ca,3f1ec792,bb430332,3de71295,bf91b5a6,57ea1400,c1c4fcab,be851a98
2026-09-12 16:17:25.644 liquid surface decal aligned frame=001af5c4 mode=mesh-normal final-projector=1
2026-09-12 16:17:25.644 NATIVE STAIN CACHE sequence=5 caller=TK17-158.001.exe+0x1f2813(005F2813) self=5844bca0 surface=31ea2680 surface_name="NcBlouse4_group_mesh" template=670d21a0 template_name="" result=670d21a0 result_name=""
2026-09-12 16:17:25.644 memory snapshot label="native-stain-cache-result" address=670D21A0 words=72851090,00000002,72851098,58a175c0,00000001,6745b740,728942f8,01010101,00000000,00000000,00000015,00000001,ffffffff,72894190,673acf01,00000000
2026-09-12 16:17:25.644 liquid native stain frozen update=32b904e0 group=57e00840 wrapper=84da3140 control=79d6e480 weight=1 mode=property-setter
2026-09-12 16:17:25.666 liquid body-follow node skipped path="Person04Anim:Model01:root" object=00000000 captured_name="" target=00000000 target_name="" expected="root"
2026-09-12 16:17:25.667 liquid native stain contact queued particle=22 emission=1 origin=(1.9317,1.1378,2.0766) direction=(0.0341,-0.9944,-0.1003)
2026-09-12 16:17:25.680 liquid native stain descriptor rearmed emission=1 descriptor=5844bca0 state=0 rate=4.00000 trigger=0.10100
2026-09-12 16:17:25.682 liquid model attachment rejected particle=22 reason=hit-does-not-confirm-contact-surface
2026-09-12 16:17:25.682 liquid native stain contact consumed source=confirmed particle=22 emission=1 retry=0 result=9 count=1 native_hit=1 body_confirmed=0 retried=0 outcome=native-hit-attachment-unconfirmed
2026-09-12 16:17:25.683 NATIVE STAIN PICK sequence=9 caller=TK17-158.001.exe+0x1f24ac(005F24AC) self=02820560 list="Dress01|Person01|Dress02|Person02|Dress03|Person03|Dress04|Person04" origin=(-0.14084,0.03877,-2.23152) direction=(0.10037,-0.79738,-0.59508) include_hidden=1 flags=0x0005cf65 result=9 count=1 data=53466ae0 custom_contact=1 predicted=0 custom_particle=22 custom_hit=0
2026-09-12 16:17:25.683 memory snapshot label="native-stain-pick-result" address=53466AE0 words=3d229ff2,31ea2680,31ea2680,799aa3c0,31e079c0,be0c23e9,3be8f958,c010544f,be23011b,3f777b8b,3e4d0b82,000005a0,000005f4,000005a3,3f5dce66,3dbf0f6c,3e527452,3f1cb935,3d8287a5,3ded204e,bf903d0e,57ea1400,0000000b,3ed6a6a0
2026-09-12 16:17:25.683 liquid surface decal aligned frame=001af5c4 mode=mesh-normal final-projector=1
2026-09-12 16:17:25.684 NATIVE STAIN CACHE sequence=6 caller=TK17-158.001.exe+0x1f2813(005F2813) self=5844bca0 surface=31ea2680 surface_name="NcBlouse4_group_mesh" template=670d30c0 template_name="" result=670d30c0 result_name=""
2026-09-12 16:17:25.684 memory snapshot label="native-stain-cache-result" address=670D30C0 words=72851090,00000004,72851098,6627c700,00000001,6745bc60,728942f8,01010101,00000000,00000000,00000015,00000001,ffffffff,72894190,36cf0001,00000065
2026-09-12 16:17:25.684 liquid native stain frozen update=32b904e0 group=57e00840 wrapper=84da2be0 control=79d6f980 weight=1 mode=property-setter
2026-09-12 16:17:25.684 NATIVE STAIN ANIMATION DIAG generation=6 emission=1 particle=22 sample_ms=0 update=32b904e0 descriptor=5844bca0 descriptor_checksum=5418be6c group_index=0 group=57e00840 group_checksum=1753fed5 counts=(nodes:6,controls:6,weights:6,vectors:6) nodes=[0:84E31480:5c38f7ea:"",1:84E31540:dcfe21a3:"",2:84E315E0:b8673d93:"",3:84E30B20:489513b4:"",4:84E31D20:45ae8e51:"",5:84E30BE0:fee590eb:""] controls=[0:84DA31E0:098fa84f:"",1:84DA32C0:bd409d69:"",2:84DA2EC0:9364f414:"",3:84DA2E20:0639ff95:"",4:84DA3140:362fcbef:"",5:84DA2BE0:2bf6403f:""] weights=[0:1,1:1,2:1,3:1,4:1,5:1] vectors=[0:(1,1,1),1:(1,1,1),2:(1,1,1),3:(1,1,1),4:(1,1,1),5:(1,1,1)]
2026-09-12 16:17:25.694 liquid body-follow node skipped path="Person04Anim:Model01:root" object=00000000 captured_name="" target=00000000 target_name="" expected="root"
2026-09-12 16:17:25.695 liquid native stain contact queued particle=48 emission=1 origin=(1.8748,1.1685,2.0821) direction=(0.0045,-0.9919,-0.1269)
2026-09-12 16:17:25.701 liquid native stain descriptor rearmed emission=1 descriptor=5844bca0 state=0 rate=4.00000 trigger=0.10100
2026-09-12 16:17:25.703 liquid model attachment rejected particle=48 reason=hit-does-not-confirm-contact-surface
2026-09-12 16:17:25.703 liquid native stain contact consumed source=confirmed particle=48 emission=1 retry=0 result=9 count=1 native_hit=1 body_confirmed=0 retried=0 outcome=native-hit-attachment-unconfirmed
2026-09-12 16:17:25.704 NATIVE STAIN PICK sequence=10 caller=TK17-158.001.exe+0x1f24ac(005F24AC) self=02820560 list="Dress01|Person01|Dress02|Person02|Dress03|Person03|Dress04|Person04" origin=(-0.17976,0.08784,-2.24835) direction=(0.10350,-0.77275,-0.62622) include_hidden=1 flags=0x0005cf66 result=9 count=1 data=534684a0 custom_contact=1 predicted=0 custom_particle=48 custom_hit=0
2026-09-12 16:17:25.704 memory snapshot label="native-stain-pick-result" address=534684A0 words=3d999361,31ea2680,31ea2680,799aa3c0,31e079c0,be302174,3cf4e53c,c012e650,3ec9e974,3f458c39,3eff7d70,00000532,00000536,00000534,3c63842e,3eb4b2f2,3e27b026,3f1c27d6,3bcd908d,3de2fefc,bf8ffe80,57ea1400,c102e578,03800200
2026-09-12 16:17:25.704 liquid surface decal aligned frame=001af5c4 mode=mesh-normal final-projector=1
2026-09-12 16:17:25.706 NATIVE STAIN CACHE sequence=7 caller=TK17-158.001.exe+0x1f2813(005F2813) self=5844bca0 surface=31ea2680 surface_name="NcBlouse4_group_mesh" template=670d30c0 template_name="" result=670d30c0 result_name=""
2026-09-12 16:17:25.706 memory snapshot label="native-stain-cache-result" address=670D30C0 words=72851090,00000004,72851098,6627c700,00000001,6745bc60,728942f8,01010101,00000000,00000000,00000015,00000001,ffffffff,72894190,36cf0001,00000065
2026-09-12 16:17:25.706 liquid native stain frozen update=32b904e0 group=57e00840 wrapper=84da3500 control=79d70800 weight=1 mode=property-setter
2026-09-12 16:17:25.716 liquid body-follow node skipped path="Person04Anim:Model01:root" object=00000000 captured_name="" target=00000000 target_name="" expected="root"
2026-09-12 16:17:25.729 liquid native stain contact queued particle=60 emission=1 origin=(1.8773,1.1739,2.0949) direction=(0.0068,-0.9918,-0.1273)
2026-09-12 16:17:25.736 liquid native stain descriptor rearmed emission=1 descriptor=5844bca0 state=0 rate=4.00000 trigger=0.10100
2026-09-12 16:17:25.737 liquid model attachment rejected particle=60 reason=hit-does-not-confirm-contact-surface
2026-09-12 16:17:25.737 liquid native stain contact consumed source=confirmed particle=60 emission=1 retry=0 result=9 count=1 native_hit=1 body_confirmed=0 retried=0 outcome=native-hit-attachment-unconfirmed
2026-09-12 16:17:25.739 NATIVE STAIN PICK sequence=11 caller=TK17-158.001.exe+0x1f24ac(005F24AC) self=02820560 list="Dress01|Person01|Dress02|Person02|Dress03|Person03|Dress04|Person04" origin=(-0.18847,0.08667,-2.23722) direction=(0.10523,-0.77355,-0.62494) include_hidden=1 flags=0x0005cf68 result=9 count=1 data=53469b00 custom_contact=1 predicted=0 custom_particle=60 custom_hit=0
2026-09-12 16:17:25.739 memory snapshot label="native-stain-pick-result" address=53469B00 words=3d99f2a9,31ea2680,31ea2680,799aa3c0,31e079c0,be38e58f,3ce9a46c,c0123050,3ee03a30,3f443eb7,3ef07407,0000052f,00000531,00000532,3f3fb5d0,3dad4a49,3e28aa47,3f196de3,3c0cb894,3de54812,bf8e38ba,57ea1400,0000000b,3df97785
2026-09-12 16:17:25.739 liquid surface decal aligned frame=001af5c4 mode=mesh-normal final-projector=1
2026-09-12 16:17:25.741 NATIVE STAIN CACHE sequence=8 caller=TK17-158.001.exe+0x1f2813(005F2813) self=5844bca0 surface=31ea2680 surface_name="NcBlouse4_group_mesh" template=670d34c0 template_name="" result=670d34c0 result_name=""
2026-09-12 16:17:25.741 memory snapshot label="native-stain-cache-result" address=670D34C0 words=72851090,0000000d,72851098,6627f9a0,00000001,6745c4e0,728942f8,01010101,00000000,00000000,00000015,00000001,ffffffff,72894190,589ded01,589df3c0
2026-09-12 16:17:25.741 liquid native stain frozen update=32b904e0 group=57e00840 wrapper=84da3460 control=79d702c0 weight=1 mode=property-setter
2026-09-12 16:17:25.741 testicular retraction live write person=2 control=4aa2ebe0 input=0.250 baseline=0.000 contribution=0.250 output=0.250
2026-09-12 16:17:25.750 liquid body-follow node skipped path="Person04Anim:Model01:root" object=00000000 captured_name="" target=00000000 target_name="" expected="root"
2026-09-12 16:17:25.765 liquid body-follow node skipped path="Person04Anim:Model01:root" object=00000000 captured_name="" target=00000000 target_name="" expected="root"
2026-09-12 16:17:25.790 NATIVE STAIN ANIMATION DIAG generation=8 emission=1 particle=60 sample_ms=47 update=32b904e0 descriptor=5844bca0 descriptor_checksum=68b06d58 group_index=0 group=57e00840 group_checksum=1753fed5 counts=(nodes:8,controls:8,weights:8,vectors:8) nodes=[2:84E315E0:b772c431:"",3:84E30B20:44e5635e:"",4:84E31D20:5aeae033:"",5:84E30BE0:d140978c:"",6:84E30CA0:96e2753f:"",7:84E30E00:54c502e9:""] controls=[2:84DA2EC0:9364f414:"",3:84DA2E20:53a57651:"",4:84DA3140:362fcbef:"",5:84DA2BE0:c6eca196:"",6:84DA3500:282d19e4:"",7:84DA3460:2208f798:""] weights=[0:1,1:1,2:1,3:1,4:1,5:1,6:1,7:1] vectors=[2:(1,1,1),3:(1,1,1),4:(1,1,1),5:(1,1,1),6:(1,1,1),7:(1,1,1)]
2026-09-12 16:17:25.811 liquid world emitter sample person=2 emission=1 position=(1.86838,1.31361,2.26292) direction=(0.00000,0.98387,-0.17890) source=rebuilt-joint-local-hierarchy
2026-09-12 16:17:25.901 NATIVE STAIN ANIMATION DIAG generation=8 emission=1 particle=60 sample_ms=156 update=32b904e0 descriptor=5844bca0 descriptor_checksum=68b06d58 group_index=0 group=57e00840 group_checksum=1753fed5 counts=(nodes:8,controls:8,weights:8,vectors:8) nodes=[2:84E315E0:5150d282:"",3:84E30B20:14a171e5:"",4:84E31D20:aaefcb40:"",5:84E30BE0:bb5a4937:"",6:84E30CA0:869eea84:"",7:84E30E00:7a23594a:""] controls=[2:84DA2EC0:9364f414:"",3:84DA2E20:53a57651:"",4:84DA3140:362fcbef:"",5:84DA2BE0:c6eca196:"",6:84DA3500:282d19e4:"",7:84DA3460:2208f798:""] weights=[0:1,1:1,2:1,3:1,4:1,5:1,6:1,7:1] vectors=[2:(1,1,1),3:(1,1,1),4:(1,1,1),5:(1,1,1),6:(1,1,1),7:(1,1,1)]
2026-09-12 16:17:26.001 testicular retraction live write person=2 control=4aa2ebe0 input=0.119 baseline=0.000 contribution=0.103 output=0.103
2026-09-12 16:17:26.013 NATIVE STAIN ANIMATION DIAG generation=8 emission=1 particle=60 sample_ms=266 update=32b904e0 descriptor=5844bca0 descriptor_checksum=68b06d58 group_index=0 group=57e00840 group_checksum=1753fed5 counts=(nodes:8,controls:8,weights:8,vectors:8) nodes=[2:84E315E0:5d562884:"",3:84E30B20:ac9cb4e3:"",4:84E31D20:def5124e:"",5:84E30BE0:4f0d3f99:"",6:84E30CA0:7a999482:"",7:84E30E00:42e31c3c:""] controls=[2:84DA2EC0:9364f414:"",3:84DA2E20:53a57651:"",4:84DA3140:362fcbef:"",5:84DA2BE0:c6eca196:"",6:84DA3500:282d19e4:"",7:84DA3460:2208f798:""] weights=[0:1,1:1,2:1,3:1,4:1,5:1,6:1,7:1] vectors=[2:(1,1,1),3:(1,1,1),4:(1,1,1),5:(1,1,1),6:(1,1,1),7:(1,1,1)]
2026-09-12 16:17:26.053 liquid world emitter sample person=2 emission=1 position=(1.86838,1.31361,2.26292) direction=(0.00000,0.98387,-0.17890) source=rebuilt-joint-local-hierarchy
2026-09-12 16:17:26.113 NATIVE STAIN ANIMATION DIAG generation=8 emission=1 particle=60 sample_ms=375 update=32b904e0 descriptor=5844bca0 descriptor_checksum=68b06d58 group_index=0 group=57e00840 group_checksum=1753fed5 counts=(nodes:8,controls:8,weights:8,vectors:8) nodes=[2:84E315E0:d04b101c:"",3:84E30B20:3d3e600b:"",4:84E31D20:99492bb6:"",5:84E30BE0:61bd87e1:"",6:84E30CA0:ba063b2a:"",7:84E30E00:2d261264:""] controls=[2:84DA2EC0:9364f414:"",3:84DA2E20:53a57651:"",4:84DA3140:362fcbef:"",5:84DA2BE0:c6eca196:"",6:84DA3500:282d19e4:"",7:84DA3460:2208f798:""] weights=[0:1,1:1,2:1,3:1,4:1,5:1,6:1,7:1] vectors=[2:(1,1,1),3:(1,1,1),4:(1,1,1),5:(1,1,1),6:(1,1,1),7:(1,1,1)]
2026-09-12 16:17:26.114 NATIVE STAIN FIELD DIAG generation=8 outcome=baseline node=84e30e00 control=79d702c0
2026-09-12 16:17:26.114 memory snapshot label="native-stain-animation-node-baseline" address=84E30E00 words=7285a8d4,79d6e640,7285a908,72894190,534695e0,799aa3c0,01fff0ad,00000000,00000000,00000000,5a0e1bca,00000000,670d34c0,72894230,00000000,0005cf86,3f800000,3f800000,3f800000,3f800000,00000000,00000000,00000000,00000000
2026-09-12 16:17:26.114 memory snapshot label="native-stain-animation-control-baseline" address=79D702C0 words=72859ad4,5a52b5a0,72859adc,72894190,3f800000,00000000,72894170,35576fa0,400ecacc,86adcaf0,4029dd1a,86addc10,b991baf5,8d047400,00000000,79d702f8,00000000,00000000,07df68d8,00000000,00000002,728b00c4,00000001,00000001
2026-09-12 16:17:26.114 liquid deep link event="native-stain-animation-node" object=84e30e00 offset=0x014 pointer=799aa3c0 target_name="NcBlouse4_group"
2026-09-12 16:17:26.115 liquid deep string event="native-stain-animation-node" object=84e30e00 offset=0x03c pointer=0005cf86 text="l"
2026-09-12 16:17:26.115 liquid deep links event="native-stain-animation-control" object=79d702c0 named_or_string_links=0 scan_bytes=96
2026-09-12 16:17:26.228 NATIVE STAIN ANIMATION DIAG generation=8 emission=1 particle=60 sample_ms=484 update=32b904e0 descriptor=5844bca0 descriptor_checksum=68b06d58 group_index=0 group=57e00840 group_checksum=1753fed5 counts=(nodes:8,controls:8,weights:8,vectors:8) nodes=[2:84E315E0:e5726975:"",3:84E30B20:73566892:"",4:84E31D20:fbe4efff:"",5:84E30BE0:f0cba968:"",6:84E30CA0:7f73eef3:"",7:84E30E00:f48eb64d:""] controls=[2:84DA2EC0:9364f414:"",3:84DA2E20:53a57651:"",4:84DA3140:362fcbef:"",5:84DA2BE0:c6eca196:"",6:84DA3500:282d19e4:"",7:84DA3460:2208f798:""] weights=[0:1,1:1,2:1,3:1,4:1,5:1,6:1,7:1] vectors=[2:(1,1,1),3:(1,1,1),4:(1,1,1),5:(1,1,1),6:(1,1,1),7:(1,1,1)]
2026-09-12 16:17:26.228 NATIVE STAIN FIELD DIAG generation=8 node=84E30E00 control=79D702C0 changes=N+0x3c:0005cf86>0005cf8f(5.336229e-040>5.336355e-040) totals=(node:1,control:0)
2026-09-12 16:17:26.239 testicular retraction live write person=2 control=4aa2ebe0 input=0.005 baseline=0.000 contribution=0.005 output=0.005
2026-09-12 16:17:26.309 ejaculation audio started person=2 emission=1 pulse=2 volume=0.000 path="C:\Users\ErolB\Desktop\Games\TK17\The Klub 17\Extensions\Liquids\Sounds\Ejaculation\Default\cum07.mp3"
2026-09-12 16:17:26.309 testicular retraction control resolved person=2 mode=FindObjC-direct wrapper=4aa2ebe0 control=4aa2ebe0 weight=0.000
2026-09-12 16:17:26.309 testicular retraction pulse person=2 emission=1 pulse=2 baseline=0.000 start=-0.000 target=0.250
2026-09-12 16:17:26.315 testicular retraction applied person=2 emission=1 pulse=2 baseline=0.000 contribution=-0.000 output=0.000
2026-09-12 16:17:26.321 liquid world emitter sample person=2 emission=1 position=(1.86838,1.31361,2.26292) direction=(0.00000,0.98387,-0.17890) source=rebuilt-joint-local-hierarchy
2026-09-12 16:17:26.334 NATIVE STAIN ANIMATION DIAG generation=8 emission=1 particle=60 sample_ms=594 update=32b904e0 descriptor=5844bca0 descriptor_checksum=68b06d58 group_index=0 group=57e00840 group_checksum=1753fed5 counts=(nodes:8,controls:8,weights:8,vectors:8) nodes=[2:84E315E0:2d383dac:"",3:84E30B20:19f2f51b:"",4:84E31D20:4de352c6:"",5:84E30BE0:453b5ad1:"",6:84E30CA0:60c3a7ba:"",7:84E30E00:381c1c54:""] controls=[2:84DA2EC0:9364f414:"",3:84DA2E20:53a57651:"",4:84DA3140:362fcbef:"",5:84DA2BE0:c6eca196:"",6:84DA3500:282d19e4:"",7:84DA3460:2208f798:""] weights=[0:1,1:1,2:1,3:1,4:1,5:1,6:1,7:1] vectors=[2:(1,1,1),3:(1,1,1),4:(1,1,1),5:(1,1,1),6:(1,1,1),7:(1,1,1)]
2026-09-12 16:17:26.334 NATIVE STAIN FIELD DIAG generation=8 node=84E30E00 control=79D702C0 changes=N+0x3c:0005cf8f>0005cf96(5.336355e-040>5.336453e-040) totals=(node:1,control:0)
2026-09-12 16:17:26.452 NATIVE STAIN ANIMATION DIAG generation=8 emission=1 particle=60 sample_ms=703 update=32b904e0 descriptor=5844bca0 descriptor_checksum=68b06d58 group_index=0 group=57e00840 group_checksum=1753fed5 counts=(nodes:8,controls:8,weights:8,vectors:8) nodes=[2:84E315E0:de4241db:"",3:84E30B20:c9a79dec:"",4:84E31D20:7063baa9:"",5:84E30BE0:d01daabe:"",6:84E30CA0:b4949a4d:"",7:84E30E00:bf6e0af3:""] controls=[2:84DA2EC0:9364f414:"",3:84DA2E20:53a57651:"",4:84DA3140:362fcbef:"",5:84DA2BE0:c6eca196:"",6:84DA3500:282d19e4:"",7:84DA3460:2208f798:""] weights=[0:1,1:1,2:1,3:1,4:1,5:1,6:1,7:1] vectors=[2:(1,1,1),3:(1,1,1),4:(1,1,1),5:(1,1,1),6:(1,1,1),7:(1,1,1)]
2026-09-12 16:17:26.453 NATIVE STAIN FIELD DIAG generation=8 node=84E30E00 control=79D702C0 changes=N+0x3c:0005cf96>0005cf9d(5.336453e-040>5.336551e-040) totals=(node:1,control:0)
2026-09-12 16:17:26.465 liquid native update performance version=0.8.12-decal-freeze-performance samples=69 native_and_pick_ms=0.538 freeze_cleanup_ms=0.029 diagnostics_and_retraction_ms=0.202 peak_total_ms=6.176 tracked=8 freeze_hook=1
2026-09-12 16:17:26.489 testicular retraction live write person=2 control=4aa2ebe0 input=0.284 baseline=0.000 contribution=0.284 output=0.284
2026-09-12 16:17:26.562 NATIVE STAIN ANIMATION DIAG generation=8 emission=1 particle=60 sample_ms=812 update=32b904e0 descriptor=5844bca0 descriptor_checksum=68b06d58 group_index=0 group=57e00840 group_checksum=1753fed5 counts=(nodes:8,controls:8,weights:8,vectors:8) nodes=[2:84E315E0:cc2e4afc:"",3:84E30B20:be82486b:"",4:84E31D20:e59dd256:"",5:84E30BE0:ad80db41:"",6:84E30CA0:628a870a:"",7:84E30E00:eefa5044:""] controls=[2:84DA2EC0:9364f414:"",3:84DA2E20:53a57651:"",4:84DA3140:362fcbef:"",5:84DA2BE0:c6eca196:"",6:84DA3500:282d19e4:"",7:84DA3460:2208f798:""] weights=[0:1,1:1,2:1,3:1,4:1,5:1,6:1,7:1] vectors=[2:(1,1,1),3:(1,1,1),4:(1,1,1),5:(1,1,1),6:(1,1,1),7:(1,1,1)]
2026-09-12 16:17:26.562 NATIVE STAIN FIELD DIAG generation=8 node=84E30E00 control=79D702C0 changes=N+0x3c:0005cf9d>0005cfa6(5.336551e-040>5.336677e-040) totals=(node:1,control:0)
2026-09-12 16:17:26.569 liquid world emitter sample person=2 emission=1 position=(1.86838,1.31361,2.26292) direction=(0.00000,0.98387,-0.17890) source=rebuilt-joint-local-hierarchy
2026-09-12 16:17:26.676 NATIVE STAIN ANIMATION DIAG generation=8 emission=1 particle=60 sample_ms=937 update=32b904e0 descriptor=5844bca0 descriptor_checksum=68b06d58 group_index=0 group=57e00840 group_checksum=1753fed5 counts=(nodes:8,controls:8,weights:8,vectors:8) nodes=[2:84E315E0:db968a55:"",3:84E30B20:5e5a32f2:"",4:84E31D20:9dd7fe1f:"",5:84E30BE0:b0f48ac8:"",6:84E30CA0:0a114953:"",7:84E30E00:9bc810ad:""] controls=[2:84DA2EC0:9364f414:"",3:84DA2E20:53a57651:"",4:84DA3140:362fcbef:"",5:84DA2BE0:c6eca196:"",6:84DA3500:282d19e4:"",7:84DA3460:2208f798:""] weights=[0:1,1:1,2:1,3:1,4:1,5:1,6:1,7:1] vectors=[2:(1,1,1),3:(1,1,1),4:(1,1,1),5:(1,1,1),6:(1,1,1),7:(1,1,1)]
2026-09-12 16:17:26.676 NATIVE STAIN FIELD DIAG generation=8 node=84E30E00 control=79D702C0 changes=N+0x3c:0005cfa6>0005cfaf(5.336677e-040>5.336803e-040) totals=(node:1,control:0)
2026-09-12 16:17:26.729 ejaculation audio finished person=2 emission=1 pulse=2 path="C:\Users\ErolB\Desktop\Games\TK17\The Klub 17\Extensions\Liquids\Sounds\Ejaculation\Default\cum07.mp3"
2026-09-12 16:17:26.740 testicular retraction live write person=2 control=4aa2ebe0 input=0.244 baseline=0.000 contribution=0.243 output=0.243
2026-09-12 16:17:26.771 liquid native stain contact queued particle=80 emission=1 origin=(1.8750,1.1832,2.1457) direction=(0.0064,-0.9936,-0.1127)
2026-09-12 16:17:26.785 liquid native stain descriptor rearmed emission=1 descriptor=5844bca0 state=0 rate=4.00000 trigger=0.10100
2026-09-12 16:17:26.786 liquid model attachment rejected particle=80 reason=hit-does-not-confirm-contact-surface
2026-09-12 16:17:26.786 liquid native stain contact consumed source=confirmed particle=80 emission=1 retry=0 result=9 count=1 native_hit=1 body_confirmed=0 retried=0 outcome=native-hit-attachment-unconfirmed
2026-09-12 16:17:26.789 NATIVE STAIN PICK sequence=12 caller=TK17-158.001.exe+0x1f24ac(005F24AC) self=02820560 list="Dress01|Person01|Dress02|Person02|Dress03|Person03|Dress04|Person04" origin=(-0.23021,0.07771,-2.20803) direction=(0.09335,-0.77993,-0.61886) include_hidden=1 flags=0x0005cfb7 result=9 count=1 data=53468d40 custom_contact=1 predicted=0 custom_particle=80 custom_hit=0
2026-09-12 16:17:26.789 memory snapshot label="native-stain-pick-result" address=53468D40 words=3d853e5d,31ea2680,31ea2680,799aa3c0,31e079c0,be65833f,3cdce0ef,c00fe404,3d93fb80,3f4bd44e,3f19c6f9,0000058e,0000058f,00000590,3f1ef56d,3e1da02c,3e2589cc,3f0f332d,3bcf03e0,3dedecbb,bf87058a,57ea1400,0000000b,3e67b5f2
2026-09-12 16:17:26.789 liquid surface decal aligned frame=001af5c4 mode=mesh-normal final-projector=1
2026-09-12 16:17:26.790 NATIVE STAIN CACHE sequence=9 caller=TK17-158.001.exe+0x1f2813(005F2813) self=5844bca0 surface=31ea2680 surface_name="NcBlouse4_group_mesh" template=670d2620 template_name="" result=670d2620 result_name=""
2026-09-12 16:17:26.790 memory snapshot label="native-stain-cache-result" address=670D2620 words=72851090,00000002,72851098,6627c1c0,00000001,6745b920,728942f8,01010101,00000000,00000000,00000015,00000001,ffffffff,72894190,673cf601,00000000
2026-09-12 16:17:26.790 liquid native stain frozen update=32b904e0 group=57e00840 wrapper=79c3d240 control=7a001f40 weight=1 mode=property-setter
2026-09-12 16:17:26.791 NATIVE STAIN ANIMATION DIAG generation=9 emission=1 particle=80 sample_ms=0 update=32b904e0 descriptor=5844bca0 descriptor_checksum=9436b4ad group_index=0 group=57e00840 group_checksum=7bcc8267 counts=(nodes:9,controls:9,weights:9,vectors:9) nodes=[3:84E30B20:fa4cf25a:"",4:84E31D20:c7270c67:"",5:84E30BE0:f78a5d10:"",6:84E30CA0:e649353b:"",7:84E30E00:44d96855:"",8:797163C0:fa37b593:""] controls=[3:84DA2E20:53a57651:"",4:84DA3140:362fcbef:"",5:84DA2BE0:c6eca196:"",6:84DA3500:282d19e4:"",7:84DA3460:2208f798:"",8:79C3D240:7d7dbbbe:""] weights=[0:1,1:1,2:1,3:1,4:1,5:1,6:1,7:1,8:1] vectors=[3:(1,1,1),4:(1,1,1),5:(1,1,1),6:(1,1,1),7:(1,1,1),8:(1,1,1)]
2026-09-12 16:17:26.800 liquid body-follow node skipped path="Person04Anim:Model01:root" object=00000000 captured_name="" target=00000000 target_name="" expected="root"
2026-09-12 16:17:26.800 liquid native stain contact queued particle=81 emission=1 origin=(1.8601,1.1831,2.1441) direction=(-0.0078,-0.9937,-0.1118)
2026-09-12 16:17:26.807 liquid native stain descriptor rearmed emission=1 descriptor=5844bca0 state=0 rate=4.00000 trigger=0.10100
2026-09-12 16:17:26.809 liquid model attachment rejected particle=81 reason=hit-does-not-confirm-contact-surface
2026-09-12 16:17:26.809 liquid native stain contact consumed source=confirmed particle=81 emission=1 retry=0 result=9 count=1 native_hit=1 body_confirmed=0 retried=0 outcome=native-hit-attachment-unconfirmed
2026-09-12 16:17:26.811 NATIVE STAIN PICK sequence=13 caller=TK17-158.001.exe+0x1f24ac(005F24AC) self=02820560 list="Dress01|Person01|Dress02|Person02|Dress03|Person03|Dress04|Person04" origin=(-0.23796,0.08499,-2.21863) direction=(0.08401,-0.77391,-0.62770) include_hidden=1 flags=0x0005cfb8 result=9 count=1 data=53469780 custom_contact=1 predicted=0 custom_particle=81 custom_hit=0
2026-09-12 16:17:26.812 memory snapshot label="native-stain-pick-result" address=53469780 words=3d877bd5,31ea2680,31ea2680,799aa3c0,31e079c0,be6dfaed,3d0a6bea,c010a652,bdaed316,3f66554d,3edb229d,0000058c,0000058e,00000589,3eef3440,3e56f175,3e1ae78c,3f0f90bf,bc16bb7c,3dec84ae,bf874961,57ea1400,0000000b,3f38ec96
2026-09-12 16:17:26.812 liquid surface decal aligned frame=001af5c4 mode=mesh-normal final-projector=1
2026-09-12 16:17:26.813 NATIVE STAIN CACHE sequence=10 caller=TK17-158.001.exe+0x1f2813(005F2813) self=5844bca0 surface=31ea2680 surface_name="NcBlouse4_group_mesh" template=670d2a00 template_name="" result=670d2a00 result_name=""
2026-09-12 16:17:26.813 memory snapshot label="native-stain-cache-result" address=670D2A00 words=72851090,00000082,72851098,66280ae0,00000001,6745cbe0,728942f8,01010101,00000000,00000000,00000015,00000001,ffffffff,72894190,674abf01,00000000
2026-09-12 16:17:26.813 liquid native stain frozen update=32b904e0 group=57e00840 wrapper=79c3d060 control=79ffea60 weight=1 mode=property-setter
2026-09-12 16:17:26.820 liquid world emitter sample person=2 emission=1 position=(1.86838,1.31361,2.26292) direction=(0.00000,0.98387,-0.17890) source=rebuilt-joint-local-hierarchy
2026-09-12 16:17:26.821 liquid body-follow node skipped path="Person04Anim:Model01:root" object=00000000 captured_name="" target=00000000 target_name="" expected="root"
2026-09-12 16:17:26.836 liquid body-follow node skipped path="Person04Anim:Model01:root" object=00000000 captured_name="" target=00000000 target_name="" expected="root"
2026-09-12 16:17:26.837 liquid native stain contact queued particle=83 emission=1 origin=(1.8710,1.1837,2.1369) direction=(0.0024,-0.9936,-0.1130)
2026-09-12 16:17:26.844 liquid native stain descriptor rearmed emission=1 descriptor=5844bca0 state=0 rate=4.00000 trigger=0.10100
2026-09-12 16:17:26.846 liquid model attachment rejected particle=83 reason=hit-does-not-confirm-contact-surface
2026-09-12 16:17:26.847 liquid native stain contact consumed source=confirmed particle=83 emission=1 retry=0 result=9 count=1 native_hit=1 body_confirmed=0 retried=0 outcome=native-hit-attachment-unconfirmed
2026-09-12 16:17:26.848 NATIVE STAIN PICK sequence=14 caller=TK17-158.001.exe+0x1f24ac(005F24AC) self=02820560 list="Dress01|Person01|Dress02|Person02|Dress03|Person03|Dress04|Person04" origin=(-0.22564,0.08301,-2.21477) direction=(0.09114,-0.77799,-0.62164) include_hidden=1 flags=0x0005cfba result=9 count=1 data=53467380 custom_contact=1 predicted=0 custom_particle=83 custom_hit=0
2026-09-12 16:17:26.848 memory snapshot label="native-stain-pick-result" address=53467380 words=3d86e0cf,31ea2680,31ea2680,799aa3c0,31e079c0,be60e7b4,3d022355,c0105d7f,3dd096b0,3f57ad3c,3f076c9c,00000590,0000058d,0000058e,3e2d44f4,3e97f8a7,3e22ca88,3f10c7d9,3b0fb00e,3df1df6a,bf882052,57ea1400,c1c4fcab,be851a98
2026-09-12 16:17:26.848 liquid surface decal aligned frame=001af5c4 mode=mesh-normal final-projector=1
2026-09-12 16:17:26.849 NATIVE STAIN CACHE sequence=11 caller=TK17-158.001.exe+0x1f2813(005F2813) self=5844bca0 surface=31ea2680 surface_name="NcBlouse4_group_mesh" template=670d3dc0 template_name="" result=670d3dc0 result_name=""
2026-09-12 16:17:26.849 memory snapshot label="native-stain-cache-result" address=670D3DC0 words=72851090,0000001f,72851098,6627c880,00000001,6745c720,728942f8,01010101,00000000,00000000,00000015,00000001,ffffffff,72894190,00000001,00000000
2026-09-12 16:17:26.849 liquid native stain frozen update=32b904e0 group=57e00840 wrapper=79c3d2e0 control=79fffcc0 weight=1 mode=property-setter
2026-09-12 16:17:26.871 liquid body-follow node skipped path="Person04Anim:Model01:root" object=00000000 captured_name="" target=00000000 target_name="" expected="root"
2026-09-12 16:17:26.871 liquid native stain contact queued particle=86 emission=1 origin=(1.8582,1.1829,2.1367) direction=(-0.0084,-0.9946,-0.1032)
2026-09-12 16:17:26.879 liquid native stain descriptor rearmed emission=1 descriptor=5844bca0 state=0 rate=4.00000 trigger=0.10100
2026-09-12 16:17:26.881 liquid model attachment rejected particle=86 reason=hit-does-not-confirm-contact-surface
2026-09-12 16:17:26.881 liquid native stain contact consumed source=confirmed particle=86 emission=1 retry=0 result=9 count=1 native_hit=1 body_confirmed=0 retried=0 outcome=native-hit-attachment-unconfirmed
2026-09-12 16:17:26.883 NATIVE STAIN PICK sequence=15 caller=TK17-158.001.exe+0x1f24ac(005F24AC) self=02820560 list="Dress01|Person01|Dress02|Person02|Dress03|Person03|Dress04|Person04" origin=(-0.23329,0.08829,-2.22369) direction=(0.07688,-0.77735,-0.62435) include_hidden=1 flags=0x0005cfbc result=9 count=1 data=534690a0 custom_contact=1 predicted=0 custom_particle=86 custom_hit=0
2026-09-12 16:17:26.883 memory snapshot label="native-stain-pick-result" address=534690A0 words=3d8829d6,31ea2680,31ea2680,799aa3c0,31e079c0,be69a7fa,3d15ef05,c010f911,bd2d8e9d,3f6bb269,3ec6a600,0000058d,00000589,0000058e,3e9440b5,3ecc0740,3e19a23d,3f10cda8,bc371934,3deeccb3,bf88269c,57ea1400,0000000b,3dce410b
2026-09-12 16:17:26.883 liquid surface decal aligned frame=001af5c4 mode=mesh-normal final-projector=1
2026-09-12 16:17:26.884 NATIVE STAIN CACHE sequence=12 caller=TK17-158.001.exe+0x1f2813(005F2813) self=5844bca0 surface=31ea2680 surface_name="NcBlouse4_group_mesh" template=670d5440 template_name="" result=670d5440 result_name=""
2026-09-12 16:17:26.884 memory snapshot label="native-stain-cache-result" address=670D5440 words=72851090,00000033,72851098,66280420,00000001,6745c640,728942f8,01010101,00000000,00000000,00000015,00000001,ffffffff,72894190,6735f901,00000000
2026-09-12 16:17:26.884 liquid native stain frozen update=32b904e0 group=57e00840 wrapper=79c3d7e0 control=79fff9a0 weight=1 mode=property-setter
2026-09-12 16:17:26.893 liquid body-follow node skipped path="Person04Anim:Model01:root" object=00000000 captured_name="" target=00000000 target_name="" expected="root"
2026-09-12 16:17:26.893 liquid native stain contact queued particle=89 emission=1 origin=(1.8607,1.1829,2.1259) direction=(-0.0063,-0.9936,-0.1129)
2026-09-12 16:17:26.907 liquid native stain descriptor rearmed emission=1 descriptor=5844bca0 state=0 rate=4.00000 trigger=0.10100
2026-09-12 16:17:26.909 liquid model attachment rejected particle=89 reason=hit-does-not-confirm-contact-surface
2026-09-12 16:17:26.909 liquid native stain contact consumed source=confirmed particle=89 emission=1 retry=0 result=9 count=1 native_hit=1 body_confirmed=0 retried=0 outcome=native-hit-attachment-unconfirmed
2026-09-12 16:17:26.911 NATIVE STAIN PICK sequence=16 caller=TK17-158.001.exe+0x1f24ac(005F24AC) self=02820560 list="Dress01|Person01|Dress02|Person02|Dress03|Person03|Dress04|Person04" origin=(-0.22314,0.09087,-2.22748) direction=(0.08582,-0.77405,-0.62729) include_hidden=1 flags=0x0005cfbd result=9 count=1 data=534671c0 custom_contact=1 predicted=0 custom_particle=89 custom_hit=0
2026-09-12 16:17:26.912 memory snapshot label="native-stain-pick-result" address=534671C0 words=3d884025,31ea2680,31ea2680,799aa3c0,31e079c0,be5ea54a,3d2148ac,c0113acf,3d5b436b,3f6d3224,3ebea4fb,00000591,0000052b,0000058d,3e97b9c7,3f32e5c3,3e1bc817,3f12d15e,bc090b9b,3df4d037,bf8987cd,57ea1400,0000000b,3dd99ed8
2026-09-12 16:17:26.912 liquid surface decal aligned frame=001af5c4 mode=mesh-normal final-projector=1
2026-09-12 16:17:26.913 NATIVE STAIN CACHE sequence=13 caller=TK17-158.001.exe+0x1f2813(005F2813) self=5844bca0 surface=31ea2680 surface_name="NcBlouse4_group_mesh" template=670d4620 template_name="" result=670d4620 result_name=""
2026-09-12 16:17:26.913 memory snapshot label="native-stain-cache-result" address=670D4620 words=72851090,0000002c,72851098,66280d80,00000001,6745c540,728942f8,01010101,00000000,00000000,00000015,00000001,ffffffff,72894190,673aca01,00000000
2026-09-12 16:17:26.913 liquid native stain frozen update=32b904e0 group=57e00840 wrapper=79c3d520 control=7a000e40 weight=1 mode=property-setter
2026-09-12 16:17:26.914 NATIVE STAIN ANIMATION DIAG generation=13 emission=1 particle=89 sample_ms=0 update=32b904e0 descriptor=5844bca0 descriptor_checksum=29f1eeab group_index=0 group=57e00840 group_checksum=7bcc8267 counts=(nodes:13,controls:13,weights:13,vectors:13) nodes=[7:84E30E00:4a0b6553:"",8:797163C0:3797c046:"",9:79716800:113f7af0:"",10:79716300:0b858f76:"",11:79715EC0:778d4d24:"",12:8719F980:0c88d74b:""] controls=[7:84DA3460:2208f798:"",8:79C3D240:7d7dbbbe:"",9:79C3D060:db663c12:"",10:79C3D2E0:8f669837:"",11:79C3D7E0:5a4919e7:"",12:79C3D520:092a187c:""] weights=[3:1,4:1,5:1,6:1,7:1,8:1,9:1,10:1,11:1,12:1] vectors=[7:(1,1,1),8:(1,1,1),9:(1,1,1),10:(1,1,1),11:(1,1,1),12:(1,1,1)]
2026-09-12 16:17:26.923 liquid body-follow node skipped path="Person04Anim:Model01:root" object=00000000 captured_name="" target=00000000 target_name="" expected="root"
2026-09-12 16:17:26.949 liquid native stain contact queued particle=95 emission=1 origin=(1.8592,1.1817,2.1165) direction=(-0.0071,-0.9935,-0.1137)
2026-09-12 16:17:26.957 liquid native stain descriptor rearmed emission=1 descriptor=5844bca0 state=0 rate=4.00000 trigger=0.10100
2026-09-12 16:17:26.959 liquid model attachment rejected particle=95 reason=hit-does-not-confirm-contact-surface
2026-09-12 16:17:26.960 liquid native stain contact consumed source=confirmed particle=95 emission=1 retry=0 result=9 count=1 native_hit=1 body_confirmed=0 retried=0 outcome=native-hit-attachment-unconfirmed
2026-09-12 16:17:26.962 NATIVE STAIN PICK sequence=17 caller=TK17-158.001.exe+0x1f24ac(005F24AC) self=02820560 list="Dress01|Person01|Dress02|Person02|Dress03|Person03|Dress04|Person04" origin=(-0.21666,0.09379,-2.23381) direction=(0.08589,-0.77336,-0.62812) include_hidden=1 flags=0x0005cfc0 result=9 count=1 data=534684a0 custom_contact=1 predicted=0 custom_particle=95 custom_hit=0
2026-09-12 16:17:26.962 memory snapshot label="native-stain-pick-result" address=534684A0 words=3d8abaae,31ea2680,31ea2680,799aa3c0,31e079c0,be57e6e3,3d299495,c011afd9,3dfe2104,3f6cea3d,3eb7488d,0000052b,0000052e,0000052c,3d9ddeb4,3d8f129f,3e1af884,3f148757,bc202e20,3df54f1c,bf8ac29b,57ea1400,c102e578,03800200
2026-09-12 16:17:26.962 liquid surface decal aligned frame=001af5c4 mode=mesh-normal final-projector=1
2026-09-12 16:17:26.963 NATIVE STAIN CACHE sequence=14 caller=TK17-158.001.exe+0x1f2813(005F2813) self=5844bca0 surface=31ea2680 surface_name="NcBlouse4_group_mesh" template=670d3dc0 template_name="" result=670d3dc0 result_name=""
2026-09-12 16:17:26.963 memory snapshot label="native-stain-cache-result" address=670D3DC0 words=72851090,0000001f,72851098,6627c880,00000001,6745c720,728942f8,01010101,00000000,00000000,00000015,00000001,ffffffff,72894190,00000001,00000000
2026-09-12 16:17:26.963 liquid native stain frozen update=32b904e0 group=57e00840 wrapper=79c3d560 control=7a000420 weight=1 mode=property-setter
2026-09-12 16:17:26.971 liquid body-follow node skipped path="Person04Anim:Model01:root" object=00000000 captured_name="" target=00000000 target_name="" expected="root"
2026-09-12 16:17:26.972 liquid native stain contact queued particle=98 emission=1 origin=(1.8776,1.1681,2.0956) direction=(0.0067,-0.9927,-0.1206)
2026-09-12 16:17:26.979 liquid native stain descriptor rearmed emission=1 descriptor=5844bca0 state=0 rate=4.00000 trigger=0.10100
2026-09-12 16:17:26.981 liquid model attachment rejected particle=98 reason=hit-does-not-confirm-contact-surface
2026-09-12 16:17:26.981 liquid native stain contact consumed source=confirmed particle=98 emission=1 retry=0 result=9 count=1 native_hit=1 body_confirmed=0 retried=0 outcome=native-hit-attachment-unconfirmed
2026-09-12 16:17:26.983 NATIVE STAIN PICK sequence=18 caller=TK17-158.001.exe+0x1f24ac(005F24AC) self=02820560 list="Dress01|Person01|Dress02|Person02|Dress03|Person03|Dress04|Person04" origin=(-0.18880,0.08154,-2.24003) direction=(0.09980,-0.77653,-0.62213) include_hidden=1 flags=0x0005cfc1 result=9 count=1 data=53467380 custom_contact=1 predicted=0 custom_particle=98 custom_hit=0
2026-09-12 16:17:26.984 memory snapshot label="native-stain-pick-result" address=53467380 words=3d8bec66,31ea2680,31ea2680,799aa3c0,31e079c0,be3a59a6,3ce955ab,c01214fd,3ee1ccf9,3f442bc6,3eef381d,0000052e,00000531,0000052f,3f4baaa8,3dac3eaa,3e28be14,3f18fe61,3c10b80b,3de5f102,bf8df153,57ea1400,c1c4fcab,be851a98
2026-09-12 16:17:26.984 liquid surface decal aligned frame=001af5c4 mode=mesh-normal final-projector=1
2026-09-12 16:17:26.984 NATIVE STAIN CACHE sequence=15 caller=TK17-158.001.exe+0x1f2813(005F2813) self=5844bca0 surface=31ea2680 surface_name="NcBlouse4_group_mesh" template=670d2860 template_name="" result=670d2860 result_name=""
2026-09-12 16:17:26.984 memory snapshot label="native-stain-cache-result" address=670D2860 words=72851090,0000001f,72851098,6627ee60,00000001,6745d180,728942f8,01010101,00000000,00000000,00000015,00000001,ffffffff,72894190,59746901,670d2e80
2026-09-12 16:17:26.986 liquid native stain frozen update=32b904e0 group=57e00840 wrapper=79c3d5c0 control=69382a00 weight=1 mode=property-setter
2026-09-12 16:17:26.987 testicular retraction live write person=2 control=4aa2ebe0 input=0.250 baseline=0.000 contribution=0.250 output=0.250
2026-09-12 16:17:26.995 liquid body-follow node skipped path="Person04Anim:Model01:root" object=00000000 captured_name="" target=00000000 target_name="" expected="root"
2026-09-12 16:17:27.013 liquid body-follow node skipped path="Person04Anim:Model01:root" object=00000000 captured_name="" target=00000000 target_name="" expected="root"
2026-09-12 16:17:27.013 liquid native stain contact queued particle=106 emission=1 origin=(1.8700,1.1779,2.1011) direction=(0.0012,-0.9929,-0.1186)
2026-09-12 16:17:27.025 liquid native stain descriptor rearmed emission=1 descriptor=5844bca0 state=0 rate=4.00000 trigger=0.10100
2026-09-12 16:17:27.028 liquid model attachment rejected particle=106 reason=hit-does-not-confirm-contact-surface
2026-09-12 16:17:27.028 liquid native stain contact consumed source=confirmed particle=106 emission=1 retry=0 result=9 count=1 native_hit=1 body_confirmed=0 retried=0 outcome=native-hit-attachment-unconfirmed
2026-09-12 16:17:27.029 NATIVE STAIN PICK sequence=19 caller=TK17-158.001.exe+0x1f24ac(005F24AC) self=02820560 list="Dress01|Person01|Dress02|Person02|Dress03|Person03|Dress04|Person04" origin=(-0.19783,0.09121,-2.23663) direction=(0.09483,-0.77497,-0.62484) include_hidden=1 flags=0x0005cfc3 result=9 count=1 data=53469780 custom_contact=1 predicted=0 custom_particle=106 custom_hit=0
2026-09-12 16:17:27.030 memory snapshot label="native-stain-pick-result" address=53469780 words=3d939aed,31ea2680,31ea2680,799aa3c0,31e079c0,be439580,3d10ccb9,c01206b5,3eeb4a71,3f43ad86,3ee79101,0000052e,00000531,0000052f,3dcaedff,3e9a5407,3e22d22e,3f17a4a5,3a93ad59,3deebdb8,bf8d0e67,57ea1400,0000000b,3f13fd0d
2026-09-12 16:17:27.030 liquid surface decal aligned frame=001af5c4 mode=mesh-normal final-projector=1
2026-09-12 16:17:27.030 NATIVE STAIN CACHE sequence=16 caller=TK17-158.001.exe+0x1f2813(005F2813) self=5844bca0 surface=31ea2680 surface_name="NcBlouse4_group_mesh" template=670d3300 template_name="" result=670d3300 result_name=""
2026-09-12 16:17:27.031 memory snapshot label="native-stain-cache-result" address=670D3300 words=72851090,00000028,72851098,6627dae0,00000001,6745ca80,728942f8,01010101,00000000,00000000,00000015,00000001,ffffffff,72894190,00000001,3f800000
2026-09-12 16:17:27.031 liquid native stain frozen update=32b904e0 group=57e00840 wrapper=79c3d740 control=79e08700 weight=1 mode=property-setter
2026-09-12 16:17:27.032 NATIVE STAIN ANIMATION DIAG generation=16 emission=1 particle=106 sample_ms=0 update=32b904e0 descriptor=5844bca0 descriptor_checksum=414e6999 group_index=0 group=57e00840 group_checksum=7bcc8267 counts=(nodes:16,controls:16,weights:16,vectors:16) nodes=[10:79716300:f559a9ac:"",11:79715EC0:76cffa5e:"",12:8719F980:585701c4:"",13:8719FD20:da42d271:"",14:871A0000:e76b2edb:"",15:871A03A0:124ed002:""] controls=[10:79C3D2E0:8f669837:"",11:79C3D7E0:8a4c01c8:"",12:79C3D520:d993d937:"",13:79C3D560:cebbe95b:"",14:79C3D5C0:71cd3486:"",15:79C3D740:f16b0913:""] weights=[6:1,7:1,8:1,9:1,10:1,11:1,12:1,13:1,14:1,15:1] vectors=[10:(1,1,1),11:(1,1,1),12:(1,1,1),13:(1,1,1),14:(1,1,1),15:(1,1,1)]
2026-09-12 16:17:27.040 liquid body-follow node skipped path="Person04Anim:Model01:root" object=00000000 captured_name="" target=00000000 target_name="" expected="root"
2026-09-12 16:17:27.040 liquid native stain contact queued particle=109 emission=1 origin=(1.8671,1.1688,2.0814) direction=(-0.0009,-0.9915,-0.1300)
2026-09-12 16:17:27.048 liquid native stain descriptor rearmed emission=1 descriptor=5844bca0 state=0 rate=4.00000 trigger=0.10100
2026-09-12 16:17:27.049 liquid model attachment rejected particle=109 reason=hit-does-not-confirm-contact-surface
2026-09-12 16:17:27.050 liquid native stain contact consumed source=confirmed particle=109 emission=1 retry=0 result=9 count=1 native_hit=1 body_confirmed=0 retried=0 outcome=native-hit-attachment-unconfirmed
2026-09-12 16:17:27.052 NATIVE STAIN PICK sequence=20 caller=TK17-158.001.exe+0x1f24ac(005F24AC) self=02820560 list="Dress01|Person01|Dress02|Person02|Dress03|Person03|Dress04|Person04" origin=(-0.18393,0.09183,-2.25350) direction=(0.10270,-0.76888,-0.63109) include_hidden=1 flags=0x0005cfc4 result=9 count=1 data=53468820 custom_contact=1 predicted=0 custom_particle=109 custom_hit=0
2026-09-12 16:17:27.052 memory snapshot label="native-stain-pick-result" address=53468820 words=3d949c31,31ea2680,31ea2680,799aa3c0,31e079c0,be34b557,3d139b8c,c013279a,3ed12043,3f43e887,3efebc39,00000534,00000707,00000533,3d0876a8,3f056baf,3e21e9db,3f1c17a0,bad62e19,3de87e1f,bf8ff60e,57ea1400,c1c47cfd,bf4af8af
2026-09-12 16:17:27.052 liquid surface decal aligned frame=001af5c4 mode=mesh-normal final-projector=1
2026-09-12 16:17:27.052 NATIVE STAIN CACHE sequence=17 caller=TK17-158.001.exe+0x1f2813(005F2813) self=5844bca0 surface=31ea2680 surface_name="NcBlouse4_group_mesh" template=670d38a0 template_name="" result=670d38a0 result_name=""
2026-09-12 16:17:27.053 memory snapshot label="native-stain-cache-result" address=670D38A0 words=72851090,0000001e,72851098,6627d5a0,00000001,6745d100,728942f8,01010101,00000000,00000000,00000015,00000001,ffffffff,72894190,589ded01,589df3c0
2026-09-12 16:17:27.053 liquid native stain frozen update=32b904e0 group=57e00840 wrapper=79c3dc00 control=79e099e0 weight=1 mode=property-setter
2026-09-12 16:17:27.078 liquid world emitter sample person=2 emission=1 position=(1.86838,1.31361,2.26292) direction=(0.00000,0.98387,-0.17890) source=rebuilt-joint-local-hierarchy
2026-09-12 16:17:27.079 liquid body-follow node skipped path="Person04Anim:Model01:root" object=00000000 captured_name="" target=00000000 target_name="" expected="root"
2026-09-12 16:17:27.079 liquid native stain contact queued particle=120 emission=1 origin=(1.8639,1.1719,2.0884) direction=(-0.0032,-0.9924,-0.1232)
2026-09-12 16:17:27.086 liquid native stain descriptor rearmed emission=1 descriptor=5844bca0 state=0 rate=4.00000 trigger=0.10100
2026-09-12 16:17:27.087 liquid model attachment rejected particle=120 reason=hit-does-not-confirm-contact-surface
2026-09-12 16:17:27.088 liquid native stain contact consumed source=confirmed particle=120 emission=1 retry=0 result=9 count=1 native_hit=1 body_confirmed=0 retried=0 outcome=native-hit-attachment-unconfirmed
2026-09-12 16:17:27.090 NATIVE STAIN PICK sequence=21 caller=TK17-158.001.exe+0x1f24ac(005F24AC) self=02820560 list="Dress01|Person01|Dress02|Person02|Dress03|Person03|Dress04|Person04" origin=(-0.19146,0.09337,-2.25038) direction=(0.09587,-0.77094,-0.62965) include_hidden=1 flags=0x0005cfc6 result=9 count=1 data=53469780 custom_contact=1 predicted=0 custom_particle=120 custom_hit=0
2026-09-12 16:17:27.090 memory snapshot label="native-stain-pick-result" address=53469780 words=3d90673e,31ea2680,31ea2680,799aa3c0,31e079c0,be3d20cf,3d1fc76f,c012dda7,3ee192d3,3f4403b4,3eeff215,0000052f,00000533,00000530,3f399ee1,3c49fc40,3e1ef211,3f1a4f37,bba594e2,3ded64c0,bf8ecd85,57ea1400,0000000b,3f13fd0d
2026-09-12 16:17:27.090 liquid surface decal aligned frame=001af5c4 mode=mesh-normal final-projector=1
2026-09-12 16:17:27.091 NATIVE STAIN CACHE sequence=18 caller=TK17-158.001.exe+0x1f2813(005F2813) self=5844bca0 surface=31ea2680 surface_name="NcBlouse4_group_mesh" template=670d4240 template_name="" result=670d4240 result_name=""
2026-09-12 16:17:27.091 memory snapshot label="native-stain-cache-result" address=670D4240 words=72851090,00000002,72851098,6627cfa0,00000001,6745cae0,728942f8,01010101,00000000,00000000,00000015,00000001,ffffffff,72894190,674b5e01,00000000
2026-09-12 16:17:27.092 liquid native stain frozen update=32b904e0 group=57e00840 wrapper=79c3e1e0 control=79e06400 weight=1 mode=property-setter
2026-09-12 16:17:27.101 liquid body-follow node skipped path="Person04Anim:Model01:root" object=00000000 captured_name="" target=00000000 target_name="" expected="root"
2026-09-12 16:17:27.102 liquid native stain contact queued particle=125 emission=1 origin=(1.8800,1.1664,2.0798) direction=(0.0078,-0.9923,-0.1234)
2026-09-12 16:17:27.108 liquid native stain descriptor rearmed emission=1 descriptor=5844bca0 state=0 rate=4.00000 trigger=0.10100
2026-09-12 16:17:27.110 liquid model attachment rejected particle=125 reason=hit-does-not-confirm-contact-surface
2026-09-12 16:17:27.111 liquid native stain contact consumed source=confirmed particle=125 emission=1 retry=0 result=9 count=1 native_hit=1 body_confirmed=0 retried=0 outcome=native-hit-attachment-unconfirmed
2026-09-12 16:17:27.113 NATIVE STAIN PICK sequence=22 caller=TK17-158.001.exe+0x1f24ac(005F24AC) self=02820560 list="Dress01|Person01|Dress02|Person02|Dress03|Person03|Dress04|Person04" origin=(-0.17481,0.08454,-2.24729) direction=(0.10272,-0.77582,-0.62253) include_hidden=1 flags=0x0005cfc7 result=9 count=1 data=53466e40 custom_contact=1 predicted=0 custom_particle=125 custom_hit=0
2026-09-12 16:17:27.113 memory snapshot label="native-stain-pick-result" address=53466E40 words=3d97b8ec,31ea2680,31ea2680,799aa3c0,31e079c0,be2b3767,3cddbe5b,c012c732,3eb9db48,3f49de50,3efe2944,00000532,00000536,00000534,3eeb262f,3da4ad7e,3e2b7fd4,3f1cb535,3c3efa5f,3de1fafd,bf9050bb,57ea1400,0000000b,3e64d014
2026-09-12 16:17:27.113 liquid surface decal aligned frame=001af5c4 mode=mesh-normal final-projector=1
2026-09-12 16:17:27.114 NATIVE STAIN CACHE sequence=19 caller=TK17-158.001.exe+0x1f2813(005F2813) self=5844bca0 surface=31ea2680 surface_name="NcBlouse4_group_mesh" template=670d2e80 template_name="" result=670d2e80 result_name=""
2026-09-12 16:17:27.114 memory snapshot label="native-stain-cache-result" address=670D2E80 words=72851090,67755940,72851098,6627c040,00000001,6745ba80,728942f8,01010101,00000000,00000000,00000015,00000001,ffffffff,72894190,67755301,670d2460
2026-09-12 16:17:27.115 liquid native stain frozen update=32b904e0 group=57e00840 wrapper=79c3d8e0 control=79e06020 weight=1 mode=property-setter
2026-09-12 16:17:27.126 liquid body-follow node skipped path="Person04Anim:Model01:root" object=00000000 captured_name="" target=00000000 target_name="" expected="root"
2026-09-12 16:17:27.143 NATIVE STAIN ANIMATION DIAG generation=19 emission=1 particle=125 sample_ms=32 update=32b904e0 descriptor=5844bca0 descriptor_checksum=dab3fd56 group_index=0 group=57e00840 group_checksum=112e97da counts=(nodes:19,controls:19,weights:19,vectors:19) nodes=[13:8719FD20:b56104de:"",14:871A0000:36612aac:"",15:871A03A0:e4596cea:"",16:871A0220:ffef0d8f:"",17:871A0440:7a5f3f1b:"",18:871A00C0:a6aed763:""] controls=[13:79C3D560:cebbe95b:"",14:79C3D5C0:71cd3486:"",15:79C3D740:f16b0913:"",16:79C3DC00:7ab62f99:"",17:79C3E1E0:a49c46cd:"",18:79C3D8E0:a8b4d556:""] weights=[9:1,10:1,11:1,12:1,13:1,14:1,15:1,16:1,17:1,18:1] vectors=[13:(1,1,1),14:(1,1,1),15:(1,1,1),16:(1,1,1),17:(1,1,1),18:(1,1,1)]
2026-09-12 16:17:27.152 liquid body-follow node skipped path="Person04Anim:Model01:root" object=00000000 captured_name="" target=00000000 target_name="" expected="root"
2026-09-12 16:17:27.152 liquid native stain contact queued particle=136 emission=1 origin=(1.8628,1.1669,2.0769) direction=(-0.0039,-0.9916,-0.1294)
2026-09-12 16:17:27.159 liquid native stain descriptor rearmed emission=1 descriptor=5844bca0 state=0 rate=4.00000 trigger=0.10100
2026-09-12 16:17:27.161 liquid model attachment rejected particle=136 reason=hit-does-not-confirm-contact-surface
2026-09-12 16:17:27.162 liquid native stain contact consumed source=confirmed particle=136 emission=1 retry=0 result=9 count=1 native_hit=1 body_confirmed=0 retried=0 outcome=native-hit-attachment-unconfirmed
2026-09-12 16:17:27.164 NATIVE STAIN PICK sequence=23 caller=TK17-158.001.exe+0x1f24ac(005F24AC) self=02820560 list="Dress01|Person01|Dress02|Person02|Dress03|Person03|Dress04|Person04" origin=(-0.18303,0.09380,-2.25968) direction=(0.10033,-0.76781,-0.63277) include_hidden=1 flags=0x0005cfc9 result=9 count=1 data=53468820 custom_contact=1 predicted=0 custom_particle=136 custom_hit=0
2026-09-12 16:17:27.164 memory snapshot label="native-stain-pick-result" address=53468820 words=3d90a6c0,31ea2680,31ea2680,799aa3c0,31e079c0,be342b80,3d221174,c0137adf,3ecc5a7f,3f41710d,3f04f3bd,00000534,00000707,00000533,3f3d896b,3d77eaf5,3e1ebd66,3f1cf3d0,bbc911b6,3deaf366,bf907ee9,57ea1400,0000000b,3f21fddf
2026-09-12 16:17:27.164 liquid surface decal aligned frame=001af5c4 mode=mesh-normal final-projector=1
2026-09-12 16:17:27.165 NATIVE STAIN CACHE sequence=20 caller=TK17-158.001.exe+0x1f2813(005F2813) self=5844bca0 surface=31ea2680 surface_name="NcBlouse4_group_mesh" template=670d4240 template_name="" result=670d4240 result_name=""
2026-09-12 16:17:27.165 memory snapshot label="native-stain-cache-result" address=670D4240 words=72851090,00000002,72851098,6627cfa0,00000001,6745cae0,728942f8,01010101,00000000,00000000,00000015,00000001,ffffffff,72894190,674b5e01,00000000
2026-09-12 16:17:27.166 liquid native stain frozen update=32b904e0 group=57e00840 wrapper=79c3dfc0 control=79e07360 weight=1 mode=property-setter
2026-09-12 16:17:27.183 liquid native stain descriptor rearmed emission=1 descriptor=5844bca0 state=0 rate=4.00000 trigger=0.10100
2026-09-12 16:17:27.185 liquid model attachment rejected particle=140 reason=hit-does-not-confirm-contact-surface
2026-09-12 16:17:27.185 liquid native stain contact consumed source=confirmed particle=140 emission=1 retry=0 result=9 count=1 native_hit=1 body_confirmed=0 retried=0 outcome=native-hit-attachment-unconfirmed
2026-09-12 16:17:27.187 NATIVE STAIN PICK sequence=24 caller=TK17-158.001.exe+0x1f24ac(005F24AC) self=02820560 list="Dress01|Person01|Dress02|Person02|Dress03|Person03|Dress04|Person04" origin=(-0.17146,0.08593,-2.25447) direction=(0.10248,-0.77410,-0.62471) include_hidden=1 flags=0x0005cfca result=9 count=1 data=53467380 custom_contact=1 predicted=0 custom_particle=140 custom_hit=0
2026-09-12 16:17:27.188 memory snapshot label="native-stain-pick-result" address=53467380 words=3d951d10,31ea2680,31ea2680,799aa3c0,31e079c0,be27efa4,3cf23bd5,c0133289,3eaa2955,3f49f4c2,3f045444,00000537,00000534,00000536,3f115387,3dd9dec5,3e298a33,3f1e5965,3c0847cf,3de2b62e,bf913ebd,57ea1400,0000000b,3da10e02
2026-09-12 16:17:27.188 liquid surface decal aligned frame=001af5c4 mode=mesh-normal final-projector=1
2026-09-12 16:17:27.189 NATIVE STAIN CACHE sequence=21 caller=TK17-158.001.exe+0x1f2813(005F2813) self=5844bca0 surface=31ea2680 surface_name="NcBlouse4_group_mesh" template=670d3f60 template_name="sperm15_phongSG" result=670d3f60 result_name="sperm15_phongSG"
2026-09-12 16:17:27.189 memory snapshot label="native-stain-cache-result" address=670D3F60 words=72851090,00000068,72851098,66280060,00000001,6745c460,728942f8,01010101,00000000,00000000,00000015,00000001,ffffffff,72894190,675cb101,00000000
2026-09-12 16:17:27.190 liquid native stain frozen update=32b904e0 group=57e00840 wrapper=79c3de80 control=79e06f00 weight=1 mode=property-setter
2026-09-12 16:17:27.224 liquid native stain descriptor rearmed emission=1 descriptor=5844bca0 state=0 rate=4.00000 trigger=0.10100
2026-09-12 16:17:27.227 liquid model attachment rejected particle=157 reason=hit-does-not-confirm-contact-surface
2026-09-12 16:17:27.227 liquid native stain contact consumed source=confirmed particle=157 emission=1 retry=0 result=9 count=1 native_hit=1 body_confirmed=0 retried=0 outcome=native-hit-attachment-unconfirmed
2026-09-12 16:17:27.230 NATIVE STAIN PICK sequence=25 caller=TK17-158.001.exe+0x1f24ac(005F24AC) self=02820560 list="Dress01|Person01|Dress02|Person02|Dress03|Person03|Dress04|Person04" origin=(-0.18556,0.08024,-2.24208) direction=(0.10120,-0.77638,-0.62208) include_hidden=1 flags=0x0005cfcc result=9 count=1 data=53466e40 custom_contact=1 predicted=0 custom_particle=157 custom_hit=0
2026-09-12 16:17:27.230 memory snapshot label="native-stain-pick-result" address=53466E40 words=3d8be413,31ea2680,31ea2680,799aa3c0,31e079c0,be36ee5e,3cdee02b,c0123664,3edc7588,3f44975a,3ef2cb7f,0000052f,00000531,00000532,3f48094f,3e45be9b,3e29d8cd,3f19ba61,3c258dc6,3de39916,bf8e6c38,57ea1400,0000000b,3e7273d6
2026-09-12 16:17:27.230 liquid surface decal aligned frame=001af5c4 mode=mesh-normal final-projector=1
2026-09-12 16:17:27.231 NATIVE STAIN CACHE sequence=22 caller=TK17-158.001.exe+0x1f2813(005F2813) self=5844bca0 surface=31ea2680 surface_name="NcBlouse4_group_mesh" template=670d2580 template_name="" result=670d2580 result_name=""
2026-09-12 16:17:27.232 memory snapshot label="native-stain-cache-result" address=670D2580 words=72851090,0000000c,72851098,6627b920,00000001,6745b8a0,728942f8,01010101,00000000,00000000,00000015,00000001,ffffffff,72894190,67755801,00000000
2026-09-12 16:17:27.232 liquid native stain frozen update=32b904e0 group=57e00840 wrapper=79c3e140 control=79e07ec0 weight=1 mode=property-setter
2026-09-12 16:17:27.257 liquid native stain descriptor rearmed emission=1 descriptor=5844bca0 state=0 rate=4.00000 trigger=0.10100
2026-09-12 16:17:27.259 liquid model attachment rejected particle=166 reason=hit-does-not-confirm-contact-surface
2026-09-12 16:17:27.259 liquid native stain contact consumed source=confirmed particle=166 emission=1 retry=0 result=9 count=1 native_hit=1 body_confirmed=0 retried=0 outcome=native-hit-attachment-unconfirmed
2026-09-12 16:17:27.261 NATIVE STAIN PICK sequence=26 caller=TK17-158.001.exe+0x1f24ac(005F24AC) self=02820560 list="Dress01|Person01|Dress02|Person02|Dress03|Person03|Dress04|Person04" origin=(-0.21436,0.09345,-2.23589) direction=(0.09126,-0.77025,-0.63117) include_hidden=1 flags=0x0005cfcd result=9 count=1 data=534689c0 custom_contact=1 predicted=0 custom_particle=166 custom_hit=0
2026-09-12 16:17:27.262 memory snapshot label="native-stain-pick-result" address=534689C0 words=3d89ff5f,31ea2680,31ea2680,799aa3c0,31e079c0,be5534ab,3d2a2b83,c011d1aa,3e1fece2,3f6b590c,3eb8eba1,0000052b,0000052e,0000052c,3e15ca16,3e8a06a2,3e1b26e6,3f151a68,bc1d337e,3df4fb57,bf8b2fb8,57ea1400,0000000e,3a79096c
2026-09-12 16:17:27.262 liquid surface decal aligned frame=001af5c4 mode=mesh-normal final-projector=1
2026-09-12 16:17:27.262 NATIVE STAIN CACHE sequence=23 caller=TK17-158.001.exe+0x1f2813(005F2813) self=5844bca0 surface=31ea2680 surface_name="NcBlouse4_group_mesh" template=670d34c0 template_name="" result=670d34c0 result_name=""
2026-09-12 16:17:27.263 memory snapshot label="native-stain-cache-result" address=670D34C0 words=72851090,0000000d,72851098,6627f9a0,00000001,6745c4e0,728942f8,01010101,00000000,00000000,00000015,00000001,ffffffff,72894190,589ded01,589df3c0
2026-09-12 16:17:27.263 liquid native stain frozen update=32b904e0 group=57e00840 wrapper=79c3e2e0 control=8717f880 weight=1 mode=property-setter
2026-09-12 16:17:27.263 NATIVE STAIN ANIMATION DIAG generation=23 emission=1 particle=166 sample_ms=0 update=32b904e0 descriptor=5844bca0 descriptor_checksum=9c4025d8 group_index=0 group=57e00840 group_checksum=112e97da counts=(nodes:23,controls:23,weights:23,vectors:23) nodes=[17:871A0440:4c50d6a6:"",18:871A00C0:869d936e:"",19:871A0160:a96a6978:"",20:8719F760:c086316b:"",21:3495F2A0:1b919b10:"",22:8736C820:6f68b4fa:""] controls=[17:79C3E1E0:a49c46cd:"",18:79C3D8E0:a8b4d556:"",19:79C3DFC0:8883b104:"",20:79C3DE80:3477035a:"",21:79C3E140:70bc6abb:"",22:79C3E2E0:6e06df70:""] weights=[13:1,14:1,15:1,16:1,17:1,18:1,19:1,20:1,21:1,22:1] vectors=[17:(1,1,1),18:(1,1,1),19:(1,1,1),20:(1,1,1),21:(1,1,1),22:(1,1,1)]
2026-09-12 16:17:27.264 testicular retraction live write person=2 control=4aa2ebe0 input=0.250 baseline=0.000 contribution=0.250 output=0.250
2026-09-12 16:17:27.278 liquid native stain descriptor rearmed emission=1 descriptor=5844bca0 state=0 rate=4.00000 trigger=0.10100
2026-09-12 16:17:27.280 liquid model attachment rejected particle=172 reason=hit-does-not-confirm-contact-surface
2026-09-12 16:17:27.280 liquid native stain contact consumed source=confirmed particle=172 emission=1 retry=0 result=9 count=1 native_hit=1 body_confirmed=0 retried=0 outcome=native-hit-attachment-unconfirmed
2026-09-12 16:17:27.282 NATIVE STAIN PICK sequence=27 caller=TK17-158.001.exe+0x1f24ac(005F24AC) self=02820560 list="Dress01|Person01|Dress02|Person02|Dress03|Person03|Dress04|Person04" origin=(-0.23206,0.07254,-2.21935) direction=(0.08037,-0.78236,-0.61762) include_hidden=1 flags=0x0005cfce result=9 count=1 data=53469b00 custom_contact=1 predicted=0 custom_particle=172 custom_hit=0
2026-09-12 16:17:27.282 memory snapshot label="native-stain-pick-result" address=53469B00 words=3d5e0def,31ea2680,31ea2680,799aa3c0,31e079c0,be692ac6,3cf6c9b1,c0102e5e,bc6f69bb,3f59e6b1,3f065132,0000058e,0000058c,0000058f,3e1dd26f,3eb80431,3e2123c3,3f0f4ffc,b9085c62,3dee248c,bf87182b,57ea1400,0000000b,3df97785
2026-09-12 16:17:27.283 liquid surface decal aligned frame=001af5c4 mode=mesh-normal final-projector=1
2026-09-12 16:17:27.283 NATIVE STAIN CACHE sequence=24 caller=TK17-158.001.exe+0x1f2813(005F2813) self=5844bca0 surface=31ea2680 surface_name="NcBlouse4_group_mesh" template=670d38a0 template_name="" result=670d38a0 result_name=""
2026-09-12 16:17:27.283 memory snapshot label="native-stain-cache-result" address=670D38A0 words=72851090,0000001e,72851098,6627d5a0,00000001,6745d100,728942f8,01010101,00000000,00000000,00000015,00000001,ffffffff,72894190,589ded01,589df3c0
2026-09-12 16:17:27.284 liquid native stain frozen update=32b904e0 group=57e00840 wrapper=79c3dba0 control=8717c540 weight=1 mode=property-setter
2026-09-12 16:17:27.319 liquid world emitter sample person=2 emission=1 position=(1.86838,1.31361,2.26292) direction=(0.00000,0.98387,-0.17890) source=rebuilt-joint-local-hierarchy
2026-09-12 16:17:27.364 NATIVE STAIN ANIMATION DIAG generation=24 emission=1 particle=172 sample_ms=94 update=32b904e0 descriptor=5844bca0 descriptor_checksum=7a7a9081 group_index=0 group=57e00840 group_checksum=112e97da counts=(nodes:24,controls:24,weights:24,vectors:24) nodes=[18:871A00C0:66f22d37:"",19:871A0160:06640a81:"",20:8719F760:b7568382:"",21:3495F2A0:3720fa69:"",22:8736C820:469d3a76:"",23:8736C5E0:edc64907:""] controls=[18:79C3D8E0:a8b4d556:"",19:79C3DFC0:54ed65d2:"",20:79C3DE80:ed9b4e5b:"",21:79C3E140:70bc6abb:"",22:79C3E2E0:e3d1a7f3:"",23:79C3DBA0:30a3366b:""] weights=[14:1,15:1,16:1,17:1,18:1,19:1,20:1,21:1,22:1,23:1] vectors=[18:(1,1,1),19:(1,1,1),20:(1,1,1),21:(1,1,1),22:(1,1,1),23:(1,1,1)]
2026-09-12 16:17:27.448 liquid body-follow moved particle=184 person=2 anchor=root delta=(0.00000,-0.00053,0.00086)
2026-09-12 16:17:27.449 liquid body-follow moved particle=48 person=2 anchor=root delta=(0.00000,-0.00049,0.00083)
2026-09-12 16:17:27.449 liquid body-follow moved particle=49 person=2 anchor=root delta=(0.00000,-0.00050,0.00084)
2026-09-12 16:17:27.449 liquid body-follow moved particle=50 person=2 anchor=root delta=(0.00000,-0.00051,0.00084)
2026-09-12 16:17:27.449 liquid body-follow moved particle=51 person=2 anchor=root delta=(0.00000,-0.00050,0.00084)
2026-09-12 16:17:27.449 liquid body-follow moved particle=52 person=2 anchor=root delta=(0.00000,-0.00050,0.00084)
2026-09-12 16:17:27.449 liquid body-follow moved particle=53 person=2 anchor=root delta=(0.00000,-0.00049,0.00083)
2026-09-12 16:17:27.450 liquid body-follow moved particle=54 person=2 anchor=root delta=(0.00000,-0.00050,0.00084)
2026-09-12 16:17:27.450 liquid body-follow moved particle=55 person=2 anchor=root delta=(0.00000,-0.00052,0.00084)
2026-09-12 16:17:27.450 liquid body-follow moved particle=56 person=2 anchor=root delta=(0.00000,-0.00052,0.00084)
2026-09-12 16:17:27.450 liquid body-follow moved particle=57 person=2 anchor=root delta=(0.00000,-0.00051,0.00084)
2026-09-12 16:17:27.450 liquid body-follow moved particle=58 person=2 anchor=root delta=(0.00000,-0.00051,0.00084)
2026-09-12 16:17:27.451 liquid body-follow moved particle=60 person=2 anchor=root delta=(0.00000,-0.00050,0.00084)
2026-09-12 16:17:27.451 liquid body-follow moved particle=61 person=2 anchor=root delta=(0.00000,-0.00053,0.00084)
2026-09-12 16:17:27.451 liquid body-follow moved particle=62 person=2 anchor=root delta=(0.00000,-0.00052,0.00084)
2026-09-12 16:17:27.451 liquid body-follow moved particle=63 person=2 anchor=root delta=(0.00000,-0.00052,0.00084)
2026-09-12 16:17:27.458 liquid native update performance version=0.8.12-decal-freeze-performance samples=59 native_and_pick_ms=1.749 freeze_cleanup_ms=0.113 diagnostics_and_retraction_ms=0.160 peak_total_ms=8.029 tracked=24 freeze_hook=1
2026-09-12 16:17:27.478 NATIVE STAIN ANIMATION DIAG generation=24 emission=1 particle=172 sample_ms=203 update=32b904e0 descriptor=5844bca0 descriptor_checksum=7a7a9081 group_index=0 group=57e00840 group_checksum=112e97da counts=(nodes:24,controls:24,weights:24,vectors:24) nodes=[18:871A00C0:1348169d:"",19:871A0160:a81567e3:"",20:8719F760:fa1c8c20:"",21:3495F2A0:fb9bfefb:"",22:8736C820:09bd04bc:"",23:8736C5E0:108a27ed:""] controls=[18:79C3D8E0:a8b4d556:"",19:79C3DFC0:2937e5ac:"",20:79C3DE80:5790e629:"",21:79C3E140:70bc6abb:"",22:79C3E2E0:c7ab191e:"",23:79C3DBA0:30a3366b:""] weights=[14:1,15:1,16:1,17:1,18:1,19:1,20:1,21:1,22:1,23:1] vectors=[18:(1,1,1),19:(1,1,1),20:(1,1,1),21:(1,1,1),22:(1,1,1),23:(1,1,1)]
2026-09-12 16:17:27.511 testicular retraction live write person=2 control=4aa2ebe0 input=0.104 baseline=0.000 contribution=0.090 output=0.090
2026-09-12 16:17:27.573 liquid world emitter sample person=2 emission=1 position=(1.86838,1.31009,2.22946) direction=(0.00000,0.95768,-0.28785) source=rebuilt-joint-local-hierarchy
2026-09-12 16:17:27.586 NATIVE STAIN ANIMATION DIAG generation=24 emission=1 particle=172 sample_ms=313 update=32b904e0 descriptor=5844bca0 descriptor_checksum=7a7a9081 group_index=0 group=57e00840 group_checksum=112e97da counts=(nodes:24,controls:24,weights:24,vectors:24) nodes=[18:871A00C0:9f399885:"",19:871A0160:cc8acecb:"",20:8719F760:bd3118d8:"",21:3495F2A0:94c6b8b3:"",22:8736C820:e4da0524:"",23:8736C5E0:a610b5b5:""] controls=[18:79C3D8E0:a8b4d556:"",19:79C3DFC0:eede2647:"",20:79C3DE80:c630eed0:"",21:79C3E140:70bc6abb:"",22:79C3E2E0:ded401f5:"",23:79C3DBA0:30a3366b:""] weights=[14:1,15:1,16:1,17:1,18:1,19:1,20:1,21:1,22:1,23:1] vectors=[18:(1,1,1),19:(1,1,1),20:(1,1,1),21:(1,1,1),22:(1,1,1),23:(1,1,1)]
2026-09-12 16:17:27.587 NATIVE STAIN FIELD DIAG generation=24 outcome=baseline node=8736c5e0 control=8717c540
2026-09-12 16:17:27.587 memory snapshot label="native-stain-animation-node-baseline" address=8736C5E0 words=7285a8d4,00000000,7285a908,72894190,53467380,799aa3c0,01fff0ad,00000000,00000000,00000000,5a0e1bca,00000000,670d38a0,72894230,00000000,0005cfe2,3f800000,3f800000,3f800000,3f800000,00000000,00000000,00000000,00000000
2026-09-12 16:17:27.587 memory snapshot label="native-stain-animation-control-baseline" address=8717C540 words=72859ad4,80000200,72859adc,72894190,3f800000,00000000,72894170,006f0072,0042006c,0044005c,00730065,0074006b,0070006f,0047005c,006d0061,00730065,9939a21b,8d00144b,4012e7e8,84dd4d60,40127838,84dd5e80,40124a15,8717c588
2026-09-12 16:17:27.587 liquid deep link event="native-stain-animation-node" object=8736c5e0 offset=0x014 pointer=799aa3c0 target_name="NcBlouse4_group"
2026-09-12 16:17:27.587 liquid deep string event="native-stain-animation-node" object=8736c5e0 offset=0x03c pointer=0005cfe2 text="e"
2026-09-12 16:17:27.593 liquid deep links event="native-stain-animation-control" object=8717c540 named_or_string_links=0 scan_bytes=96
2026-09-12 16:17:27.698 NATIVE STAIN ANIMATION DIAG generation=24 emission=1 particle=172 sample_ms=422 update=32b904e0 descriptor=5844bca0 descriptor_checksum=7a7a9081 group_index=0 group=57e00840 group_checksum=112e97da counts=(nodes:24,controls:24,weights:24,vectors:24) nodes=[18:871A00C0:d06be42c:"",19:871A0160:8dc6be52:"",20:8719F760:166f4a51:"",21:3495F2A0:b1f25bea:"",22:8736C820:4cadb00d:"",23:8736C5E0:fa53255c:""] controls=[18:79C3D8E0:a8b4d556:"",19:79C3DFC0:12dab451:"",20:79C3DE80:44525e2f:"",21:79C3E140:70bc6abb:"",22:79C3E2E0:df3aa1eb:"",23:79C3DBA0:30a3366b:""] weights=[14:1,15:1,16:1,17:1,18:1,19:1,20:1,21:1,22:1,23:1] vectors=[18:(1,1,1),19:(1,1,1),20:(1,1,1),21:(1,1,1),22:(1,1,1),23:(1,1,1)]
2026-09-12 16:17:27.698 NATIVE STAIN FIELD DIAG generation=24 node=8736C5E0 control=8717C540 changes=N+0x3c:0005cfe2>0005cfeb(5.337518e-040>5.337644e-040) totals=(node:1,control:0)
2026-09-12 16:17:27.753 testicular retraction live write person=2 control=4aa2ebe0 input=0.001 baseline=0.000 contribution=0.001 output=0.001
2026-09-12 16:17:27.807 ejaculation audio started person=2 emission=1 pulse=3 volume=0.000 path="C:\Users\ErolB\Desktop\Games\TK17\The Klub 17\Extensions\Liquids\Sounds\Ejaculation\Default\cum04.mp3"
2026-09-12 16:17:27.807 testicular retraction control resolved person=2 mode=FindObjC-direct wrapper=4aa2ebe0 control=4aa2ebe0 weight=0.000
2026-09-12 16:17:27.807 testicular retraction pulse person=2 emission=1 pulse=3 baseline=0.000 start=-0.001 target=0.250
2026-09-12 16:17:27.821 NATIVE STAIN ANIMATION DIAG generation=24 emission=1 particle=172 sample_ms=547 update=32b904e0 descriptor=5844bca0 descriptor_checksum=7a7a9081 group_index=0 group=57e00840 group_checksum=112e97da counts=(nodes:24,controls:24,weights:24,vectors:24) nodes=[18:871A00C0:d2daf6d7:"",19:871A0160:f0842921:"",20:8719F760:c9ac9822:"",21:3495F2A0:70f43009:"",22:8736C820:4a7f5e16:"",23:8736C5E0:6fe72ea7:""] controls=[18:79C3D8E0:a8b4d556:"",19:79C3DFC0:12dab451:"",20:79C3DE80:4dd3d3e4:"",21:79C3E140:70bc6abb:"",22:79C3E2E0:faf036bf:"",23:79C3DBA0:30a3366b:""] weights=[14:1,15:1,16:1,17:1,18:1,19:1,20:1,21:1,22:1,23:1] vectors=[18:(1,1,1),19:(1,1,1),20:(1,1,1),21:(1,1,1),22:(1,1,1),23:(1,1,1)]
2026-09-12 16:17:27.822 NATIVE STAIN FIELD DIAG generation=24 node=8736C5E0 control=8717C540 changes=N+0x3c:0005cfeb>0005cff4(5.337644e-040>5.33777e-040) totals=(node:1,control:0)
2026-09-12 16:17:27.822 testicular retraction applied person=2 emission=1 pulse=3 baseline=0.000 contribution=-0.001 output=0.000
2026-09-12 16:17:27.829 liquid world emitter sample person=2 emission=1 position=(1.86838,1.30363,2.19944) direction=(0.00000,0.92327,-0.38416) source=rebuilt-joint-local-hierarchy
2026-09-12 16:17:27.928 NATIVE STAIN ANIMATION DIAG generation=24 emission=1 particle=172 sample_ms=656 update=32b904e0 descriptor=5844bca0 descriptor_checksum=7a7a9081 group_index=0 group=57e00840 group_checksum=112e97da counts=(nodes:24,controls:24,weights:24,vectors:24) nodes=[18:871A00C0:2f0b7c7e:"",19:871A0160:cc53f5a8:"",20:8719F760:1bf6de1b:"",21:3495F2A0:4c028bc0:"",22:8736C820:2ad3f7df:"",23:8736C5E0:7617ec4e:""] controls=[18:79C3D8E0:a8b4d556:"",19:79C3DFC0:6d76f4d5:"",20:79C3DE80:4dd3d3e4:"",21:79C3E140:70bc6abb:"",22:79C3E2E0:faf036bf:"",23:79C3DBA0:30a3366b:""] weights=[14:1,15:1,16:1,17:1,18:1,19:1,20:1,21:1,22:1,23:1] vectors=[18:(1,1,1),19:(1,1,1),20:(1,1,1),21:(1,1,1),22:(1,1,1),23:(1,1,1)]
2026-09-12 16:17:27.928 NATIVE STAIN FIELD DIAG generation=24 node=8736C5E0 control=8717C540 changes=N+0x3c:0005cff4>0005cffd(5.33777e-040>5.337896e-040) totals=(node:1,control:0)
2026-09-12 16:17:28.007 ejaculation audio finished person=2 emission=1 pulse=3 path="C:\Users\ErolB\Desktop\Games\TK17\The Klub 17\Extensions\Liquids\Sounds\Ejaculation\Default\cum04.mp3"
2026-09-12 16:17:28.017 testicular retraction live write person=2 control=4aa2ebe0 input=0.282 baseline=0.000 contribution=0.278 output=0.278
2026-09-12 16:17:28.035 NATIVE STAIN ANIMATION DIAG generation=24 emission=1 particle=172 sample_ms=766 update=32b904e0 descriptor=5844bca0 descriptor_checksum=7a7a9081 group_index=0 group=57e00840 group_checksum=112e97da counts=(nodes:24,controls:24,weights:24,vectors:24) nodes=[18:871A00C0:cc5ec814:"",19:871A0160:371a91a6:"",20:8719F760:53646cd9:"",21:3495F2A0:e8df455e:"",22:8736C820:8b900ff5:"",23:8736C5E0:a9b53624:""] controls=[18:79C3D8E0:a8b4d556:"",19:79C3DFC0:6d76f4d5:"",20:79C3DE80:4dd3d3e4:"",21:79C3E140:70bc6abb:"",22:79C3E2E0:cea6df38:"",23:79C3DBA0:30a3366b:""] weights=[14:1,15:1,16:1,17:1,18:1,19:1,20:1,21:1,22:1,23:1] vectors=[18:(1,1,1),19:(1,1,1),20:(1,1,1),21:(1,1,1),22:(1,1,1),23:(1,1,1)]
2026-09-12 16:17:28.036 NATIVE STAIN FIELD DIAG generation=24 node=8736C5E0 control=8717C540 changes=N+0x3c:0005cffd>0005d006(5.337896e-040>5.338022e-040) totals=(node:1,control:0)
2026-09-12 16:17:28.075 liquid world emitter sample person=2 emission=1 position=(1.86838,1.30324,2.19801) direction=(0.00000,0.92137,-0.38868) source=rebuilt-joint-local-hierarchy
2026-09-12 16:17:28.148 NATIVE STAIN ANIMATION DIAG generation=24 emission=1 particle=172 sample_ms=875 update=32b904e0 descriptor=5844bca0 descriptor_checksum=7a7a9081 group_index=0 group=57e00840 group_checksum=112e97da counts=(nodes:24,controls:24,weights:24,vectors:24) nodes=[18:871A00C0:c1e3eccd:"",19:871A0160:3464e0bf:"",20:8719F760:7f7eb240:"",21:3495F2A0:4e047ba7:"",22:8736C820:2f82762c:"",23:8736C5E0:06fd285d:""] controls=[18:79C3D8E0:a8b4d556:"",19:79C3DFC0:6d76f4d5:"",20:79C3DE80:4dd3d3e4:"",21:79C3E140:70bc6abb:"",22:79C3E2E0:cea6df38:"",23:79C3DBA0:30a3366b:""] weights=[14:1,15:1,16:1,17:1,18:1,19:1,20:1,21:1,22:1,23:1] vectors=[18:(1,1,1),19:(1,1,1),20:(1,1,1),21:(1,1,1),22:(1,1,1),23:(1,1,1)]
2026-09-12 16:17:28.148 NATIVE STAIN FIELD DIAG generation=24 node=8736C5E0 control=8717C540 changes=N+0x3c:0005d006>0005d00f(5.338022e-040>5.338148e-040) totals=(node:1,control:0)
2026-09-12 16:17:28.260 NATIVE STAIN ANIMATION DIAG generation=24 emission=1 particle=172 sample_ms=985 update=32b904e0 descriptor=5844bca0 descriptor_checksum=7a7a9081 group_index=0 group=57e00840 group_checksum=112e97da counts=(nodes:24,controls:24,weights:24,vectors:24) nodes=[18:871A00C0:6483e045:"",19:871A0160:44cd37d7:"",20:8719F760:65a0ed28:"",21:3495F2A0:ed35faaf:"",22:8736C820:c79ff2a4:"",23:8736C5E0:0e0c0d75:""] controls=[18:79C3D8E0:a8b4d556:"",19:79C3DFC0:6d76f4d5:"",20:79C3DE80:4dd3d3e4:"",21:79C3E140:70bc6abb:"",22:79C3E2E0:cea6df38:"",23:79C3DBA0:30a3366b:""] weights=[14:1,15:1,16:1,17:1,18:1,19:1,20:1,21:1,22:1,23:1] vectors=[18:(1,1,1),19:(1,1,1),20:(1,1,1),21:(1,1,1),22:(1,1,1),23:(1,1,1)]
2026-09-12 16:17:28.260 NATIVE STAIN FIELD DIAG generation=24 node=8736C5E0 control=8717C540 changes=N+0x3c:0005d00f>0005d017(5.338148e-040>5.338261e-040) totals=(node:1,control:0)
2026-09-12 16:17:28.260 testicular retraction live write person=2 control=4aa2ebe0 input=0.243 baseline=0.000 contribution=0.242 output=0.242
2026-09-12 16:17:28.274 liquid native stain descriptor rearmed emission=1 descriptor=5844bca0 state=0 rate=4.00000 trigger=0.10100
2026-09-12 16:17:28.276 liquid native stain contact consumed source=confirmed particle=186 emission=1 retry=0 result=9 count=1 native_hit=1 body_confirmed=0 retried=0 outcome=native-hit-attachment-unconfirmed
2026-09-12 16:17:28.276 NATIVE STAIN PICK sequence=28 caller=TK17-158.001.exe+0x1f24ac(005F24AC) self=02820560 list="Dress01|Person01|Dress02|Person02|Dress03|Person03|Dress04|Person04" origin=(-0.09415,0.10268,-2.34009) direction=(0.16755,-0.72338,-0.66982) include_hidden=1 flags=0x0005d018 result=9 count=1 data=53469780 custom_contact=1 predicted=0 custom_particle=186 custom_hit=0
2026-09-12 16:17:28.277 memory snapshot label="native-stain-pick-result" address=53469780 words=3d4c21f8,31ea2680,31ea2680,799aa3c0,31e079c0,bdafb9fd,3d8873c9,c017e6f5,3d46d9bc,3f653cbf,3ee28e1b,00000388,00000387,00000389,3eaa3152,3eb07781,3e2349d0,3f43bd56,bc046c7b,3e06d7a3,bfa2546c,57ea1400,0000000b,3e64d014
2026-09-12 16:17:28.277 NATIVE STAIN CACHE sequence=25 caller=TK17-158.001.exe+0x1f2813(005F2813) self=5844bca0 surface=31ea2680 surface_name="NcBlouse4_group_mesh" template=670d2e80 template_name="" result=670d2e80 result_name=""
2026-09-12 16:17:28.278 memory snapshot label="native-stain-cache-result" address=670D2E80 words=72851090,67755940,72851098,6627c040,00000001,6745ba80,728942f8,01010101,00000000,00000000,00000015,00000001,ffffffff,72894190,67755301,670d2460
2026-09-12 16:17:28.318 liquid native stain descriptor rearmed emission=1 descriptor=5844bca0 state=0 rate=4.00000 trigger=0.10100
2026-09-12 16:17:28.320 liquid native stain contact consumed source=confirmed particle=188 emission=1 retry=0 result=9 count=1 native_hit=1 body_confirmed=0 retried=0 outcome=native-hit-attachment-unconfirmed
2026-09-12 16:17:28.320 NATIVE STAIN PICK sequence=29 caller=TK17-158.001.exe+0x1f24ac(005F24AC) self=02820560 list="Dress01|Person01|Dress02|Person02|Dress03|Person03|Dress04|Person04" origin=(-0.07885,0.11058,-2.34480) direction=(0.17429,-0.72109,-0.67056) include_hidden=1 flags=0x0005d01b result=9 count=1 data=53468d40 custom_contact=1 predicted=0 custom_particle=188 custom_hit=0
2026-09-12 16:17:28.320 memory snapshot label="native-stain-pick-result" address=53468D40 words=3d49694d,31ea2680,31ea2680,799aa3c0,31e079c0,bd8fed48,3d99d8a6,c0182d84,3d25a639,3f5f93fb,3ef88770,0000038a,00000328,00000326,3f3b6e20,3d9ff159,3e26731e,3f4780fc,bb677098,3e08b536,bfa46b4e,57ea1400,0000000b,3e6c5437
2026-09-12 16:17:28.321 NATIVE STAIN CACHE sequence=26 caller=TK17-158.001.exe+0x1f2813(005F2813) self=5844bca0 surface=31ea2680 surface_name="NcBlouse4_group_mesh" template=670d21a0 template_name="" result=670d21a0 result_name=""
2026-09-12 16:17:28.321 memory snapshot label="native-stain-cache-result" address=670D21A0 words=72851090,00000002,72851098,58a175c0,00000001,6745b740,728942f8,01010101,00000000,00000000,00000015,00000001,ffffffff,72894190,673acf01,00000000
2026-09-12 16:17:28.328 liquid world emitter sample person=2 emission=1 position=(1.86838,1.29618,2.17574) direction=(0.00000,0.88836,-0.45915) source=rebuilt-joint-local-hierarchy
2026-09-12 16:17:28.370 liquid native stain descriptor rearmed emission=1 descriptor=5844bca0 state=0 rate=4.00000 trigger=0.10100
2026-09-12 16:17:28.372 liquid native stain contact consumed source=confirmed particle=192 emission=1 retry=0 result=9 count=1 native_hit=1 body_confirmed=0 retried=0 outcome=native-hit-attachment-unconfirmed
2026-09-12 16:17:28.372 NATIVE STAIN PICK sequence=30 caller=TK17-158.001.exe+0x1f24ac(005F24AC) self=02820560 list="Dress01|Person01|Dress02|Person02|Dress03|Person03|Dress04|Person04" origin=(-0.06193,0.11469,-2.34745) direction=(0.18064,-0.72185,-0.66806) include_hidden=1 flags=0x0005d01e result=9 count=1 data=53468d40 custom_contact=1 predicted=0 custom_particle=192 custom_hit=0
2026-09-12 16:17:28.373 memory snapshot label="native-stain-pick-result" address=53468D40 words=3d32898e,31ea2680,31ea2680,799aa3c0,31e079c0,bd5d6f26,3daa733e,c01819c8,3c817eee,3f53d25a,3f0fb48b,00000329,0000032a,0000032b,3e75b3ca,3e83325c,3e2a26d5,3f49e6af,3b0eb85f,3e0aeb44,bfa609d3,57ea1400,0000000b,3e6c5437
2026-09-12 16:17:28.373 NATIVE STAIN CACHE sequence=27 caller=TK17-158.001.exe+0x1f2813(005F2813) self=5844bca0 surface=31ea2680 surface_name="NcBlouse4_group_mesh" template=670d2860 template_name="" result=670d2860 result_name=""
2026-09-12 16:17:28.374 memory snapshot label="native-stain-cache-result" address=670D2860 words=72851090,0000001f,72851098,6627ee60,00000001,6745d180,728942f8,01010101,00000000,00000000,00000015,00000001,ffffffff,72894190,59746901,670d2e80
2026-09-12 16:17:28.374 NATIVE STAIN ANIMATION DIAG generation=27 emission=1 particle=192 sample_ms=0 update=32b904e0 descriptor=5844bca0 descriptor_checksum=a3da1a9a group_index=0 group=57e00840 group_checksum=112e97da counts=(nodes:27,controls:27,weights:27,vectors:27) nodes=[21:3495F2A0:fd2cb456:"",22:8736C820:fcede0dd:"",23:8736C5E0:53486fac:"",24:678160C0:5aa426f4:"",25:67816AE0:976ff99f:"",26:67817380:9b72b427:""] controls=[21:79C3E140:70bc6abb:"",22:79C3E2E0:cea6df38:"",23:79C3DBA0:30a3366b:"",24:589D9B00:666aa521:"",25:589D96A0:58e2fdf8:"",26:589D9C80:4821d772:""] weights=[17:1,18:1,19:1,20:1,21:1,22:1,23:1,24:1,25:1,26:1] vectors=[21:(1,1,1),22:(1,1,1),23:(1,1,1),24:(1,1,1),25:(1,1,1),26:(1,1,1)]
2026-09-12 16:17:28.383 liquid contact classification particle=195 body_result=0 person=0 primitive=0 nodes=(-1,-1) segment_t=0.000 signed_distance=0.01256 world_gap=0.01787
2026-09-12 16:17:28.384 liquid depth collision hit particle=195 age=0.442 world=(1.8717,1.0956,1.9141) particle_depth=0.979211 scene_depth=0.979027 sweep_steps=1 world_gap=0.01787
2026-09-12 16:17:28.397 liquid contact classification particle=197 body_result=0 person=0 primitive=0 nodes=(-1,-1) segment_t=0.000 signed_distance=0.02574 world_gap=0.01805
2026-09-12 16:17:28.397 liquid depth collision hit particle=197 age=0.446 world=(1.8869,1.1079,1.8960) particle_depth=0.979192 scene_depth=0.978885 sweep_steps=1 world_gap=0.01805
2026-09-12 16:17:28.434 liquid native stain descriptor rearmed emission=1 descriptor=5844bca0 state=0 rate=4.00000 trigger=0.10100
2026-09-12 16:17:28.437 liquid native stain contact consumed source=confirmed particle=196 emission=1 retry=0 result=9 count=1 native_hit=1 body_confirmed=0 retried=0 outcome=native-hit-attachment-unconfirmed
2026-09-12 16:17:28.437 NATIVE STAIN PICK sequence=31 caller=TK17-158.001.exe+0x1f24ac(005F24AC) self=02820560 list="Dress01|Person01|Dress02|Person02|Dress03|Person03|Dress04|Person04" origin=(-0.04593,0.12410,-2.36233) direction=(0.18929,-0.71289,-0.67525) include_hidden=1 flags=0x0005d020 result=9 count=1 data=53468d40 custom_contact=1 predicted=0 custom_particle=196 custom_hit=0
2026-09-12 16:17:28.437 memory snapshot label="native-stain-pick-result" address=53468D40 words=3cf4d52e,31ea2680,31ea2680,799aa3c0,31e079c0,bd24f2b3,3dd2854e,c0187b0c,ba23b78d,3f50c9ba,3f142230,000002c3,000002c2,000002c4,3f2c065b,3e8f020d,3e283ddb,3f4ce1d7,ba97e618,3e0ef7a5,bfa81041,57ea1400,0000000b,3e6c5437
2026-09-12 16:17:28.438 NATIVE STAIN CACHE sequence=28 caller=TK17-158.001.exe+0x1f2813(005F2813) self=5844bca0 surface=31ea2680 surface_name="NcBlouse4_group_mesh" template=670d34c0 template_name="" result=670d34c0 result_name=""
2026-09-12 16:17:28.438 memory snapshot label="native-stain-cache-result" address=670D34C0 words=72851090,0000000d,72851098,6627f9a0,00000001,6745c4e0,728942f8,01010101,00000000,00000000,00000015,00000001,ffffffff,72894190,589ded01,589df3c0
2026-09-12 16:17:28.447 liquid contact classification particle=199 body_result=0 person=0 primitive=0 nodes=(-1,-1) segment_t=0.000 signed_distance=0.02699 world_gap=0.02259
2026-09-12 16:17:28.447 liquid depth collision hit particle=199 age=0.466 world=(1.9037,1.1038,1.8678) particle_depth=0.979317 scene_depth=0.978878 sweep_steps=1 world_gap=0.02259
2026-09-12 16:17:28.447 liquid contact classification particle=201 body_result=0 person=0 primitive=0 nodes=(-1,-1) segment_t=0.000 signed_distance=0.02599 world_gap=0.01960
2026-09-12 16:17:28.448 liquid depth collision hit particle=201 age=0.455 world=(1.8844,1.1084,1.8955) particle_depth=0.979225 scene_depth=0.978905 sweep_steps=1 world_gap=0.01960
2026-09-12 16:17:28.454 liquid native stain descriptor rearmed emission=1 descriptor=5844bca0 state=0 rate=4.00000 trigger=0.10100
2026-09-12 16:17:28.457 liquid native stain contact consumed source=confirmed particle=198 emission=1 retry=0 result=9 count=1 native_hit=1 body_confirmed=0 retried=0 outcome=native-hit-attachment-unconfirmed
2026-09-12 16:17:28.457 NATIVE STAIN PICK sequence=32 caller=TK17-158.001.exe+0x1f24ac(005F24AC) self=02820560 list="Dress01|Person01|Dress02|Person02|Dress03|Person03|Dress04|Person04" origin=(-0.04660,0.12094,-2.37655) direction=(0.17495,-0.71739,-0.67434) include_hidden=1 flags=0x0005d021 result=9 count=1 data=53469b00 custom_contact=1 predicted=0 custom_particle=198 custom_hit=0
2026-09-12 16:17:28.457 memory snapshot label="native-stain-pick-result" address=53469B00 words=3c95ff3f,31ea2680,31ea2680,799aa3c0,31e079c0,bd31bb87,3ddcc893,c018e3a7,bbfc918d,3f58bf4a,3f08355f,000002c1,000002c2,000002c3,3f41fdf8,3e20c095,3e25a6ab,3f4d48b0,bbb45644,3e0f982d,bfa8551b,57ea1400,0000000b,3df97785
2026-09-12 16:17:28.457 NATIVE STAIN CACHE sequence=29 caller=TK17-158.001.exe+0x1f2813(005F2813) self=5844bca0 surface=31ea2680 surface_name="NcBlouse4_group_mesh" template=670d2620 template_name="" result=670d2620 result_name=""
2026-09-12 16:17:28.458 memory snapshot label="native-stain-cache-result" address=670D2620 words=72851090,00000002,72851098,6627c1c0,00000001,6745b920,728942f8,01010101,00000000,00000000,00000015,00000001,ffffffff,72894190,673cf601,00000000
2026-09-12 16:17:28.468 liquid contact classification particle=204 body_result=0 person=0 primitive=0 nodes=(-1,-1) segment_t=0.000 signed_distance=0.02908 world_gap=0.01724
2026-09-12 16:17:28.468 liquid depth collision hit particle=204 age=0.456 world=(1.8856,1.1101,1.8902) particle_depth=0.979263 scene_depth=0.978829 sweep_steps=1 world_gap=0.01724
2026-09-12 16:17:28.483 NATIVE STAIN ANIMATION DIAG generation=29 emission=1 particle=198 sample_ms=15 update=32b904e0 descriptor=5844bca0 descriptor_checksum=fa24c5bd group_index=0 group=57e00840 group_checksum=aeaa468e counts=(nodes:29,controls:29,weights:29,vectors:29) nodes=[23:8736C5E0:bb3a3ee0:"",24:678160C0:0788f8b8:"",25:67816AE0:1cf7edb3:"",26:67817380:f4584094:"",27:678177C0:e5e5a458:"",28:67817AA0:db207378:""] controls=[23:79C3DBA0:30a3366b:"",24:589D9B00:31251206:"",25:589D96A0:58e2fdf8:"",26:589D9C80:4821d772:"",27:589D9560:975c357f:"",28:589D9920:6d2ebb91:""] weights=[19:1,20:1,21:1,22:1,23:1,24:1,25:1,26:1,27:1,28:1] vectors=[23:(1,1,1),24:(1,1,1),25:(1,1,1),26:(1,1,1),27:(1,1,1),28:(1,1,1)]
2026-09-12 16:17:28.484 liquid native update performance version=0.8.12-decal-freeze-performance samples=73 native_and_pick_ms=0.301 freeze_cleanup_ms=0.006 diagnostics_and_retraction_ms=0.265 peak_total_ms=7.279 tracked=29 freeze_hook=1
2026-09-12 16:17:28.496 liquid camera occlusion rejected particle=206 world_gap=0.02952 contact_limit=0.02051 sweep_steps=1
2026-09-12 16:17:28.497 liquid contact classification particle=207 body_result=0 person=0 primitive=0 nodes=(-1,-1) segment_t=0.000 signed_distance=0.02812 world_gap=0.01721
2026-09-12 16:17:28.497 liquid depth collision hit particle=207 age=0.456 world=(1.8683,1.1086,1.8899) particle_depth=0.979295 scene_depth=0.979041 sweep_steps=1 world_gap=0.01721
2026-09-12 16:17:28.503 liquid native stain descriptor rearmed emission=1 descriptor=5844bca0 state=0 rate=4.00000 trigger=0.10100
2026-09-12 16:17:28.506 liquid native stain contact consumed source=confirmed particle=205 emission=1 retry=0 result=9 count=1 native_hit=1 body_confirmed=0 retried=0 outcome=native-hit-attachment-unconfirmed
2026-09-12 16:17:28.506 NATIVE STAIN PICK sequence=33 caller=TK17-158.001.exe+0x1f24ac(005F24AC) self=02820560 list="Dress01|Person01|Dress02|Person02|Dress03|Person03|Dress04|Person04" origin=(-0.02516,0.12817,-2.37737) direction=(0.19471,-0.70989,-0.67686) include_hidden=1 flags=0x0005d023 result=9 count=1 data=53469b00 custom_contact=1 predicted=0 custom_particle=205 custom_hit=0
2026-09-12 16:17:28.506 memory snapshot label="native-stain-pick-result" address=53469B00 words=3c90a112,31ea2680,31ea2680,799aa3c0,31e079c0,bcb1f18e,3decd403,c018eaa1,3e754581,3f615599,3ed1c457,000002c5,0000025e,000002c3,3ee09042,3e630527,3e2890e0,3f5021c2,ba619258,3e1134eb,bfaa5e09,57ea1400,0000000b,3df97785
2026-09-12 16:17:28.507 NATIVE STAIN CACHE sequence=30 caller=TK17-158.001.exe+0x1f2813(005F2813) self=5844bca0 surface=31ea2680 surface_name="NcBlouse4_group_mesh" template=670d3f60 template_name="sperm15_phongSG" result=670d3f60 result_name="sperm15_phongSG"
2026-09-12 16:17:28.507 memory snapshot label="native-stain-cache-result" address=670D3F60 words=72851090,00000068,72851098,66280060,00000001,6745c460,728942f8,01010101,00000000,00000000,00000015,00000001,ffffffff,72894190,675cb101,00000000
2026-09-12 16:17:28.508 testicular retraction live write person=2 control=4aa2ebe0 input=0.250 baseline=0.000 contribution=0.250 output=0.250
2026-09-12 16:17:28.518 liquid contact classification particle=215 body_result=0 person=0 primitive=0 nodes=(-1,-1) segment_t=0.000 signed_distance=0.02684 world_gap=0.01893
2026-09-12 16:17:28.519 liquid depth collision hit particle=215 age=0.467 world=(1.8892,1.1002,1.8604) particle_depth=0.979386 scene_depth=0.978949 sweep_steps=1 world_gap=0.01893
2026-09-12 16:17:28.519 liquid contact classification particle=216 body_result=0 person=0 primitive=0 nodes=(-1,-1) segment_t=0.000 signed_distance=0.03082 world_gap=0.02499
2026-09-12 16:17:28.519 liquid depth collision hit particle=216 age=0.463 world=(1.8733,1.1081,1.8659) particle_depth=0.979397 scene_depth=0.979176 sweep_steps=1 world_gap=0.02499
2026-09-12 16:17:28.519 liquid contact classification particle=217 body_result=0 person=0 primitive=0 nodes=(-1,-1) segment_t=0.000 signed_distance=0.03370 world_gap=0.01658
2026-09-12 16:17:28.520 liquid depth collision hit particle=217 age=0.459 world=(1.8907,1.1106,1.8761) particle_depth=0.979170 scene_depth=0.979019 sweep_steps=1 world_gap=0.01658
2026-09-12 16:17:28.520 liquid camera occlusion rejected particle=272 world_gap=0.01748 contact_limit=0.01255 sweep_steps=2
2026-09-12 16:17:28.535 liquid camera occlusion rejected particle=218 world_gap=0.02463 contact_limit=0.02183 sweep_steps=1
2026-09-12 16:17:28.536 liquid camera occlusion rejected particle=272 world_gap=0.01794 contact_limit=0.01200 sweep_steps=3
2026-09-12 16:17:28.550 liquid contact classification particle=228 body_result=0 person=0 primitive=0 nodes=(-1,-1) segment_t=0.000 signed_distance=0.03019 world_gap=0.01840
2026-09-12 16:17:28.550 liquid depth collision hit particle=228 age=0.460 world=(1.8702,1.1104,1.8877) particle_depth=0.979289 scene_depth=0.979043 sweep_steps=1 world_gap=0.01840
2026-09-12 16:17:28.555 liquid native stain descriptor rearmed emission=1 descriptor=5844bca0 state=0 rate=4.00000 trigger=0.10100
2026-09-12 16:17:28.558 liquid native stain contact consumed source=confirmed particle=218 emission=1 retry=0 result=9 count=1 native_hit=1 body_confirmed=0 retried=0 outcome=native-hit-attachment-unconfirmed
2026-09-12 16:17:28.558 NATIVE STAIN PICK sequence=34 caller=TK17-158.001.exe+0x1f24ac(005F24AC) self=02820560 list="Dress01|Person01|Dress02|Person02|Dress03|Person03|Dress04|Person04" origin=(-0.00848,0.12482,-2.41002) direction=(0.18081,-0.71400,-0.67640) include_hidden=1 flags=0x0005d026 result=9 count=1 data=53469b00 custom_contact=1 predicted=0 custom_particle=218 custom_hit=0
2026-09-12 16:17:28.558 memory snapshot label="native-stain-pick-result" address=53469B00 words=3d105023,31ea2680,31ea2680,799aa3c0,31e079c0,bb0a6e2c,3dcc1c04,c01bc42c,3f1e8307,3f45d69f,be0e8c1e,000001f1,000001f4,000001f2,3eb23087,3f117330,3e24b956,3f579c33,bbfd164b,3dfcb0e4,bfaf2246,57ea1400,0000000b,3df97785
2026-09-12 16:17:28.559 NATIVE STAIN CACHE sequence=31 caller=TK17-158.001.exe+0x1f2813(005F2813) self=5844bca0 surface=31ea2680 surface_name="NcBlouse4_group_mesh" template=670d34c0 template_name="" result=670d34c0 result_name=""
2026-09-12 16:17:28.560 memory snapshot label="native-stain-cache-result" address=670D34C0 words=72851090,0000000d,72851098,6627f9a0,00000001,6745c4e0,728942f8,01010101,00000000,00000000,00000015,00000001,ffffffff,72894190,589ded01,589df3c0
2026-09-12 16:17:28.567 liquid world emitter sample person=2 emission=1 position=(1.86838,1.29419,2.17039) direction=(0.00000,0.87947,-0.47595) source=rebuilt-joint-local-hierarchy
2026-09-12 16:17:28.579 liquid camera occlusion rejected particle=233 world_gap=0.02123 contact_limit=0.02076 sweep_steps=1
2026-09-12 16:17:28.580 liquid camera occlusion rejected particle=234 world_gap=0.02908 contact_limit=0.02070 sweep_steps=1
2026-09-12 16:17:28.580 liquid contact classification particle=235 body_result=0 person=0 primitive=0 nodes=(-1,-1) segment_t=0.000 signed_distance=0.03286 world_gap=0.01854
2026-09-12 16:17:28.580 liquid depth collision hit particle=235 age=0.462 world=(1.8777,1.1099,1.8687) particle_depth=0.979338 scene_depth=0.979044 sweep_steps=1 world_gap=0.01854
2026-09-12 16:17:28.593 NATIVE STAIN ANIMATION DIAG generation=31 emission=1 particle=218 sample_ms=32 update=32b904e0 descriptor=5844bca0 descriptor_checksum=b314c804 group_index=0 group=57e00840 group_checksum=aeaa468e counts=(nodes:31,controls:31,weights:31,vectors:31) nodes=[25:67816AE0:b5464d89:"",26:67817380:26d2768e:"",27:678177C0:4c049482:"",28:67817AA0:eb15e3a2:"",29:67817D80:c020f3fa:"",30:67817660:3f0be9f8:""] controls=[25:589D96A0:58e2fdf8:"",26:589D9C80:4821d772:"",27:589D9560:975c357f:"",28:589D9920:6d2ebb91:"",29:589D2940:1446f785:"",30:589D27A0:b4e4e085:""] weights=[21:1,22:1,23:1,24:1,25:1,26:1,27:1,28:1,29:1,30:1] vectors=[25:(1,1,1),26:(1,1,1),27:(1,1,1),28:(1,1,1),29:(1,1,1),30:(1,1,1)]
2026-09-12 16:17:28.602 liquid contact classification particle=238 body_result=0 person=0 primitive=0 nodes=(-1,-1) segment_t=0.000 signed_distance=0.03269 world_gap=0.02044
2026-09-12 16:17:28.602 liquid depth collision hit particle=238 age=0.465 world=(1.8707,1.1099,1.8682) particle_depth=0.979448 scene_depth=0.978989 sweep_steps=1 world_gap=0.02044
2026-09-12 16:17:28.603 liquid camera occlusion rejected particle=239 world_gap=0.02164 contact_limit=0.02141 sweep_steps=1
2026-09-12 16:17:28.609 liquid native stain descriptor rearmed emission=1 descriptor=5844bca0 state=0 rate=4.00000 trigger=0.10100
2026-09-12 16:17:28.611 liquid native stain contact consumed source=confirmed particle=231 emission=1 retry=0 result=9 count=1 native_hit=1 body_confirmed=0 retried=0 outcome=native-hit-attachment-unconfirmed
2026-09-12 16:17:28.611 NATIVE STAIN PICK sequence=35 caller=TK17-158.001.exe+0x1f24ac(005F24AC) self=02820560 list="Dress01|Person01|Dress02|Person02|Dress03|Person03|Dress04|Person04" origin=(0.00292,0.12954,-2.40090) direction=(0.19285,-0.71200,-0.67518) include_hidden=1 flags=0x0005d029 result=9 count=1 data=53469b00 custom_contact=1 predicted=0 custom_particle=231 custom_hit=0
2026-09-12 16:17:28.611 memory snapshot label="native-stain-pick-result" address=53469B00 words=3de248d2,31ea2680,31ea2680,799aa3c0,31e079c0,3cc678f4,3d505c4e,c01e6ea8,3f1dc4bd,3f499aea,bb2f37cd,00000195,00000197,00000198,3f52c00d,3cf9a82a,3e2911c2,3f5fa67c,bab09908,3dbdcf47,bfb46ea1,57ea1400,0000000b,3df97785
2026-09-12 16:17:28.612 NATIVE STAIN CACHE sequence=32 caller=TK17-158.001.exe+0x1f2813(005F2813) self=5844bca0 surface=31ea2680 surface_name="NcBlouse4_group_mesh" template=670d4620 template_name="" result=670d4620 result_name=""
2026-09-12 16:17:28.612 memory snapshot label="native-stain-cache-result" address=670D4620 words=72851090,0000002c,72851098,66280d80,00000001,6745c540,728942f8,01010101,00000000,00000000,00000015,00000001,ffffffff,72894190,673aca01,00000000
2026-09-12 16:17:28.621 liquid contact classification particle=246 body_result=0 person=0 primitive=0 nodes=(-1,-1) segment_t=0.000 signed_distance=0.02855 world_gap=0.03013
2026-09-12 16:17:28.648 liquid contact classification particle=253 body_result=0 person=0 primitive=0 nodes=(-1,-1) segment_t=0.000 signed_distance=0.03322 world_gap=0.01888
2026-09-12 16:17:28.648 liquid contact classification particle=254 body_result=0 person=0 primitive=0 nodes=(-1,-1) segment_t=0.000 signed_distance=0.03323 world_gap=0.01727
2026-09-12 16:17:28.653 liquid native stain descriptor rearmed emission=1 descriptor=5844bca0 state=0 rate=4.00000 trigger=0.10100
2026-09-12 16:17:28.656 liquid native stain contact consumed source=confirmed particle=247 emission=1 retry=0 result=9 count=1 native_hit=1 body_confirmed=0 retried=0 outcome=native-hit-attachment-unconfirmed
2026-09-12 16:17:28.656 NATIVE STAIN PICK sequence=36 caller=TK17-158.001.exe+0x1f24ac(005F24AC) self=02820560 list="Dress01|Person01|Dress02|Person02|Dress03|Person03|Dress04|Person04" origin=(-0.01145,0.13175,-2.39405) direction=(0.18857,-0.71166,-0.67674) include_hidden=1 flags=0x0005d02c result=9 count=1 data=53469b00 custom_contact=1 predicted=0 custom_particle=247 custom_hit=0
2026-09-12 16:17:28.656 memory snapshot label="native-stain-pick-result" address=53469B00 words=3cd08b30,31ea2680,31ea2680,799aa3c0,31e079c0,bbd9da6e,3de8b8f8,c01a5264,3f14d760,3f503ee1,3c801e6a,00000261,000001f4,0000025f,3e23900a,3f4a7f39,3e2658e6,3f542e1e,bb9df97c,3e0a4cc6,bfad1fb1,57ea1400,0000000b,3df97785
2026-09-12 16:17:28.657 NATIVE STAIN CACHE sequence=33 caller=TK17-158.001.exe+0x1f2813(005F2813) self=5844bca0 surface=31ea2680 surface_name="NcBlouse4_group_mesh" template=670d2d60 template_name="" result=670d2d60 result_name=""
2026-09-12 16:17:28.657 memory snapshot label="native-stain-cache-result" address=670D2D60 words=72851090,0000001a,72851098,6627b980,00000001,6745bbe0,728942f8,01010101,00000000,00000000,00000015,00000001,ffffffff,72894190,67755c01,67755a20
2026-09-12 16:17:28.666 liquid contact classification particle=257 body_result=0 person=0 primitive=0 nodes=(-1,-1) segment_t=0.000 signed_distance=0.02842 world_gap=0.01760
2026-09-12 16:17:28.683 liquid native stain descriptor rearmed emission=1 descriptor=5844bca0 state=0 rate=4.00000 trigger=0.10100
2026-09-12 16:17:28.684 liquid native stain contact consumed source=confirmed particle=262 emission=1 retry=0 result=9 count=1 native_hit=1 body_confirmed=0 retried=0 outcome=native-hit-attachment-unconfirmed
2026-09-12 16:17:28.686 NATIVE STAIN PICK sequence=37 caller=TK17-158.001.exe+0x1f24ac(005F24AC) self=02820560 list="Dress01|Person01|Dress02|Person02|Dress03|Person03|Dress04|Person04" origin=(-0.04325,0.12814,-2.37143) direction=(0.19586,-0.70353,-0.68315) include_hidden=1 flags=0x0005d02e result=9 count=1 data=53469b00 custom_contact=1 predicted=0 custom_particle=262 custom_hit=0
2026-09-12 16:17:28.686 memory snapshot label="native-stain-pick-result" address=53469B00 words=3cd14ba1,31ea2680,31ea2680,799aa3c0,31e079c0,bd1ca705,3de19d7d,c018e381,3d29dd09,3f5c250c,3f023aa1,000002c3,000002c2,000002c4,3f018113,3cf2ea57,3e266f27,3f4dd1c5,bb8b0eff,3e10227e,bfa8b6ac,57ea1400,0000000b,3df97785
2026-09-12 16:17:28.687 NATIVE STAIN CACHE sequence=34 caller=TK17-158.001.exe+0x1f2813(005F2813) self=5844bca0 surface=31ea2680 surface_name="NcBlouse4_group_mesh" template=670d2620 template_name="" result=670d2620 result_name=""
2026-09-12 16:17:28.687 memory snapshot label="native-stain-cache-result" address=670D2620 words=72851090,00000002,72851098,6627c1c0,00000001,6745b920,728942f8,01010101,00000000,00000000,00000015,00000001,ffffffff,72894190,673cf601,00000000
2026-09-12 16:17:28.707 NATIVE STAIN ANIMATION DIAG generation=34 emission=1 particle=262 sample_ms=32 update=32b904e0 descriptor=5844bca0 descriptor_checksum=7f55dc3c group_index=0 group=57e00840 group_checksum=aeaa468e counts=(nodes:34,controls:34,weights:34,vectors:34) nodes=[28:67817AA0:a91c3ec5:"",29:67817D80:74bda81d:"",30:67817660:37076e3f:"",31:67816E60:c27d4125:"",32:67817420:d510ef38:"",33:67817CC0:3a63f45e:""] controls=[28:589D9920:6d2ebb91:"",29:589D2940:e5d028aa:"",30:589D27A0:b4e4e085:"",31:589D2980:67b6fce1:"",32:582293A0:bced67ad:"",33:58229580:9328daba:""] weights=[24:1,25:1,26:1,27:1,28:1,29:1,30:1,31:1,32:1,33:1] vectors=[28:(1,1,1),29:(1,1,1),30:(1,1,1),31:(1,1,1),32:(1,1,1),33:(1,1,1)]
2026-09-12 16:17:28.716 liquid camera occlusion rejected particle=277 world_gap=0.05238 contact_limit=0.01200 sweep_steps=1
2026-09-12 16:17:28.721 liquid native stain descriptor rearmed emission=1 descriptor=5844bca0 state=0 rate=4.00000 trigger=0.10100
2026-09-12 16:17:28.722 liquid native stain contact consumed source=confirmed particle=268 emission=1 retry=0 result=9 count=1 native_hit=1 body_confirmed=0 retried=0 outcome=native-hit-attachment-unconfirmed
2026-09-12 16:17:28.723 NATIVE STAIN PICK sequence=38 caller=TK17-158.001.exe+0x1f24ac(005F24AC) self=02820560 list="Dress01|Person01|Dress02|Person02|Dress03|Person03|Dress04|Person04" origin=(-0.04005,0.11909,-2.35674) direction=(0.20797,-0.70721,-0.67572) include_hidden=1 flags=0x0005d030 result=9 count=1 data=53469b00 custom_contact=1 predicted=0 custom_particle=268 custom_hit=0
2026-09-12 16:17:28.723 memory snapshot label="native-stain-pick-result" address=53469B00 words=3ce979ba,31ea2680,31ea2680,799aa3c0,31e079c0,bd0bc8c6,3dca9f3d,c0181051,3d33fb35,3f4b22bc,3f1b6345,0000032b,000002c4,000002c2,3f2ee787,3e9194ce,3e2b58f1,3f4cc23a,3b830d46,3e0eacc7,bfa7fd75,57ea1400,0000000b,3df97785
2026-09-12 16:17:28.724 NATIVE STAIN CACHE sequence=35 caller=TK17-158.001.exe+0x1f2813(005F2813) self=5844bca0 surface=31ea2680 surface_name="NcBlouse4_group_mesh" template=670d3e40 template_name="" result=670d3e40 result_name=""
2026-09-12 16:17:28.724 memory snapshot label="native-stain-cache-result" address=670D3E40 words=72851090,00000010,72851098,6627ec20,00000001,6745c3e0,728942f8,01010101,00000000,00000000,00000015,00000001,ffffffff,72894190,673cf501,00000000
2026-09-12 16:17:28.753 testicular retraction live write person=2 control=4aa2ebe0 input=0.250 baseline=0.000 contribution=0.250 output=0.250
2026-09-12 16:17:28.820 NATIVE STAIN ANIMATION DIAG generation=35 emission=1 particle=268 sample_ms=94 update=32b904e0 descriptor=5844bca0 descriptor_checksum=baefca01 group_index=0 group=57e00840 group_checksum=aeaa468e counts=(nodes:35,controls:35,weights:35,vectors:35) nodes=[29:67817D80:90a88435:"",30:67817660:e8b9c157:"",31:67816E60:d690c22d:"",32:67817420:94babb30:"",33:67817CC0:4eb16356:"",34:67817E40:972e29e7:""] controls=[29:589D2940:e5d028aa:"",30:589D27A0:b4e4e085:"",31:589D2980:67b6fce1:"",32:582293A0:bced67ad:"",33:58229580:9328daba:"",34:582298A0:6e937fb5:""] weights=[25:1,26:1,27:1,28:1,29:1,30:1,31:1,32:1,33:1,34:1] vectors=[29:(1,1,1),30:(1,1,1),31:(1,1,1),32:(1,1,1),33:(1,1,1),34:(1,1,1)]
2026-09-12 16:17:28.828 liquid world emitter sample person=2 emission=1 position=(1.86838,1.29035,2.16083) direction=(0.00000,0.86262,-0.50586) source=rebuilt-joint-local-hierarchy
2026-09-12 16:17:28.933 NATIVE STAIN ANIMATION DIAG generation=35 emission=1 particle=268 sample_ms=203 update=32b904e0 descriptor=5844bca0 descriptor_checksum=baefca01 group_index=0 group=57e00840 group_checksum=aeaa468e counts=(nodes:35,controls:35,weights:35,vectors:35) nodes=[29:67817D80:6fde79cd:"",30:67817660:2bb702ef:"",31:67816E60:d1d4a315:"",32:67817420:8d2db028:"",33:67817CC0:a2f344ce:"",34:67817E40:97db663f:""] controls=[29:589D2940:e5d028aa:"",30:589D27A0:b4e4e085:"",31:589D2980:67b6fce1:"",32:582293A0:bced67ad:"",33:58229580:9328daba:"",34:582298A0:6e937fb5:""] weights=[25:1,26:1,27:1,28:1,29:1,30:1,31:1,32:1,33:1,34:1] vectors=[29:(1,1,1),30:(1,1,1),31:(1,1,1),32:(1,1,1),33:(1,1,1),34:(1,1,1)]
2026-09-12 16:17:29.004 testicular retraction live write person=2 control=4aa2ebe0 input=0.104 baseline=0.000 contribution=0.090 output=0.090
2026-09-12 16:17:29.037 NATIVE STAIN ANIMATION DIAG generation=35 emission=1 particle=268 sample_ms=313 update=32b904e0 descriptor=5844bca0 descriptor_checksum=baefca01 group_index=0 group=57e00840 group_checksum=aeaa468e counts=(nodes:35,controls:35,weights:35,vectors:35) nodes=[29:67817D80:288a8525:"",30:67817660:e4630e47:"",31:67816E60:0eb0641d:"",32:67817420:f7f44da0:"",33:67817CC0:701aa0c6:"",34:67817E40:764d9db7:""] controls=[29:589D2940:e5d028aa:"",30:589D27A0:b4e4e085:"",31:589D2980:67b6fce1:"",32:582293A0:bced67ad:"",33:58229580:9328daba:"",34:582298A0:6e937fb5:""] weights=[25:1,26:1,27:1,28:1,29:1,30:1,31:1,32:1,33:1,34:1] vectors=[29:(1,1,1),30:(1,1,1),31:(1,1,1),32:(1,1,1),33:(1,1,1),34:(1,1,1)]
2026-09-12 16:17:29.037 NATIVE STAIN FIELD DIAG generation=35 outcome=baseline node=67817e40 control=6776ae80
2026-09-12 16:17:29.037 memory snapshot label="native-stain-animation-node-baseline" address=67817E40 words=7285a8d4,72894170,7285a908,72894190,5346afa0,799aa3c0,01fff0ad,00000000,00000000,00000000,5a0e1bca,00000000,670d3e40,72894230,00000000,0005d047,3f800000,3f800000,3f800000,3f800000,00000000,00000000,00000000,00000000
2026-09-12 16:17:29.038 memory snapshot label="native-stain-animation-control-baseline" address=6776AE80 words=72859ad4,3570f020,72859adc,72894190,3f800000,00000000,72894170,32cf3c00,72657900,00000000,00000000,00000000,00000000,00000000,00000000,00000000,bc778f73,8d040500,00000000,00000000,00000000,00000000,00000000,6776aec8
2026-09-12 16:17:29.038 liquid deep link event="native-stain-animation-node" object=67817e40 offset=0x014 pointer=799aa3c0 target_name="NcBlouse4_group"
2026-09-12 16:17:29.038 liquid deep links event="native-stain-animation-control" object=6776ae80 named_or_string_links=0 scan_bytes=96
2026-09-12 16:17:29.071 liquid world emitter sample person=2 emission=1 position=(1.86838,1.27565,2.13077) direction=(0.00000,0.80098,-0.59869) source=rebuilt-joint-local-hierarchy
2026-09-12 16:17:29.149 NATIVE STAIN ANIMATION DIAG generation=35 emission=1 particle=268 sample_ms=422 update=32b904e0 descriptor=5844bca0 descriptor_checksum=baefca01 group_index=0 group=57e00840 group_checksum=aeaa468e counts=(nodes:35,controls:35,weights:35,vectors:35) nodes=[29:67817D80:84902472:"",30:67817660:1f9531d0:"",31:67816E60:989cbaaa:"",32:67817420:5d102077:"",33:67817CC0:a4f43171:"",34:67817E40:aad58ae0:""] controls=[29:589D2940:e5d028aa:"",30:589D27A0:b4e4e085:"",31:589D2980:67b6fce1:"",32:582293A0:bced67ad:"",33:58229580:9328daba:"",34:582298A0:6e937fb5:""] weights=[25:1,26:1,27:1,28:1,29:1,30:1,31:1,32:1,33:1,34:1] vectors=[29:(1,1,1),30:(1,1,1),31:(1,1,1),32:(1,1,1),33:(1,1,1),34:(1,1,1)]
2026-09-12 16:17:29.150 NATIVE STAIN FIELD DIAG generation=35 node=67817E40 control=6776AE80 changes=N+0x3c:0005d047>0005d050(5.338933e-040>5.339059e-040) totals=(node:1,control:0)
2026-09-12 16:17:29.258 NATIVE STAIN ANIMATION DIAG generation=35 emission=1 particle=268 sample_ms=532 update=32b904e0 descriptor=5844bca0 descriptor_checksum=baefca01 group_index=0 group=57e00840 group_checksum=aeaa468e counts=(nodes:35,controls:35,weights:35,vectors:35) nodes=[29:67817D80:271401ab:"",30:67817660:9ca585a9:"",31:67816E60:9b613273:"",32:67817420:a24c82ae:"",33:67817CC0:27934388:"",34:67817E40:88509879:""] controls=[29:589D2940:e5d028aa:"",30:589D27A0:b4e4e085:"",31:589D2980:67b6fce1:"",32:582293A0:bced67ad:"",33:58229580:9328daba:"",34:582298A0:6e937fb5:""] weights=[25:1,26:1,27:1,28:1,29:1,30:1,31:1,32:1,33:1,34:1] vectors=[29:(1,1,1),30:(1,1,1),31:(1,1,1),32:(1,1,1),33:(1,1,1),34:(1,1,1)]
2026-09-12 16:17:29.258 NATIVE STAIN FIELD DIAG generation=35 node=67817E40 control=6776AE80 changes=N+0x3c:0005d050>0005d059(5.339059e-040>5.339185e-040) totals=(node:1,control:0)
2026-09-12 16:17:29.258 testicular retraction live write person=2 control=4aa2ebe0 input=0.003 baseline=0.000 contribution=0.001 output=0.001
2026-09-12 16:17:29.309 ejaculation audio started person=2 emission=1 pulse=4 volume=0.000 path="C:\Users\ErolB\Desktop\Games\TK17\The Klub 17\Extensions\Liquids\Sounds\Ejaculation\Default\cum01.mp3"
2026-09-12 16:17:29.309 testicular retraction control resolved person=2 mode=FindObjC-direct wrapper=4aa2ebe0 control=4aa2ebe0 weight=0.000
2026-09-12 16:17:29.309 testicular retraction pulse person=2 emission=1 pulse=4 baseline=0.000 start=-0.001 target=0.250
2026-09-12 16:17:29.317 testicular retraction applied person=2 emission=1 pulse=4 baseline=0.000 contribution=-0.001 output=0.000
2026-09-12 16:17:29.324 liquid world emitter sample person=2 emission=1 position=(1.86838,1.27197,2.12440) direction=(0.00000,0.78607,-0.61814) source=rebuilt-joint-local-hierarchy
2026-09-12 16:17:29.363 NATIVE STAIN ANIMATION DIAG generation=35 emission=1 particle=268 sample_ms=641 update=32b904e0 descriptor=5844bca0 descriptor_checksum=baefca01 group_index=0 group=57e00840 group_checksum=aeaa468e counts=(nodes:35,controls:35,weights:35,vectors:35) nodes=[29:67817D80:3c9e062d:"",30:67817660:47b7e0cf:"",31:67816E60:2a9b4035:"",32:67817420:2e475608:"",33:67817CC0:60aab42e:"",34:67817E40:b8506c9f:""] controls=[29:589D2940:e5d028aa:"",30:589D27A0:b4e4e085:"",31:589D2980:67b6fce1:"",32:582293A0:bced67ad:"",33:58229580:9328daba:"",34:582298A0:6e937fb5:""] weights=[25:1,26:1,27:1,28:1,29:1,30:1,31:1,32:1,33:1,34:1] vectors=[29:(1,1,1),30:(1,1,1),31:(1,1,1),32:(1,1,1),33:(1,1,1),34:(1,1,1)]
2026-09-12 16:17:29.363 NATIVE STAIN FIELD DIAG generation=35 node=67817E40 control=6776AE80 changes=N+0x3c:0005d059>0005d05f(5.339185e-040>5.339269e-040) totals=(node:1,control:0)
2026-09-12 16:17:29.481 NATIVE STAIN ANIMATION DIAG generation=35 emission=1 particle=268 sample_ms=750 update=32b904e0 descriptor=5844bca0 descriptor_checksum=baefca01 group_index=0 group=57e00840 group_checksum=aeaa468e counts=(nodes:35,controls:35,weights:35,vectors:35) nodes=[29:67817D80:90fa3e27:"",30:67817660:71f36585:"",31:67816E60:8756a85f:"",32:67817420:a9185f22:"",33:67817CC0:c74e9e64:"",34:67817E40:fda75975:""] controls=[29:589D2940:e5d028aa:"",30:589D27A0:b4e4e085:"",31:589D2980:67b6fce1:"",32:582293A0:bced67ad:"",33:58229580:9328daba:"",34:582298A0:6e937fb5:""] weights=[25:1,26:1,27:1,28:1,29:1,30:1,31:1,32:1,33:1,34:1] vectors=[29:(1,1,1),30:(1,1,1),31:(1,1,1),32:(1,1,1),33:(1,1,1),34:(1,1,1)]
2026-09-12 16:17:29.481 NATIVE STAIN FIELD DIAG generation=35 node=67817E40 control=6776AE80 changes=N+0x3c:0005d05f>0005d065(5.339269e-040>5.339354e-040) totals=(node:1,control:0)
2026-09-12 16:17:29.482 liquid native update performance version=0.8.12-decal-freeze-performance samples=67 native_and_pick_ms=0.394 freeze_cleanup_ms=0.008 diagnostics_and_retraction_ms=0.207 peak_total_ms=4.658 tracked=35 freeze_hook=1
2026-09-12 16:17:29.508 testicular retraction live write person=2 control=4aa2ebe0 input=0.282 baseline=0.000 contribution=0.282 output=0.282
2026-09-12 16:17:29.515 ejaculation audio finished person=2 emission=1 pulse=4 path="C:\Users\ErolB\Desktop\Games\TK17\The Klub 17\Extensions\Liquids\Sounds\Ejaculation\Default\cum01.mp3"
2026-09-12 16:17:29.573 liquid world emitter sample person=2 emission=1 position=(1.86838,1.24009,2.08031) direction=(0.00000,0.66162,-0.74984) source=rebuilt-joint-local-hierarchy
2026-09-12 16:17:29.586 NATIVE STAIN ANIMATION DIAG generation=35 emission=1 particle=268 sample_ms=860 update=32b904e0 descriptor=5844bca0 descriptor_checksum=baefca01 group_index=0 group=57e00840 group_checksum=aeaa468e counts=(nodes:35,controls:35,weights:35,vectors:35) nodes=[29:67817D80:66a259de:"",30:67817660:479b813c:"",31:67816E60:7ddf5046:"",32:67817420:6d196edb:"",33:67817CC0:3769de9d:"",34:67817E40:42e3bbac:""] controls=[29:589D2940:e5d028aa:"",30:589D27A0:b4e4e085:"",31:589D2980:67b6fce1:"",32:582293A0:bced67ad:"",33:58229580:9328daba:"",34:582298A0:6e937fb5:""] weights=[25:1,26:1,27:1,28:1,29:1,30:1,31:1,32:1,33:1,34:1] vectors=[29:(1,1,1),30:(1,1,1),31:(1,1,1),32:(1,1,1),33:(1,1,1),34:(1,1,1)]
2026-09-12 16:17:29.587 NATIVE STAIN FIELD DIAG generation=35 node=67817E40 control=6776AE80 changes=N+0x3c:0005d065>0005d06c(5.339354e-040>5.339452e-040) totals=(node:1,control:0)
2026-09-12 16:17:29.697 NATIVE STAIN ANIMATION DIAG generation=35 emission=1 particle=268 sample_ms=969 update=32b904e0 descriptor=5844bca0 descriptor_checksum=baefca01 group_index=0 group=57e00840 group_checksum=aeaa468e counts=(nodes:35,controls:35,weights:35,vectors:35) nodes=[29:67817D80:8c052cd6:"",30:67817660:ded89754:"",31:67816E60:fa723fae:"",32:67817420:433b7573:"",33:67817CC0:dd99acb5:"",34:67817E40:99508224:""] controls=[29:589D2940:e5d028aa:"",30:589D27A0:b4e4e085:"",31:589D2980:67b6fce1:"",32:582293A0:bced67ad:"",33:58229580:9328daba:"",34:582298A0:6e937fb5:""] weights=[25:1,26:1,27:1,28:1,29:1,30:1,31:1,32:1,33:1,34:1] vectors=[29:(1,1,1),30:(1,1,1),31:(1,1,1),32:(1,1,1),33:(1,1,1),34:(1,1,1)]
2026-09-12 16:17:29.698 NATIVE STAIN FIELD DIAG generation=35 node=67817E40 control=6776AE80 changes=N+0x3c:0005d06c>0005d074(5.339452e-040>5.339564e-040) totals=(node:1,control:0)
2026-09-12 16:17:29.764 testicular retraction live write person=2 control=4aa2ebe0 input=0.242 baseline=0.000 contribution=0.241 output=0.241
2026-09-12 16:17:29.794 liquid native stain descriptor rearmed emission=1 descriptor=5844bca0 state=0 rate=4.00000 trigger=0.10100
2026-09-12 16:17:29.797 liquid native stain contact consumed source=confirmed particle=280 emission=1 retry=0 result=9 count=1 native_hit=1 body_confirmed=0 retried=0 outcome=native-hit-attachment-unconfirmed
2026-09-12 16:17:29.797 NATIVE STAIN PICK sequence=39 caller=TK17-158.001.exe+0x1f24ac(005F24AC) self=02820560 list="Dress01|Person01|Dress02|Person02|Dress03|Person03|Dress04|Person04" origin=(0.10737,0.04965,-2.54084) direction=(0.24575,-0.67894,-0.69184) include_hidden=1 flags=0x0005d07b result=9 count=1 data=53469b00 custom_contact=1 predicted=0 custom_particle=280 custom_hit=0
2026-09-12 16:17:29.797 memory snapshot label="native-stain-pick-result" address=53469B00 words=3d275dc4,31ea2680,31ea2680,799aa3c0,31e079c0,3df077bb,3cb37c53,c0246c4c,3edc59b1,3f10c5ca,3f341b3e,00002afa,00002afe,00002afd,3f4b3db0,3e44f1fb,3f097149,3e39e3f5,3bf52ce3,3d7c9834,bfc64e1a,57ea1400,70a70baf,e436eb84
2026-09-12 16:17:29.797 NATIVE STAIN CACHE sequence=36 caller=TK17-158.001.exe+0x1f2813(005F2813) self=5844bca0 surface=31ea2680 surface_name="NcBlouse4_group_mesh" template=670d3e40 template_name="" result=670d3e40 result_name=""
2026-09-12 16:17:29.798 memory snapshot label="native-stain-cache-result" address=670D3E40 words=72851090,00000010,72851098,6627ec20,00000001,6745c3e0,728942f8,01010101,00000000,00000000,00000015,00000001,ffffffff,72894190,673cf501,00000000
2026-09-12 16:17:29.812 liquid native stain descriptor rearmed emission=1 descriptor=5844bca0 state=0 rate=4.00000 trigger=0.10100
2026-09-12 16:17:29.814 liquid native stain contact consumed source=confirmed particle=282 emission=1 retry=0 result=0 count=1 native_hit=1 body_confirmed=0 retried=0 outcome=native-hit-attachment-unconfirmed
2026-09-12 16:17:29.814 NATIVE STAIN PICK sequence=40 caller=TK17-158.001.exe+0x1f24ac(005F24AC) self=02820560 list="Dress01|Person01|Dress02|Person02|Dress03|Person03|Dress04|Person04" origin=(0.12103,0.06688,-2.54793) direction=(0.26390,-0.66191,-0.70159) include_hidden=1 flags=0x0005d07c result=0 count=1 data=53469b00 custom_contact=1 predicted=0 custom_particle=282 custom_hit=0
2026-09-12 16:17:29.814 memory snapshot label="native-stain-pick-result" address=53469B00 words=3d850684,4a55d580,46e137c0,4c0323e0,4a23f920,3e0d7d3d,3cc3b0b1,c025fbe1,bf3f4677,be708b8e,3f1f2a2a,000004fb,000004fc,000004fd,3dcf517e,3e909bfa,3f034470,3dc55e8e,3b54ff0d,3fca5389,3d6a0422,59c08540,0000000b,3b156c0d
2026-09-12 16:17:29.816 NATIVE STAIN CACHE sequence=37 caller=TK17-158.001.exe+0x1f2813(005F2813) self=5844bca0 surface=46e137c0 surface_name="" template=670d3300 template_name="" result=670d3300 result_name=""
2026-09-12 16:17:29.816 memory snapshot label="native-stain-cache-result" address=670D3300 words=72851090,00000028,72851098,6627dae0,00000001,6745ca80,728942f8,01010101,00000000,00000000,00000015,00000001,ffffffff,72894190,00000001,3f800000
2026-09-12 16:17:29.817 NATIVE STAIN ANIMATION DIAG generation=37 emission=1 particle=282 sample_ms=16 update=32b904e0 descriptor=5844bca0 descriptor_checksum=14b32010 group_index=0 group=57e00840 group_checksum=aeaa468e counts=(nodes:37,controls:37,weights:37,vectors:37) nodes=[31:67816E60:f5718db6:"",32:67817420:fbaa4f4b:"",33:67817CC0:9140b44d:"",34:67817E40:a86f793c:"",35:327E9620:dbb91296:"",36:327EA3C0:3c647b9f:""] controls=[31:589D2980:67b6fce1:"",32:582293A0:bced67ad:"",33:58229580:9328daba:"",34:582298A0:6e937fb5:"",35:4D6802A0:47b5a6ca:"",36:4D67FE40:c5c810f6:""] weights=[27:1,28:1,29:1,30:1,31:1,32:1,33:1,34:1,35:1,36:1] vectors=[31:(1,1,1),32:(1,1,1),33:(1,1,1),34:(1,1,1),35:(1,1,1),36:(1,1,1)]
2026-09-12 16:17:29.824 liquid world emitter sample person=2 emission=1 position=(1.86838,1.24009,2.08031) direction=(0.00000,0.66162,-0.74984) source=rebuilt-joint-local-hierarchy
2026-09-12 16:17:29.857 liquid native stain descriptor rearmed emission=1 descriptor=5844bca0 state=0 rate=4.00000 trigger=0.10100
2026-09-12 16:17:29.860 liquid native stain contact consumed source=confirmed particle=284 emission=1 retry=0 result=12 count=1 native_hit=1 body_confirmed=0 retried=0 outcome=native-hit-attachment-unconfirmed
2026-09-12 16:17:29.861 NATIVE STAIN PICK sequence=41 caller=TK17-158.001.exe+0x1f24ac(005F24AC) self=02820560 list="Dress01|Person01|Dress02|Person02|Dress03|Person03|Dress04|Person04" origin=(0.12354,0.06952,-2.55080) direction=(0.24466,-0.67579,-0.69530) include_hidden=1 flags=0x0005d07f result=12 count=1 data=53469b00 custom_contact=1 predicted=0 custom_particle=284 custom_hit=0
2026-09-12 16:17:29.861 memory snapshot label="native-stain-pick-result" address=53469B00 words=3df634f5,5a639c20,5a639c20,4c004b80,32afede0,3e1ca0ce,bc400925,c02899ce,bf033430,bf5b7e2f,bd404638,0000009a,0000009f,000000dd,3e898664,3eb45775,3e85a0b0,3f6d0e1f,3a8b7b22,3b36f27d,3b85a737,57ea1400,0000000b,3f718400
2026-09-12 16:17:29.861 NATIVE STAIN CACHE sequence=38 caller=TK17-158.001.exe+0x1f2813(005F2813) self=5844bca0 surface=5a639c20 surface_name="" template=670d3e40 template_name="" result=670d3e40 result_name=""
2026-09-12 16:17:29.861 memory snapshot label="native-stain-cache-result" address=670D3E40 words=72851090,00000010,72851098,6627ec20,00000001,6745c3e0,728942f8,01010101,00000000,00000000,00000015,00000001,ffffffff,72894190,673cf501,00000000
2026-09-12 16:17:29.889 liquid native stain descriptor rearmed emission=1 descriptor=5844bca0 state=0 rate=4.00000 trigger=0.10100
2026-09-12 16:17:29.891 liquid native stain contact consumed source=confirmed particle=289 emission=1 retry=0 result=13 count=1 native_hit=1 body_confirmed=0 retried=0 outcome=native-hit-attachment-unconfirmed
2026-09-12 16:17:29.891 NATIVE STAIN PICK sequence=42 caller=TK17-158.001.exe+0x1f24ac(005F24AC) self=02820560 list="Dress01|Person01|Dress02|Person02|Dress03|Person03|Dress04|Person04" origin=(0.15415,0.09471,-2.57571) direction=(0.26818,-0.65099,-0.71013) include_hidden=1 flags=0x0005d081 result=13 count=1 data=53469b00 custom_contact=1 predicted=0 custom_particle=289 custom_hit=0
2026-09-12 16:17:29.891 memory snapshot label="native-stain-pick-result" address=53469B00 words=3d37b31a,32714920,32714920,4531d060,34661660,3e2a2b0d,3d862c21,c026e22b,3e69591d,3f773654,3dff5d03,0000003e,00000040,00000047,3e17d79a,3f212b13,3eaf16ce,3ebedd54,bc0f24dd,ba763376,3d2b8a72,57ea1400,00000017,3e8c2000
2026-09-12 16:17:29.891 NATIVE STAIN CACHE sequence=39 caller=TK17-158.001.exe+0x1f2813(005F2813) self=5844bca0 surface=32714920 surface_name="" template=670d2620 template_name="" result=670d2620 result_name=""
2026-09-12 16:17:29.892 memory snapshot label="native-stain-cache-result" address=670D2620 words=72851090,00000002,72851098,6627c1c0,00000001,6745b920,728942f8,01010101,00000000,00000000,00000015,00000001,ffffffff,72894190,673cf601,00000000
2026-09-12 16:17:29.924 liquid native stain descriptor rearmed emission=1 descriptor=5844bca0 state=0 rate=4.00000 trigger=0.10100
2026-09-12 16:17:29.928 liquid native stain contact consumed source=confirmed particle=294 emission=1 retry=0 result=0 count=1 native_hit=1 body_confirmed=0 retried=0 outcome=native-hit-attachment-unconfirmed
2026-09-12 16:17:29.928 NATIVE STAIN PICK sequence=43 caller=TK17-158.001.exe+0x1f24ac(005F24AC) self=02820560 list="Dress01|Person01|Dress02|Person02|Dress03|Person03|Dress04|Person04" origin=(0.19542,0.09619,-2.59178) direction=(0.29062,-0.64215,-0.70935) include_hidden=1 flags=0x0005d083 result=0 count=1 data=53469b00 custom_contact=1 predicted=0 custom_particle=294 custom_hit=0
2026-09-12 16:17:29.928 memory snapshot label="native-stain-pick-result" address=53469B00 words=3cff48f3,4a55d580,46e137c0,4c0323e0,4a23f920,3e5162d1,3d9c0282,c02749ef,bf4686ff,3f07230f,3eb152cf,000002d8,000002bb,000002cd,3f4eae08,3d1e9e9a,3f05fcd9,3ee13ed1,3bdb0d26,3fd3674e,3de0efc4,59c08540,00000017,3e8c2000
2026-09-12 16:17:29.929 NATIVE STAIN CACHE sequence=40 caller=TK17-158.001.exe+0x1f2813(005F2813) self=5844bca0 surface=46e137c0 surface_name="" template=670d4240 template_name="" result=670d4240 result_name=""
2026-09-12 16:17:29.929 memory snapshot label="native-stain-cache-result" address=670D4240 words=72851090,00000002,72851098,6627cfa0,00000001,6745cae0,728942f8,01010101,00000000,00000000,00000015,00000001,ffffffff,72894190,674b5e01,00000000
2026-09-12 16:17:29.930 NATIVE STAIN ANIMATION DIAG generation=40 emission=1 particle=294 sample_ms=0 update=32b904e0 descriptor=5844bca0 descriptor_checksum=7015839a group_index=0 group=57e00840 group_checksum=aeaa468e counts=(nodes:40,controls:39,weights:40,vectors:40) nodes=[34:67817E40:0bee2913:"",35:327E9620:0b52f0f9:"",36:327EA3C0:45d6c56d:"",37:327E94C0:6b74f945:"",38:07F7A4A0:8dc7e184:"",39:327E9560:dc22f259:""] controls=[33:58229580:9328daba:"",34:582298A0:6e937fb5:"",35:4D6802A0:47b5a6ca:"",36:4D67FE40:c5c810f6:"",37:4D682960:a8e748eb:"",38:4D6826E0:e96e2fef:""] weights=[30:1,31:1,32:1,33:1,34:1,35:1,36:1,37:1,38:1,39:1] vectors=[34:(1,1,1),35:(1,1,1),36:(1,1,1),37:(1,1,1),38:(1,1,1),39:(1,1,1)]
2026-09-12 16:17:29.938 liquid camera occlusion rejected particle=300 world_gap=0.02527 contact_limit=0.02303 sweep_steps=1
2026-09-12 16:17:29.960 liquid native stain contact consumed source=confirmed particle=300 emission=1 retry=0 result=0 count=1 native_hit=1 body_confirmed=0 retried=0 outcome=native-hit-attachment-unconfirmed
2026-09-12 16:17:29.961 NATIVE STAIN PICK sequence=44 caller=TK17-158.001.exe+0x1f24ac(005F24AC) self=02820560 list="Dress01|Person01|Dress02|Person02|Dress03|Person03|Dress04|Person04" origin=(0.20998,0.09649,-2.63189) direction=(0.29430,-0.62690,-0.72138) include_hidden=1 flags=0x0005d085 result=0 count=1 data=53469b00 custom_contact=1 predicted=0 custom_particle=300 custom_hit=0
2026-09-12 16:17:29.961 memory snapshot label="native-stain-pick-result" address=53469B00 words=3d016a60,4a55d580,46e137c0,4c0323e0,4a23f920,3e608987,3d9d0d5b,c029e653,bed6dc23,3f684b1e,bcbc2571,000007d4,000007d8,000007d6,3f0497a3,3eca51fd,3eefea61,3f173720,bc385bbf,3fd82901,3dc3d952,59c08540,00000014,3db53e23
2026-09-12 16:17:29.962 NATIVE STAIN CACHE sequence=41 caller=TK17-158.001.exe+0x1f2813(005F2813) self=5844bca0 surface=46e135a0 surface_name="" template=670d2e80 template_name="" result=07f907c0 result_name=""
2026-09-12 16:17:29.962 memory snapshot label="native-stain-cache-result" address=07F907C0 words=72851090,4bb0b320,72851098,72894190,00000001,6745ba80,728942f8,01010101,00000000,00000000,00000046,00000001,ffffffff,72894190,72894201,728942f8
2026-09-12 16:17:29.962 NATIVE STAIN CACHE sequence=42 caller=TK17-158.001.exe+0x1f2813(005F2813) self=5844bca0 surface=46e137c0 surface_name="" template=670d2e80 template_name="" result=670d2e80 result_name=""
2026-09-12 16:17:29.963 memory snapshot label="native-stain-cache-result" address=670D2E80 words=72851090,67755940,72851098,6627c040,00000001,6745ba80,728942f8,01010101,00000000,00000000,00000015,00000001,ffffffff,72894190,67755301,670d2460
2026-09-12 16:17:29.973 liquid camera occlusion rejected particle=356 world_gap=0.02039 contact_limit=0.01200 sweep_steps=4
2026-09-12 16:17:29.982 liquid native stain contact consumed source=confirmed particle=302 emission=1 retry=0 result=8 count=1 native_hit=1 body_confirmed=0 retried=0 outcome=native-hit-attachment-unconfirmed
2026-09-12 16:17:29.982 NATIVE STAIN PICK sequence=45 caller=TK17-158.001.exe+0x1f24ac(005F24AC) self=02820560 list="Dress01|Person01|Dress02|Person02|Dress03|Person03|Dress04|Person04" origin=(0.00000,0.00000,0.00000) direction=(0.09594,0.00801,-0.99536) include_hidden=1 flags=0x0005d086 result=8 count=1 data=5346b4c0 custom_contact=1 predicted=0 custom_particle=302 custom_hit=0
2026-09-12 16:17:29.982 memory snapshot label="native-stain-pick-result" address=5346B4C0 words=40251515,5a63a140,5a63a140,5ac857c0,32d84ce0,3e7d6625,3ca93619,c02450ca,3f03173e,3edb7011,3f3e8f44,00005efd,00005efe,00005eff,3d68f8ba,3f05b780,3f40fbe6,3d50f336,3db60922,3fd38fab,3db16c0d,57ea1400,72894170,72894170
2026-09-12 16:17:29.983 NATIVE STAIN CACHE sequence=43 caller=TK17-158.001.exe+0x1f2813(005F2813) self=5844bca0 surface=5a63a140 surface_name="" template=670d34c0 template_name="" result=07f908e0 result_name=""
2026-09-12 16:17:29.983 memory snapshot label="native-stain-cache-result" address=07F908E0 words=72851090,3570f020,72851098,72894190,00000001,6745c4e0,728942f8,01010101,00000000,00000000,00000047,00000001,ffffffff,72894190,352ff201,35257c00
2026-09-12 16:17:29.994 liquid camera occlusion rejected particle=356 world_gap=0.02095 contact_limit=0.01200 sweep_steps=2
2026-09-12 16:17:30.008 liquid camera occlusion rejected particle=310 world_gap=0.02464 contact_limit=0.02403 sweep_steps=1
2026-09-12 16:17:30.008 liquid camera occlusion rejected particle=312 world_gap=0.02553 contact_limit=0.02378 sweep_steps=1
2026-09-12 16:17:30.009 liquid camera occlusion rejected particle=313 world_gap=0.02531 contact_limit=0.02365 sweep_steps=1
2026-09-12 16:17:30.009 liquid camera occlusion rejected particle=356 world_gap=0.03180 contact_limit=0.01200 sweep_steps=2
2026-09-12 16:17:30.020 testicular retraction live write person=2 control=4aa2ebe0 input=0.250 baseline=0.000 contribution=0.250 output=0.250
2026-09-12 16:17:30.028 liquid camera occlusion rejected particle=312 world_gap=0.02590 contact_limit=0.02455 sweep_steps=2
2026-09-12 16:17:30.029 liquid camera occlusion rejected particle=313 world_gap=0.02518 contact_limit=0.02443 sweep_steps=2
2026-09-12 16:17:30.029 liquid camera occlusion rejected particle=314 world_gap=0.03802 contact_limit=0.02436 sweep_steps=1
2026-09-12 16:17:30.029 liquid camera occlusion rejected particle=315 world_gap=0.02491 contact_limit=0.02411 sweep_steps=1
2026-09-12 16:17:30.030 liquid camera occlusion rejected particle=316 world_gap=0.03515 contact_limit=0.02405 sweep_steps=1
2026-09-12 16:17:30.030 liquid camera occlusion rejected particle=356 world_gap=0.03028 contact_limit=0.01200 sweep_steps=2
2026-09-12 16:17:30.037 NATIVE STAIN ANIMATION DIAG generation=42 emission=1 particle=302 sample_ms=63 update=32b904e0 descriptor=5844bca0 descriptor_checksum=b36a8f72 group_index=0 group=57e00840 group_checksum=aeaa468e counts=(nodes:43,controls:41,weights:43,vectors:43) nodes=[37:327E94C0:20944c3f:"",38:07F7A4A0:fcc04d3e:"",39:327E9560:387f83d9:"",40:327EB740:e3094374:"",41:327EB5C0:98111398:"",42:327EB7E0:632cebf3:""] controls=[35:4D6802A0:47b5a6ca:"",36:4D67FE40:c5c810f6:"",37:4D682960:a8e748eb:"",38:4D6826E0:e96e2fef:"",39:4D682A40:76422191:"",40:4D683440:932f5c01:""] weights=[33:1,34:1,35:1,36:1,37:1,38:1,39:1,40:1,41:1,42:1] vectors=[37:(1,1,1),38:(1,1,1),39:(1,1,1),40:(1,1,1),41:(1,1,1),42:(1,1,1)]
2026-09-12 16:17:30.046 liquid camera occlusion rejected particle=318 world_gap=0.04229 contact_limit=0.04220 sweep_steps=1
2026-09-12 16:17:30.070 liquid world emitter sample person=2 emission=1 position=(1.86838,1.24009,2.08031) direction=(0.00000,0.66162,-0.74984) source=rebuilt-joint-local-hierarchy
2026-09-12 16:17:30.072 liquid camera occlusion rejected particle=327 world_gap=0.04000 contact_limit=0.02318 sweep_steps=1
2026-09-12 16:17:30.072 liquid camera occlusion rejected particle=328 world_gap=0.02644 contact_limit=0.02310 sweep_steps=1
2026-09-12 16:17:30.134 liquid native stain contact consumed source=confirmed particle=345 emission=1 retry=0 result=0 count=1 native_hit=1 body_confirmed=0 retried=0 outcome=native-hit-attachment-unconfirmed
2026-09-12 16:17:30.134 NATIVE STAIN PICK sequence=46 caller=TK17-158.001.exe+0x1f24ac(005F24AC) self=02820560 list="Dress01|Person01|Dress02|Person02|Dress03|Person03|Dress04|Person04" origin=(0.21873,0.08824,-2.61608) direction=(0.33458,-0.60604,-0.72164) include_hidden=1 flags=0x0005d090 result=0 count=1 data=5346a1e0 custom_contact=1 predicted=0 custom_particle=345 custom_hit=0
2026-09-12 16:17:30.134 memory snapshot label="native-stain-pick-result" address=5346A1E0 words=3ceb57c6,4a55d580,46e137c0,4c0323e0,4a23f920,3e69d271,3d9110ff,c028c189,3f2f0929,3e521a74,3f334664,00000014,00000015,00000016,3eab429e,3e9fc047,3f064d77,3f14208c,3c0c5326,3fd78307,3dccd13e,59c08540,0000000b,3be368f1
2026-09-12 16:17:30.134 NATIVE STAIN CACHE sequence=44 caller=TK17-158.001.exe+0x1f2813(005F2813) self=5844bca0 surface=46e135a0 surface_name="" template=670d3f60 template_name="sperm15_phongSG" result=07f90c40 result_name=""
2026-09-12 16:17:30.134 memory snapshot label="native-stain-cache-result" address=07F90C40 words=72851090,4bb0b320,72851098,72894190,00000001,6745c460,728942f8,01010101,00000000,00000000,00000046,00000001,ffffffff,72894190,72894201,728942f8
2026-09-12 16:17:30.136 NATIVE STAIN CACHE sequence=45 caller=TK17-158.001.exe+0x1f2813(005F2813) self=5844bca0 surface=46e137c0 surface_name="" template=670d3f60 template_name="sperm15_phongSG" result=670d3f60 result_name="sperm15_phongSG"
2026-09-12 16:17:30.136 memory snapshot label="native-stain-cache-result" address=670D3F60 words=72851090,00000068,72851098,66280060,00000001,6745c460,728942f8,01010101,00000000,00000000,00000015,00000001,ffffffff,72894190,675cb101,00000000
2026-09-12 16:17:30.152 liquid native stain contact consumed source=confirmed particle=347 emission=1 retry=0 result=0 count=1 native_hit=1 body_confirmed=0 retried=0 outcome=native-hit-attachment-unconfirmed
2026-09-12 16:17:30.152 NATIVE STAIN PICK sequence=47 caller=TK17-158.001.exe+0x1f24ac(005F24AC) self=02820560 list="Dress01|Person01|Dress02|Person02|Dress03|Person03|Dress04|Person04" origin=(0.18965,0.10082,-2.60224) direction=(0.31761,-0.60927,-0.72658) include_hidden=1 flags=0x0005d091 result=0 count=1 data=5346a1e0 custom_contact=1 predicted=0 custom_particle=347 custom_hit=0
2026-09-12 16:17:30.152 memory snapshot label="native-stain-pick-result" address=5346A1E0 words=3c91b0ec,4a55d580,46e137c0,4c0323e0,4a23f920,3e47fcaf,3db84a94,c0275ec6,bf5bae2b,3edf1c75,3e8b0612,000009f7,000009f8,000009f9,3dc412a4,3f503651,3ef9c1e7,3ee4a56b,bbc0f34e,3fd2d1c8,3df52cc9,59c08540,000000c9,3e91f000
2026-09-12 16:17:30.153 NATIVE STAIN CACHE sequence=46 caller=TK17-158.001.exe+0x1f2813(005F2813) self=5844bca0 surface=46e137c0 surface_name="" template=670d3300 template_name="" result=670d3300 result_name=""
2026-09-12 16:17:30.153 memory snapshot label="native-stain-cache-result" address=670D3300 words=72851090,00000028,72851098,6627dae0,00000001,6745ca80,728942f8,01010101,00000000,00000000,00000015,00000001,ffffffff,72894190,00000001,3f800000
2026-09-12 16:17:30.154 NATIVE STAIN ANIMATION DIAG generation=44 emission=1 particle=347 sample_ms=0 update=32b904e0 descriptor=5844bca0 descriptor_checksum=c65d4e60 group_index=0 group=57e00840 group_checksum=ad8429ce counts=(nodes:46,controls:43,weights:46,vectors:46) nodes=[40:327EB740:27fd7e5c:"",41:327EB5C0:29fb0510:"",42:327EB7E0:685f5b5b:"",43:327EBDA0:9877a26e:"",44:327EAB00:f3646f8a:"",45:327EA760:06f8bfb8:""] controls=[37:4D682960:a8e748eb:"",38:4D6826E0:e96e2fef:"",39:4D682A40:76422191:"",40:4D683440:623378c9:"",41:4D683260:a91baa04:"",42:4D683080:7e618998:""] weights=[36:1,37:1,38:1,39:1,40:1,41:1,42:1,43:1,44:1,45:1] vectors=[40:(1,1,1),41:(1,1,1),42:(1,1,1),43:(1,1,1),44:(1,1,1),45:(1,1,1)]
2026-09-12 16:17:30.186 liquid native stain contact consumed source=confirmed particle=349 emission=1 retry=0 result=0 count=1 native_hit=1 body_confirmed=0 retried=0 outcome=native-hit-attachment-unconfirmed
2026-09-12 16:17:30.186 NATIVE STAIN PICK sequence=48 caller=TK17-158.001.exe+0x1f24ac(005F24AC) self=02820560 list="Dress01|Person01|Dress02|Person02|Dress03|Person03|Dress04|Person04" origin=(0.18241,0.09683,-2.58662) direction=(0.31523,-0.61784,-0.72035) include_hidden=1 flags=0x0005d093 result=0 count=1 data=5346c440 custom_contact=1 predicted=0 custom_particle=349 custom_hit=0
2026-09-12 16:17:30.187 memory snapshot label="native-stain-pick-result" address=5346C440 words=3cfd8b02,4a55d580,46e137c0,4c0323e0,4a23f920,3e44c68b,3d9f2441,c026f872,3d3eb5a3,3f34660a,3f353f17,000001ff,00000202,00000203,3eade60e,3ee5a283,3f011d61,3edaf0c3,3adf8b1b,3fd1d19c,3de22cde,59c08540,00000118,3d114000
2026-09-12 16:17:30.187 NATIVE STAIN CACHE sequence=47 caller=TK17-158.001.exe+0x1f2813(005F2813) self=5844bca0 surface=46e137c0 surface_name="" template=670d2f20 template_name="" result=670d2f20 result_name=""
2026-09-12 16:17:30.187 memory snapshot label="native-stain-cache-result" address=670D2F20 words=72851090,0000001d,72851098,6627f0a0,00000001,6745c360,728942f8,01010101,00000000,00000000,00000015,00000001,ffffffff,72894190,36cf0001,00000000
2026-09-12 16:17:30.261 NATIVE STAIN ANIMATION DIAG generation=45 emission=1 particle=349 sample_ms=79 update=32b904e0 descriptor=5844bca0 descriptor_checksum=2ad622b5 group_index=0 group=57e00840 group_checksum=ad8429ce counts=(nodes:47,controls:44,weights:47,vectors:47) nodes=[41:327EB5C0:cbd2ffe9:"",42:327EB7E0:69708fa2:"",43:327EBDA0:7b55ae37:"",44:327EAB00:8ac1bfd3:"",45:327EA760:e62cc4b9:"",46:327EB2E0:42ba0441:""] controls=[38:4D6826E0:e96e2fef:"",39:4D682A40:76422191:"",40:4D683440:623378c9:"",41:4D683260:a91baa04:"",42:4D683080:5a70d514:"",43:4D682F40:0c9d1962:""] weights=[37:1,38:1,39:1,40:1,41:1,42:1,43:1,44:1,45:1,46:1] vectors=[41:(1,1,1),42:(1,1,1),43:(1,1,1),44:(1,1,1),45:(1,1,1),46:(1,1,1)]
2026-09-12 16:17:30.274 testicular retraction live write person=2 control=4aa2ebe0 input=0.250 baseline=0.000 contribution=0.250 output=0.250
2026-09-12 16:17:30.317 liquid world emitter sample person=2 emission=1 position=(1.86838,1.24009,2.08031) direction=(0.00000,0.66162,-0.74984) source=rebuilt-joint-local-hierarchy
2026-09-12 16:17:30.371 NATIVE STAIN ANIMATION DIAG generation=45 emission=1 particle=349 sample_ms=188 update=32b904e0 descriptor=5844bca0 descriptor_checksum=2ad622b5 group_index=0 group=57e00840 group_checksum=ad8429ce counts=(nodes:47,controls:44,weights:47,vectors:47) nodes=[41:327EB5C0:08c826a1:"",42:327EB7E0:c246adca:"",43:327EBDA0:01aebcff:"",44:327EAB00:29ab4e1b:"",45:327EA760:0b512dd1:"",46:327EB2E0:ee1c5449:""] controls=[38:4D6826E0:e96e2fef:"",39:4D682A40:76422191:"",40:4D683440:623378c9:"",41:4D683260:a91baa04:"",42:4D683080:5a70d514:"",43:4D682F40:0c9d1962:""] weights=[37:1,38:1,39:1,40:1,41:1,42:1,43:1,44:1,45:1,46:1] vectors=[41:(1,1,1),42:(1,1,1),43:(1,1,1),44:(1,1,1),45:(1,1,1),46:(1,1,1)]
2026-09-12 16:17:30.482 NATIVE STAIN ANIMATION DIAG generation=45 emission=1 particle=349 sample_ms=297 update=32b904e0 descriptor=5844bca0 descriptor_checksum=2ad622b5 group_index=0 group=57e00840 group_checksum=ad8429ce counts=(nodes:47,controls:44,weights:47,vectors:47) nodes=[41:327EB5C0:00262f67:"",42:327EB7E0:109c920c:"",43:327EBDA0:c266c759:"",44:327EAB00:4d0ac15d:"",45:327EA760:ae639dd7:"",46:327EB2E0:4cc442ef:""] controls=[38:4D6826E0:e96e2fef:"",39:4D682A40:76422191:"",40:4D683440:623378c9:"",41:4D683260:a91baa04:"",42:4D683080:5a70d514:"",43:4D682F40:0c9d1962:""] weights=[37:1,38:1,39:1,40:1,41:1,42:1,43:1,44:1,45:1,46:1] vectors=[41:(1,1,1),42:(1,1,1),43:(1,1,1),44:(1,1,1),45:(1,1,1),46:(1,1,1)]
2026-09-12 16:17:30.483 liquid native update performance version=0.8.12-decal-freeze-performance samples=65 native_and_pick_ms=0.738 freeze_cleanup_ms=0.011 diagnostics_and_retraction_ms=0.199 peak_total_ms=6.089 tracked=44 freeze_hook=1
2026-09-12 16:17:30.519 testicular retraction live write person=2 control=4aa2ebe0 input=0.090 baseline=0.000 contribution=0.078 output=0.078
2026-09-12 16:17:30.573 liquid world emitter sample person=2 emission=1 position=(1.86838,1.24009,2.08031) direction=(0.00000,0.66162,-0.74984) source=rebuilt-joint-local-hierarchy
2026-09-12 16:17:30.591 NATIVE STAIN ANIMATION DIAG generation=45 emission=1 particle=349 sample_ms=407 update=32b904e0 descriptor=5844bca0 descriptor_checksum=2ad622b5 group_index=0 group=57e00840 group_checksum=ad8429ce counts=(nodes:47,controls:44,weights:47,vectors:47) nodes=[41:327EB5C0:aee3a3bf:"",42:327EB7E0:a31c71b4:"",43:327EBDA0:a78a77e1:"",44:327EAB00:2939aa85:"",45:327EA760:bf14716f:"",46:327EB2E0:09c70157:""] controls=[38:4D6826E0:e96e2fef:"",39:4D682A40:76422191:"",40:4D683440:623378c9:"",41:4D683260:a91baa04:"",42:4D683080:5a70d514:"",43:4D682F40:0c9d1962:""] weights=[37:1,38:1,39:1,40:1,41:1,42:1,43:1,44:1,45:1,46:1] vectors=[41:(1,1,1),42:(1,1,1),43:(1,1,1),44:(1,1,1),45:(1,1,1),46:(1,1,1)]
2026-09-12 16:17:30.592 NATIVE STAIN FIELD DIAG generation=45 outcome=baseline node=327eb2e0 control=3f8f46e0
2026-09-12 16:17:30.592 memory snapshot label="native-stain-animation-node-baseline" address=327EB2E0 words=7285a8d4,006c0061,7285a908,72894190,5346cce0,4c0323e0,01fff0ad,00000000,00000000,00000000,5a0e1bca,00000000,670d2f20,72894230,00000000,0005d0ae,3f800000,3f800000,3f800000,3f800000,00000000,00000000,00000000,00000000
2026-09-12 16:17:30.592 memory snapshot label="native-stain-animation-control-baseline" address=3F8F46E0 words=72859ad4,84dcda28,72859adc,72894190,3f800000,00000000,72894170,84dcef90,40120a14,84dcc4c0,40132642,84dcd198,4012996b,84dcc908,401b3005,84dcd5e0,a3d5b24f,8d033300,4012c5f3,84dd4d60,4019be5d,84dd5e80,4012996b,3f8f4728
2026-09-12 16:17:30.593 liquid deep string event="native-stain-animation-node" object=327eb2e0 offset=0x03c pointer=0005d0ae text="l"
2026-09-12 16:17:30.593 liquid deep links event="native-stain-animation-control" object=3f8f46e0 named_or_string_links=0 scan_bytes=96
2026-09-12 16:17:30.691 NATIVE STAIN ANIMATION DIAG generation=45 emission=1 particle=349 sample_ms=516 update=32b904e0 descriptor=5844bca0 descriptor_checksum=2ad622b5 group_index=0 group=57e00840 group_checksum=ad8429ce counts=(nodes:47,controls:44,weights:47,vectors:47) nodes=[41:327EB5C0:bf4bfad7:"",42:327EB7E0:df85fa9c:"",43:327EBDA0:ede1b509:"",44:327EAB00:5a1fec0d:"",45:327EA760:ef3dd267:"",46:327EB2E0:5814ae3f:""] controls=[38:4D6826E0:e96e2fef:"",39:4D682A40:76422191:"",40:4D683440:623378c9:"",41:4D683260:a91baa04:"",42:4D683080:5a70d514:"",43:4D682F40:0c9d1962:""] weights=[37:1,38:1,39:1,40:1,41:1,42:1,43:1,44:1,45:1,46:1] vectors=[41:(1,1,1),42:(1,1,1),43:(1,1,1),44:(1,1,1),45:(1,1,1),46:(1,1,1)]
2026-09-12 16:17:30.692 NATIVE STAIN FIELD DIAG generation=45 node=327EB2E0 control=3F8F46E0 changes=N+0x3c:0005d0ae>0005d0b6(5.340376e-040>5.340489e-040) totals=(node:1,control:0)
2026-09-12 16:17:30.779 testicular retraction live write person=2 control=4aa2ebe0 input=0.001 baseline=0.000 contribution=-0.000 output=0.000
2026-09-12 16:17:30.805 ejaculation audio started person=2 emission=1 pulse=5 volume=0.000 path="C:\Users\ErolB\Desktop\Games\TK17\The Klub 17\Extensions\Liquids\Sounds\Ejaculation\Default\cum03.mp3"
2026-09-12 16:17:30.805 testicular retraction control resolved person=2 mode=FindObjC-direct wrapper=4aa2ebe0 control=4aa2ebe0 weight=0.000
2026-09-12 16:17:30.805 testicular retraction pulse person=2 emission=1 pulse=5 baseline=0.000 start=-0.000 target=0.250
2026-09-12 16:17:30.813 NATIVE STAIN ANIMATION DIAG generation=45 emission=1 particle=349 sample_ms=625 update=32b904e0 descriptor=5844bca0 descriptor_checksum=2ad622b5 group_index=0 group=57e00840 group_checksum=ad8429ce counts=(nodes:47,controls:44,weights:47,vectors:47) nodes=[41:327EB5C0:394776ec:"",42:327EB7E0:3b308f87:"",43:327EBDA0:d5a5ffd2:"",44:327EAB00:b2b51fd6:"",45:327EA760:3f104e7c:"",46:327EB2E0:e2b9f5e4:""] controls=[38:4D6826E0:e96e2fef:"",39:4D682A40:76422191:"",40:4D683440:623378c9:"",41:4D683260:a91baa04:"",42:4D683080:5a70d514:"",43:4D682F40:0c9d1962:""] weights=[37:1,38:1,39:1,40:1,41:1,42:1,43:1,44:1,45:1,46:1] vectors=[41:(1,1,1),42:(1,1,1),43:(1,1,1),44:(1,1,1),45:(1,1,1),46:(1,1,1)]
2026-09-12 16:17:30.813 NATIVE STAIN FIELD DIAG generation=45 node=327EB2E0 control=3F8F46E0 changes=N+0x3c:0005d0b6>0005d0bd(5.340489e-040>5.340587e-040) totals=(node:1,control:0)
2026-09-12 16:17:30.813 testicular retraction applied person=2 emission=1 pulse=5 baseline=0.000 contribution=-0.000 output=0.000
2026-09-12 16:17:30.820 liquid world emitter sample person=2 emission=1 position=(1.86838,1.25521,2.09914) direction=(0.00000,0.71974,-0.69424) source=rebuilt-joint-local-hierarchy
2026-09-12 16:17:30.912 NATIVE STAIN ANIMATION DIAG generation=45 emission=1 particle=349 sample_ms=735 update=32b904e0 descriptor=5844bca0 descriptor_checksum=2ad622b5 group_index=0 group=57e00840 group_checksum=ad8429ce counts=(nodes:47,controls:44,weights:47,vectors:47) nodes=[41:327EB5C0:bc270ca5:"",42:327EB7E0:a4ed43ce:"",43:327EBDA0:54572f7b:"",44:327EAB00:1413df5f:"",45:327EA760:75765595:"",46:327EB2E0:cd14f42d:""] controls=[38:4D6826E0:e96e2fef:"",39:4D682A40:76422191:"",40:4D683440:623378c9:"",41:4D683260:a91baa04:"",42:4D683080:5a70d514:"",43:4D682F40:0c9d1962:""] weights=[37:1,38:1,39:1,40:1,41:1,42:1,43:1,44:1,45:1,46:1] vectors=[41:(1,1,1),42:(1,1,1),43:(1,1,1),44:(1,1,1),45:(1,1,1),46:(1,1,1)]
2026-09-12 16:17:30.912 NATIVE STAIN FIELD DIAG generation=45 node=327EB2E0 control=3F8F46E0 changes=N+0x3c:0005d0bd>0005d0c4(5.340587e-040>5.340685e-040) totals=(node:1,control:0)
2026-09-12 16:17:31.016 ejaculation audio finished person=2 emission=1 pulse=5 path="C:\Users\ErolB\Desktop\Games\TK17\The Klub 17\Extensions\Liquids\Sounds\Ejaculation\Default\cum03.mp3"
2026-09-12 16:17:31.028 NATIVE STAIN ANIMATION DIAG generation=45 emission=1 particle=349 sample_ms=844 update=32b904e0 descriptor=5844bca0 descriptor_checksum=2ad622b5 group_index=0 group=57e00840 group_checksum=ad8429ce counts=(nodes:47,controls:44,weights:47,vectors:47) nodes=[41:327EB5C0:d3ad457d:"",42:327EB7E0:50ab6256:"",43:327EBDA0:6a104d63:"",44:327EAB00:9d3a4d07:"",45:327EA760:99cbfead:"",46:327EB2E0:c858d515:""] controls=[38:4D6826E0:e96e2fef:"",39:4D682A40:76422191:"",40:4D683440:623378c9:"",41:4D683260:a91baa04:"",42:4D683080:5a70d514:"",43:4D682F40:0c9d1962:""] weights=[37:1,38:1,39:1,40:1,41:1,42:1,43:1,44:1,45:1,46:1] vectors=[41:(1,1,1),42:(1,1,1),43:(1,1,1),44:(1,1,1),45:(1,1,1),46:(1,1,1)]
2026-09-12 16:17:31.028 NATIVE STAIN FIELD DIAG generation=45 node=327EB2E0 control=3F8F46E0 changes=N+0x3c:0005d0c4>0005d0cc(5.340685e-040>5.340797e-040) totals=(node:1,control:0)
2026-09-12 16:17:31.028 testicular retraction live write person=2 control=4aa2ebe0 input=0.281 baseline=0.000 contribution=0.278 output=0.278
2026-09-12 16:17:31.074 liquid world emitter sample person=2 emission=1 position=(1.86838,1.30293,2.19690) direction=(0.00000,0.91986,-0.39224) source=rebuilt-joint-local-hierarchy
2026-09-12 16:17:31.129 NATIVE STAIN ANIMATION DIAG generation=45 emission=1 particle=349 sample_ms=954 update=32b904e0 descriptor=5844bca0 descriptor_checksum=2ad622b5 group_index=0 group=57e00840 group_checksum=ad8429ce counts=(nodes:47,controls:44,weights:47,vectors:47) nodes=[41:327EB5C0:d30ceff2:"",42:327EB7E0:2a33fc59:"",43:327EBDA0:a8cf5d0c:"",44:327EAB00:132a4a08:"",45:327EA760:50d90402:"",46:327EB2E0:cf3ebe5a:""] controls=[38:4D6826E0:e96e2fef:"",39:4D682A40:76422191:"",40:4D683440:623378c9:"",41:4D683260:a91baa04:"",42:4D683080:5a70d514:"",43:4D682F40:0c9d1962:""] weights=[37:1,38:1,39:1,40:1,41:1,42:1,43:1,44:1,45:1,46:1] vectors=[41:(1,1,1),42:(1,1,1),43:(1,1,1),44:(1,1,1),45:(1,1,1),46:(1,1,1)]
2026-09-12 16:17:31.130 NATIVE STAIN FIELD DIAG generation=45 node=327EB2E0 control=3F8F46E0 changes=N+0x3c:0005d0cc>0005d0d3(5.340797e-040>5.340895e-040) totals=(node:1,control:0)
2026-09-12 16:17:31.241 NATIVE STAIN ANIMATION DIAG generation=45 emission=1 particle=349 sample_ms=1063 update=32b904e0 descriptor=5844bca0 descriptor_checksum=2ad622b5 group_index=0 group=57e00840 group_checksum=ad8429ce counts=(nodes:47,controls:44,weights:47,vectors:47) nodes=[41:327EB5C0:b3fa600a:"",42:327EB7E0:0f57ace1:"",43:327EBDA0:3b4f3cb4:"",44:327EAB00:2e97c290:"",45:327EA760:db32acda:"",46:327EB2E0:e56c3982:""] controls=[38:4D6826E0:e96e2fef:"",39:4D682A40:76422191:"",40:4D683440:623378c9:"",41:4D683260:a91baa04:"",42:4D683080:5a70d514:"",43:4D682F40:0c9d1962:""] weights=[37:1,38:1,39:1,40:1,41:1,42:1,43:1,44:1,45:1,46:1] vectors=[41:(1,1,1),42:(1,1,1),43:(1,1,1),44:(1,1,1),45:(1,1,1),46:(1,1,1)]
2026-09-12 16:17:31.242 NATIVE STAIN FIELD DIAG generation=45 node=327EB2E0 control=3F8F46E0 changes=N+0x3c:0005d0d3>0005d0db(5.340895e-040>5.341007e-040) totals=(node:1,control:0)
2026-09-12 16:17:31.272 liquid native stain contact consumed source=confirmed particle=364 emission=1 retry=0 result=12 count=1 native_hit=1 body_confirmed=0 retried=0 outcome=native-hit-attachment-unconfirmed
2026-09-12 16:17:31.273 NATIVE STAIN PICK sequence=49 caller=TK17-158.001.exe+0x1f24ac(005F24AC) self=02820560 list="Dress01|Person01|Dress02|Person02|Dress03|Person03|Dress04|Person04" origin=(0.13242,0.07037,-2.56588) direction=(0.27838,-0.64525,-0.71145) include_hidden=1 flags=0x0005d0dd result=12 count=1 data=5346c960 custom_contact=1 predicted=0 custom_particle=364 custom_hit=0
2026-09-12 16:17:31.273 memory snapshot label="native-stain-pick-result" address=5346C960 words=3ddc97a5,5a639c20,5a639c20,4c004b80,32afede0,3e264c3e,3a639233,c0291eda,bf42bef3,3da866a2,3f24d2ed,000000cc,000000cd,000000c7,3d10bc92,3f3c7d1b,3f30cef8,3f5feb55,bb52f817,3b1c750f,3c10ceea,57ea1400,50a45ca0,50a460c0
2026-09-12 16:17:31.273 NATIVE STAIN CACHE sequence=48 caller=TK17-158.001.exe+0x1f2813(005F2813) self=5844bca0 surface=5a639c20 surface_name="" template=670d34c0 template_name="" result=670d34c0 result_name=""
2026-09-12 16:17:31.273 memory snapshot label="native-stain-cache-result" address=670D34C0 words=72851090,0000000d,72851098,6627f9a0,00000001,6745c4e0,728942f8,01010101,00000000,00000000,00000015,00000001,ffffffff,72894190,589ded01,589df3c0
2026-09-12 16:17:31.274 testicular retraction live write person=2 control=4aa2ebe0 input=0.242 baseline=0.000 contribution=0.242 output=0.242
2026-09-12 16:17:31.316 liquid native stain contact consumed source=confirmed particle=366 emission=1 retry=0 result=12 count=1 native_hit=1 body_confirmed=0 retried=0 outcome=native-hit-attachment-unconfirmed
2026-09-12 16:17:31.316 NATIVE STAIN PICK sequence=50 caller=TK17-158.001.exe+0x1f24ac(005F24AC) self=02820560 list="Dress01|Person01|Dress02|Person02|Dress03|Person03|Dress04|Person04" origin=(0.13530,0.07162,-2.56743) direction=(0.26896,-0.65325,-0.70776) include_hidden=1 flags=0x0005d0e0 result=12 count=1 data=5346c440 custom_contact=1 predicted=0 custom_particle=366 custom_hit=0
2026-09-12 16:17:31.317 memory snapshot label="native-stain-pick-result" address=5346C440 words=3dd8f1d3,5a639c20,5a639c20,4c004b80,32afede0,3e27b7d5,3b1ef75c,c0291d1f,bf36c9a7,3e385a5a,3f2d34e4,000000c7,000000cd,000000c9,3e9463ae,3c01de60,3f31671f,3f5c892e,bb4937a8,3b26cf79,3c1dce5e,57ea1400,0000000c,3e9be000
2026-09-12 16:17:31.317 NATIVE STAIN CACHE sequence=49 caller=TK17-158.001.exe+0x1f2813(005F2813) self=5844bca0 surface=5a639c20 surface_name="" template=670d2620 template_name="" result=670d2620 result_name=""
2026-09-12 16:17:31.317 memory snapshot label="native-stain-cache-result" address=670D2620 words=72851090,00000002,72851098,6627c1c0,00000001,6745b920,728942f8,01010101,00000000,00000000,00000015,00000001,ffffffff,72894190,673cf601,00000000
2026-09-12 16:17:31.324 liquid world emitter sample person=2 emission=1 position=(1.86838,1.31395,2.27361) direction=(0.00000,0.98961,-0.14376) source=rebuilt-joint-local-hierarchy
2026-09-12 16:17:31.355 liquid native stain contact consumed source=confirmed particle=368 emission=1 retry=0 result=0 count=1 native_hit=1 body_confirmed=0 retried=0 outcome=native-hit-attachment-unconfirmed
2026-09-12 16:17:31.356 NATIVE STAIN PICK sequence=51 caller=TK17-158.001.exe+0x1f24ac(005F24AC) self=02820560 list="Dress01|Person01|Dress02|Person02|Dress03|Person03|Dress04|Person04" origin=(0.13980,0.06491,-2.55825) direction=(0.26874,-0.66200,-0.69967) include_hidden=1 flags=0x0005d0e2 result=0 count=1 data=5346c440 custom_contact=1 predicted=0 custom_particle=368 custom_hit=0
2026-09-12 16:17:31.356 memory snapshot label="native-stain-pick-result" address=5346C440 words=3d6cad4f,4a55d580,46e137c0,4c0323e0,4a23f920,3e1f0f37,3cda598d,c02650c7,bf2cb912,be89c886,3f2ff1fc,000004fb,000004fc,000004fd,3f75943c,3d087750,3f098e28,3dd07ec4,3c144898,3fca6c27,3d6421a7,59c08540,00000012,3e8cb000
2026-09-12 16:17:31.357 NATIVE STAIN CACHE sequence=50 caller=TK17-158.001.exe+0x1f2813(005F2813) self=5844bca0 surface=46e137c0 surface_name="" template=670d2860 template_name="" result=670d2860 result_name=""
2026-09-12 16:17:31.357 memory snapshot label="native-stain-cache-result" address=670D2860 words=72851090,0000001f,72851098,6627ee60,00000001,6745d180,728942f8,01010101,00000000,00000000,00000015,00000001,ffffffff,72894190,59746901,670d2e80
2026-09-12 16:17:31.357 NATIVE STAIN CACHE sequence=51 caller=TK17-158.001.exe+0x1f2813(005F2813) self=5844bca0 surface=46e13aa0 surface_name="" template=670d2860 template_name="" result=670d2860 result_name=""
2026-09-12 16:17:31.358 memory snapshot label="native-stain-cache-result" address=670D2860 words=72851090,0000001f,72851098,6627ee60,00000001,6745d180,728942f8,01010101,00000000,00000000,00000015,00000001,ffffffff,72894190,59746901,670d2e80
2026-09-12 16:17:31.358 NATIVE STAIN ANIMATION DIAG generation=48 emission=1 particle=368 sample_ms=0 update=32b904e0 descriptor=5844bca0 descriptor_checksum=ec53c69e group_index=0 group=57e00840 group_checksum=cf720228 counts=(nodes:51,controls:47,weights:51,vectors:51) nodes=[45:327EA760:31ff9b33:"",46:327EB2E0:b9cefc8b:"",47:327EBE60:9d3b4810:"",48:325E0DC0:0d6a568c:"",49:325E06A0:9c4850a8:"",50:32523E20:85f3b745:""] controls=[41:4D683260:a91baa04:"",42:4D683080:5a70d514:"",43:4D682F40:0c9d1962:"",44:4D683860:e7ade6b6:"",45:4D6836C0:62a27afe:"",46:4D683C60:c93f8f6b:""] weights=[41:1,42:1,43:1,44:1,45:1,46:1,47:1,48:1,49:1,50:1] vectors=[45:(1,1,1),46:(1,1,1),47:(1,1,1),48:(1,1,1),49:(1,1,1),50:(1,1,1)]
2026-09-12 16:17:31.389 liquid native stain contact consumed source=confirmed particle=370 emission=1 retry=0 result=9 count=1 native_hit=1 body_confirmed=0 retried=0 outcome=native-hit-attachment-unconfirmed
2026-09-12 16:17:31.389 NATIVE STAIN PICK sequence=52 caller=TK17-158.001.exe+0x1f24ac(005F24AC) self=02820560 list="Dress01|Person01|Dress02|Person02|Dress03|Person03|Dress04|Person04" origin=(0.11955,0.05752,-2.56132) direction=(0.24687,-0.67150,-0.69867) include_hidden=1 flags=0x0005d0e4 result=9 count=1 data=5346daa0 custom_contact=1 predicted=0 custom_particle=370 custom_hit=0
2026-09-12 16:17:31.390 memory snapshot label="native-stain-pick-result" address=5346DAA0 words=3ce6f3ce,31ea2680,31ea2680,799aa3c0,31e079c0,3e018caa,3d1e1137,c0252f51,3e6b86dc,3f291223,3f36fc80,00002afa,00002afd,00002af9,3cb68cc3,3f065bd0,3f0694c4,3e3a6bd5,bb216452,3d88c2cc,bfc64304,57ea1400,00000000,00000000
2026-09-12 16:17:31.390 NATIVE STAIN CACHE sequence=52 caller=TK17-158.001.exe+0x1f2813(005F2813) self=5844bca0 surface=31ea2680 surface_name="NcBlouse4_group_mesh" template=670d2a00 template_name="" result=670d2a00 result_name=""
2026-09-12 16:17:31.391 memory snapshot label="native-stain-cache-result" address=670D2A00 words=72851090,00000082,72851098,66280ae0,00000001,6745cbe0,728942f8,01010101,00000000,00000000,00000015,00000001,ffffffff,72894190,674abf01,00000000
2026-09-12 16:17:31.461 liquid native stain contact consumed source=confirmed particle=374 emission=1 retry=0 result=9 count=1 native_hit=1 body_confirmed=0 retried=0 outcome=native-hit-attachment-unconfirmed
2026-09-12 16:17:31.461 NATIVE STAIN PICK sequence=53 caller=TK17-158.001.exe+0x1f24ac(005F24AC) self=02820560 list="Dress01|Person01|Dress02|Person02|Dress03|Person03|Dress04|Person04" origin=(0.11686,0.05561,-2.55620) direction=(0.24126,-0.67753,-0.69480) include_hidden=1 flags=0x0005d0e6 result=9 count=1 data=5346c440 custom_contact=1 predicted=0 custom_particle=374 custom_hit=0
2026-09-12 16:17:31.461 memory snapshot label="native-stain-pick-result" address=5346C440 words=3cfc5d59,31ea2680,31ea2680,799aa3c0,31e079c0,3dfe8e35,3d0e4aaf,c024f784,3e755549,3f28fd24,3f36415d,00002afc,00002afe,00002afa,3e1af271,3f06e27b,3f074f61,3e366195,3988b438,3d844105,bfc5aa60,57ea1400,c1c440b8,3c2c59da
2026-09-12 16:17:31.462 NATIVE STAIN CACHE sequence=53 caller=TK17-158.001.exe+0x1f2813(005F2813) self=5844bca0 surface=31ea2680 surface_name="NcBlouse4_group_mesh" template=670d2d60 template_name="" result=670d2d60 result_name=""
2026-09-12 16:17:31.462 memory snapshot label="native-stain-cache-result" address=670D2D60 words=72851090,0000001a,72851098,6627b980,00000001,6745bbe0,728942f8,01010101,00000000,00000000,00000015,00000001,ffffffff,72894190,67755c01,67755a20
2026-09-12 16:17:31.462 NATIVE STAIN ANIMATION DIAG generation=50 emission=1 particle=374 sample_ms=0 update=32b904e0 descriptor=5844bca0 descriptor_checksum=31d11c30 group_index=0 group=57e00840 group_checksum=cf720228 counts=(nodes:53,controls:49,weights:53,vectors:53) nodes=[47:327EBE60:869d02b4:"",48:325E0DC0:604db108:"",49:325E06A0:c6244aa7:"",50:32523E20:1f166d12:"",51:07F74EC0:2c2b0907:"",52:07F75980:5a724d5b:""] controls=[43:4D682F40:0c9d1962:"",44:4D683860:e7ade6b6:"",45:4D6836C0:62a27afe:"",46:4D683C60:c93f8f6b:"",47:4D683800:563c3951:"",48:4D683FE0:05a669dd:""] weights=[43:1,44:1,45:1,46:1,47:1,48:1,49:1,50:1,51:1,52:1] vectors=[47:(1,1,1),48:(1,1,1),49:(1,1,1),50:(1,1,1),51:(1,1,1),52:(1,1,1)]
2026-09-12 16:17:31.478 liquid native update performance version=0.8.12-decal-freeze-performance samples=65 native_and_pick_ms=0.299 freeze_cleanup_ms=0.005 diagnostics_and_retraction_ms=0.225 peak_total_ms=5.147 tracked=49 freeze_hook=1
2026-09-12 16:17:31.493 liquid native stain contact consumed source=confirmed particle=376 emission=1 retry=0 result=9 count=1 native_hit=1 body_confirmed=0 retried=0 outcome=native-hit-attachment-unconfirmed
2026-09-12 16:17:31.494 NATIVE STAIN PICK sequence=54 caller=TK17-158.001.exe+0x1f24ac(005F24AC) self=02820560 list="Dress01|Person01|Dress02|Person02|Dress03|Person03|Dress04|Person04" origin=(0.10206,0.04699,-2.55243) direction=(0.22171,-0.69065,-0.68836) include_hidden=1 flags=0x0005d0e8 result=9 count=1 data=5346c440 custom_contact=1 predicted=0 custom_particle=376 custom_hit=0
2026-09-12 16:17:31.494 memory snapshot label="native-stain-pick-result" address=5346C440 words=3cdd84cd,31ea2680,31ea2680,799aa3c0,31e079c0,3ddd4b7b,3ce7f8b3,c0248bef,bc3cfdbe,3f3daf6d,3f2be44c,00002b00,00002c0e,00002c0c,3efc0ece,3dfdc841,3f067e91,3e29445c,bb21520b,3d75c5df,bfc37db2,57ea1400,0000000b,3d17c1be
2026-09-12 16:17:31.495 NATIVE STAIN CACHE sequence=54 caller=TK17-158.001.exe+0x1f2813(005F2813) self=5844bca0 surface=31ea2680 surface_name="NcBlouse4_group_mesh" template=670d2860 template_name="" result=670d2860 result_name=""
2026-09-12 16:17:31.495 memory snapshot label="native-stain-cache-result" address=670D2860 words=72851090,0000001f,72851098,6627ee60,00000001,6745d180,728942f8,01010101,00000000,00000000,00000015,00000001,ffffffff,72894190,59746901,670d2e80
2026-09-12 16:17:31.511 liquid native stain contact consumed source=confirmed particle=378 emission=1 retry=0 result=9 count=1 native_hit=1 body_confirmed=0 retried=0 outcome=native-hit-attachment-unconfirmed
2026-09-12 16:17:31.512 NATIVE STAIN PICK sequence=55 caller=TK17-158.001.exe+0x1f24ac(005F24AC) self=02820560 list="Dress01|Person01|Dress02|Person02|Dress03|Person03|Dress04|Person04" origin=(0.11117,0.07838,-2.59328) direction=(0.20722,-0.68247,-0.70093) include_hidden=1 flags=0x0005d0e9 result=9 count=1 data=5346c440 custom_contact=1 predicted=0 custom_particle=378 custom_hit=0
2026-09-12 16:17:31.512 memory snapshot label="native-stain-pick-result" address=5346C440 words=3d20a0e1,31ea2680,31ea2680,799aa3c0,31e079c0,3df453a6,3d536883,c027bab5,be2e62e6,3f770107,be4ce9f1,00002aef,00002b33,00002b31,3e8a5005,3f32f0ed,3ef9734b,3e48d2db,bd1e56f1,3d73b2d6,bfc8ddb5,57ea1400,0000000b,3da6809d
2026-09-12 16:17:31.512 NATIVE STAIN CACHE sequence=55 caller=TK17-158.001.exe+0x1f2813(005F2813) self=5844bca0 surface=31ea2680 surface_name="NcBlouse4_group_mesh" template=670d2d60 template_name="" result=670d2d60 result_name=""
2026-09-12 16:17:31.513 memory snapshot label="native-stain-cache-result" address=670D2D60 words=72851090,0000001a,72851098,6627b980,00000001,6745bbe0,728942f8,01010101,00000000,00000000,00000015,00000001,ffffffff,72894190,67755c01,67755a20
2026-09-12 16:17:31.526 testicular retraction live write person=2 control=4aa2ebe0 input=0.250 baseline=0.000 contribution=0.250 output=0.250
2026-09-12 16:17:31.562 liquid native stain contact consumed source=confirmed particle=394 emission=1 retry=0 result=9 count=1 native_hit=1 body_confirmed=0 retried=0 outcome=native-hit-attachment-unconfirmed
2026-09-12 16:17:31.562 NATIVE STAIN PICK sequence=56 caller=TK17-158.001.exe+0x1f24ac(005F24AC) self=02820560 list="Dress01|Person01|Dress02|Person02|Dress03|Person03|Dress04|Person04" origin=(0.01258,0.12859,-2.41497) direction=(0.20853,-0.69891,-0.68413) include_hidden=1 flags=0x0005d0ec result=9 count=1 data=5346c440 custom_contact=1 predicted=0 custom_particle=394 custom_hit=0
2026-09-12 16:17:31.562 memory snapshot label="native-stain-pick-result" address=5346C440 words=3dd428ec,31ea2680,31ea2680,799aa3c0,31e079c0,3d0bff0b,3d6627da,c01f1803,3f1b8a01,3f4b53ab,bbab9859,00000195,00000197,00000198,3e8f564d,3eedbe3d,3e27c6b1,3f609246,bb67d0ee,3db53ecc,bfb52f35,57ea1400,0000000b,3d3fd0d0
2026-09-12 16:17:31.563 NATIVE STAIN CACHE sequence=56 caller=TK17-158.001.exe+0x1f2813(005F2813) self=5844bca0 surface=31ea2680 surface_name="NcBlouse4_group_mesh" template=670d5440 template_name="" result=670d5440 result_name=""
2026-09-12 16:17:31.563 memory snapshot label="native-stain-cache-result" address=670D5440 words=72851090,00000033,72851098,66280420,00000001,6745c640,728942f8,01010101,00000000,00000000,00000015,00000001,ffffffff,72894190,6735f901,00000000
2026-09-12 16:17:31.571 liquid world emitter sample person=2 emission=1 position=(1.86838,1.31046,2.32333) direction=(0.00000,0.99976,0.02194) source=rebuilt-joint-local-hierarchy
2026-09-12 16:17:31.579 liquid native stain contact consumed source=confirmed particle=401 emission=1 retry=0 result=9 count=1 native_hit=1 body_confirmed=0 retried=0 outcome=native-hit-attachment-unconfirmed
2026-09-12 16:17:31.580 NATIVE STAIN PICK sequence=57 caller=TK17-158.001.exe+0x1f24ac(005F24AC) self=02820560 list="Dress01|Person01|Dress02|Person02|Dress03|Person03|Dress04|Person04" origin=(-0.03512,0.13124,-2.37427) direction=(0.19009,-0.70926,-0.67883) include_hidden=1 flags=0x0005d0ed result=9 count=1 data=5346c440 custom_contact=1 predicted=0 custom_particle=401 custom_hit=0
2026-09-12 16:17:31.580 memory snapshot label="native-stain-pick-result" address=5346C440 words=3ca06c62,31ea2680,31ea2680,799aa3c0,31e079c0,bd0099b0,3df05315,c018cdde,bcd389f3,3f521441,3f1225bc,000002c3,000002c2,000002c4,3e99bc90,3daa02b8,3e26cc5c,3f4e2f3a,bb70c104,3e108b60,bfa8f88c,57ea1400,0000000b,3d3fd0d0
2026-09-12 16:17:31.581 NATIVE STAIN CACHE sequence=57 caller=TK17-158.001.exe+0x1f2813(005F2813) self=5844bca0 surface=31ea2680 surface_name="NcBlouse4_group_mesh" template=670d3dc0 template_name="" result=670d3dc0 result_name=""
2026-09-12 16:17:31.581 memory snapshot label="native-stain-cache-result" address=670D3DC0 words=72851090,0000001f,72851098,6627c880,00000001,6745c720,728942f8,01010101,00000000,00000000,00000015,00000001,ffffffff,72894190,00000001,00000000
2026-09-12 16:17:31.581 NATIVE STAIN ANIMATION DIAG generation=54 emission=1 particle=401 sample_ms=16 update=32b904e0 descriptor=5844bca0 descriptor_checksum=81675fb3 group_index=0 group=57e00840 group_checksum=cf720228 counts=(nodes:57,controls:53,weights:57,vectors:57) nodes=[51:07F74EC0:847d541c:"",52:07F75980:ec6f9f7f:"",53:875587A0:afb6a8a1:"",54:875582A0:abd28826:"",55:87557720:50e143a1:"",56:87557DA0:bd8425bb:""] controls=[47:4D683800:563c3951:"",48:4D683FE0:c546efeb:"",49:4D6845C0:fd8d96d2:"",50:4D6840C0:77331e66:"",51:4D684700:b855b953:"",52:4D684760:1b2735da:""] weights=[47:1,48:1,49:1,50:1,51:1,52:1,53:1,54:1,55:1,56:1] vectors=[51:(1,1,1),52:(1,1,1),53:(1,1,1),54:(1,1,1),55:(1,1,1),56:(1,1,1)]
2026-09-12 16:17:31.607 liquid native stain contact consumed source=confirmed particle=404 emission=1 retry=0 result=9 count=1 native_hit=1 body_confirmed=0 retried=0 outcome=native-hit-attachment-unconfirmed
2026-09-12 16:17:31.608 NATIVE STAIN PICK sequence=58 caller=TK17-158.001.exe+0x1f24ac(005F24AC) self=02820560 list="Dress01|Person01|Dress02|Person02|Dress03|Person03|Dress04|Person04" origin=(-0.05199,0.12907,-2.35542) direction=(0.18267,-0.71646,-0.67328) include_hidden=1 flags=0x0005d0ef result=9 count=1 data=5346c440 custom_contact=1 predicted=0 custom_particle=404 custom_hit=0
2026-09-12 16:17:31.608 memory snapshot label="native-stain-pick-result" address=5346C440 words=3d2a30f1,31ea2680,31ea2680,799aa3c0,31e079c0,bd35da92,3dcb5c91,c018899a,bd83d158,3f4ba856,3f1a3be2,0000032b,000002c2,00000329,3ec37de7,3ef03bfe,3e27788e,3f4b4b60,bb166806,3e0cc654,bfa6fa56,57ea1400,0000000b,3d3fd0d0
2026-09-12 16:17:31.609 NATIVE STAIN CACHE sequence=58 caller=TK17-158.001.exe+0x1f2813(005F2813) self=5844bca0 surface=31ea2680 surface_name="NcBlouse4_group_mesh" template=670d21a0 template_name="" result=670d21a0 result_name=""
2026-09-12 16:17:31.609 memory snapshot label="native-stain-cache-result" address=670D21A0 words=72851090,00000002,72851098,58a175c0,00000001,6745b740,728942f8,01010101,00000000,00000000,00000015,00000001,ffffffff,72894190,673acf01,00000000
2026-09-12 16:17:31.637 liquid native stain contact consumed source=confirmed particle=412 emission=1 retry=0 result=9 count=1 native_hit=1 body_confirmed=0 retried=0 outcome=native-hit-attachment-unconfirmed
2026-09-12 16:17:31.638 NATIVE STAIN PICK sequence=59 caller=TK17-158.001.exe+0x1f24ac(005F24AC) self=02820560 list="Dress01|Person01|Dress02|Person02|Dress03|Person03|Dress04|Person04" origin=(-0.08314,0.10987,-2.33117) direction=(0.16732,-0.73066,-0.66192) include_hidden=1 flags=0x0005d0f1 result=9 count=1 data=5346c440 custom_contact=1 predicted=0 custom_particle=412 custom_hit=0
2026-09-12 16:17:31.639 memory snapshot label="native-stain-pick-result" address=5346C440 words=3d700b39,31ea2680,31ea2680,799aa3c0,31e079c0,bd963303,3d894f0e,c017ad68,3de36be3,3f64a80f,3edf1b2a,0000038a,00000389,0000038b,3f528b5d,3dde85f4,3e290ad9,3f4366db,3a510b61,3e06f591,bfa21cc5,57ea1400,0000000b,3d3fd0d0
2026-09-12 16:17:31.639 NATIVE STAIN CACHE sequence=59 caller=TK17-158.001.exe+0x1f2813(005F2813) self=5844bca0 surface=31ea2680 surface_name="NcBlouse4_group_mesh" template=670d2f20 template_name="" result=670d2f20 result_name=""
2026-09-12 16:17:31.639 memory snapshot label="native-stain-cache-result" address=670D2F20 words=72851090,0000001d,72851098,6627f0a0,00000001,6745c360,728942f8,01010101,00000000,00000000,00000015,00000001,ffffffff,72894190,36cf0001,00000000
2026-09-12 16:17:31.684 liquid native stain contact consumed source=confirmed particle=420 emission=1 retry=0 result=9 count=1 native_hit=1 body_confirmed=0 retried=0 outcome=native-hit-attachment-unconfirmed
2026-09-12 16:17:31.684 NATIVE STAIN PICK sequence=60 caller=TK17-158.001.exe+0x1f24ac(005F24AC) self=02820560 list="Dress01|Person01|Dress02|Person02|Dress03|Person03|Dress04|Person04" origin=(-0.14366,0.09082,-2.29033) direction=(0.13552,-0.74988,-0.64755) include_hidden=1 flags=0x0005d0f4 result=9 count=1 data=5346d3c0 custom_contact=1 predicted=0 custom_particle=420 custom_hit=0
2026-09-12 16:17:31.684 memory snapshot label="native-stain-pick-result" address=5346D3C0 words=3d810b8c,31ea2680,31ea2680,799aa3c0,31e079c0,be0a5c03,3d327368,c0153148,3e28ea5c,3f562cce,3f05b909,000006f7,000004c2,00000733,3e9a926b,3f02faa0,3e257013,3f2b913e,ba7bb9f6,3decdedd,bf977cc8,57ea1400,72894170,72894170
2026-09-12 16:17:31.684 NATIVE STAIN CACHE sequence=60 caller=TK17-158.001.exe+0x1f2813(005F2813) self=5844bca0 surface=31ea2680 surface_name="NcBlouse4_group_mesh" template=670d3f60 template_name="sperm15_phongSG" result=670d3f60 result_name="sperm15_phongSG"
2026-09-12 16:17:31.686 memory snapshot label="native-stain-cache-result" address=670D3F60 words=72851090,00000068,72851098,66280060,00000001,6745c460,728942f8,01010101,00000000,00000000,00000015,00000001,ffffffff,72894190,675cb101,00000000
2026-09-12 16:17:31.698 NATIVE STAIN ANIMATION DIAG generation=57 emission=1 particle=420 sample_ms=16 update=32b904e0 descriptor=5844bca0 descriptor_checksum=9f88b7e1 group_index=0 group=57e00840 group_checksum=cf720228 counts=(nodes:60,controls:56,weights:60,vectors:60) nodes=[54:875582A0:34c66e0e:"",55:87557720:070e9cc9:"",56:87557DA0:9bb20b37:"",57:87557880:c5016150:"",58:87557F00:be98fbc5:"",59:87558640:14ace2c8:""] controls=[50:4D6840C0:77331e66:"",51:4D684700:b855b953:"",52:4D684760:f4d5c945:"",53:4D6848E0:fa38cba1:"",54:4D684800:31cad73f:"",55:4D683F40:3ed2e2e0:""] weights=[50:1,51:1,52:1,53:1,54:1,55:1,56:1,57:1,58:1,59:1] vectors=[54:(1,1,1),55:(1,1,1),56:(1,1,1),57:(1,1,1),58:(1,1,1),59:(1,1,1)]
2026-09-12 16:17:31.723 liquid native stain contact consumed source=confirmed particle=425 emission=1 retry=0 result=9 count=1 native_hit=1 body_confirmed=0 retried=0 outcome=native-hit-attachment-unconfirmed
2026-09-12 16:17:31.724 NATIVE STAIN PICK sequence=61 caller=TK17-158.001.exe+0x1f24ac(005F24AC) self=02820560 list="Dress01|Person01|Dress02|Person02|Dress03|Person03|Dress04|Person04" origin=(-0.17804,0.09059,-2.25530) direction=(0.11855,-0.76162,-0.63708) include_hidden=1 flags=0x0005d0f7 result=9 count=1 data=5346d3c0 custom_contact=1 predicted=0 custom_particle=425 custom_hit=0
2026-09-12 16:17:31.724 memory snapshot label="native-stain-pick-result" address=5346D3C0 words=3d8e8ea9,31ea2680,31ea2680,799aa3c0,31e079c0,be2ddbc2,3d19e4c8,c0132d5d,3ecbcda0,3f447d0f,3f009ff0,00000534,00000533,00000532,3e8a942d,3d9cae57,3e244eb7,3f1c9a89,3abd8842,3de5c126,bf904900,57ea1400,0000000b,3dc193b4
2026-09-12 16:17:31.724 NATIVE STAIN CACHE sequence=61 caller=TK17-158.001.exe+0x1f2813(005F2813) self=5844bca0 surface=31ea2680 surface_name="NcBlouse4_group_mesh" template=670d30c0 template_name="" result=670d30c0 result_name=""
2026-09-12 16:17:31.724 memory snapshot label="native-stain-cache-result" address=670D30C0 words=72851090,00000004,72851098,6627c700,00000001,6745bc60,728942f8,01010101,00000000,00000000,00000015,00000001,ffffffff,72894190,36cf0001,00000065
2026-09-12 16:17:31.781 testicular retraction live write person=2 control=4aa2ebe0 input=0.250 baseline=0.000 contribution=0.250 output=0.250
2026-09-12 16:17:31.807 NATIVE STAIN ANIMATION DIAG generation=58 emission=1 particle=425 sample_ms=78 update=32b904e0 descriptor=5844bca0 descriptor_checksum=4d74ea36 group_index=0 group=57e00840 group_checksum=cf720228 counts=(nodes:61,controls:57,weights:61,vectors:61) nodes=[55:87557720:6452a7d1:"",56:87557DA0:a166464f:"",57:87557880:ed0c56c8:"",58:87557F00:d085ee9d:"",59:87558640:eca1ed50:"",60:87557E40:2a1cd3a4:""] controls=[51:4D684700:b855b953:"",52:4D684760:f4d5c945:"",53:4D6848E0:fa38cba1:"",54:4D684800:31cad73f:"",55:4D683F40:3ed2e2e0:"",56:4D6841C0:346de752:""] weights=[51:1,52:1,53:1,54:1,55:1,56:1,57:1,58:1,59:1,60:1] vectors=[55:(1,1,1),56:(1,1,1),57:(1,1,1),58:(1,1,1),59:(1,1,1),60:(1,1,1)]
2026-09-12 16:17:31.824 liquid world emitter sample person=2 emission=1 position=(1.86838,1.31046,2.32333) direction=(0.00000,0.99976,0.02194) source=rebuilt-joint-local-hierarchy
2026-09-12 16:17:31.917 NATIVE STAIN ANIMATION DIAG generation=58 emission=1 particle=425 sample_ms=188 update=32b904e0 descriptor=5844bca0 descriptor_checksum=4d74ea36 group_index=0 group=57e00840 group_checksum=cf720228 counts=(nodes:61,controls:57,weights:61,vectors:61) nodes=[55:87557720:db0293e1:"",56:87557DA0:9b5e6ca3:"",57:87557880:6ee5d604:"",58:87557F00:0de0847d:"",59:87558640:40d3f79c:"",60:87557E40:e0f90e40:""] controls=[51:4D684700:b855b953:"",52:4D684760:f4d5c945:"",53:4D6848E0:fa38cba1:"",54:4D684800:31cad73f:"",55:4D683F40:3ed2e2e0:"",56:4D6841C0:5c40cf97:""] weights=[51:1,52:1,53:1,54:1,55:1,56:1,57:1,58:1,59:1,60:1] vectors=[55:(1,1,1),56:(1,1,1),57:(1,1,1),58:(1,1,1),59:(1,1,1),60:(1,1,1)]
2026-09-12 16:17:32.025 NATIVE STAIN ANIMATION DIAG generation=58 emission=1 particle=425 sample_ms=297 update=32b904e0 descriptor=5844bca0 descriptor_checksum=4d74ea36 group_index=0 group=57e00840 group_checksum=cf720228 counts=(nodes:61,controls:57,weights:61,vectors:61) nodes=[55:87557720:e36c1d64:"",56:87557DA0:61f20916:"",57:87557880:3f562001:"",58:87557F00:a6f6b380:"",59:87558640:636d7529:"",60:87557E40:de84fe3d:""] controls=[51:4D684700:b855b953:"",52:4D684760:f4d5c945:"",53:4D6848E0:fa38cba1:"",54:4D684800:31cad73f:"",55:4D683F40:3ed2e2e0:"",56:4D6841C0:5777a006:""] weights=[51:1,52:1,53:1,54:1,55:1,56:1,57:1,58:1,59:1,60:1] vectors=[55:(1,1,1),56:(1,1,1),57:(1,1,1),58:(1,1,1),59:(1,1,1),60:(1,1,1)]
2026-09-12 16:17:32.025 testicular retraction live write person=2 control=4aa2ebe0 input=0.078 baseline=0.000 contribution=0.068 output=0.068
2026-09-12 16:17:32.069 liquid world emitter sample person=2 emission=1 position=(1.86838,1.31046,2.32333) direction=(0.00000,0.99976,0.02194) source=rebuilt-joint-local-hierarchy
2026-09-12 16:17:32.137 NATIVE STAIN ANIMATION DIAG generation=58 emission=1 particle=425 sample_ms=407 update=32b904e0 descriptor=5844bca0 descriptor_checksum=4d74ea36 group_index=0 group=57e00840 group_checksum=cf720228 counts=(nodes:61,controls:57,weights:61,vectors:61) nodes=[55:87557720:e32aa8ec:"",56:87557DA0:7cfdf02e:"",57:87557880:34607719:"",58:87557F00:52674578:"",59:87558640:f24161b1:"",60:87557E40:36c56ec5:""] controls=[51:4D684700:b855b953:"",52:4D684760:f4d5c945:"",53:4D6848E0:fa38cba1:"",54:4D684800:31cad73f:"",55:4D683F40:3ed2e2e0:"",56:4D6841C0:816adc97:""] weights=[51:1,52:1,53:1,54:1,55:1,56:1,57:1,58:1,59:1,60:1] vectors=[55:(1,1,1),56:(1,1,1),57:(1,1,1),58:(1,1,1),59:(1,1,1),60:(1,1,1)]
2026-09-12 16:17:32.138 NATIVE STAIN FIELD DIAG generation=58 outcome=baseline node=87557e40 control=3f8fdd00
2026-09-12 16:17:32.138 memory snapshot label="native-stain-animation-node-baseline" address=87557E40 words=7285a8d4,34a4de00,7285a908,72894190,5346d8e0,799aa3c0,01fff0ad,00000000,00000000,00000000,5a0e1bca,00000000,670d30c0,72894230,00000000,0005d117,3f800000,3f800000,3f800000,3f800000,00000000,00000000,00000000,00000000
2026-09-12 16:17:32.138 memory snapshot label="native-stain-animation-control-baseline" address=3F8FDD00 words=72859ad4,35577640,72859adc,72894190,3f800000,00000000,72894170,35576fa0,3f800000,00000000,00000000,00000000,b097a10d,8d048a00,00000000,3f8fdd38,00000000,00000000,07df48b8,00000000,00000002,728b0104,00000001,00000001
2026-09-12 16:17:32.139 liquid deep link event="native-stain-animation-node" object=87557e40 offset=0x014 pointer=799aa3c0 target_name="NcBlouse4_group"
2026-09-12 16:17:32.139 liquid deep links event="native-stain-animation-control" object=3f8fdd00 named_or_string_links=0 scan_bytes=96
2026-09-12 16:17:32.242 NATIVE STAIN ANIMATION DIAG generation=58 emission=1 particle=425 sample_ms=516 update=32b904e0 descriptor=5844bca0 descriptor_checksum=4d74ea36 group_index=0 group=57e00840 group_checksum=cf720228 counts=(nodes:61,controls:57,weights:61,vectors:61) nodes=[55:87557720:0c5d1294:"",56:87557DA0:8c6ddcc6:"",57:87557880:caa0d5b1:"",58:87557F00:e60a2b50:"",59:87558640:5c010319:"",60:87557E40:a289374d:""] controls=[51:4D684700:b855b953:"",52:4D684760:f4d5c945:"",53:4D6848E0:fa38cba1:"",54:4D684800:31cad73f:"",55:4D683F40:3ed2e2e0:"",56:4D6841C0:d00d18a8:""] weights=[51:1,52:1,53:1,54:1,55:1,56:1,57:1,58:1,59:1,60:1] vectors=[55:(1,1,1),56:(1,1,1),57:(1,1,1),58:(1,1,1),59:(1,1,1),60:(1,1,1)]
2026-09-12 16:17:32.242 NATIVE STAIN FIELD DIAG generation=58 node=87557E40 control=3F8FDD00 changes=N+0x3c:0005d117>0005d11f(5.341848e-040>5.34196e-040) totals=(node:1,control:0)
2026-09-12 16:17:32.268 testicular retraction live write person=2 control=4aa2ebe0 input=0.001 baseline=0.000 contribution=-0.000 output=0.000
2026-09-12 16:17:32.307 ejaculation audio started person=2 emission=1 pulse=6 volume=0.000 path="C:\Users\ErolB\Desktop\Games\TK17\The Klub 17\Extensions\Liquids\Sounds\Ejaculation\Default\cum05.mp3"
2026-09-12 16:17:32.308 testicular retraction control resolved person=2 mode=FindObjC-direct wrapper=4aa2ebe0 control=4aa2ebe0 weight=0.000
2026-09-12 16:17:32.308 testicular retraction pulse person=2 emission=1 pulse=6 baseline=0.000 start=-0.001 target=0.250
2026-09-12 16:17:32.316 testicular retraction applied person=2 emission=1 pulse=6 baseline=0.000 contribution=-0.001 output=0.000
2026-09-12 16:17:32.323 liquid world emitter sample person=2 emission=1 position=(1.86838,1.31323,2.25645) direction=(0.00000,0.97977,-0.20011) source=rebuilt-joint-local-hierarchy
2026-09-12 16:17:32.349 NATIVE STAIN ANIMATION DIAG generation=58 emission=1 particle=425 sample_ms=625 update=32b904e0 descriptor=5844bca0 descriptor_checksum=4d74ea36 group_index=0 group=57e00840 group_checksum=cf720228 counts=(nodes:61,controls:57,weights:61,vectors:61) nodes=[55:87557720:5796b4d2:"",56:87557DA0:cb90a838:"",57:87557880:4af1586f:"",58:87557F00:f930fd6e:"",59:87558640:a2bb4567:"",60:87557E40:ae42c32b:""] controls=[51:4D684700:b855b953:"",52:4D684760:f4d5c945:"",53:4D6848E0:fa38cba1:"",54:4D684800:31cad73f:"",55:4D683F40:3ed2e2e0:"",56:4D6841C0:0f984b53:""] weights=[51:1,52:1,53:1,54:1,55:1,56:1,57:1,58:1,59:1,60:1] vectors=[55:(1,1,1),56:(1,1,1),57:(1,1,1),58:(1,1,1),59:(1,1,1),60:(1,1,1)]
2026-09-12 16:17:32.349 NATIVE STAIN FIELD DIAG generation=58 node=87557E40 control=3F8FDD00 changes=N+0x3c:0005d11f>0005d125(5.34196e-040>5.342044e-040) totals=(node:1,control:0)
2026-09-12 16:17:32.459 NATIVE STAIN ANIMATION DIAG generation=58 emission=1 particle=425 sample_ms=735 update=32b904e0 descriptor=5844bca0 descriptor_checksum=4d74ea36 group_index=0 group=57e00840 group_checksum=cf720228 counts=(nodes:61,controls:57,weights:61,vectors:61) nodes=[55:87557720:80da18d8:"",56:87557DA0:5bb6e9b2:"",57:87557880:12abc2c5:"",58:87557F00:2af7ad4c:"",59:87558640:a610174d:"",60:87557E40:587a2319:""] controls=[51:4D684700:b855b953:"",52:4D684760:f4d5c945:"",53:4D6848E0:fa38cba1:"",54:4D684800:31cad73f:"",55:4D683F40:3ed2e2e0:"",56:4D6841C0:0f984b53:""] weights=[51:1,52:1,53:1,54:1,55:1,56:1,57:1,58:1,59:1,60:1] vectors=[55:(1,1,1),56:(1,1,1),57:(1,1,1),58:(1,1,1),59:(1,1,1),60:(1,1,1)]
2026-09-12 16:17:32.459 NATIVE STAIN FIELD DIAG generation=58 node=87557E40 control=3F8FDD00 changes=N+0x3c:0005d125>0005d12b(5.342044e-040>5.342128e-040) totals=(node:1,control:0)
2026-09-12 16:17:32.472 liquid native update performance version=0.8.12-decal-freeze-performance samples=69 native_and_pick_ms=0.450 freeze_cleanup_ms=0.008 diagnostics_and_retraction_ms=0.204 peak_total_ms=4.109 tracked=57 freeze_hook=1
2026-09-12 16:17:32.522 testicular retraction live write person=2 control=4aa2ebe0 input=0.278 baseline=0.000 contribution=0.278 output=0.278
2026-09-12 16:17:32.567 NATIVE STAIN ANIMATION DIAG generation=58 emission=1 particle=425 sample_ms=844 update=32b904e0 descriptor=5844bca0 descriptor_checksum=4d74ea36 group_index=0 group=57e00840 group_checksum=cf720228 counts=(nodes:61,controls:57,weights:61,vectors:61) nodes=[55:87557720:a68e4c60:"",56:87557DA0:c089a3ea:"",57:87557880:ba6b523d:"",58:87557F00:84090144:"",59:87558640:f2690fb5:"",60:87557E40:636fcc01:""] controls=[51:4D684700:b855b953:"",52:4D684760:f4d5c945:"",53:4D6848E0:fa38cba1:"",54:4D684800:31cad73f:"",55:4D683F40:3ed2e2e0:"",56:4D6841C0:0f984b53:""] weights=[51:1,52:1,53:1,54:1,55:1,56:1,57:1,58:1,59:1,60:1] vectors=[55:(1,1,1),56:(1,1,1),57:(1,1,1),58:(1,1,1),59:(1,1,1),60:(1,1,1)]
2026-09-12 16:17:32.567 NATIVE STAIN FIELD DIAG generation=58 node=87557E40 control=3F8FDD00 changes=N+0x3c:0005d12b>0005d133(5.342128e-040>5.34224e-040) totals=(node:1,control:0)
2026-09-12 16:17:32.575 liquid world emitter sample person=2 emission=1 position=(1.86838,1.31299,2.25333) direction=(0.00000,0.97764,-0.21030) source=rebuilt-joint-local-hierarchy
2026-09-12 16:17:32.614 ejaculation audio finished person=2 emission=1 pulse=6 path="C:\Users\ErolB\Desktop\Games\TK17\The Klub 17\Extensions\Liquids\Sounds\Ejaculation\Default\cum05.mp3"
2026-09-12 16:17:32.682 NATIVE STAIN ANIMATION DIAG generation=58 emission=1 particle=425 sample_ms=953 update=32b904e0 descriptor=5844bca0 descriptor_checksum=4d74ea36 group_index=0 group=57e00840 group_checksum=cf720228 counts=(nodes:61,controls:57,weights:61,vectors:61) nodes=[55:87557720:2f4c7ac8:"",56:87557DA0:722c8462:"",57:87557880:cac883b5:"",58:87557F00:8a0f46dc:"",59:87558640:e20bde3d:"",60:87557E40:5fe69529:""] controls=[51:4D684700:b855b953:"",52:4D684760:f4d5c945:"",53:4D6848E0:fa38cba1:"",54:4D684800:31cad73f:"",55:4D683F40:3ed2e2e0:"",56:4D6841C0:0f984b53:""] weights=[51:1,52:1,53:1,54:1,55:1,56:1,57:1,58:1,59:1,60:1] vectors=[55:(1,1,1),56:(1,1,1),57:(1,1,1),58:(1,1,1),59:(1,1,1),60:(1,1,1)]
2026-09-12 16:17:32.683 NATIVE STAIN FIELD DIAG generation=58 node=87557E40 control=3F8FDD00 changes=N+0x3c:0005d133>0005d13b(5.34224e-040>5.342352e-040) totals=(node:1,control:0)
2026-09-12 16:17:32.776 liquid native stain contact consumed source=confirmed particle=437 emission=1 retry=0 result=9 count=1 native_hit=1 body_confirmed=0 retried=0 outcome=native-hit-attachment-unconfirmed
2026-09-12 16:17:32.776 NATIVE STAIN PICK sequence=62 caller=TK17-158.001.exe+0x1f24ac(005F24AC) self=02820560 list="Dress01|Person01|Dress02|Person02|Dress03|Person03|Dress04|Person04" origin=(-0.23645,0.07568,-2.20756) direction=(0.08707,-0.78157,-0.61771) include_hidden=1 flags=0x0005d142 result=9 count=1 data=5346d3c0 custom_contact=1 predicted=0 custom_particle=437 custom_hit=0
2026-09-12 16:17:32.776 memory snapshot label="native-stain-pick-result" address=5346D3C0 words=3d8479d6,31ea2680,31ea2680,799aa3c0,31e079c0,be6c5c4e,3ccdc6f8,c00fd750,bbfa0f0b,3f4eaed5,3f170b50,000005e1,0000058f,0000058c,3f02ed2c,3eca31ee,3e23b7d1,3f0e2c90,3b750320,3dea8d72,bf864e69,57ea1400,0000000b,3dc193b4
2026-09-12 16:17:32.777 NATIVE STAIN CACHE sequence=62 caller=TK17-158.001.exe+0x1f2813(005F2813) self=5844bca0 surface=31ea2680 surface_name="NcBlouse4_group_mesh" template=670d2d60 template_name="" result=670d2d60 result_name=""
2026-09-12 16:17:32.777 memory snapshot label="native-stain-cache-result" address=670D2D60 words=72851090,0000001a,72851098,6627b980,00000001,6745bbe0,728942f8,01010101,00000000,00000000,00000015,00000001,ffffffff,72894190,67755c01,67755a20
2026-09-12 16:17:32.778 testicular retraction live write person=2 control=4aa2ebe0 input=0.242 baseline=0.000 contribution=0.241 output=0.241
2026-09-12 16:17:32.791 NATIVE STAIN ANIMATION DIAG generation=59 emission=1 particle=437 sample_ms=16 update=32b904e0 descriptor=5844bca0 descriptor_checksum=34cfe883 group_index=0 group=57e00840 group_checksum=cf720228 counts=(nodes:62,controls:58,weights:62,vectors:62) nodes=[56:87557DA0:9633f8da:"",57:87557880:d7460bed:"",58:87557F00:864e8a54:"",59:87558640:6d67fee5:"",60:87557E40:b5e66611:"",61:5B650580:65efe288:""] controls=[52:4D684760:f4d5c945:"",53:4D6848E0:fa38cba1:"",54:4D684800:31cad73f:"",55:4D683F40:3ed2e2e0:"",56:4D6841C0:0f984b53:"",57:5AD14660:1dec7b00:""] weights=[52:1,53:1,54:1,55:1,56:1,57:1,58:1,59:1,60:1,61:1] vectors=[56:(1,1,1),57:(1,1,1),58:(1,1,1),59:(1,1,1),60:(1,1,1),61:(1,1,1)]
2026-09-12 16:17:32.817 liquid native stain contact consumed source=confirmed particle=439 emission=1 retry=0 result=9 count=1 native_hit=1 body_confirmed=0 retried=0 outcome=native-hit-attachment-unconfirmed
2026-09-12 16:17:32.817 NATIVE STAIN PICK sequence=63 caller=TK17-158.001.exe+0x1f24ac(005F24AC) self=02820560 list="Dress01|Person01|Dress02|Person02|Dress03|Person03|Dress04|Person04" origin=(-0.20994,0.08570,-2.22261) direction=(0.10910,-0.77058,-0.62794) include_hidden=1 flags=0x0005d145 result=9 count=1 data=5346fea0 custom_contact=1 predicted=0 custom_particle=439 custom_hit=0
2026-09-12 16:17:32.817 memory snapshot label="native-stain-pick-result" address=5346FEA0 words=3d8cfdf7,31ea2680,31ea2680,799aa3c0,31e079c0,be4f499e,3d05c136,c0110376,3eca9bbf,3f4b6ce2,3eebb9ab,00000591,0000058d,00000592,3c821a06,3e2c65da,3e25580b,3f1464e5,3bb5120f,3df361e7,bf8ab35a,57ea1400,0000000b,3e0d9e84
2026-09-12 16:17:32.818 NATIVE STAIN CACHE sequence=63 caller=TK17-158.001.exe+0x1f2813(005F2813) self=5844bca0 surface=31ea2680 surface_name="NcBlouse4_group_mesh" template=670d34c0 template_name="" result=670d34c0 result_name=""
2026-09-12 16:17:32.818 memory snapshot label="native-stain-cache-result" address=670D34C0 words=72851090,0000000d,72851098,6627f9a0,00000001,6745c4e0,728942f8,01010101,00000000,00000000,00000015,00000001,ffffffff,72894190,589ded01,589df3c0
2026-09-12 16:17:32.826 liquid world emitter sample person=2 emission=1 position=(1.86838,1.31299,2.25333) direction=(0.00000,0.97764,-0.21030) source=rebuilt-joint-local-hierarchy
2026-09-12 16:17:32.848 liquid native stain contact consumed source=confirmed particle=442 emission=1 retry=0 result=9 count=1 native_hit=1 body_confirmed=0 retried=0 outcome=native-hit-attachment-unconfirmed
2026-09-12 16:17:32.848 NATIVE STAIN PICK sequence=64 caller=TK17-158.001.exe+0x1f24ac(005F24AC) self=02820560 list="Dress01|Person01|Dress02|Person02|Dress03|Person03|Dress04|Person04" origin=(-0.21101,0.08805,-2.22602) direction=(0.10327,-0.77072,-0.62874) include_hidden=1 flags=0x0005d147 result=9 count=1 data=5346dfc0 custom_contact=1 predicted=0 custom_particle=442 custom_hit=0
2026-09-12 16:17:32.848 memory snapshot label="native-stain-pick-result" address=5346DFC0 words=3d8d42bb,31ea2680,31ea2680,799aa3c0,31e079c0,be50c768,3d0ee718,c0113da7,3eafe94d,3f55a7d0,3edc76d8,0000052b,00000591,0000052e,3f418464,3bcb0961,3e229a57,3f14a6e1,3abe1c3c,3df3c31a,bf8ae01a,57ea1400,0000000b,3ee2be8c
2026-09-12 16:17:32.849 NATIVE STAIN CACHE sequence=64 caller=TK17-158.001.exe+0x1f2813(005F2813) self=5844bca0 surface=31ea2680 surface_name="NcBlouse4_group_mesh" template=670d2620 template_name="" result=670d2620 result_name=""
2026-09-12 16:17:32.849 memory snapshot label="native-stain-cache-result" address=670D2620 words=72851090,00000002,72851098,6627c1c0,00000001,6745b920,728942f8,01010101,00000000,00000000,00000015,00000001,ffffffff,72894190,673cf601,00000000
2026-09-12 16:17:32.887 liquid native stain contact consumed source=confirmed particle=443 emission=1 retry=0 result=9 count=1 native_hit=1 body_confirmed=0 retried=0 outcome=native-hit-attachment-unconfirmed
2026-09-12 16:17:32.887 NATIVE STAIN PICK sequence=65 caller=TK17-158.001.exe+0x1f24ac(005F24AC) self=02820560 list="Dress01|Person01|Dress02|Person02|Dress03|Person03|Dress04|Person04" origin=(-0.20228,0.08507,-2.22477) direction=(0.10851,-0.77319,-0.62482) include_hidden=1 flags=0x0005d149 result=9 count=1 data=5346dfc0 custom_contact=1 predicted=0 custom_particle=443 custom_hit=0
2026-09-12 16:17:32.887 memory snapshot label="native-stain-pick-result" address=5346DFC0 words=3d93c54d,31ea2680,31ea2680,799aa3c0,31e079c0,be471ea0,3cefd9ac,c0114533,3ee061ec,3f473322,3ee660f3,00000596,0000052e,00000591,3b9bbb3d,3f16987b,3e28499e,3f15d295,3c1680d6,3ded30c9,bf8bbd59,57ea1400,0000000b,3ee2be8c
2026-09-12 16:17:32.888 NATIVE STAIN CACHE sequence=65 caller=TK17-158.001.exe+0x1f2813(005F2813) self=5844bca0 surface=31ea2680 surface_name="NcBlouse4_group_mesh" template=670d5440 template_name="" result=670d5440 result_name=""
2026-09-12 16:17:32.888 memory snapshot label="native-stain-cache-result" address=670D5440 words=72851090,00000033,72851098,66280420,00000001,6745c640,728942f8,01010101,00000000,00000000,00000015,00000001,ffffffff,72894190,6735f901,00000000
2026-09-12 16:17:32.904 liquid native stain contact consumed source=confirmed particle=444 emission=1 retry=0 result=9 count=1 native_hit=1 body_confirmed=0 retried=0 outcome=native-hit-attachment-unconfirmed
2026-09-12 16:17:32.906 NATIVE STAIN PICK sequence=66 caller=TK17-158.001.exe+0x1f24ac(005F24AC) self=02820560 list="Dress01|Person01|Dress02|Person02|Dress03|Person03|Dress04|Person04" origin=(-0.20380,0.08581,-2.22424) direction=(0.10397,-0.77493,-0.62344) include_hidden=1 flags=0x0005d14a result=9 count=1 data=5346dfc0 custom_contact=1 predicted=0 custom_particle=444 custom_hit=0
2026-09-12 16:17:32.906 memory snapshot label="native-stain-pick-result" address=5346DFC0 words=3d9057d1,31ea2680,31ea2680,799aa3c0,31e079c0,be492eda,3cff7e9a,c01129e2,3edd950a,3f47d84d,3ee6da80,00000596,00000591,00000595,3f3a6417,3dc02e50,3e2773a2,3f1545f7,3c067de1,3def752d,bf8b5918,57ea1400,0000000b,3ee2be8c
2026-09-12 16:17:32.907 NATIVE STAIN CACHE sequence=66 caller=TK17-158.001.exe+0x1f2813(005F2813) self=5844bca0 surface=31ea2680 surface_name="NcBlouse4_group_mesh" template=670d38a0 template_name="" result=670d38a0 result_name=""
2026-09-12 16:17:32.907 memory snapshot label="native-stain-cache-result" address=670D38A0 words=72851090,0000001e,72851098,6627d5a0,00000001,6745d100,728942f8,01010101,00000000,00000000,00000015,00000001,ffffffff,72894190,589ded01,589df3c0
2026-09-12 16:17:32.907 NATIVE STAIN ANIMATION DIAG generation=63 emission=1 particle=444 sample_ms=0 update=32b904e0 descriptor=5844bca0 descriptor_checksum=2115b903 group_index=0 group=57e00840 group_checksum=cf720228 counts=(nodes:66,controls:62,weights:66,vectors:66) nodes=[60:87557E40:5000af94:"",61:5B650580:04086b95:"",62:5B6506E0:ac35a3f3:"",63:5B64FF00:c6a372e3:"",64:5B650120:2a2af7d2:"",65:5B6502A0:2d523b36:""] controls=[56:4D6841C0:0f984b53:"",57:5AD14660:1dec7b00:"",58:5AD14080:b2c3c825:"",59:5AD142A0:802cd78f:"",60:5AD14940:aaebad1c:"",61:5AD15160:ace56f4b:""] weights=[56:1,57:1,58:1,59:1,60:1,61:1,62:1,63:1,64:1,65:1] vectors=[60:(1,1,1),61:(1,1,1),62:(1,1,1),63:(1,1,1),64:(1,1,1),65:(1,1,1)]
2026-09-12 16:17:32.938 liquid native stain contact consumed source=confirmed particle=448 emission=1 retry=0 result=9 count=1 native_hit=1 body_confirmed=0 retried=0 outcome=native-hit-attachment-unconfirmed
2026-09-12 16:17:32.938 NATIVE STAIN PICK sequence=67 caller=TK17-158.001.exe+0x1f24ac(005F24AC) self=02820560 list="Dress01|Person01|Dress02|Person02|Dress03|Person03|Dress04|Person04" origin=(-0.20972,0.08853,-2.22458) direction=(0.09942,-0.77393,-0.62542) include_hidden=1 flags=0x0005d14c result=9 count=1 data=5346dfc0 custom_contact=1 predicted=0 custom_particle=448 custom_hit=0
2026-09-12 16:17:32.938 memory snapshot label="native-stain-pick-result" address=5346DFC0 words=3d8b3fe5,31ea2680,31ea2680,799aa3c0,31e079c0,be4fd407,3d131640,c0111832,3eb275bb,3f536c28,3ee2eea0,00000591,0000058d,00000592,3e3bbd60,3d054fe8,3e239813,3f143e76,3b420c82,3df37299,bf8a9665,57ea1400,0000000b,3ee2be8c
2026-09-12 16:17:32.939 NATIVE STAIN CACHE sequence=67 caller=TK17-158.001.exe+0x1f2813(005F2813) self=5844bca0 surface=31ea2680 surface_name="NcBlouse4_group_mesh" template=670d5440 template_name="" result=670d5440 result_name=""
2026-09-12 16:17:32.939 memory snapshot label="native-stain-cache-result" address=670D5440 words=72851090,00000033,72851098,66280420,00000001,6745c640,728942f8,01010101,00000000,00000000,00000015,00000001,ffffffff,72894190,6735f901,00000000
2026-09-12 16:17:32.970 liquid native stain contact consumed source=confirmed particle=454 emission=1 retry=0 result=9 count=1 native_hit=1 body_confirmed=0 retried=0 outcome=native-hit-attachment-unconfirmed
2026-09-12 16:17:32.970 NATIVE STAIN PICK sequence=68 caller=TK17-158.001.exe+0x1f24ac(005F24AC) self=02820560 list="Dress01|Person01|Dress02|Person02|Dress03|Person03|Dress04|Person04" origin=(-0.19730,0.09878,-2.26747) direction=(0.10751,-0.75130,-0.65115) include_hidden=1 flags=0x0005d14e result=9 count=1 data=53470060 custom_contact=1 predicted=0 custom_particle=454 custom_hit=0
2026-09-12 16:17:32.971 memory snapshot label="native-stain-pick-result" address=53470060 words=3d82fa27,31ea2680,31ea2680,799aa3c0,31e079c0,be42fdd5,3d4fcee6,c013c86e,3d9bbcda,3f748641,3e927d72,00000706,00000709,00000530,3e37cb04,3ea0af39,3e12583b,3f1b5a53,bcba85ab,3def0869,bf8f5df6,57ea1400,0000000b,3f3e1f9f
2026-09-12 16:17:32.971 NATIVE STAIN CACHE sequence=68 caller=TK17-158.001.exe+0x1f2813(005F2813) self=5844bca0 surface=31ea2680 surface_name="NcBlouse4_group_mesh" template=670d2580 template_name="" result=670d2580 result_name=""
2026-09-12 16:17:32.971 memory snapshot label="native-stain-cache-result" address=670D2580 words=72851090,0000000c,72851098,6627b920,00000001,6745b8a0,728942f8,01010101,00000000,00000000,00000015,00000001,ffffffff,72894190,67755801,00000000
2026-09-12 16:17:33.009 liquid native stain contact consumed source=confirmed particle=457 emission=1 retry=0 result=9 count=1 native_hit=1 body_confirmed=0 retried=0 outcome=native-hit-attachment-unconfirmed
2026-09-12 16:17:33.009 NATIVE STAIN PICK sequence=69 caller=TK17-158.001.exe+0x1f24ac(005F24AC) self=02820560 list="Dress01|Person01|Dress02|Person02|Dress03|Person03|Dress04|Person04" origin=(-0.19577,0.09544,-2.25155) direction=(0.10537,-0.76201,-0.63894) include_hidden=1 flags=0x0005d150 result=9 count=1 data=5346ebc0 custom_contact=1 predicted=0 custom_particle=457 custom_hit=0
2026-09-12 16:17:33.009 memory snapshot label="native-stain-pick-result" address=5346EBC0 words=3d843f4b,31ea2680,31ea2680,799aa3c0,31e079c0,be41802a,3d3d6396,c012bd72,3ea9535a,3f5d955b,3ec08d23,0000052f,00000530,0000052d,3e80a6a2,3e565e77,3e1b85ba,3f1910cb,bc1d314b,3df0cc22,bf8de98a,57ea1400,00000000,be19999a
2026-09-12 16:17:33.010 NATIVE STAIN CACHE sequence=69 caller=TK17-158.001.exe+0x1f2813(005F2813) self=5844bca0 surface=31ea2680 surface_name="NcBlouse4_group_mesh" template=670d2620 template_name="" result=670d2620 result_name=""
2026-09-12 16:17:33.010 memory snapshot label="native-stain-cache-result" address=670D2620 words=72851090,00000002,72851098,6627c1c0,00000001,6745b920,728942f8,01010101,00000000,00000000,00000015,00000001,ffffffff,72894190,673cf601,00000000
2026-09-12 16:17:33.011 NATIVE STAIN ANIMATION DIAG generation=66 emission=1 particle=457 sample_ms=0 update=32b904e0 descriptor=5844bca0 descriptor_checksum=26b1d8ab group_index=0 group=57e00840 group_checksum=9d8db7c6 counts=(nodes:69,controls:65,weights:69,vectors:69) nodes=[63:5B64FF00:03da67d5:"",64:5B650120:84e9c8f4:"",65:5B6502A0:9d8c7d18:"",66:50301740:5537071a:"",67:506AE600:859327fe:"",68:506AE480:c5ae9e4a:""] controls=[59:5AD142A0:802cd78f:"",60:5AD14940:aaebad1c:"",61:5AD15160:ace56f4b:"",62:5AD15420:8aeb476f:"",63:5AD15520:d51d5dce:"",64:5AD15600:86452d6f:""] weights=[59:1,60:1,61:1,62:1,63:1,64:1,65:1,66:1,67:1,68:1] vectors=[63:(1,1,1),64:(1,1,1),65:(1,1,1),66:(1,1,1),67:(1,1,1),68:(1,1,1)]
2026-09-12 16:17:33.027 liquid native stain contact consumed source=confirmed particle=460 emission=1 retry=0 result=9 count=1 native_hit=1 body_confirmed=0 retried=0 outcome=native-hit-attachment-unconfirmed
2026-09-12 16:17:33.028 NATIVE STAIN PICK sequence=70 caller=TK17-158.001.exe+0x1f24ac(005F24AC) self=02820560 list="Dress01|Person01|Dress02|Person02|Dress03|Person03|Dress04|Person04" origin=(-0.18835,0.09048,-2.24500) direction=(0.11339,-0.76495,-0.63403) include_hidden=1 flags=0x0005d151 result=9 count=1 data=5346e860 custom_contact=1 predicted=0 custom_particle=460 custom_hit=0
2026-09-12 16:17:33.028 memory snapshot label="native-stain-pick-result" address=5346E860 words=3d88fc3e,31ea2680,31ea2680,799aa3c0,31e079c0,be3919c7,3d210ca8,c01264f4,3ee88c62,3f43b85c,3eea2dc9,0000052f,00000531,00000532,3e3c3a1c,3e26c14c,3e2397ea,3f1951bc,3adb307a,3deae3ad,bf8e2088,57ea1400,0000000b,3d7f583a
2026-09-12 16:17:33.029 NATIVE STAIN CACHE sequence=70 caller=TK17-158.001.exe+0x1f2813(005F2813) self=5844bca0 surface=31ea2680 surface_name="NcBlouse4_group_mesh" template=670d2860 template_name="" result=670d2860 result_name=""
2026-09-12 16:17:33.029 memory snapshot label="native-stain-cache-result" address=670D2860 words=72851090,0000001f,72851098,6627ee60,00000001,6745d180,728942f8,01010101,00000000,00000000,00000015,00000001,ffffffff,72894190,59746901,670d2e80
2026-09-12 16:17:33.030 testicular retraction live write person=2 control=4aa2ebe0 input=0.250 baseline=0.000 contribution=0.250 output=0.250
2026-09-12 16:17:33.058 liquid native stain contact consumed source=confirmed particle=465 emission=1 retry=0 result=9 count=1 native_hit=1 body_confirmed=0 retried=0 outcome=native-hit-attachment-unconfirmed
2026-09-12 16:17:33.060 NATIVE STAIN PICK sequence=71 caller=TK17-158.001.exe+0x1f24ac(005F24AC) self=02820560 list="Dress01|Person01|Dress02|Person02|Dress03|Person03|Dress04|Person04" origin=(-0.19272,0.09100,-2.24158) direction=(0.11075,-0.76604,-0.63318) include_hidden=1 flags=0x0005d153 result=9 count=1 data=5346e860 custom_contact=1 predicted=0 custom_particle=465 custom_hit=0
2026-09-12 16:17:33.060 memory snapshot label="native-stain-pick-result" address=5346E860 words=3d81cc60,31ea2680,31ea2680,799aa3c0,31e079c0,be3e275d,3d2de27f,c012078b,3eee1d4f,3f439b47,3ee4e7d9,0000052e,00000531,0000052f,3dd0a13b,3ea22e5e,3e22cece,3f17ae62,3a8fdaa8,3deeae6d,bf8d1488,57ea1400,0000000b,3ccccccd
2026-09-12 16:17:33.061 NATIVE STAIN CACHE sequence=71 caller=TK17-158.001.exe+0x1f2813(005F2813) self=5844bca0 surface=31ea2680 surface_name="NcBlouse4_group_mesh" template=670d21a0 template_name="" result=670d21a0 result_name=""
2026-09-12 16:17:33.061 memory snapshot label="native-stain-cache-result" address=670D21A0 words=72851090,00000002,72851098,58a175c0,00000001,6745b740,728942f8,01010101,00000000,00000000,00000015,00000001,ffffffff,72894190,673acf01,00000000
2026-09-12 16:17:33.069 liquid world emitter sample person=2 emission=1 position=(1.86838,1.29865,2.37226) direction=(0.00000,0.98205,0.18863) source=rebuilt-joint-local-hierarchy
2026-09-12 16:17:33.098 liquid native stain contact consumed source=confirmed particle=472 emission=1 retry=0 result=9 count=1 native_hit=1 body_confirmed=0 retried=0 outcome=native-hit-attachment-unconfirmed
2026-09-12 16:17:33.099 NATIVE STAIN PICK sequence=72 caller=TK17-158.001.exe+0x1f24ac(005F24AC) self=02820560 list="Dress01|Person01|Dress02|Person02|Dress03|Person03|Dress04|Person04" origin=(-0.19303,0.08999,-2.23900) direction=(0.11075,-0.76742,-0.63151) include_hidden=1 flags=0x0005d155 result=9 count=1 data=5346e860 custom_contact=1 predicted=0 custom_particle=472 custom_hit=0
2026-09-12 16:17:33.099 memory snapshot label="native-stain-pick-result" address=5346E860 words=3d7ef5cc,31ea2680,31ea2680,799aa3c0,31e079c0,be3e9a5a,3d2ceb52,c011cfdd,3eee4bef,3f43c71a,3ee42122,0000052e,00000596,00000531,3d929b01,3dc0de2b,3e243193,3f170fcd,3b506280,3dee6737,bf8cb10f,57ea1400,0000000b,3ccccccd
2026-09-12 16:17:33.100 NATIVE STAIN CACHE sequence=72 caller=TK17-158.001.exe+0x1f2813(005F2813) self=5844bca0 surface=31ea2680 surface_name="NcBlouse4_group_mesh" template=670d38a0 template_name="" result=670d38a0 result_name=""
2026-09-12 16:17:33.100 memory snapshot label="native-stain-cache-result" address=670D38A0 words=72851090,0000001e,72851098,6627d5a0,00000001,6745d100,728942f8,01010101,00000000,00000000,00000015,00000001,ffffffff,72894190,589ded01,589df3c0
2026-09-12 16:17:33.114 NATIVE STAIN ANIMATION DIAG generation=69 emission=1 particle=472 sample_ms=16 update=32b904e0 descriptor=5844bca0 descriptor_checksum=17d20002 group_index=0 group=57e00840 group_checksum=9d8db7c6 counts=(nodes:72,controls:68,weights:72,vectors:72) nodes=[66:50301740:36b97218:"",67:506AE600:16aaf144:"",68:506AE480:0ef6488e:"",69:506AE540:ba1191f1:"",70:506AE8E0:6b682526:"",71:87231740:e6df94e1:""] controls=[62:5AD15420:8aeb476f:"",63:5AD15520:d51d5dce:"",64:5AD15600:86452d6f:"",65:5AD16420:a8fb0e01:"",66:5AD16280:335522e5:"",67:5AD161A0:9cde0f3d:""] weights=[62:1,63:1,64:1,65:1,66:1,67:1,68:1,69:1,70:1,71:1] vectors=[66:(1,1,1),67:(1,1,1),68:(1,1,1),69:(1,1,1),70:(1,1,1),71:(1,1,1)]
2026-09-12 16:17:33.129 liquid native stain contact consumed source=confirmed particle=477 emission=1 retry=0 result=9 count=1 native_hit=1 body_confirmed=0 retried=0 outcome=native-hit-attachment-unconfirmed
2026-09-12 16:17:33.130 NATIVE STAIN PICK sequence=73 caller=TK17-158.001.exe+0x1f24ac(005F24AC) self=02820560 list="Dress01|Person01|Dress02|Person02|Dress03|Person03|Dress04|Person04" origin=(-0.20632,0.09534,-2.24107) direction=(0.10168,-0.76416,-0.63696) include_hidden=1 flags=0x0005d157 result=9 count=1 data=5346e860 custom_contact=1 predicted=0 custom_particle=477 custom_hit=0
2026-09-12 16:17:33.130 memory snapshot label="native-stain-pick-result" address=5346E860 words=3d71ecd1,31ea2680,31ea2680,799aa3c0,31e079c0,be4d1e44,3d4d9f86,c011d603,3e46ff30,3f6945ff,3eb9f3ae,0000052b,0000052e,0000052c,3e659fce,3eaedda5,3e1ba7cd,3f157291,bc11f1a8,3df49689,bf8b7247,57ea1400,0000000b,3ccccccd
2026-09-12 16:17:33.131 NATIVE STAIN CACHE sequence=73 caller=TK17-158.001.exe+0x1f2813(005F2813) self=5844bca0 surface=31ea2680 surface_name="NcBlouse4_group_mesh" template=670d2860 template_name="" result=670d2860 result_name=""
2026-09-12 16:17:33.131 memory snapshot label="native-stain-cache-result" address=670D2860 words=72851090,0000001f,72851098,6627ee60,00000001,6745d180,728942f8,01010101,00000000,00000000,00000015,00000001,ffffffff,72894190,59746901,670d2e80
2026-09-12 16:17:33.160 liquid native stain contact consumed source=confirmed particle=482 emission=1 retry=0 result=9 count=1 native_hit=1 body_confirmed=0 retried=0 outcome=native-hit-attachment-unconfirmed
2026-09-12 16:17:33.161 NATIVE STAIN PICK sequence=74 caller=TK17-158.001.exe+0x1f24ac(005F24AC) self=02820560 list="Dress01|Person01|Dress02|Person02|Dress03|Person03|Dress04|Person04" origin=(-0.21125,0.08891,-2.21906) direction=(0.10243,-0.77420,-0.62459) include_hidden=1 flags=0x0005d159 result=9 count=1 data=5346e860 custom_contact=1 predicted=0 custom_particle=482 custom_hit=0
2026-09-12 16:17:33.161 memory snapshot label="native-stain-pick-result" address=5346E860 words=3d7b26fd,31ea2680,31ea2680,799aa3c0,31e079c0,be51e324,3d29bb84,c0107883,3e8858d7,3f51c0e0,3f01f801,00000590,00000592,0000058d,3f3517b4,3e35d78c,3e254293,3f126577,3bb9fb8d,3df3fd35,bf894339,57ea1400,0000000b,3ccccccd
2026-09-12 16:17:33.162 NATIVE STAIN CACHE sequence=74 caller=TK17-158.001.exe+0x1f2813(005F2813) self=5844bca0 surface=31ea2680 surface_name="NcBlouse4_group_mesh" template=670d3300 template_name="" result=670d3300 result_name=""
2026-09-12 16:17:33.162 memory snapshot label="native-stain-cache-result" address=670D3300 words=72851090,00000028,72851098,6627dae0,00000001,6745ca80,728942f8,01010101,00000000,00000000,00000015,00000001,ffffffff,72894190,00000001,3f800000
2026-09-12 16:17:33.188 liquid native stain contact consumed source=confirmed particle=483 emission=1 retry=0 result=9 count=1 native_hit=1 body_confirmed=0 retried=0 outcome=native-hit-attachment-unconfirmed
2026-09-12 16:17:33.189 NATIVE STAIN PICK sequence=75 caller=TK17-158.001.exe+0x1f24ac(005F24AC) self=02820560 list="Dress01|Person01|Dress02|Person02|Dress03|Person03|Dress04|Person04" origin=(-0.17877,0.09366,-2.26589) direction=(0.11864,-0.75548,-0.64435) include_hidden=1 flags=0x0005d15b result=9 count=1 data=5346e860 custom_contact=1 predicted=0 custom_particle=483 custom_hit=0
2026-09-12 16:17:33.189 memory snapshot label="native-stain-pick-result" address=5346E860 words=3d70f336,31ea2680,31ea2680,799aa3c0,31e079c0,be2fea0f,3d499c67,c0137162,3ed419f5,3f4150f9,3f0211c6,00000534,00000707,00000533,3f443459,3e362b8d,3e1d9866,3f1ca208,bbf84798,3dec5381,bf904af2,57ea1400,0000000b,3ccccccd
2026-09-12 16:17:33.190 NATIVE STAIN CACHE sequence=75 caller=TK17-158.001.exe+0x1f2813(005F2813) self=5844bca0 surface=31ea2680 surface_name="NcBlouse4_group_mesh" template=670d2f20 template_name="" result=670d2f20 result_name=""
2026-09-12 16:17:33.190 memory snapshot label="native-stain-cache-result" address=670D2F20 words=72851090,0000001d,72851098,6627f0a0,00000001,6745c360,728942f8,01010101,00000000,00000000,00000015,00000001,ffffffff,72894190,36cf0001,00000000
2026-09-12 16:17:33.224 NATIVE STAIN ANIMATION DIAG generation=72 emission=1 particle=483 sample_ms=47 update=32b904e0 descriptor=5844bca0 descriptor_checksum=e92adea8 group_index=0 group=57e00840 group_checksum=8adf5f37 counts=(nodes:75,controls:71,weights:75,vectors:75) nodes=[69:506AE540:b2a0320a:"",70:506AE8E0:16e90efd:"",71:87231740:aac7aa7a:"",72:872320A0:d44a7d55:"",73:87231FE0:db2ed42f:"",74:87232160:b87e1f69:""] controls=[65:5AD16420:a8fb0e01:"",66:5AD16280:335522e5:"",67:5AD161A0:f797c33e:"",68:5AD15AC0:fbe35a3a:"",69:5AD16380:65701df0:"",70:5AD15F20:3be818d8:""] weights=[65:1,66:1,67:1,68:1,69:1,70:1,71:1,72:1,73:1,74:1] vectors=[69:(1,1,1),70:(1,1,1),71:(1,1,1),72:(1,1,1),73:(1,1,1),74:(1,1,1)]
2026-09-12 16:17:33.270 testicular retraction live write person=2 control=4aa2ebe0 input=0.250 baseline=0.000 contribution=0.250 output=0.250
2026-09-12 16:17:33.318 liquid world emitter sample person=2 emission=1 position=(1.86838,1.29351,2.38651) direction=(0.00000,0.97129,0.23790) source=rebuilt-joint-local-hierarchy
2026-09-12 16:17:33.335 NATIVE STAIN ANIMATION DIAG generation=72 emission=1 particle=483 sample_ms=157 update=32b904e0 descriptor=5844bca0 descriptor_checksum=e92adea8 group_index=0 group=57e00840 group_checksum=8adf5f37 counts=(nodes:75,controls:71,weights:75,vectors:75) nodes=[69:506AE540:2fc533e1:"",70:506AE8E0:6c365ad6:"",71:87231740:712bf2f1:"",72:872320A0:9bcde19e:"",73:87231FE0:f2e3ddcc:"",74:87232160:548b93a2:""] controls=[65:5AD16420:a8fb0e01:"",66:5AD16280:335522e5:"",67:5AD161A0:f797c33e:"",68:5AD15AC0:fbe35a3a:"",69:5AD16380:65701df0:"",70:5AD15F20:3be818d8:""] weights=[65:1,66:1,67:1,68:1,69:1,70:1,71:1,72:1,73:1,74:1] vectors=[69:(1,1,1),70:(1,1,1),71:(1,1,1),72:(1,1,1),73:(1,1,1),74:(1,1,1)]
2026-09-12 16:17:33.450 NATIVE STAIN ANIMATION DIAG generation=72 emission=1 particle=483 sample_ms=266 update=32b904e0 descriptor=5844bca0 descriptor_checksum=e92adea8 group_index=0 group=57e00840 group_checksum=8adf5f37 counts=(nodes:75,controls:71,weights:75,vectors:75) nodes=[69:506AE540:f3ad497a:"",70:506AE8E0:cbf6e16d:"",71:87231740:69ba930a:"",72:872320A0:b3466085:"",73:87231FE0:c908617f:"",74:87232160:a3a084f9:""] controls=[65:5AD16420:a8fb0e01:"",66:5AD16280:335522e5:"",67:5AD161A0:f797c33e:"",68:5AD15AC0:fbe35a3a:"",69:5AD16380:65701df0:"",70:5AD15F20:3be818d8:""] weights=[65:1,66:1,67:1,68:1,69:1,70:1,71:1,72:1,73:1,74:1] vectors=[69:(1,1,1),70:(1,1,1),71:(1,1,1),72:(1,1,1),73:(1,1,1),74:(1,1,1)]
2026-09-12 16:17:33.472 liquid native update performance version=0.8.12-decal-freeze-performance samples=67 native_and_pick_ms=0.799 freeze_cleanup_ms=0.098 diagnostics_and_retraction_ms=0.180 peak_total_ms=4.685 tracked=71 freeze_hook=1
2026-09-12 16:17:33.520 testicular retraction live write person=2 control=4aa2ebe0 input=0.078 baseline=0.000 contribution=0.078 output=0.078
2026-09-12 16:17:33.563 NATIVE STAIN ANIMATION DIAG generation=72 emission=1 particle=483 sample_ms=375 update=32b904e0 descriptor=5844bca0 descriptor_checksum=e92adea8 group_index=0 group=57e00840 group_checksum=8adf5f37 counts=(nodes:75,controls:71,weights:75,vectors:75) nodes=[69:506AE540:c7056911:"",70:506AE8E0:70c0d386:"",71:87231740:32a2e841:"",72:872320A0:13601f0e:"",73:87231FE0:6b91bf5c:"",74:87232160:4de7a5f2:""] controls=[65:5AD16420:a8fb0e01:"",66:5AD16280:335522e5:"",67:5AD161A0:f797c33e:"",68:5AD15AC0:fbe35a3a:"",69:5AD16380:65701df0:"",70:5AD15F20:3be818d8:""] weights=[65:1,66:1,67:1,68:1,69:1,70:1,71:1,72:1,73:1,74:1] vectors=[69:(1,1,1),70:(1,1,1),71:(1,1,1),72:(1,1,1),73:(1,1,1),74:(1,1,1)]
2026-09-12 16:17:33.564 NATIVE STAIN FIELD DIAG generation=72 outcome=baseline node=87232160 control=59bdcae0
2026-09-12 16:17:33.564 memory snapshot label="native-stain-animation-node-baseline" address=87232160 words=7285a8d4,508b4e60,7285a908,72894190,534727e0,799aa3c0,01fff0ad,00000000,00000000,00000000,5a0e1bca,00000000,670d2f20,72894230,00000000,0005d176,3f800000,3f800000,3f800000,3f800000,00000000,00000000,00000000,00000000
2026-09-12 16:17:33.564 memory snapshot label="native-stain-animation-control-baseline" address=59BDCAE0 words=72859ad4,59c05d00,72859adc,72894190,3f800000,00000000,72894170,59c05fc0,00720034,00000000,baaae3ca,8d041700,00000000,00000000,00000000,59bdcb10,00000000,00000000,07df48b8,00000000,00000002,728b0104,00000001,00000001
2026-09-12 16:17:33.564 liquid deep link event="native-stain-animation-node" object=87232160 offset=0x014 pointer=799aa3c0 target_name="NcBlouse4_group"
2026-09-12 16:17:33.564 liquid deep string event="native-stain-animation-node" object=87232160 offset=0x03c pointer=0005d176 text="-"
2026-09-12 16:17:33.566 liquid deep string event="native-stain-animation-control" object=59bdcae0 offset=0x01c pointer=59c05fc0 text="TRS_group"
2026-09-12 16:17:33.574 liquid world emitter sample person=2 emission=1 position=(1.86838,1.29560,2.38099) direction=(0.00000,0.97577,0.21878) source=rebuilt-joint-local-hierarchy
2026-09-12 16:17:33.675 NATIVE STAIN ANIMATION DIAG generation=72 emission=1 particle=483 sample_ms=485 update=32b904e0 descriptor=5844bca0 descriptor_checksum=e92adea8 group_index=0 group=57e00840 group_checksum=8adf5f37 counts=(nodes:75,controls:71,weights:75,vectors:75) nodes=[69:506AE540:276ba0f9:"",70:506AE8E0:524df9ee:"",71:87231740:f3639c69:"",72:872320A0:8a6c3926:"",73:87231FE0:debb07c4:"",74:87232160:6fe22d7a:""] controls=[65:5AD16420:a8fb0e01:"",66:5AD16280:335522e5:"",67:5AD161A0:9f8f24cc:"",68:5AD15AC0:fbe35a3a:"",69:5AD16380:65701df0:"",70:5AD15F20:3be818d8:""] weights=[65:1,66:1,67:1,68:1,69:1,70:1,71:1,72:1,73:1,74:1] vectors=[69:(1,1,1),70:(1,1,1),71:(1,1,1),72:(1,1,1),73:(1,1,1),74:(1,1,1)]
2026-09-12 16:17:33.675 NATIVE STAIN FIELD DIAG generation=72 node=87232160 control=59BDCAE0 changes=N+0x3c:0005d176>0005d17e(5.343179e-040>5.343291e-040) totals=(node:1,control:0)
2026-09-12 16:17:33.768 testicular retraction live write person=2 control=4aa2ebe0 input=0.000 baseline=0.000 contribution=-0.000 output=0.000
2026-09-12 16:17:33.787 NATIVE STAIN ANIMATION DIAG generation=72 emission=1 particle=483 sample_ms=610 update=32b904e0 descriptor=5844bca0 descriptor_checksum=e92adea8 group_index=0 group=57e00840 group_checksum=8adf5f37 counts=(nodes:75,controls:71,weights:75,vectors:75) nodes=[69:506AE540:e69aaf1c:"",70:506AE8E0:5140065b:"",71:87231740:bc02d02c:"",72:872320A0:d76287a3:"",73:87231FE0:53bd8dd1:"",74:87232160:eb8a4cb7:""] controls=[65:5AD16420:a8fb0e01:"",66:5AD16280:335522e5:"",67:5AD161A0:6e00975e:"",68:5AD15AC0:fbe35a3a:"",69:5AD16380:65701df0:"",70:5AD15F20:3be818d8:""] weights=[65:1,66:1,67:1,68:1,69:1,70:1,71:1,72:1,73:1,74:1] vectors=[69:(1,1,1),70:(1,1,1),71:(1,1,1),72:(1,1,1),73:(1,1,1),74:(1,1,1)]
2026-09-12 16:17:33.788 NATIVE STAIN FIELD DIAG generation=72 node=87232160 control=59BDCAE0 changes=N+0x3c:0005d17e>0005d187(5.343291e-040>5.343417e-040) totals=(node:1,control:0)
2026-09-12 16:17:33.813 ejaculation audio started person=2 emission=1 pulse=7 volume=0.000 path="C:\Users\ErolB\Desktop\Games\TK17\The Klub 17\Extensions\Liquids\Sounds\Ejaculation\Default\cum07.mp3"
2026-09-12 16:17:33.814 testicular retraction control resolved person=2 mode=FindObjC-direct wrapper=4aa2ebe0 control=4aa2ebe0 weight=0.000
2026-09-12 16:17:33.814 testicular retraction pulse person=2 emission=1 pulse=7 baseline=0.000 start=-0.001 target=0.250
2026-09-12 16:17:33.820 testicular retraction applied person=2 emission=1 pulse=7 baseline=0.000 contribution=-0.001 output=0.000
2026-09-12 16:17:33.828 liquid world emitter sample person=2 emission=1 position=(1.86838,1.31038,2.32388) direction=(0.00000,0.99972,0.02379) source=rebuilt-joint-local-hierarchy
2026-09-12 16:17:33.897 NATIVE STAIN ANIMATION DIAG generation=72 emission=1 particle=483 sample_ms=719 update=32b904e0 descriptor=5844bca0 descriptor_checksum=e92adea8 group_index=0 group=57e00840 group_checksum=8adf5f37 counts=(nodes:75,controls:71,weights:75,vectors:75) nodes=[69:506AE540:f68148a9:"",70:506AE8E0:bbef18de:"",71:87231740:dcf50839:"",72:872320A0:9df62416:"",73:87231FE0:839f4e54:"",74:87232160:0673cc4a:""] controls=[65:5AD16420:a8fb0e01:"",66:5AD16280:335522e5:"",67:5AD161A0:288452bc:"",68:5AD15AC0:fbe35a3a:"",69:5AD16380:65701df0:"",70:5AD15F20:3be818d8:""] weights=[65:1,66:1,67:1,68:1,69:1,70:1,71:1,72:1,73:1,74:1] vectors=[69:(1,1,1),70:(1,1,1),71:(1,1,1),72:(1,1,1),73:(1,1,1),74:(1,1,1)]
2026-09-12 16:17:33.898 NATIVE STAIN FIELD DIAG generation=72 node=87232160 control=59BDCAE0 changes=N+0x3c:0005d187>0005d18e(5.343417e-040>5.343515e-040) totals=(node:1,control:0)
2026-09-12 16:17:34.011 NATIVE STAIN ANIMATION DIAG generation=72 emission=1 particle=483 sample_ms=829 update=32b904e0 descriptor=5844bca0 descriptor_checksum=e92adea8 group_index=0 group=57e00840 group_checksum=8adf5f37 counts=(nodes:75,controls:71,weights:75,vectors:75) nodes=[69:506AE540:b155068c:"",70:506AE8E0:07caeacb:"",71:87231740:d3ededbc:"",72:872320A0:f5af0553:"",73:87231FE0:404c29a1:"",74:87232160:ba73b547:""] controls=[65:5AD16420:a8fb0e01:"",66:5AD16280:335522e5:"",67:5AD161A0:288452bc:"",68:5AD15AC0:fbe35a3a:"",69:5AD16380:65701df0:"",70:5AD15F20:3be818d8:""] weights=[65:1,66:1,67:1,68:1,69:1,70:1,71:1,72:1,73:1,74:1] vectors=[69:(1,1,1),70:(1,1,1),71:(1,1,1),72:(1,1,1),73:(1,1,1),74:(1,1,1)]
2026-09-12 16:17:34.012 NATIVE STAIN FIELD DIAG generation=72 node=87232160 control=59BDCAE0 changes=N+0x3c:0005d18e>0005d197(5.343515e-040>5.343641e-040) totals=(node:1,control:0)
2026-09-12 16:17:34.024 testicular retraction live write person=2 control=4aa2ebe0 input=0.278 baseline=0.000 contribution=0.275 output=0.275
2026-09-12 16:17:34.068 liquid world emitter sample person=2 emission=1 position=(1.86838,1.31161,2.31514) direction=(0.00000,0.99998,-0.00563) source=rebuilt-joint-local-hierarchy
2026-09-12 16:17:34.117 NATIVE STAIN ANIMATION DIAG generation=72 emission=1 particle=483 sample_ms=938 update=32b904e0 descriptor=5844bca0 descriptor_checksum=e92adea8 group_index=0 group=57e00840 group_checksum=8adf5f37 counts=(nodes:75,controls:71,weights:75,vectors:75) nodes=[69:506AE540:b8b54c34:"",70:506AE8E0:4c0d96f3:"",71:87231740:54204ca4:"",72:872320A0:a6d8fe2b:"",73:87231FE0:f67982c9:"",74:87232160:1dc887cf:""] controls=[65:5AD16420:a8fb0e01:"",66:5AD16280:335522e5:"",67:5AD161A0:288452bc:"",68:5AD15AC0:fbe35a3a:"",69:5AD16380:65701df0:"",70:5AD15F20:3be818d8:""] weights=[65:1,66:1,67:1,68:1,69:1,70:1,71:1,72:1,73:1,74:1] vectors=[69:(1,1,1),70:(1,1,1),71:(1,1,1),72:(1,1,1),73:(1,1,1),74:(1,1,1)]
2026-09-12 16:17:34.118 NATIVE STAIN FIELD DIAG generation=72 node=87232160 control=59BDCAE0 changes=N+0x3c:0005d197>0005d19f(5.343641e-040>5.343754e-040) totals=(node:1,control:0)
2026-09-12 16:17:34.125 ejaculation audio finished person=2 emission=1 pulse=7 path="C:\Users\ErolB\Desktop\Games\TK17\The Klub 17\Extensions\Liquids\Sounds\Ejaculation\Default\cum07.mp3"
2026-09-12 16:17:34.222 NATIVE STAIN ANIMATION DIAG generation=72 emission=1 particle=483 sample_ms=1047 update=32b904e0 descriptor=5844bca0 descriptor_checksum=e92adea8 group_index=0 group=57e00840 group_checksum=8adf5f37 counts=(nodes:75,controls:71,weights:75,vectors:75) nodes=[69:506AE540:51445e21:"",70:506AE8E0:7ef21016:"",71:87231740:e7eb9231:"",72:872320A0:daf32cde:"",73:87231FE0:06d97c0c:"",74:87232160:5d9e29e2:""] controls=[65:5AD16420:a8fb0e01:"",66:5AD16280:335522e5:"",67:5AD161A0:288452bc:"",68:5AD15AC0:fbe35a3a:"",69:5AD16380:65701df0:"",70:5AD15F20:3be818d8:""] weights=[65:1,66:1,67:1,68:1,69:1,70:1,71:1,72:1,73:1,74:1] vectors=[69:(1,1,1),70:(1,1,1),71:(1,1,1),72:(1,1,1),73:(1,1,1),74:(1,1,1)]
2026-09-12 16:17:34.223 NATIVE STAIN FIELD DIAG generation=72 node=87232160 control=59BDCAE0 changes=N+0x3c:0005d19f>0005d1a6(5.343754e-040>5.343852e-040) totals=(node:1,control:0)
2026-09-12 16:17:34.237 liquid native stain contact consumed source=confirmed particle=497 emission=1 retry=0 result=9 count=1 native_hit=1 body_confirmed=0 retried=0 outcome=native-hit-attachment-unconfirmed
2026-09-12 16:17:34.238 NATIVE STAIN PICK sequence=76 caller=TK17-158.001.exe+0x1f24ac(005F24AC) self=02820560 list="Dress01|Person01|Dress02|Person02|Dress03|Person03|Dress04|Person04" origin=(-0.37781,0.07866,-2.07327) direction=(-0.00298,-0.82700,-0.56220) include_hidden=1 flags=0x0005d1a7 result=9 count=1 data=5346e860 custom_contact=1 predicted=0 custom_particle=497 custom_hit=0
2026-09-12 16:17:34.238 memory snapshot label="native-stain-pick-result" address=5346E860 words=3eba094d,31ea2680,31ea2680,799aa3c0,31e079c0,bec1fe87,be6326c2,c011c34b,bf2e9d4c,3db782c3,3f39cb66,000033ec,0000340a,00002a81,3f03026c,3c63ca63,3e333a6c,3e0bc0f2,3bfdca9a,be127e57,bf7610a5,57ea1400,11ce524f,2000539f
2026-09-12 16:17:34.239 NATIVE STAIN CACHE sequence=76 caller=TK17-158.001.exe+0x1f2813(005F2813) self=5844bca0 surface=31ea2680 surface_name="NcBlouse4_group_mesh" template=670d2860 template_name="" result=670d2860 result_name=""
2026-09-12 16:17:34.239 memory snapshot label="native-stain-cache-result" address=670D2860 words=72851090,0000001f,72851098,6627ee60,00000001,6745d180,728942f8,01010101,00000000,00000000,00000015,00000001,ffffffff,72894190,59746901,670d2e80
2026-09-12 16:17:34.268 liquid native stain contact consumed source=confirmed particle=498 emission=1 retry=0 result=0 count=1 native_hit=1 body_confirmed=0 retried=0 outcome=native-hit-attachment-unconfirmed
2026-09-12 16:17:34.269 NATIVE STAIN PICK sequence=77 caller=TK17-158.001.exe+0x1f24ac(005F24AC) self=02820560 list="Dress01|Person01|Dress02|Person02|Dress03|Person03|Dress04|Person04" origin=(-0.38951,0.07793,-2.07847) direction=(-0.01819,-0.82367,-0.56678) include_hidden=1 flags=0x0005d1a9 result=0 count=1 data=5346e860 custom_contact=1 predicted=0 custom_particle=498 custom_hit=0
2026-09-12 16:17:34.269 memory snapshot label="native-stain-pick-result" address=5346E860 words=3e04cf8d,4a55d580,46e13700,4c0323e0,4a23f380,bec8a363,bcecbe55,c009ba08,be4b2912,3f4c0eb4,3f1200d0,000002c8,000002cb,000002c9,3f0047fd,3dd5f022,3e5666fb,3f17be95,bb984313,3f61fb4f,3d723749,59c08540,0000000b,3e3c4b0a
2026-09-12 16:17:34.270 NATIVE STAIN CACHE sequence=77 caller=TK17-158.001.exe+0x1f2813(005F2813) self=5844bca0 surface=46e13700 surface_name="" template=670d4240 template_name="" result=670d4240 result_name=""
2026-09-12 16:17:34.270 memory snapshot label="native-stain-cache-result" address=670D4240 words=72851090,00000002,72851098,6627cfa0,00000001,6745cae0,728942f8,01010101,00000000,00000000,00000015,00000001,ffffffff,72894190,674b5e01,00000000
2026-09-12 16:17:34.271 testicular retraction live write person=2 control=4aa2ebe0 input=0.242 baseline=0.000 contribution=0.241 output=0.241
2026-09-12 16:17:34.310 liquid native stain contact consumed source=confirmed particle=500 emission=1 retry=0 result=0 count=1 native_hit=1 body_confirmed=0 retried=0 outcome=native-hit-attachment-unconfirmed
2026-09-12 16:17:34.312 NATIVE STAIN PICK sequence=78 caller=TK17-158.001.exe+0x1f24ac(005F24AC) self=02820560 list="Dress01|Person01|Dress02|Person02|Dress03|Person03|Dress04|Person04" origin=(-0.39523,0.06983,-2.07804) direction=(-0.02366,-0.82678,-0.56203) include_hidden=1 flags=0x0005d1ac result=0 count=1 data=5346e860 custom_contact=1 predicted=0 custom_particle=500 custom_hit=0
2026-09-12 16:17:34.312 memory snapshot label="native-stain-pick-result" address=5346E860 words=3e05a1b0,4a55d580,46e13700,4c0323e0,4a23f380,becbefc8,bd1be574,c009b040,be6acace,3f443636,3f19985e,000002c8,000002ca,000002cb,3ec0ce06,3e35908b,3e46487e,3f182860,bb898cee,3f613e94,3d75a200,59c08540,0000000b,3e3c4b0a
2026-09-12 16:17:34.312 NATIVE STAIN CACHE sequence=78 caller=TK17-158.001.exe+0x1f2813(005F2813) self=5844bca0 surface=46e13700 surface_name="" template=670d21a0 template_name="" result=670d21a0 result_name=""
2026-09-12 16:17:34.313 memory snapshot label="native-stain-cache-result" address=670D21A0 words=72851090,00000002,72851098,58a175c0,00000001,6745b740,728942f8,01010101,00000000,00000000,00000015,00000001,ffffffff,72894190,673acf01,00000000
2026-09-12 16:17:34.321 liquid world emitter sample person=2 emission=1 position=(1.86838,1.30737,2.21493) direction=(0.00000,0.94236,-0.33461) source=rebuilt-joint-local-hierarchy
2026-09-12 16:17:34.334 NATIVE STAIN ANIMATION DIAG generation=75 emission=1 particle=500 sample_ms=32 update=32b904e0 descriptor=5844bca0 descriptor_checksum=fb2bcdf2 group_index=0 group=57e00840 group_checksum=8adf5f37 counts=(nodes:78,controls:74,weights:78,vectors:78) nodes=[72:872320A0:2f5ba9c5:"",73:87231FE0:e667a6bf:"",74:87232160:a20f8b39:"",75:84E31E80:5146660c:"",76:84E33580:0e3b8d12:"",77:84E328A0:c9ce9ed7:""] controls=[68:5AD15AC0:fbe35a3a:"",69:5AD16380:65701df0:"",70:5AD15F20:3be818d8:"",71:84DA2880:456016d5:"",72:84DA2F60:21e8314f:"",73:84DA3A00:a91e1297:""] weights=[68:1,69:1,70:1,71:1,72:1,73:1,74:1,75:1,76:1,77:1] vectors=[72:(1,1,1),73:(1,1,1),74:(1,1,1),75:(1,1,1),76:(1,1,1),77:(1,1,1)]
2026-09-12 16:17:34.350 liquid native stain contact consumed source=confirmed particle=503 emission=1 retry=0 result=9 count=1 native_hit=1 body_confirmed=0 retried=0 outcome=native-hit-attachment-unconfirmed
2026-09-12 16:17:34.351 NATIVE STAIN PICK sequence=79 caller=TK17-158.001.exe+0x1f24ac(005F24AC) self=02820560 list="Dress01|Person01|Dress02|Person02|Dress03|Person03|Dress04|Person04" origin=(-0.38507,0.08414,-2.08040) direction=(-0.01182,-0.81997,-0.57229) include_hidden=1 flags=0x0005d1ae result=9 count=1 data=5346e860 custom_contact=1 predicted=0 custom_particle=503 custom_hit=0
2026-09-12 16:17:34.351 memory snapshot label="native-stain-pick-result" address=5346E860 words=3eb9b701,31ea2680,31ea2680,799aa3c0,31e079c0,bec75962,be5a66e0,c0126e43,bf2e09f9,3dc03594,3f3a3256,000033ce,00002a51,000033cf,3cec2d8e,3e731f5f,3e2832bc,3e0b36d1,bc449ca6,be114da5,bf76019f,57ea1400,0000000b,3e3c4b0a
2026-09-12 16:17:34.352 NATIVE STAIN CACHE sequence=79 caller=TK17-158.001.exe+0x1f2813(005F2813) self=5844bca0 surface=31ea2680 surface_name="NcBlouse4_group_mesh" template=670d2e80 template_name="" result=670d2e80 result_name=""
2026-09-12 16:17:34.352 memory snapshot label="native-stain-cache-result" address=670D2E80 words=72851090,67755940,72851098,6627c040,00000001,6745ba80,728942f8,01010101,00000000,00000000,00000015,00000001,ffffffff,72894190,67755301,670d2460
2026-09-12 16:17:34.392 liquid native stain contact consumed source=confirmed particle=506 emission=1 retry=0 result=0 count=1 native_hit=1 body_confirmed=0 retried=0 outcome=native-hit-attachment-unconfirmed
2026-09-12 16:17:34.393 NATIVE STAIN PICK sequence=80 caller=TK17-158.001.exe+0x1f24ac(005F24AC) self=02820560 list="Dress01|Person01|Dress02|Person02|Dress03|Person03|Dress04|Person04" origin=(-0.38344,0.06960,-2.06943) direction=(-0.00899,-0.83141,-0.55559) include_hidden=1 flags=0x0005d1b1 result=0 count=1 data=534716c0 custom_contact=1 predicted=0 custom_particle=506 custom_hit=0
2026-09-12 16:17:34.393 memory snapshot label="native-stain-pick-result" address=534716C0 words=3e06ac5b,4a55d580,46e13700,4c0323e0,4a23f380,bec4ecf5,bd22c760,c0091ec0,3d18c5a3,3f366c54,3f3359be,00000121,00000123,00000124,3d087d1e,3f2f6aa4,3f4ce8c5,3f1a8477,3bad5a93,3f619f00,3d737baa,59c08540,72894170,72894170
2026-09-12 16:17:34.394 NATIVE STAIN CACHE sequence=80 caller=TK17-158.001.exe+0x1f2813(005F2813) self=5844bca0 surface=46e13700 surface_name="" template=670d30c0 template_name="" result=670d30c0 result_name=""
2026-09-12 16:17:34.394 memory snapshot label="native-stain-cache-result" address=670D30C0 words=72851090,00000004,72851098,6627c700,00000001,6745bc60,728942f8,01010101,00000000,00000000,00000015,00000001,ffffffff,72894190,36cf0001,00000065
2026-09-12 16:17:34.460 liquid native stain contact consumed source=confirmed particle=508 emission=1 retry=0 result=0 count=1 native_hit=1 body_confirmed=0 retried=0 outcome=native-hit-attachment-unconfirmed
2026-09-12 16:17:34.461 NATIVE STAIN ANIMATION DIAG generation=78 emission=1 particle=508 sample_ms=0 update=32b904e0 descriptor=5844bca0 descriptor_checksum=d83d9b0a group_index=0 group=57e00840 group_checksum=8adf5f37 counts=(nodes:81,controls:77,weights:81,vectors:81) nodes=[75:84E31E80:7a0ed2be:"",76:84E33580:6b7bf408:"",77:84E328A0:0dfda54d:"",78:84E32960:fee4a080:"",79:84E33860:9d96a5de:"",80:84E32F20:a202d490:""] controls=[71:84DA2880:456016d5:"",72:84DA2F60:21e8314f:"",73:84DA3A00:a91e1297:"",74:84DA3720:087f952a:"",75:84DA3540:1dcfb886:"",76:84DA3820:37af4a37:""] weights=[71:1,72:1,73:1,74:1,75:1,76:1,77:1,78:1,79:1,80:1] vectors=[75:(1,1,1),76:(1,1,1),77:(1,1,1),78:(1,1,1),79:(1,1,1),80:(1,1,1)]
2026-09-12 16:17:34.475 liquid native update performance version=0.8.12-decal-freeze-performance samples=69 native_and_pick_ms=0.459 freeze_cleanup_ms=0.016 diagnostics_and_retraction_ms=0.280 peak_total_ms=5.814 tracked=77 freeze_hook=1
2026-09-12 16:17:34.489 liquid native stain contact consumed source=confirmed particle=514 emission=1 retry=0 result=0 count=1 native_hit=1 body_confirmed=0 retried=0 outcome=native-hit-attachment-unconfirmed
2026-09-12 16:17:34.521 liquid native stain contact consumed source=confirmed particle=520 emission=1 retry=0 result=9 count=1 native_hit=1 body_confirmed=0 retried=0 outcome=native-hit-attachment-unconfirmed
2026-09-12 16:17:34.522 testicular retraction live write person=2 control=4aa2ebe0 input=0.250 baseline=0.000 contribution=0.250 output=0.250
2026-09-12 16:17:34.569 NATIVE STAIN ANIMATION DIAG generation=80 emission=1 particle=520 sample_ms=47 update=32b904e0 descriptor=5844bca0 descriptor_checksum=475eb919 group_index=0 group=57e00840 group_checksum=8adf5f37 counts=(nodes:83,controls:79,weights:83,vectors:83) nodes=[77:84E328A0:82f64210:"",78:84E32960:65ce717d:"",79:84E33860:32e7935b:"",80:84E32F20:55838d24:"",81:84E32B80:ee04b8ed:"",82:84E32CE0:7eb091d3:""] controls=[73:84DA3A00:a91e1297:"",74:84DA3720:087f952a:"",75:84DA3540:1dcfb886:"",76:84DA3820:37af4a37:"",77:84DA3AA0:85cf5016:"",78:84DA41C0:e0f00383:""] weights=[73:1,74:1,75:1,76:1,77:1,78:1,79:1,80:1,81:1,82:1] vectors=[77:(1,1,1),78:(1,1,1),79:(1,1,1),80:(1,1,1),81:(1,1,1),82:(1,1,1)]
2026-09-12 16:17:34.577 liquid world emitter sample person=2 emission=1 position=(1.86838,1.30737,2.21493) direction=(0.00000,0.94236,-0.33461) source=rebuilt-joint-local-hierarchy
2026-09-12 16:17:34.623 liquid native stain contact consumed source=confirmed particle=529 emission=1 retry=0 result=9 count=1 native_hit=1 body_confirmed=0 retried=0 outcome=native-hit-attachment-unconfirmed
2026-09-12 16:17:34.652 liquid native stain contact consumed source=confirmed particle=532 emission=1 retry=0 result=9 count=1 native_hit=1 body_confirmed=0 retried=0 outcome=native-hit-attachment-unconfirmed
2026-09-12 16:17:34.684 liquid native stain contact consumed source=confirmed particle=536 emission=1 retry=0 result=9 count=1 native_hit=1 body_confirmed=0 retried=0 outcome=native-hit-attachment-unconfirmed
2026-09-12 16:17:34.687 NATIVE STAIN ANIMATION DIAG generation=83 emission=1 particle=536 sample_ms=0 update=32b904e0 descriptor=5844bca0 descriptor_checksum=04ab5dc4 group_index=0 group=57e00840 group_checksum=8adf5f37 counts=(nodes:86,controls:82,weights:86,vectors:86) nodes=[80:84E32F20:a088bd4c:"",81:84E32B80:e18730b5:"",82:84E32CE0:1d9a201b:"",83:84E32680:ce2db156:"",84:84E327E0:afce8f7b:"",85:84E325C0:6134c761:""] controls=[76:84DA3820:37af4a37:"",77:84DA3AA0:85cf5016:"",78:84DA41C0:e0f00383:"",79:84DA4300:74c61e25:"",80:84DA3FA0:a2bc795e:"",81:84DA48A0:c658e64e:""] weights=[76:1,77:1,78:1,79:1,80:1,81:1,82:1,83:1,84:1,85:1] vectors=[80:(1,1,1),81:(1,1,1),82:(1,1,1),83:(1,1,1),84:(1,1,1),85:(1,1,1)]
2026-09-12 16:17:34.728 liquid native stain contact consumed source=confirmed particle=540 emission=1 retry=0 result=9 count=1 native_hit=1 body_confirmed=0 retried=0 outcome=native-hit-attachment-unconfirmed
2026-09-12 16:17:34.769 testicular retraction live write person=2 control=4aa2ebe0 input=0.250 baseline=0.000 contribution=0.250 output=0.250
2026-09-12 16:17:34.788 NATIVE STAIN ANIMATION DIAG generation=84 emission=1 particle=540 sample_ms=63 update=32b904e0 descriptor=5844bca0 descriptor_checksum=cbdb3704 group_index=0 group=57e00840 group_checksum=8adf5f37 counts=(nodes:87,controls:83,weights:87,vectors:87) nodes=[81:84E32B80:b18e674e:"",82:84E32CE0:38b999f8:"",83:84E32680:1b1ae9ed:"",84:84E327E0:4eec9a58:"",85:84E325C0:169cac4a:"",86:84E323A0:037153f2:""] controls=[77:84DA3AA0:85cf5016:"",78:84DA41C0:e0f00383:"",79:84DA4300:1f3fd8aa:"",80:84DA3FA0:a2bc795e:"",81:84DA48A0:c658e64e:"",82:84DA4400:87af89d4:""] weights=[77:1,78:1,79:1,80:1,81:1,82:1,83:1,84:1,85:1,86:1] vectors=[81:(1,1,1),82:(1,1,1),83:(1,1,1),84:(1,1,1),85:(1,1,1),86:(1,1,1)]
2026-09-12 16:17:34.897 NATIVE STAIN ANIMATION DIAG generation=84 emission=1 particle=540 sample_ms=172 update=32b904e0 descriptor=5844bca0 descriptor_checksum=cbdb3704 group_index=0 group=57e00840 group_checksum=8adf5f37 counts=(nodes:87,controls:83,weights:87,vectors:87) nodes=[81:84E32B80:296a6fc5:"",82:84E32CE0:43f6d38b:"",83:84E32680:1e9ae006:"",84:84E327E0:7a88e6eb:"",85:84E325C0:f3820381:"",86:84E323A0:592a32f9:""] controls=[77:84DA3AA0:85cf5016:"",78:84DA41C0:a7e61585:"",79:84DA4300:646c26f6:"",80:84DA3FA0:a2bc795e:"",81:84DA48A0:c658e64e:"",82:84DA4400:87af89d4:""] weights=[77:1,78:1,79:1,80:1,81:1,82:1,83:1,84:1,85:1,86:1] vectors=[81:(1,1,1),82:(1,1,1),83:(1,1,1),84:(1,1,1),85:(1,1,1),86:(1,1,1)]
2026-09-12 16:17:35.006 NATIVE STAIN ANIMATION DIAG generation=84 emission=1 particle=540 sample_ms=282 update=32b904e0 descriptor=5844bca0 descriptor_checksum=cbdb3704 group_index=0 group=57e00840 group_checksum=8adf5f37 counts=(nodes:87,controls:83,weights:87,vectors:87) nodes=[81:84E32B80:01a38938:"",82:84E32CE0:7d423b0e:"",83:84E32680:f472b293:"",84:84E327E0:d2330aee:"",85:84E325C0:5dff7584:"",86:84E323A0:69abdaec:""] controls=[77:84DA3AA0:85cf5016:"",78:84DA41C0:a7e61585:"",79:84DA4300:646c26f6:"",80:84DA3FA0:a2bc795e:"",81:84DA48A0:c658e64e:"",82:84DA4400:87af89d4:""] weights=[77:1,78:1,79:1,80:1,81:1,82:1,83:1,84:1,85:1,86:1] vectors=[81:(1,1,1),82:(1,1,1),83:(1,1,1),84:(1,1,1),85:(1,1,1),86:(1,1,1)]
2026-09-12 16:17:35.019 testicular retraction live write person=2 control=4aa2ebe0 input=0.078 baseline=0.000 contribution=0.078 output=0.078
2026-09-12 16:17:35.114 NATIVE STAIN ANIMATION DIAG generation=84 emission=1 particle=540 sample_ms=391 update=32b904e0 descriptor=5844bca0 descriptor_checksum=cbdb3704 group_index=0 group=57e00840 group_checksum=8adf5f37 counts=(nodes:87,controls:83,weights:87,vectors:87) nodes=[81:84E32B80:6a4e7ac2:"",82:84E32CE0:3594495c:"",83:84E32680:3e6162e1:"",84:84E327E0:2ad61efc:"",85:84E325C0:0ae22ee6:"",86:84E323A0:9aa9c3fe:""] controls=[77:84DA3AA0:85cf5016:"",78:84DA41C0:a7e61585:"",79:84DA4300:646c26f6:"",80:84DA3FA0:a2bc795e:"",81:84DA48A0:c658e64e:"",82:84DA4400:87af89d4:""] weights=[77:1,78:1,79:1,80:1,81:1,82:1,83:1,84:1,85:1,86:1] vectors=[81:(1,1,1),82:(1,1,1),83:(1,1,1),84:(1,1,1),85:(1,1,1),86:(1,1,1)]
2026-09-12 16:17:35.114 NATIVE STAIN FIELD DIAG generation=84 outcome=baseline node=84e323a0 control=68d5e820
2026-09-12 16:17:35.114 memory snapshot label="native-stain-animation-node-baseline" address=84E323A0 words=7285a8d4,79d63d00,7285a908,72894190,534760a0,799aa3c0,01fff0ad,00000000,00000000,00000000,5a0e1bca,00000000,670d30c0,72894230,00000000,0005d1e5,3f800000,3f800000,3f800000,3f800000,00000000,00000000,00000000,00000000
2026-09-12 16:17:35.114 memory snapshot label="native-stain-animation-control-baseline" address=68D5E820 words=72859ad4,4b1e3b00,72859adc,72894190,3f800000,00000000,72894170,3f800000,3f800000,00000000,00000000,00000000,b85fe7a1,8d046300,00000000,68d5e858,00000000,00000000,07df68d8,00000000,00000002,728b00c4,00000001,00000001
2026-09-12 16:17:35.114 liquid deep link event="native-stain-animation-node" object=84e323a0 offset=0x014 pointer=799aa3c0 target_name="NcBlouse4_group"
2026-09-12 16:17:35.116 liquid deep links event="native-stain-animation-control" object=68d5e820 named_or_string_links=0 scan_bytes=96
2026-09-12 16:17:35.231 NATIVE STAIN ANIMATION DIAG generation=84 emission=1 particle=540 sample_ms=500 update=32b904e0 descriptor=5844bca0 descriptor_checksum=cbdb3704 group_index=0 group=57e00840 group_checksum=8adf5f37 counts=(nodes:87,controls:83,weights:87,vectors:87) nodes=[81:84E32B80:f3888fb4:"",82:84E32CE0:a7df2e5a:"",83:84E32680:6fbe5eaf:"",84:84E327E0:203732fa:"",85:84E325C0:be84d2a8:"",86:84E323A0:7d4ae7b0:""] controls=[77:84DA3AA0:85cf5016:"",78:84DA41C0:a7e61585:"",79:84DA4300:d9db38ac:"",80:84DA3FA0:a2bc795e:"",81:84DA48A0:c658e64e:"",82:84DA4400:87af89d4:""] weights=[77:1,78:1,79:1,80:1,81:1,82:1,83:1,84:1,85:1,86:1] vectors=[81:(1,1,1),82:(1,1,1),83:(1,1,1),84:(1,1,1),85:(1,1,1),86:(1,1,1)]
2026-09-12 16:17:35.231 NATIVE STAIN FIELD DIAG generation=84 node=84E323A0 control=68D5E820 changes=N+0x3c:0005d1e5>0005d1ef(5.344735e-040>5.344875e-040) totals=(node:1,control:0)
2026-09-12 16:17:35.268 testicular retraction live write person=2 control=4aa2ebe0 input=0.000 baseline=0.000 contribution=-0.000 output=0.000
2026-09-12 16:17:35.340 NATIVE STAIN ANIMATION DIAG generation=84 emission=1 particle=540 sample_ms=610 update=32b904e0 descriptor=5844bca0 descriptor_checksum=cbdb3704 group_index=0 group=57e00840 group_checksum=8adf5f37 counts=(nodes:87,controls:83,weights:87,vectors:87) nodes=[81:84E32B80:d1714da3:"",82:84E32CE0:40f9935d:"",83:84E32680:d2826868:"",84:84E327E0:96ce1ffd:"",85:84E325C0:11f089ef:"",86:84E323A0:16472477:""] controls=[77:84DA3AA0:85cf5016:"",78:84DA41C0:d6dc7f2e:"",79:84DA4300:292b128e:"",80:84DA3FA0:a2bc795e:"",81:84DA48A0:c658e64e:"",82:84DA4400:87af89d4:""] weights=[77:1,78:1,79:1,80:1,81:1,82:1,83:1,84:1,85:1,86:1] vectors=[81:(1,1,1),82:(1,1,1),83:(1,1,1),84:(1,1,1),85:(1,1,1),86:(1,1,1)]
2026-09-12 16:17:35.340 NATIVE STAIN FIELD DIAG generation=84 node=84E323A0 control=68D5E820 changes=N+0x3c:0005d1ef>0005d1f8(5.344875e-040>5.345001e-040) totals=(node:1,control:0)
2026-09-12 16:17:35.453 NATIVE STAIN ANIMATION DIAG generation=84 emission=1 particle=540 sample_ms=719 update=32b904e0 descriptor=5844bca0 descriptor_checksum=cbdb3704 group_index=0 group=57e00840 group_checksum=8adf5f37 counts=(nodes:87,controls:83,weights:87,vectors:87) nodes=[81:84E32B80:85a48304:"",82:84E32CE0:35cbda8a:"",83:84E32680:3a78b61f:"",84:84E327E0:5ec03daa:"",85:84E325C0:405abbb8:"",86:84E323A0:2d0f7e60:""] controls=[77:84DA3AA0:85cf5016:"",78:84DA41C0:d6dc7f2e:"",79:84DA4300:292b128e:"",80:84DA3FA0:a2bc795e:"",81:84DA48A0:c658e64e:"",82:84DA4400:87af89d4:""] weights=[77:1,78:1,79:1,80:1,81:1,82:1,83:1,84:1,85:1,86:1] vectors=[81:(1,1,1),82:(1,1,1),83:(1,1,1),84:(1,1,1),85:(1,1,1),86:(1,1,1)]
2026-09-12 16:17:35.453 NATIVE STAIN FIELD DIAG generation=84 node=84E323A0 control=68D5E820 changes=N+0x3c:0005d1f8>0005d1ff(5.345001e-040>5.345099e-040) totals=(node:1,control:0)
2026-09-12 16:17:35.475 liquid native update performance version=0.8.12-decal-freeze-performance samples=77 native_and_pick_ms=0.258 freeze_cleanup_ms=0.010 diagnostics_and_retraction_ms=0.178 peak_total_ms=3.686 tracked=83 freeze_hook=1
2026-09-12 16:17:35.566 NATIVE STAIN ANIMATION DIAG generation=84 emission=1 particle=540 sample_ms=828 update=32b904e0 descriptor=5844bca0 descriptor_checksum=cbdb3704 group_index=0 group=57e00840 group_checksum=8adf5f37 counts=(nodes:87,controls:83,weights:87,vectors:87) nodes=[81:84E32B80:0ef82463:"",82:84E32CE0:5b2c18a9:"",83:84E32680:6056213c:"",84:84E327E0:2ad83c89:"",85:84E325C0:c23337ef:"",86:84E323A0:36340c97:""] controls=[77:84DA3AA0:85cf5016:"",78:84DA41C0:25d9db5a:"",79:84DA4300:292b128e:"",80:84DA3FA0:a2bc795e:"",81:84DA48A0:c658e64e:"",82:84DA4400:87af89d4:""] weights=[77:1,78:1,79:1,80:1,81:1,82:1,83:1,84:1,85:1,86:1] vectors=[81:(1,1,1),82:(1,1,1),83:(1,1,1),84:(1,1,1),85:(1,1,1),86:(1,1,1)]
2026-09-12 16:17:35.566 NATIVE STAIN FIELD DIAG generation=84 node=84E323A0 control=68D5E820 changes=N+0x3c:0005d1ff>0005d209(5.345099e-040>5.345239e-040) totals=(node:1,control:0)
2026-09-12 16:17:35.673 NATIVE STAIN ANIMATION DIAG generation=84 emission=1 particle=540 sample_ms=938 update=32b904e0 descriptor=5844bca0 descriptor_checksum=cbdb3704 group_index=0 group=57e00840 group_checksum=8adf5f37 counts=(nodes:87,controls:83,weights:87,vectors:87) nodes=[81:84E32B80:2f543494:"",82:84E32CE0:60fd93f6:"",83:84E32680:8b1fa91b:"",84:84E327E0:b0f44ed6:"",85:84E325C0:b61166d0:"",86:84E323A0:5b62bc48:""] controls=[77:84DA3AA0:85cf5016:"",78:84DA41C0:25d9db5a:"",79:84DA4300:8e1cdb40:"",80:84DA3FA0:a2bc795e:"",81:84DA48A0:c658e64e:"",82:84DA4400:87af89d4:""] weights=[77:1,78:1,79:1,80:1,81:1,82:1,83:1,84:1,85:1,86:1] vectors=[81:(1,1,1),82:(1,1,1),83:(1,1,1),84:(1,1,1),85:(1,1,1),86:(1,1,1)]
2026-09-12 16:17:35.673 NATIVE STAIN FIELD DIAG generation=84 node=84E323A0 control=68D5E820 changes=N+0x3c:0005d209>0005d212(5.345239e-040>5.345365e-040) totals=(node:1,control:0)
2026-09-12 16:17:35.785 NATIVE STAIN ANIMATION DIAG generation=84 emission=1 particle=540 sample_ms=1047 update=32b904e0 descriptor=5844bca0 descriptor_checksum=cbdb3704 group_index=0 group=57e00840 group_checksum=8adf5f37 counts=(nodes:87,controls:83,weights:87,vectors:87) nodes=[81:84E32B80:bb82384a:"",82:84E32CE0:373283c8:"",83:84E32680:19265fa5:"",84:84E327E0:dc4958a8:"",85:84E325C0:6fb4fe8e:"",86:84E323A0:3418ac76:""] controls=[77:84DA3AA0:85cf5016:"",78:84DA41C0:25d9db5a:"",79:84DA4300:8e1cdb40:"",80:84DA3FA0:a2bc795e:"",81:84DA48A0:c658e64e:"",82:84DA4400:87af89d4:""] weights=[77:1,78:1,79:1,80:1,81:1,82:1,83:1,84:1,85:1,86:1] vectors=[81:(1,1,1),82:(1,1,1),83:(1,1,1),84:(1,1,1),85:(1,1,1),86:(1,1,1)]
2026-09-12 16:17:35.785 NATIVE STAIN FIELD DIAG generation=84 node=84E323A0 control=68D5E820 changes=N+0x3c:0005d212>0005d21c(5.345365e-040>5.345505e-040) totals=(node:1,control:0)
2026-09-12 16:17:35.890 NATIVE STAIN ANIMATION DIAG generation=84 emission=1 particle=540 sample_ms=1157 update=32b904e0 descriptor=5844bca0 descriptor_checksum=cbdb3704 group_index=0 group=57e00840 group_checksum=8adf5f37 counts=(nodes:87,controls:83,weights:87,vectors:87) nodes=[81:84E32B80:cd008367:"",82:84E32CE0:61603a0d:"",83:84E32680:db120a30:"",84:84E327E0:618d282d:"",85:84E325C0:3851cdfb:"",86:84E323A0:e6f73413:""] controls=[77:84DA3AA0:85cf5016:"",78:84DA41C0:25d9db5a:"",79:84DA4300:e5431a53:"",80:84DA3FA0:a2bc795e:"",81:84DA48A0:c658e64e:"",82:84DA4400:87af89d4:""] weights=[77:1,78:1,79:1,80:1,81:1,82:1,83:1,84:1,85:1,86:1] vectors=[81:(1,1,1),82:(1,1,1),83:(1,1,1),84:(1,1,1),85:(1,1,1),86:(1,1,1)]
2026-09-12 16:17:35.890 NATIVE STAIN FIELD DIAG generation=84 node=84E323A0 control=68D5E820 changes=N+0x3c:0005d21c>0005d225(5.345505e-040>5.345631e-040) totals=(node:1,control:0)
2026-09-12 16:17:36.000 NATIVE STAIN ANIMATION DIAG generation=84 emission=1 particle=540 sample_ms=1266 update=32b904e0 descriptor=5844bca0 descriptor_checksum=cbdb3704 group_index=0 group=57e00840 group_checksum=8adf5f37 counts=(nodes:87,controls:83,weights:87,vectors:87) nodes=[81:84E32B80:fabc0ae5:"",82:84E32CE0:8b857aff:"",83:84E32680:10f9b30a:"",84:84E327E0:24776a1f:"",85:84E325C0:a218e1d9:"",86:84E323A0:ffb9b0e1:""] controls=[77:84DA3AA0:85cf5016:"",78:84DA41C0:2af8da79:"",79:84DA4300:22e2fd4f:"",80:84DA3FA0:a2bc795e:"",81:84DA48A0:c658e64e:"",82:84DA4400:87af89d4:""] weights=[77:1,78:1,79:1,80:1,81:1,82:1,83:1,84:1,85:1,86:1] vectors=[81:(1,1,1),82:(1,1,1),83:(1,1,1),84:(1,1,1),85:(1,1,1),86:(1,1,1)]
2026-09-12 16:17:36.000 NATIVE STAIN FIELD DIAG generation=84 node=84E323A0 control=68D5E820 changes=N+0x3c:0005d225>0005d22f(5.345631e-040>5.345771e-040) totals=(node:1,control:0)
2026-09-12 16:17:36.110 NATIVE STAIN ANIMATION DIAG generation=84 emission=1 particle=540 sample_ms=1375 update=32b904e0 descriptor=5844bca0 descriptor_checksum=cbdb3704 group_index=0 group=57e00840 group_checksum=8adf5f37 counts=(nodes:87,controls:83,weights:87,vectors:87) nodes=[81:84E32B80:5d2c370e:"",82:84E32CE0:b80bd82c:"",83:84E32680:166b4019:"",84:84E327E0:4b13f14c:"",85:84E325C0:0d47e3ca:"",86:84E323A0:2dd538d2:""] controls=[77:84DA3AA0:85cf5016:"",78:84DA41C0:2af8da79:"",79:84DA4300:1aa1aeda:"",80:84DA3FA0:a2bc795e:"",81:84DA48A0:c658e64e:"",82:84DA4400:87af89d4:""] weights=[77:1,78:1,79:1,80:1,81:1,82:1,83:1,84:1,85:1,86:1] vectors=[81:(1,1,1),82:(1,1,1),83:(1,1,1),84:(1,1,1),85:(1,1,1),86:(1,1,1)]
2026-09-12 16:17:36.110 NATIVE STAIN FIELD DIAG generation=84 node=84E323A0 control=68D5E820 changes=N+0x3c:0005d22f>0005d238(5.345771e-040>5.345898e-040) totals=(node:1,control:0)
2026-09-12 16:17:36.221 NATIVE STAIN ANIMATION DIAG generation=84 emission=1 particle=540 sample_ms=1485 update=32b904e0 descriptor=5844bca0 descriptor_checksum=cbdb3704 group_index=0 group=57e00840 group_checksum=8adf5f37 counts=(nodes:87,controls:83,weights:87,vectors:87) nodes=[81:84E32B80:9ab450c4:"",82:84E32CE0:821165c6:"",83:84E32680:0925122b:"",84:84E327E0:4854ada6:"",85:84E325C0:8b41ccc0:"",86:84E323A0:b523fb98:""] controls=[77:84DA3AA0:85cf5016:"",78:84DA41C0:2af8da79:"",79:84DA4300:1aa1aeda:"",80:84DA3FA0:a2bc795e:"",81:84DA48A0:c658e64e:"",82:84DA4400:87af89d4:""] weights=[77:1,78:1,79:1,80:1,81:1,82:1,83:1,84:1,85:1,86:1] vectors=[81:(1,1,1),82:(1,1,1),83:(1,1,1),84:(1,1,1),85:(1,1,1),86:(1,1,1)]
2026-09-12 16:17:36.221 NATIVE STAIN FIELD DIAG generation=84 node=84E323A0 control=68D5E820 changes=N+0x3c:0005d238>0005d242(5.345898e-040>5.346038e-040) totals=(node:1,control:0)
2026-09-12 16:17:36.326 NATIVE STAIN ANIMATION DIAG generation=84 emission=1 particle=540 sample_ms=1594 update=32b904e0 descriptor=5844bca0 descriptor_checksum=cbdb3704 group_index=0 group=57e00840 group_checksum=8adf5f37 counts=(nodes:87,controls:83,weights:87,vectors:87) nodes=[81:84E32B80:e9550f19:"",82:84E32CE0:cc4fe973:"",83:84E32680:8a42680e:"",84:84E327E0:25f220d3:"",85:84E325C0:917f3625:"",86:84E323A0:dc7337ed:""] controls=[77:84DA3AA0:85cf5016:"",78:84DA41C0:2af8da79:"",79:84DA4300:1aa1aeda:"",80:84DA3FA0:a2bc795e:"",81:84DA48A0:c658e64e:"",82:84DA4400:87af89d4:""] weights=[77:1,78:1,79:1,80:1,81:1,82:1,83:1,84:1,85:1,86:1] vectors=[81:(1,1,1),82:(1,1,1),83:(1,1,1),84:(1,1,1),85:(1,1,1),86:(1,1,1)]
2026-09-12 16:17:36.326 NATIVE STAIN FIELD DIAG generation=84 node=84E323A0 control=68D5E820 changes=N+0x3c:0005d242>0005d24b(5.346038e-040>5.346164e-040) totals=(node:1,control:0)
2026-09-12 16:17:36.430 NATIVE STAIN ANIMATION DIAG generation=84 emission=1 particle=540 sample_ms=1703 update=32b904e0 descriptor=5844bca0 descriptor_checksum=cbdb3704 group_index=0 group=57e00840 group_checksum=8adf5f37 counts=(nodes:87,controls:83,weights:87,vectors:87) nodes=[81:84E32B80:84662b8b:"",82:84E32CE0:b6eaf671:"",83:84E32680:33797064:"",84:84E327E0:b2f4e3d1:"",85:84E325C0:21290477:"",86:84E323A0:648d0c0f:""] controls=[77:84DA3AA0:85cf5016:"",78:84DA41C0:2af8da79:"",79:84DA4300:1aa1aeda:"",80:84DA3FA0:a2bc795e:"",81:84DA48A0:c658e64e:"",82:84DA4400:87af89d4:""] weights=[77:1,78:1,79:1,80:1,81:1,82:1,83:1,84:1,85:1,86:1] vectors=[81:(1,1,1),82:(1,1,1),83:(1,1,1),84:(1,1,1),85:(1,1,1),86:(1,1,1)]
2026-09-12 16:17:36.430 NATIVE STAIN FIELD DIAG generation=84 node=84E323A0 control=68D5E820 changes=N+0x3c:0005d24b>0005d251(5.346164e-040>5.346248e-040) totals=(node:1,control:0)
2026-09-12 16:17:36.484 liquid native update performance version=0.8.12-decal-freeze-performance samples=84 native_and_pick_ms=0.049 freeze_cleanup_ms=0.000 diagnostics_and_retraction_ms=0.115 peak_total_ms=1.260 tracked=83 freeze_hook=1
2026-09-12 16:17:36.547 NATIVE STAIN ANIMATION DIAG generation=84 emission=1 particle=540 sample_ms=1813 update=32b904e0 descriptor=5844bca0 descriptor_checksum=cbdb3704 group_index=0 group=57e00840 group_checksum=8adf5f37 counts=(nodes:87,controls:83,weights:87,vectors:87) nodes=[81:84E32B80:278b085c:"",82:84E32CE0:94929ade:"",83:84E32680:194fe0c3:"",84:84E327E0:4060a5be:"",85:84E325C0:a224d0b8:"",86:84E323A0:8ef12c20:""] controls=[77:84DA3AA0:85cf5016:"",78:84DA41C0:2af8da79:"",79:84DA4300:d475d7a9:"",80:84DA3FA0:a2bc795e:"",81:84DA48A0:c658e64e:"",82:84DA4400:87af89d4:""] weights=[77:1,78:1,79:1,80:1,81:1,82:1,83:1,84:1,85:1,86:1] vectors=[81:(1,1,1),82:(1,1,1),83:(1,1,1),84:(1,1,1),85:(1,1,1),86:(1,1,1)]
2026-09-12 16:17:36.547 NATIVE STAIN FIELD DIAG generation=84 node=84E323A0 control=68D5E820 changes=N+0x3c:0005d251>0005d25a(5.346248e-040>5.346374e-040) totals=(node:1,control:0)
2026-09-12 16:17:36.663 NATIVE STAIN ANIMATION DIAG generation=84 emission=1 particle=540 sample_ms=1938 update=32b904e0 descriptor=5844bca0 descriptor_checksum=cbdb3704 group_index=0 group=57e00840 group_checksum=8adf5f37 counts=(nodes:87,controls:83,weights:87,vectors:87) nodes=[81:84E32B80:dd9ca4d2:"",82:84E32CE0:7b0cf6d0:"",83:84E32680:b950d4ed:"",84:84E327E0:b95053f0:"",85:84E325C0:9c0203f6:"",86:84E323A0:ad64cb0e:""] controls=[77:84DA3AA0:85cf5016:"",78:84DA41C0:90ddc9b8:"",79:84DA4300:d6de99a9:"",80:84DA3FA0:a2bc795e:"",81:84DA48A0:c658e64e:"",82:84DA4400:87af89d4:""] weights=[77:1,78:1,79:1,80:1,81:1,82:1,83:1,84:1,85:1,86:1] vectors=[81:(1,1,1),82:(1,1,1),83:(1,1,1),84:(1,1,1),85:(1,1,1),86:(1,1,1)]
2026-09-12 16:17:36.663 NATIVE STAIN FIELD DIAG generation=84 node=84E323A0 control=68D5E820 changes=N+0x3c:0005d25a>0005d264(5.346374e-040>5.346514e-040) totals=(node:1,control:0)
2026-09-12 16:17:36.774 NATIVE STAIN ANIMATION DIAG generation=84 emission=1 particle=540 sample_ms=2047 update=32b904e0 descriptor=5844bca0 descriptor_checksum=cbdb3704 group_index=0 group=57e00840 group_checksum=8adf5f37 counts=(nodes:87,controls:83,weights:87,vectors:87) nodes=[81:84E32B80:a66ece28:"",82:84E32CE0:ab328c2a:"",83:84E32680:94a7aadf:"",84:84E327E0:c94254ca:"",85:84E325C0:8f19804c:"",86:84E323A0:25853bf4:""] controls=[77:84DA3AA0:85cf5016:"",78:84DA41C0:ac13cfa2:"",79:84DA4300:d6de99a9:"",80:84DA3FA0:a2bc795e:"",81:84DA48A0:c658e64e:"",82:84DA4400:87af89d4:""] weights=[77:1,78:1,79:1,80:1,81:1,82:1,83:1,84:1,85:1,86:1] vectors=[81:(1,1,1),82:(1,1,1),83:(1,1,1),84:(1,1,1),85:(1,1,1),86:(1,1,1)]
2026-09-12 16:17:36.775 NATIVE STAIN FIELD DIAG generation=84 node=84E323A0 control=68D5E820 changes=N+0x3c:0005d264>0005d26e(5.346514e-040>5.346654e-040) totals=(node:1,control:0)
2026-09-12 16:17:36.886 NATIVE STAIN ANIMATION DIAG generation=84 emission=1 particle=540 sample_ms=2157 update=32b904e0 descriptor=5844bca0 descriptor_checksum=cbdb3704 group_index=0 group=57e00840 group_checksum=8adf5f37 counts=(nodes:87,controls:83,weights:87,vectors:87) nodes=[81:84E32B80:4516b3ce:"",82:84E32CE0:5b45426c:"",83:84E32680:f7739d59:"",84:84E327E0:5b77508c:"",85:84E325C0:35a92d8a:"",86:84E323A0:2873de12:""] controls=[77:84DA3AA0:85cf5016:"",78:84DA41C0:ac13cfa2:"",79:84DA4300:6618c47e:"",80:84DA3FA0:a2bc795e:"",81:84DA48A0:c658e64e:"",82:84DA4400:87af89d4:""] weights=[77:1,78:1,79:1,80:1,81:1,82:1,83:1,84:1,85:1,86:1] vectors=[81:(1,1,1),82:(1,1,1),83:(1,1,1),84:(1,1,1),85:(1,1,1),86:(1,1,1)]
2026-09-12 16:17:36.886 NATIVE STAIN FIELD DIAG generation=84 node=84E323A0 control=68D5E820 changes=N+0x3c:0005d26e>0005d278(5.346654e-040>5.346794e-040) totals=(node:1,control:0)
2026-09-12 16:17:36.994 NATIVE STAIN ANIMATION DIAG generation=84 emission=1 particle=540 sample_ms=2266 update=32b904e0 descriptor=5844bca0 descriptor_checksum=cbdb3704 group_index=0 group=57e00840 group_checksum=8adf5f37 counts=(nodes:87,controls:83,weights:87,vectors:87) nodes=[81:84E32B80:14f1c484:"",82:84E32CE0:b1155706:"",83:84E32680:eba6d06b:"",84:84E327E0:1699f1e6:"",85:84E325C0:95fcf580:"",86:84E323A0:69255fd8:""] controls=[77:84DA3AA0:85cf5016:"",78:84DA41C0:ac13cfa2:"",79:84DA4300:7cba2b2e:"",80:84DA3FA0:a2bc795e:"",81:84DA48A0:c658e64e:"",82:84DA4400:87af89d4:""] weights=[77:1,78:1,79:1,80:1,81:1,82:1,83:1,84:1,85:1,86:1] vectors=[81:(1,1,1),82:(1,1,1),83:(1,1,1),84:(1,1,1),85:(1,1,1),86:(1,1,1)]
2026-09-12 16:17:36.994 NATIVE STAIN FIELD DIAG generation=84 node=84E323A0 control=68D5E820 changes=N+0x3c:0005d278>0005d282(5.346794e-040>5.346935e-040) totals=(node:1,control:0)
2026-09-12 16:17:37.100 NATIVE STAIN ANIMATION DIAG generation=84 emission=1 particle=540 sample_ms=2375 update=32b904e0 descriptor=5844bca0 descriptor_checksum=cbdb3704 group_index=0 group=57e00840 group_checksum=8adf5f37 counts=(nodes:87,controls:83,weights:87,vectors:87) nodes=[81:84E32B80:f7411bd9:"",82:84E32CE0:387c2db3:"",83:84E32680:2e61ea4e:"",84:84E327E0:fd90d713:"",85:84E325C0:a593d0e5:"",86:84E323A0:4af3852d:""] controls=[77:84DA3AA0:85cf5016:"",78:84DA41C0:9a07d0e4:"",79:84DA4300:7cba2b2e:"",80:84DA3FA0:a2bc795e:"",81:84DA48A0:c658e64e:"",82:84DA4400:87af89d4:""] weights=[77:1,78:1,79:1,80:1,81:1,82:1,83:1,84:1,85:1,86:1] vectors=[81:(1,1,1),82:(1,1,1),83:(1,1,1),84:(1,1,1),85:(1,1,1),86:(1,1,1)]
2026-09-12 16:17:37.101 NATIVE STAIN FIELD DIAG generation=84 node=84E323A0 control=68D5E820 changes=N+0x3c:0005d282>0005d28b(5.346935e-040>5.347061e-040) totals=(node:1,control:0)
2026-09-12 16:17:37.207 NATIVE STAIN ANIMATION DIAG generation=84 emission=1 particle=540 sample_ms=2485 update=32b904e0 descriptor=5844bca0 descriptor_checksum=cbdb3704 group_index=0 group=57e00840 group_checksum=8adf5f37 counts=(nodes:87,controls:83,weights:87,vectors:87) nodes=[81:84E32B80:ba0bccc2:"",82:84E32CE0:a57957e0:"",83:84E32680:706395fd:"",84:84E327E0:271eca40:"",85:84E325C0:7f101726:"",86:84E323A0:aaee1e9e:""] controls=[77:84DA3AA0:85cf5016:"",78:84DA41C0:9a07d0e4:"",79:84DA4300:7cba2b2e:"",80:84DA3FA0:a2bc795e:"",81:84DA48A0:c658e64e:"",82:84DA4400:87af89d4:""] weights=[77:1,78:1,79:1,80:1,81:1,82:1,83:1,84:1,85:1,86:1] vectors=[81:(1,1,1),82:(1,1,1),83:(1,1,1),84:(1,1,1),85:(1,1,1),86:(1,1,1)]
2026-09-12 16:17:37.207 NATIVE STAIN FIELD DIAG generation=84 node=84E323A0 control=68D5E820 changes=N+0x3c:0005d28b>0005d294(5.347061e-040>5.347187e-040) totals=(node:1,control:0)
2026-09-12 16:17:37.481 liquid native update performance version=0.8.12-decal-freeze-performance samples=84 native_and_pick_ms=0.045 freeze_cleanup_ms=0.000 diagnostics_and_retraction_ms=0.101 peak_total_ms=1.439 tracked=83 freeze_hook=1
2026-09-12 16:17:38.482 liquid native update performance version=0.8.12-decal-freeze-performance samples=89 native_and_pick_ms=0.047 freeze_cleanup_ms=0.000 diagnostics_and_retraction_ms=0.001 peak_total_ms=0.095 tracked=83 freeze_hook=1
2026-09-12 16:17:39.475 liquid native update performance version=0.8.12-decal-freeze-performance samples=90 native_and_pick_ms=0.047 freeze_cleanup_ms=0.000 diagnostics_and_retraction_ms=0.001 peak_total_ms=0.081 tracked=83 freeze_hook=1
2026-09-12 16:17:39.859 liquid POV tool command observed; custom emission disabled and native spermray retained
2026-09-12 16:17:39.859 LIQUID TRIGGER command phase=before name="CumShot" args=001af348 thread=0x00006818
2026-09-12 16:17:39.859 memory snapshot label="command_args" address=001AF348 words=35248300,001af364,004780c7,324b0ae0,35247d60,0bfff0d5,001af448,001af4f0,7273a667,001af990,324b0ae0,35247d60,0bfff0d5,001af448,001af6a0,324b0ae0
2026-09-12 16:17:39.860 LIQUID TRIGGER command phase=after name="CumShot" args=001af348 result=0x00000000
2026-09-12 16:17:40.480 liquid native update performance version=0.8.12-decal-freeze-performance samples=86 native_and_pick_ms=0.045 freeze_cleanup_ms=0.000 diagnostics_and_retraction_ms=0.001 peak_total_ms=0.090 tracked=83 freeze_hook=1
2026-09-12 16:17:41.479 liquid native update performance version=0.8.12-decal-freeze-performance samples=94 native_and_pick_ms=0.021 freeze_cleanup_ms=0.000 diagnostics_and_retraction_ms=0.001 peak_total_ms=0.089 tracked=0 freeze_hook=1
2026-09-12 16:17:42.477 liquid native update performance version=0.8.12-decal-freeze-performance samples=93 native_and_pick_ms=0.005 freeze_cleanup_ms=0.000 diagnostics_and_retraction_ms=0.001 peak_total_ms=0.012 tracked=0 freeze_hook=1
2026-09-12 16:17:43.689 liquid native update performance version=0.8.12-decal-freeze-performance samples=90 native_and_pick_ms=0.005 freeze_cleanup_ms=0.000 diagnostics_and_retraction_ms=0.001 peak_total_ms=0.013 tracked=0 freeze_hook=1
2026-09-12 16:17:44.741 liquid native update performance version=0.8.12-decal-freeze-performance samples=83 native_and_pick_ms=0.005 freeze_cleanup_ms=0.000 diagnostics_and_retraction_ms=0.001 peak_total_ms=0.013 tracked=0 freeze_hook=1
2026-09-12 16:17:48.822 liquid native update performance version=0.8.12-decal-freeze-performance samples=1 native_and_pick_ms=0.004 freeze_cleanup_ms=0.000 diagnostics_and_retraction_ms=0.001 peak_total_ms=0.005 tracked=0 freeze_hook=1
2026-09-12 16:17:49.837 liquid native update performance version=0.8.12-decal-freeze-performance samples=77 native_and_pick_ms=0.004 freeze_cleanup_ms=0.000 diagnostics_and_retraction_ms=0.001 peak_total_ms=0.019 tracked=0 freeze_hook=1
2026-09-12 16:17:50.840 liquid native update performance version=0.8.12-decal-freeze-performance samples=80 native_and_pick_ms=0.004 freeze_cleanup_ms=0.000 diagnostics_and_retraction_ms=0.001 peak_total_ms=0.015 tracked=0 freeze_hook=1
2026-09-12 16:17:51.841 liquid native update performance version=0.8.12-decal-freeze-performance samples=72 native_and_pick_ms=0.005 freeze_cleanup_ms=0.000 diagnostics_and_retraction_ms=0.001 peak_total_ms=0.018 tracked=0 freeze_hook=1
2026-09-12 16:17:52.842 liquid native update performance version=0.8.12-decal-freeze-performance samples=73 native_and_pick_ms=0.005 freeze_cleanup_ms=0.000 diagnostics_and_retraction_ms=0.001 peak_total_ms=0.018 tracked=0 freeze_hook=1
2026-09-12 16:17:53.838 liquid native update performance version=0.8.12-decal-freeze-performance samples=64 native_and_pick_ms=0.004 freeze_cleanup_ms=0.000 diagnostics_and_retraction_ms=0.001 peak_total_ms=0.011 tracked=0 freeze_hook=1
2026-09-12 16:17:54.841 liquid native update performance version=0.8.12-decal-freeze-performance samples=61 native_and_pick_ms=0.005 freeze_cleanup_ms=0.000 diagnostics_and_retraction_ms=0.001 peak_total_ms=0.026 tracked=0 freeze_hook=1
2026-09-12 16:17:55.839 liquid native update performance version=0.8.12-decal-freeze-performance samples=70 native_and_pick_ms=0.005 freeze_cleanup_ms=0.000 diagnostics_and_retraction_ms=0.001 peak_total_ms=0.017 tracked=0 freeze_hook=1
2026-09-12 16:17:56.833 liquid native update performance version=0.8.12-decal-freeze-performance samples=73 native_and_pick_ms=0.005 freeze_cleanup_ms=0.000 diagnostics_and_retraction_ms=0.001 peak_total_ms=0.017 tracked=0 freeze_hook=1
2026-09-12 16:17:57.841 liquid native update performance version=0.8.12-decal-freeze-performance samples=73 native_and_pick_ms=0.005 freeze_cleanup_ms=0.000 diagnostics_and_retraction_ms=0.001 peak_total_ms=0.014 tracked=0 freeze_hook=1
2026-09-12 16:17:58.840 liquid native update performance version=0.8.12-decal-freeze-performance samples=75 native_and_pick_ms=0.006 freeze_cleanup_ms=0.000 diagnostics_and_retraction_ms=0.001 peak_total_ms=0.034 tracked=0 freeze_hook=1
2026-09-12 16:17:59.837 liquid native update performance version=0.8.12-decal-freeze-performance samples=75 native_and_pick_ms=0.005 freeze_cleanup_ms=0.000 diagnostics_and_retraction_ms=0.001 peak_total_ms=0.035 tracked=0 freeze_hook=1
2026-09-12 16:18:00.838 liquid native update performance version=0.8.12-decal-freeze-performance samples=74 native_and_pick_ms=0.005 freeze_cleanup_ms=0.000 diagnostics_and_retraction_ms=0.001 peak_total_ms=0.013 tracked=0 freeze_hook=1
2026-09-12 16:18:01.837 liquid native update performance version=0.8.12-decal-freeze-performance samples=73 native_and_pick_ms=0.005 freeze_cleanup_ms=0.000 diagnostics_and_retraction_ms=0.001 peak_total_ms=0.017 tracked=0 freeze_hook=1
2026-09-12 16:18:02.276 liquid prototype emitter started source=model person=2 start=179351515 duration=10.000 end=179361515
2026-09-12 16:18:02.284 liquid world emitter sample person=2 emission=2 position=(1.86838,1.33961,1.91728) direction=(0.00000,0.59297,0.80522) source=rebuilt-joint-local-hierarchy
2026-09-12 16:18:02.308 ejaculation audio started person=2 emission=2 pulse=1 volume=0.000 path="C:\Users\ErolB\Desktop\Games\TK17\The Klub 17\Extensions\Liquids\Sounds\Ejaculation\Default\cum01.mp3"
2026-09-12 16:18:02.309 testicular retraction control resolved person=2 mode=FindObjC-direct wrapper=4aa2ebe0 control=4aa2ebe0 weight=0.000
2026-09-12 16:18:02.309 testicular retraction pulse person=2 emission=2 pulse=1 baseline=0.000 start=0.000 target=0.250
2026-09-12 16:18:02.309 PhysX live collider status tick_active=1 camera_valid=1 enabled=1 ready_person_mask=0x3
2026-09-12 16:18:02.315 testicular retraction live write person=2 control=4aa2ebe0 input=0.000 baseline=0.000 contribution=0.000 output=0.000
2026-09-12 16:18:02.315 testicular retraction applied person=2 emission=2 pulse=1 baseline=0.000 contribution=0.000 output=0.000
2026-09-12 16:18:02.386 liquid native stain descriptor captured emission=2 frame=001af5c4 descriptor=5844bca0 rate=4 size=0.025 field28=0 field2c=1.019374e-38 field30=0 scale=(1,1,1)
2026-09-12 16:18:02.387 memory snapshot label="native-stain-descriptor" address=5844BCA0 words=458b6080,590ce3a0,3e800000,3c23d70a,00000004,006c006b,982f9735,000001a1,40800000,3ccccccd,00000000,006f0000,00000000,3f800000,3f800000,3f800000
2026-09-12 16:18:02.510 ejaculation audio finished person=2 emission=2 pulse=1 path="C:\Users\ErolB\Desktop\Games\TK17\The Klub 17\Extensions\Liquids\Sounds\Ejaculation\Default\cum01.mp3"
2026-09-12 16:18:02.544 liquid world emitter sample person=2 emission=2 position=(1.86838,1.33961,1.91728) direction=(0.00000,0.59297,0.80522) source=rebuilt-joint-local-hierarchy
2026-09-12 16:18:02.550 testicular retraction live write person=2 control=4aa2ebe0 input=0.275 baseline=0.000 contribution=0.272 output=0.272
2026-09-12 16:18:02.785 liquid native stain contact consumed source=confirmed particle=547 emission=2 retry=0 result=4 count=1 native_hit=1 body_confirmed=0 retried=0 outcome=native-hit-attachment-unconfirmed
2026-09-12 16:18:02.786 NATIVE STAIN ANIMATION DIAG generation=85 emission=2 particle=547 sample_ms=0 update=32b904e0 descriptor=5844bca0 descriptor_checksum=0ddb395e group_index=0 group=57e00840 group_checksum=4f4b7673 counts=(nodes:2,controls:2,weights:2,vectors:2) nodes=[0:7B929980:b6007842:"",1:7B9296A0:1fd7a6cb:""] controls=[0:84DAB380:6e1162ee:"",1:84DAA700:9c74f502:""] weights=[0:1,1:1] vectors=[0:(1,1,1),1:(1,1,1)]
2026-09-12 16:18:02.795 liquid world emitter sample person=2 emission=2 position=(1.86838,1.33961,1.91728) direction=(0.00000,0.59297,0.80522) source=rebuilt-joint-local-hierarchy
2026-09-12 16:18:02.802 testicular retraction live write person=2 control=4aa2ebe0 input=0.241 baseline=0.000 contribution=0.241 output=0.241
2026-09-12 16:18:02.818 liquid native stain contact consumed source=confirmed particle=629 emission=2 retry=0 result=4 count=1 native_hit=1 body_confirmed=0 retried=0 outcome=native-hit-attachment-unconfirmed
2026-09-12 16:18:02.835 liquid native stain contact consumed source=confirmed particle=554 emission=2 retry=0 result=4 count=1 native_hit=1 body_confirmed=0 retried=0 outcome=native-hit-attachment-unconfirmed
2026-09-12 16:18:02.836 liquid native update performance version=0.8.12-decal-freeze-performance samples=64 native_and_pick_ms=0.295 freeze_cleanup_ms=0.004 diagnostics_and_retraction_ms=0.055 peak_total_ms=4.147 tracked=3 freeze_hook=1
2026-09-12 16:18:02.853 liquid native stain transform particle=638 frame=001af5c4 descriptor=5844bca0 descriptor_scale=(1.00000,1.00000,1.00000) custom_hit_view=(0.12511,0.40837,-2.29626) custom_ray_view=(0.20047,0.42184,-2.27392)->(-0.94500,-0.16891,-0.28007)
2026-09-12 16:18:02.854 liquid native stain contact consumed source=confirmed particle=638 emission=2 retry=0 result=4 count=1 native_hit=1 body_confirmed=1 retried=0 outcome=native-model-hit-impact-ray
2026-09-12 16:18:02.871 liquid native stain transform particle=564 frame=001af5c4 descriptor=5844bca0 descriptor_scale=(1.00000,1.00000,1.00000) custom_hit_view=(0.12634,0.41247,-2.29698) custom_ray_view=(0.20165,0.41814,-2.27525)->(-0.95831,-0.07213,-0.27646)
2026-09-12 16:18:02.871 liquid native stain contact consumed source=confirmed particle=564 emission=2 retry=0 result=4 count=1 native_hit=1 body_confirmed=1 retried=0 outcome=native-model-hit-impact-ray
2026-09-12 16:18:02.896 liquid native stain contact consumed source=confirmed particle=581 emission=2 retry=0 result=4 count=1 native_hit=1 body_confirmed=0 retried=0 outcome=native-hit-attachment-unconfirmed
2026-09-12 16:18:02.897 NATIVE STAIN ANIMATION DIAG generation=90 emission=2 particle=581 sample_ms=0 update=32b904e0 descriptor=5844bca0 descriptor_checksum=3e9049cd group_index=0 group=57e00840 group_checksum=913a60f3 counts=(nodes:7,controls:7,weights:7,vectors:7) nodes=[1:7B9296A0:89c2165f:"",2:7B929760:cbe7e167:"",3:7B929C60:ec4d8d06:"",4:7B929D20:0e61315e:"",5:7B92B7A0:5b509b01:"",6:7B92AAC0:b0286491:""] controls=[1:84DAA700:9c74f502:"",2:84DAABC0:87cf52f7:"",3:84DAB480:87d8c643:"",4:84DAB240:bb75ffa1:"",5:84DAB4C0:d0b23cef:"",6:84DAAFC0:a780af7c:""] weights=[0:1,1:1,2:1,3:1,4:1,5:1,6:1] vectors=[1:(1,1,1),2:(1,1,1),3:(1,1,1),4:(1,1,1),5:(1,1,1),6:(1,1,1)]
2026-09-12 16:18:02.914 liquid native stain contact consumed source=confirmed particle=646 emission=2 retry=0 result=4 count=1 native_hit=1 body_confirmed=0 retried=0 outcome=native-hit-attachment-unconfirmed
2026-09-12 16:18:02.934 liquid native stain contact consumed source=confirmed particle=649 emission=2 retry=0 result=4 count=1 native_hit=1 body_confirmed=0 retried=0 outcome=native-hit-attachment-unconfirmed
2026-09-12 16:18:02.989 liquid native stain contact consumed source=confirmed particle=586 emission=2 retry=0 result=4 count=1 native_hit=1 body_confirmed=0 retried=0 outcome=native-hit-attachment-unconfirmed
2026-09-12 16:18:03.022 liquid native stain contact consumed source=confirmed particle=603 emission=2 retry=0 result=4 count=1 native_hit=1 body_confirmed=0 retried=0 outcome=native-hit-attachment-unconfirmed
2026-09-12 16:18:03.023 NATIVE STAIN ANIMATION DIAG generation=94 emission=2 particle=603 sample_ms=0 update=32b904e0 descriptor=5844bca0 descriptor_checksum=1e132ac7 group_index=0 group=57e00840 group_checksum=a104a898 counts=(nodes:11,controls:11,weights:11,vectors:11) nodes=[5:7B92B7A0:9eabab35:"",6:7B92AAC0:3d24e005:"",7:7B92A8A0:95ac7566:"",8:7B92A500:931664c7:"",9:7B92AC20:38dc8485:"",10:7B92B640:cf343142:""] controls=[5:84DAB4C0:39903c12:"",6:84DAAFC0:a780af7c:"",7:84DAB520:7cdc2208:"",8:84DAB6A0:82391d20:"",9:84DAB0C0:8422dff5:"",10:84DABE80:31fd1107:""] weights=[1:1,2:1,3:1,4:1,5:1,6:1,7:1,8:1,9:1,10:1] vectors=[5:(1,1,1),6:(1,1,1),7:(1,1,1),8:(1,1,1),9:(1,1,1),10:(1,1,1)]
2026-09-12 16:18:03.044 liquid native stain contact consumed source=confirmed particle=656 emission=2 retry=0 result=4 count=1 native_hit=1 body_confirmed=0 retried=0 outcome=native-hit-attachment-unconfirmed
2026-09-12 16:18:03.054 liquid world emitter sample person=2 emission=2 position=(1.86838,1.33961,1.91728) direction=(0.00000,0.59297,0.80522) source=rebuilt-joint-local-hierarchy
2026-09-12 16:18:03.065 liquid native stain contact consumed source=confirmed particle=613 emission=2 retry=0 result=4 count=1 native_hit=1 body_confirmed=0 retried=0 outcome=native-hit-attachment-unconfirmed
2026-09-12 16:18:03.066 testicular retraction live write person=2 control=4aa2ebe0 input=0.250 baseline=0.000 contribution=0.250 output=0.250
2026-09-12 16:18:03.098 liquid native stain contact consumed source=confirmed particle=659 emission=2 retry=0 result=4 count=1 native_hit=1 body_confirmed=0 retried=0 outcome=native-hit-attachment-unconfirmed
2026-09-12 16:18:03.134 NATIVE STAIN ANIMATION DIAG generation=97 emission=2 particle=659 sample_ms=32 update=32b904e0 descriptor=5844bca0 descriptor_checksum=fa8339ca group_index=0 group=57e00840 group_checksum=a104a898 counts=(nodes:14,controls:14,weights:14,vectors:14) nodes=[8:7B92A500:cb45ea29:"",9:7B92AC20:3337ad83:"",10:7B92B640:9f540c18:"",11:7B92A940:2c5acbfc:"",12:7B92A5C0:7db79349:"",13:7B92B080:2f49b859:""] controls=[8:84DAB6A0:82391d20:"",9:84DAB0C0:8422dff5:"",10:84DABE80:b585aa8e:"",11:84DABD40:e95d8bfa:"",12:84DABE20:92397198:"",13:84DAB920:5f718a88:""] weights=[4:1,5:1,6:1,7:1,8:1,9:1,10:1,11:1,12:1,13:1] vectors=[8:(1,1,1),9:(1,1,1),10:(1,1,1),11:(1,1,1),12:(1,1,1),13:(1,1,1)]
2026-09-12 16:18:03.238 NATIVE STAIN ANIMATION DIAG generation=97 emission=2 particle=659 sample_ms=141 update=32b904e0 descriptor=5844bca0 descriptor_checksum=fa8339ca group_index=0 group=57e00840 group_checksum=a104a898 counts=(nodes:14,controls:14,weights:14,vectors:14) nodes=[8:7B92A500:bc2b55f6:"",9:7B92AC20:0f1ab2dc:"",10:7B92B640:a4d63eb7:"",11:7B92A940:22a88aa3:"",12:7B92A5C0:af4fbe16:"",13:7B92B080:7fb50566:""] controls=[8:84DAB6A0:82391d20:"",9:84DAB0C0:8422dff5:"",10:84DABE80:5bead253:"",11:84DABD40:e95d8bfa:"",12:84DABE20:92397198:"",13:84DAB920:5f718a88:""] weights=[4:1,5:1,6:1,7:1,8:1,9:1,10:1,11:1,12:1,13:1] vectors=[8:(1,1,1),9:(1,1,1),10:(1,1,1),11:(1,1,1),12:(1,1,1),13:(1,1,1)]
2026-09-12 16:18:03.303 liquid world emitter sample person=2 emission=2 position=(1.86838,1.33961,1.91728) direction=(0.00000,0.59297,0.80522) source=rebuilt-joint-local-hierarchy
2026-09-12 16:18:03.328 testicular retraction live write person=2 control=4aa2ebe0 input=0.250 baseline=0.000 contribution=0.250 output=0.250
2026-09-12 16:18:03.357 NATIVE STAIN ANIMATION DIAG generation=97 emission=2 particle=659 sample_ms=250 update=32b904e0 descriptor=5844bca0 descriptor_checksum=fa8339ca group_index=0 group=57e00840 group_checksum=a104a898 counts=(nodes:14,controls:14,weights:14,vectors:14) nodes=[8:7B92A500:c96b496e:"",9:7B92AC20:ff24bb14:"",10:7B92B640:5d17b1ef:"",11:7B92A940:141917cb:"",12:7B92A5C0:6aa01fce:"",13:7B92B080:8cf353be:""] controls=[8:84DAB6A0:82391d20:"",9:84DAB0C0:8422dff5:"",10:84DABE80:97d91f48:"",11:84DABD40:e95d8bfa:"",12:84DABE20:92397198:"",13:84DAB920:5f718a88:""] weights=[4:1,5:1,6:1,7:1,8:1,9:1,10:1,11:1,12:1,13:1] vectors=[8:(1,1,1),9:(1,1,1),10:(1,1,1),11:(1,1,1),12:(1,1,1),13:(1,1,1)]
2026-09-12 16:18:03.463 NATIVE STAIN ANIMATION DIAG generation=97 emission=2 particle=659 sample_ms=360 update=32b904e0 descriptor=5844bca0 descriptor_checksum=fa8339ca group_index=0 group=57e00840 group_checksum=a104a898 counts=(nodes:14,controls:14,weights:14,vectors:14) nodes=[8:7B92A500:3b9c2ecb:"",9:7B92AC20:c92303f1:"",10:7B92B640:d1cf0472:"",11:7B92A940:a1e8326e:"",12:7B92A5C0:b832982b:"",13:7B92B080:c808a81b:""] controls=[8:84DAB6A0:82391d20:"",9:84DAB0C0:8422dff5:"",10:84DABE80:ec5d31b5:"",11:84DABD40:e95d8bfa:"",12:84DABE20:92397198:"",13:84DAB920:bb89f9ba:""] weights=[4:1,5:1,6:1,7:1,8:1,9:1,10:1,11:1,12:1,13:1] vectors=[8:(1,1,1),9:(1,1,1),10:(1,1,1),11:(1,1,1),12:(1,1,1),13:(1,1,1)]
2026-09-12 16:18:03.463 NATIVE STAIN FIELD DIAG generation=97 outcome=baseline node=7b92b080 control=79d6e640
2026-09-12 16:18:03.464 memory snapshot label="native-stain-animation-node-baseline" address=7B92B080 words=7285a8d4,79d6cea0,7285a908,72894190,5346c0c0,52485e40,01fff0ad,00000000,00000000,00000000,5a0e1bca,00000000,670d2620,72894230,00000000,0005d92a,3f800000,3f800000,3f800000,3f800000,00000000,00000000,00000000,00000000
2026-09-12 16:18:03.464 memory snapshot label="native-stain-animation-control-baseline" address=79D6E640 words=72859ad4,35577640,72859adc,72894190,3f800000,00000000,72894170,35576fa0,65727500,86adc600,40335351,86add7c8,4026c689,86add380,4014fc2b,86addc10,bd1f867b,8d043300,40127838,84dd4d60,4012e7e8,84dd5e80,401325e8,79d6e688
2026-09-12 16:18:03.464 liquid deep string event="native-stain-animation-node" object=7b92b080 offset=0x03c pointer=0005d92a text="e"
2026-09-12 16:18:03.464 liquid deep links event="native-stain-animation-control" object=79d6e640 named_or_string_links=0 scan_bytes=96
2026-09-12 16:18:03.565 liquid world emitter sample person=2 emission=2 position=(1.86838,1.33961,1.91728) direction=(0.00000,0.59297,0.80522) source=rebuilt-joint-local-hierarchy
2026-09-12 16:18:03.572 NATIVE STAIN ANIMATION DIAG generation=97 emission=2 particle=659 sample_ms=469 update=32b904e0 descriptor=5844bca0 descriptor_checksum=fa8339ca group_index=0 group=57e00840 group_checksum=a104a898 counts=(nodes:14,controls:14,weights:14,vectors:14) nodes=[8:7B92A500:22a19178:"",9:7B92AC20:c1b1a40a:"",10:7B92B640:04af6189:"",11:7B92A940:453aaaf5:"",12:7B92A5C0:2c6974d8:"",13:7B92B080:a88e6e68:""] controls=[8:84DAB6A0:82391d20:"",9:84DAB0C0:8422dff5:"",10:84DABE80:47bd50e6:"",11:84DABD40:e95d8bfa:"",12:84DABE20:92397198:"",13:84DAB920:bb89f9ba:""] weights=[4:1,5:1,6:1,7:1,8:1,9:1,10:1,11:1,12:1,13:1] vectors=[8:(1,1,1),9:(1,1,1),10:(1,1,1),11:(1,1,1),12:(1,1,1),13:(1,1,1)]
2026-09-12 16:18:03.573 NATIVE STAIN FIELD DIAG generation=97 node=7B92B080 control=79D6E640 changes=N+0x3c:0005d92a>0005d931(5.370813e-040>5.370911e-040) totals=(node:1,control:0)
2026-09-12 16:18:03.573 testicular retraction live write person=2 control=4aa2ebe0 input=0.059 baseline=0.000 contribution=0.051 output=0.051
2026-09-12 16:18:03.682 NATIVE STAIN ANIMATION DIAG generation=97 emission=2 particle=659 sample_ms=578 update=32b904e0 descriptor=5844bca0 descriptor_checksum=fa8339ca group_index=0 group=57e00840 group_checksum=a104a898 counts=(nodes:14,controls:14,weights:14,vectors:14) nodes=[8:7B92A500:6cbdc1f5:"",9:7B92AC20:dc62c4b7:"",10:7B92B640:d78e2cdc:"",11:7B92A940:fb1e7a78:"",12:7B92A5C0:50ea26d5:"",13:7B92B080:50fc7aa5:""] controls=[8:84DAB6A0:82391d20:"",9:84DAB0C0:8422dff5:"",10:84DABE80:1f274e7d:"",11:84DABD40:e95d8bfa:"",12:84DABE20:92397198:"",13:84DAB920:c772506f:""] weights=[4:1,5:1,6:1,7:1,8:1,9:1,10:1,11:1,12:1,13:1] vectors=[8:(1,1,1),9:(1,1,1),10:(1,1,1),11:(1,1,1),12:(1,1,1),13:(1,1,1)]
2026-09-12 16:18:03.682 NATIVE STAIN FIELD DIAG generation=97 node=7B92B080 control=79D6E640 changes=N+0x3c:0005d931>0005d938(5.370911e-040>5.371009e-040) totals=(node:1,control:0)
2026-09-12 16:18:03.805 ejaculation audio started person=2 emission=2 pulse=2 volume=0.000 path="C:\Users\ErolB\Desktop\Games\TK17\The Klub 17\Extensions\Liquids\Sounds\Ejaculation\Default\cum05.mp3"
2026-09-12 16:18:03.805 testicular retraction pulse person=2 emission=2 pulse=2 baseline=0.000 start=-0.000 target=0.250
2026-09-12 16:18:03.812 NATIVE STAIN ANIMATION DIAG generation=97 emission=2 particle=659 sample_ms=703 update=32b904e0 descriptor=5844bca0 descriptor_checksum=fa8339ca group_index=0 group=57e00840 group_checksum=a104a898 counts=(nodes:14,controls:14,weights:14,vectors:14) nodes=[8:7B92A500:329701a2:"",9:7B92AC20:6b159750:"",10:7B92B640:d33647fb:"",11:7B92A940:1fa5afdf:"",12:7B92A5C0:b733ef02:"",13:7B92B080:cb572c92:""] controls=[8:84DAB6A0:82391d20:"",9:84DAB0C0:8422dff5:"",10:84DABE80:473cd092:"",11:84DABD40:e95d8bfa:"",12:84DABE20:92397198:"",13:84DAB920:c9541439:""] weights=[4:1,5:1,6:1,7:1,8:1,9:1,10:1,11:1,12:1,13:1] vectors=[8:(1,1,1),9:(1,1,1),10:(1,1,1),11:(1,1,1),12:(1,1,1),13:(1,1,1)]
2026-09-12 16:18:03.813 NATIVE STAIN FIELD DIAG generation=97 node=7B92B080 control=79D6E640 changes=N+0x3c:0005d938>0005d93f(5.371009e-040>5.371107e-040) totals=(node:1,control:0)
2026-09-12 16:18:03.813 testicular retraction applied person=2 emission=2 pulse=2 baseline=0.000 contribution=-0.000 output=0.000
2026-09-12 16:18:03.821 liquid world emitter sample person=2 emission=2 position=(1.86838,1.33961,1.91728) direction=(0.00000,0.59297,0.80522) source=rebuilt-joint-local-hierarchy
2026-09-12 16:18:03.829 testicular retraction live write person=2 control=4aa2ebe0 input=0.000 baseline=0.000 contribution=0.255 output=0.255
2026-09-12 16:18:03.843 liquid native update performance version=0.8.12-decal-freeze-performance samples=58 native_and_pick_ms=0.613 freeze_cleanup_ms=0.019 diagnostics_and_retraction_ms=0.250 peak_total_ms=4.136 tracked=13 freeze_hook=1
2026-09-12 16:18:03.922 NATIVE STAIN ANIMATION DIAG generation=97 emission=2 particle=659 sample_ms=813 update=32b904e0 descriptor=5844bca0 descriptor_checksum=fa8339ca group_index=0 group=57e00840 group_checksum=a104a898 counts=(nodes:14,controls:14,weights:14,vectors:14) nodes=[8:7B92A500:05890d4f:"",9:7B92AC20:0bc6dc0d:"",10:7B92B640:906dae4e:"",11:7B92A940:df168fd2:"",12:7B92A5C0:78fad96f:"",13:7B92B080:b288d21f:""] controls=[8:84DAB6A0:82391d20:"",9:84DAB0C0:8422dff5:"",10:84DABE80:473cd092:"",11:84DABD40:e95d8bfa:"",12:84DABE20:92397198:"",13:84DAB920:a7e26e61:""] weights=[4:1,5:1,6:1,7:1,8:1,9:1,10:1,11:1,12:1,13:1] vectors=[8:(1,1,1),9:(1,1,1),10:(1,1,1),11:(1,1,1),12:(1,1,1),13:(1,1,1)]
2026-09-12 16:18:03.923 NATIVE STAIN FIELD DIAG generation=97 node=7B92B080 control=79D6E640 changes=N+0x3c:0005d93f>0005d946(5.371107e-040>5.371205e-040) totals=(node:1,control:0)
2026-09-12 16:18:04.025 NATIVE STAIN ANIMATION DIAG generation=97 emission=2 particle=659 sample_ms=922 update=32b904e0 descriptor=5844bca0 descriptor_checksum=fa8339ca group_index=0 group=57e00840 group_checksum=a104a898 counts=(nodes:14,controls:14,weights:14,vectors:14) nodes=[8:7B92A500:bba62e2b:"",9:7B92AC20:19e1d591:"",10:7B92B640:c60bdf52:"",11:7B92A940:46909ece:"",12:7B92A5C0:382898cb:"",13:7B92B080:3adcecbb:""] controls=[8:84DAB6A0:82391d20:"",9:84DAB0C0:8422dff5:"",10:84DABE80:473cd092:"",11:84DABD40:e95d8bfa:"",12:84DABE20:92397198:"",13:84DAB920:a7e26e61:""] weights=[4:1,5:1,6:1,7:1,8:1,9:1,10:1,11:1,12:1,13:1] vectors=[8:(1,1,1),9:(1,1,1),10:(1,1,1),11:(1,1,1),12:(1,1,1),13:(1,1,1)]
2026-09-12 16:18:04.026 NATIVE STAIN FIELD DIAG generation=97 node=7B92B080 control=79D6E640 changes=N+0x3c:0005d946>0005d94a(5.371205e-040>5.371261e-040) totals=(node:1,control:0)
2026-09-12 16:18:04.044 liquid native stain contact consumed source=confirmed particle=664 emission=2 retry=0 result=4 count=1 native_hit=1 body_confirmed=0 retried=0 outcome=native-hit-attachment-unconfirmed
2026-09-12 16:18:04.070 liquid world emitter sample person=2 emission=2 position=(1.79555,1.40763,1.83201) direction=(0.00000,0.59297,0.80522) source=rebuilt-joint-local-hierarchy
2026-09-12 16:18:04.076 testicular retraction live write person=2 control=4aa2ebe0 input=0.265 baseline=0.000 contribution=0.262 output=0.262
2026-09-12 16:18:04.094 liquid native stain contact consumed source=confirmed particle=677 emission=2 retry=0 result=4 count=1 native_hit=1 body_confirmed=0 retried=0 outcome=native-hit-attachment-unconfirmed
2026-09-12 16:18:04.126 ejaculation audio finished person=2 emission=2 pulse=2 path="C:\Users\ErolB\Desktop\Games\TK17\The Klub 17\Extensions\Liquids\Sounds\Ejaculation\Default\cum05.mp3"
2026-09-12 16:18:04.141 liquid native stain transform particle=689 frame=001af5c4 descriptor=5844bca0 descriptor_scale=(1.00000,1.00000,1.00000) custom_hit_view=(0.10566,0.40584,-2.32090) custom_ray_view=(0.16963,0.40970,-2.27509)->(-0.81202,-0.04900,-0.58156)
2026-09-12 16:18:04.141 liquid native stain contact consumed source=confirmed particle=689 emission=2 retry=0 result=4 count=1 native_hit=1 body_confirmed=1 retried=0 outcome=native-model-hit-impact-ray
2026-09-12 16:18:04.142 NATIVE STAIN ANIMATION DIAG generation=100 emission=2 particle=689 sample_ms=0 update=32b904e0 descriptor=5844bca0 descriptor_checksum=c85df466 group_index=0 group=57e00840 group_checksum=9fa010eb counts=(nodes:17,controls:17,weights:17,vectors:17) nodes=[11:7B92A940:fd622810:"",12:7B92A5C0:e874d33d:"",13:7B92B080:526a088d:"",14:7B92AB80:03c798ec:"",15:7B92ACE0:e0d7d9c3:"",16:7B92AFC0:a478aa1a:""] controls=[11:84DABD40:e95d8bfa:"",12:84DABE20:92397198:"",13:84DAB920:16b23287:"",14:84DAC060:c77a7cc0:"",15:84DAB7A0:a878cb31:"",16:84DAB980:175544d8:""] weights=[7:1,8:1,9:1,10:1,11:1,12:1,13:1,14:1,15:1,16:1] vectors=[11:(1,1,1),12:(1,1,1),13:(1,1,1),14:(1,1,1),15:(1,1,1),16:(1,1,1)]
2026-09-12 16:18:04.196 liquid native stain contact consumed source=confirmed particle=697 emission=2 retry=0 result=4 count=1 native_hit=1 body_confirmed=0 retried=0 outcome=native-hit-attachment-unconfirmed
2026-09-12 16:18:04.241 NATIVE STAIN ANIMATION DIAG generation=101 emission=2 particle=697 sample_ms=47 update=32b904e0 descriptor=5844bca0 descriptor_checksum=b370ec83 group_index=0 group=57e00840 group_checksum=9fa010eb counts=(nodes:18,controls:18,weights:18,vectors:18) nodes=[12:7B92A5C0:8efb7964:"",13:7B92B080:9d5d8134:"",14:7B92AB80:059a1845:"",15:7B92ACE0:3ed2f4aa:"",16:7B92AFC0:4a8960a5:"",17:7B92B1E0:ad74a3b7:""] controls=[12:84DABE20:92397198:"",13:84DAB920:16b23287:"",14:84DAC060:c77a7cc0:"",15:84DAB7A0:a878cb31:"",16:84DAB980:175544d8:"",17:84DAB880:89cf7afa:""] weights=[8:1,9:1,10:1,11:1,12:1,13:1,14:1,15:1,16:1,17:1] vectors=[12:(1,1,1),13:(1,1,1),14:(1,1,1),15:(1,1,1),16:(1,1,1),17:(1,1,1)]
2026-09-12 16:18:04.260 liquid native stain contact consumed source=confirmed particle=709 emission=2 retry=0 result=4 count=1 native_hit=1 body_confirmed=0 retried=0 outcome=native-hit-attachment-unconfirmed
2026-09-12 16:18:04.311 liquid native stain contact consumed source=confirmed particle=723 emission=2 retry=0 result=4 count=1 native_hit=1 body_confirmed=0 retried=0 outcome=native-hit-attachment-unconfirmed
2026-09-12 16:18:04.322 liquid world emitter sample person=2 emission=2 position=(1.70985,1.51039,1.73773) direction=(0.00000,0.59297,0.80522) source=rebuilt-joint-local-hierarchy
2026-09-12 16:18:04.339 testicular retraction live write person=2 control=4aa2ebe0 input=0.243 baseline=0.000 contribution=0.244 output=0.244
2026-09-12 16:18:04.356 NATIVE STAIN ANIMATION DIAG generation=103 emission=2 particle=723 sample_ms=47 update=32b904e0 descriptor=5844bca0 descriptor_checksum=d5e8c21b group_index=0 group=57e00840 group_checksum=9fa010eb counts=(nodes:20,controls:20,weights:20,vectors:20) nodes=[14:7B92AB80:2cfc7faf:"",15:7B92ACE0:3798f5f0:"",16:7B92AFC0:77e08e0f:"",17:7B92B1E0:63fe91dd:"",18:7B92A2E0:914b0418:"",19:7B92BB40:db1b1241:""] controls=[14:84DAC060:c77a7cc0:"",15:84DAB7A0:a878cb31:"",16:84DAB980:175544d8:"",17:84DAB880:1e03ffdb:"",18:84DABFC0:811634e6:"",19:84DAA480:046039e2:""] weights=[10:1,11:1,12:1,13:1,14:1,15:1,16:1,17:1,18:1,19:1] vectors=[14:(1,1,1),15:(1,1,1),16:(1,1,1),17:(1,1,1),18:(1,1,1),19:(1,1,1)]
2026-09-12 16:18:04.387 liquid native stain contact consumed source=confirmed particle=734 emission=2 retry=0 result=4 count=1 native_hit=1 body_confirmed=0 retried=0 outcome=native-hit-attachment-unconfirmed
2026-09-12 16:18:04.440 liquid native stain contact consumed source=confirmed particle=744 emission=2 retry=0 result=4 count=1 native_hit=1 body_confirmed=0 retried=0 outcome=native-hit-attachment-unconfirmed
2026-09-12 16:18:04.469 NATIVE STAIN ANIMATION DIAG generation=105 emission=2 particle=744 sample_ms=32 update=32b904e0 descriptor=5844bca0 descriptor_checksum=7a9d7bff group_index=0 group=57e00840 group_checksum=9fa010eb counts=(nodes:22,controls:22,weights:22,vectors:22) nodes=[16:7B92AFC0:31264bc1:"",17:7B92B1E0:6346124b:"",18:7B92A2E0:48004ee6:"",19:7B92BB40:371c748f:"",20:7B91C1E0:0e4da401:"",21:7B91D260:08f4d3d0:""] controls=[16:84DAB980:175544d8:"",17:84DAB880:1e03ffdb:"",18:84DABFC0:811634e6:"",19:84DAA480:046039e2:"",20:84DAC8C0:73bb4e62:"",21:84DAC780:09428a3d:""] weights=[12:1,13:1,14:1,15:1,16:1,17:1,18:1,19:1,20:1,21:1] vectors=[16:(1,1,1),17:(1,1,1),18:(1,1,1),19:(1,1,1),20:(1,1,1),21:(1,1,1)]
2026-09-12 16:18:04.528 liquid native stain contact consumed source=confirmed particle=750 emission=2 retry=0 result=0 count=1 native_hit=1 body_confirmed=0 retried=0 outcome=native-hit-attachment-unconfirmed
2026-09-12 16:18:04.567 NATIVE STAIN ANIMATION DIAG generation=106 emission=2 particle=750 sample_ms=47 update=32b904e0 descriptor=5844bca0 descriptor_checksum=e2f98376 group_index=0 group=57e00840 group_checksum=9fa010eb counts=(nodes:23,controls:23,weights:23,vectors:23) nodes=[17:7B92B1E0:e50bc02c:"",18:7B92A2E0:f343ea51:"",19:7B92BB40:b34702e8:"",20:7B91C1E0:503dc116:"",21:7B91D260:2d7c0937:"",22:7B91CA80:b3b4fba3:""] controls=[17:84DAB880:1e03ffdb:"",18:84DABFC0:811634e6:"",19:84DAA480:046039e2:"",20:84DAC8C0:31ca1f96:"",21:84DAC780:2beadbec:"",22:84DAC820:717c3a1a:""] weights=[13:1,14:1,15:1,16:1,17:1,18:1,19:1,20:1,21:1,22:1] vectors=[17:(1,1,1),18:(1,1,1),19:(1,1,1),20:(1,1,1),21:(1,1,1),22:(1,1,1)]
2026-09-12 16:18:04.577 liquid world emitter sample person=2 emission=2 position=(1.72157,1.52342,1.75721) direction=(0.00000,0.59297,0.80522) source=rebuilt-joint-local-hierarchy
2026-09-12 16:18:04.586 testicular retraction live write person=2 control=4aa2ebe0 input=0.250 baseline=0.000 contribution=0.250 output=0.250
2026-09-12 16:18:04.675 NATIVE STAIN ANIMATION DIAG generation=106 emission=2 particle=750 sample_ms=156 update=32b904e0 descriptor=5844bca0 descriptor_checksum=e2f98376 group_index=0 group=57e00840 group_checksum=9fa010eb counts=(nodes:23,controls:23,weights:23,vectors:23) nodes=[17:7B92B1E0:d7d8e6ba:"",18:7B92A2E0:4f0ea9ef:"",19:7B92BB40:6f913c06:"",20:7B91C1E0:abb7b6b8:"",21:7B91D260:9af13729:"",22:7B91CA80:fa559795:""] controls=[17:84DAB880:1e03ffdb:"",18:84DABFC0:811634e6:"",19:84DAA480:046039e2:"",20:84DAC8C0:31ca1f96:"",21:84DAC780:4759d624:"",22:84DAC820:717c3a1a:""] weights=[13:1,14:1,15:1,16:1,17:1,18:1,19:1,20:1,21:1,22:1] vectors=[17:(1,1,1),18:(1,1,1),19:(1,1,1),20:(1,1,1),21:(1,1,1),22:(1,1,1)]
2026-09-12 16:18:04.712 liquid native stain contact consumed source=confirmed particle=761 emission=2 retry=0 result=12 count=1 native_hit=1 body_confirmed=0 retried=0 outcome=native-hit-attachment-unconfirmed
2026-09-12 16:18:04.732 liquid native stain contact consumed source=confirmed particle=762 emission=2 retry=0 result=12 count=1 native_hit=1 body_confirmed=0 retried=0 outcome=native-hit-attachment-unconfirmed
2026-09-12 16:18:04.789 NATIVE STAIN ANIMATION DIAG generation=108 emission=2 particle=762 sample_ms=63 update=32b904e0 descriptor=5844bca0 descriptor_checksum=2858707a group_index=0 group=57e00840 group_checksum=9fa010eb counts=(nodes:25,controls:25,weights:25,vectors:25) nodes=[19:7B92BB40:8f302684:"",20:7B91C1E0:d9d0e032:"",21:7B91D260:733bf7eb:"",22:7B91CA80:5d751f0f:"",23:7B91BD80:32a0b174:"",24:7B91C060:fc71a462:""] controls=[19:84DAA480:046039e2:"",20:84DAC8C0:31ca1f96:"",21:84DAC780:4759d624:"",22:84DAC820:717c3a1a:"",23:84DAC4C0:d54d350a:"",24:84DAC740:68ce2de4:""] weights=[15:1,16:1,17:1,18:1,19:1,20:1,21:1,22:1,23:1,24:1] vectors=[19:(1,1,1),20:(1,1,1),21:(1,1,1),22:(1,1,1),23:(1,1,1),24:(1,1,1)]
2026-09-12 16:18:04.827 liquid world emitter sample person=2 emission=2 position=(1.70158,1.58565,1.74464) direction=(0.00000,0.59297,0.80522) source=rebuilt-joint-local-hierarchy
2026-09-12 16:18:04.833 testicular retraction live write person=2 control=4aa2ebe0 input=0.250 baseline=0.000 contribution=0.250 output=0.250
2026-09-12 16:18:04.833 liquid native update performance version=0.8.12-decal-freeze-performance samples=52 native_and_pick_ms=0.755 freeze_cleanup_ms=0.019 diagnostics_and_retraction_ms=0.232 peak_total_ms=4.445 tracked=24 freeze_hook=1
2026-09-12 16:18:04.898 NATIVE STAIN ANIMATION DIAG generation=108 emission=2 particle=762 sample_ms=172 update=32b904e0 descriptor=5844bca0 descriptor_checksum=2858707a group_index=0 group=57e00840 group_checksum=9fa010eb counts=(nodes:25,controls:25,weights:25,vectors:25) nodes=[19:7B92BB40:2ce3ddb7:"",20:7B91C1E0:2bef5199:"",21:7B91D260:edd1d868:"",22:7B91CA80:467666cc:"",23:7B91BD80:ed99a627:"",24:7B91C060:a4daf5c9:""] controls=[19:84DAA480:046039e2:"",20:84DAC8C0:31ca1f96:"",21:84DAC780:5ccaafa2:"",22:84DAC820:717c3a1a:"",23:84DAC4C0:d54d350a:"",24:84DAC740:68ce2de4:""] weights=[15:1,16:1,17:1,18:1,19:1,20:1,21:1,22:1,23:1,24:1] vectors=[19:(1,1,1),20:(1,1,1),21:(1,1,1),22:(1,1,1),23:(1,1,1),24:(1,1,1)]
2026-09-12 16:18:05.016 NATIVE STAIN ANIMATION DIAG generation=108 emission=2 particle=762 sample_ms=282 update=32b904e0 descriptor=5844bca0 descriptor_checksum=2858707a group_index=0 group=57e00840 group_checksum=9fa010eb counts=(nodes:25,controls:25,weights:25,vectors:25) nodes=[19:7B92BB40:bb96b050:"",20:7B91C1E0:6ff84cae:"",21:7B91D260:c397120f:"",22:7B91CA80:0d1a04eb:"",23:7B91BD80:d27800c0:"",24:7B91C060:293431de:""] controls=[19:84DAA480:046039e2:"",20:84DAC8C0:31ca1f96:"",21:84DAC780:5ccaafa2:"",22:84DAC820:717c3a1a:"",23:84DAC4C0:d54d350a:"",24:84DAC740:68ce2de4:""] weights=[15:1,16:1,17:1,18:1,19:1,20:1,21:1,22:1,23:1,24:1] vectors=[19:(1,1,1),20:(1,1,1),21:(1,1,1),22:(1,1,1),23:(1,1,1),24:(1,1,1)]
2026-09-12 16:18:05.075 liquid world emitter sample person=2 emission=2 position=(1.72517,1.59868,1.78060) direction=(0.00000,0.59297,0.80522) source=rebuilt-joint-local-hierarchy
2026-09-12 16:18:05.083 testicular retraction live write person=2 control=4aa2ebe0 input=0.043 baseline=0.000 contribution=0.037 output=0.037
2026-09-12 16:18:05.126 NATIVE STAIN ANIMATION DIAG generation=108 emission=2 particle=762 sample_ms=391 update=32b904e0 descriptor=5844bca0 descriptor_checksum=2858707a group_index=0 group=57e00840 group_checksum=9fa010eb counts=(nodes:25,controls:25,weights:25,vectors:25) nodes=[19:7B92BB40:35cc02ae:"",20:7B91C1E0:f5c2fa50:"",21:7B91D260:3313f481:"",22:7B91CA80:b443acfd:"",23:7B91BD80:fc4528fe:"",24:7B91C060:b44963e0:""] controls=[19:84DAA480:046039e2:"",20:84DAC8C0:31ca1f96:"",21:84DAC780:5d3bffd1:"",22:84DAC820:717c3a1a:"",23:84DAC4C0:d54d350a:"",24:84DAC740:68ce2de4:""] weights=[15:1,16:1,17:1,18:1,19:1,20:1,21:1,22:1,23:1,24:1] vectors=[19:(1,1,1),20:(1,1,1),21:(1,1,1),22:(1,1,1),23:(1,1,1),24:(1,1,1)]
2026-09-12 16:18:05.126 NATIVE STAIN FIELD DIAG generation=108 outcome=baseline node=7b91c060 control=79d537c0
2026-09-12 16:18:05.126 memory snapshot label="native-stain-animation-node-baseline" address=7B91C060 words=7285a8d4,10101010,7285a908,72894190,5346f620,5b546280,01fff0ad,00000000,00000000,00000000,5a0e1bca,00000000,670d3300,72894230,00000000,0005d984,3f800000,3f800000,3f800000,3f800000,00000000,00000000,00000000,00000000
2026-09-12 16:18:05.126 memory snapshot label="native-stain-animation-control-baseline" address=79D537C0 words=72859ad4,3dce0221,72859adc,72894190,3f800000,00000000,72894170,3e179d0a,3f800000,8563f3f8,4017a49c,8563da48,40185feb,8563d600,4017a49c,85641638,82effdab,8d005b00,00000000,00000000,00000000,00000000,00000000,79d53808
2026-09-12 16:18:05.127 liquid deep link event="native-stain-animation-node" object=7b91c060 offset=0x014 pointer=5b546280 target_name="NcPants2_mesh"
2026-09-12 16:18:05.128 liquid deep string event="native-stain-animation-node" object=7b91c060 offset=0x03c pointer=0005d984 text="p"
2026-09-12 16:18:05.128 liquid deep links event="native-stain-animation-control" object=79d537c0 named_or_string_links=0 scan_bytes=96
2026-09-12 16:18:05.225 NATIVE STAIN ANIMATION DIAG generation=108 emission=2 particle=762 sample_ms=500 update=32b904e0 descriptor=5844bca0 descriptor_checksum=2858707a group_index=0 group=57e00840 group_checksum=9fa010eb counts=(nodes:25,controls:25,weights:25,vectors:25) nodes=[19:7B92BB40:977fd3ec:"",20:7B91C1E0:4c5f070a:"",21:7B91D260:845ca2c3:"",22:7B91CA80:be274ed7:"",23:7B91BD80:9a697b3c:"",24:7B91C060:18794f5a:""] controls=[19:84DAA480:046039e2:"",20:84DAC8C0:31ca1f96:"",21:84DAC780:6188ff7e:"",22:84DAC820:717c3a1a:"",23:84DAC4C0:d54d350a:"",24:84DAC740:68ce2de4:""] weights=[15:1,16:1,17:1,18:1,19:1,20:1,21:1,22:1,23:1,24:1] vectors=[19:(1,1,1),20:(1,1,1),21:(1,1,1),22:(1,1,1),23:(1,1,1),24:(1,1,1)]
2026-09-12 16:18:05.225 NATIVE STAIN FIELD DIAG generation=108 node=7B91C060 control=79D537C0 changes=N+0x3c:0005d984>0005d98a(5.372074e-040>5.372158e-040) totals=(node:1,control:0)
2026-09-12 16:18:05.300 ejaculation audio started person=2 emission=2 pulse=3 volume=0.000 path="C:\Users\ErolB\Desktop\Games\TK17\The Klub 17\Extensions\Liquids\Sounds\Ejaculation\Default\cum02.mp3"
2026-09-12 16:18:05.300 testicular retraction pulse person=2 emission=2 pulse=3 baseline=0.000 start=-0.002 target=0.250
2026-09-12 16:18:05.311 testicular retraction applied person=2 emission=2 pulse=3 baseline=0.000 contribution=-0.002 output=0.000
2026-09-12 16:18:05.321 liquid world emitter sample person=2 emission=2 position=(1.72293,1.63776,1.78703) direction=(0.00000,0.59297,0.80522) source=rebuilt-joint-local-hierarchy
2026-09-12 16:18:05.334 NATIVE STAIN ANIMATION DIAG generation=108 emission=2 particle=762 sample_ms=610 update=32b904e0 descriptor=5844bca0 descriptor_checksum=2858707a group_index=0 group=57e00840 group_checksum=9fa010eb counts=(nodes:25,controls:25,weights:25,vectors:25) nodes=[19:7B92BB40:99525345:"",20:7B91C1E0:663e5b23:"",21:7B91D260:e257bdaa:"",22:7B91CA80:36fc8c96:"",23:7B91BD80:8d7761d5:"",24:7B91C060:9de8ff33:""] controls=[19:84DAA480:046039e2:"",20:84DAC8C0:31ca1f96:"",21:84DAC780:e9dd0aed:"",22:84DAC820:717c3a1a:"",23:84DAC4C0:d54d350a:"",24:84DAC740:68ce2de4:""] weights=[15:1,16:1,17:1,18:1,19:1,20:1,21:1,22:1,23:1,24:1] vectors=[19:(1,1,1),20:(1,1,1),21:(1,1,1),22:(1,1,1),23:(1,1,1),24:(1,1,1)]
2026-09-12 16:18:05.334 NATIVE STAIN FIELD DIAG generation=108 node=7B91C060 control=79D537C0 changes=N+0x3c:0005d98a>0005d98f(5.372158e-040>5.372228e-040) totals=(node:1,control:0)
2026-09-12 16:18:05.334 testicular retraction live write person=2 control=4aa2ebe0 input=0.000 baseline=0.000 contribution=0.255 output=0.255
2026-09-12 16:18:05.443 NATIVE STAIN ANIMATION DIAG generation=108 emission=2 particle=762 sample_ms=719 update=32b904e0 descriptor=5844bca0 descriptor_checksum=2858707a group_index=0 group=57e00840 group_checksum=9fa010eb counts=(nodes:25,controls:25,weights:25,vectors:25) nodes=[19:7B92BB40:718b6cb8:"",20:7B91C1E0:a9bd8606:"",21:7B91D260:65237667:"",22:7B91CA80:5ce5e853:"",23:7B91BD80:c58105a8:"",24:7B91C060:0cbed1f6:""] controls=[19:84DAA480:046039e2:"",20:84DAC8C0:31ca1f96:"",21:84DAC780:e9dd0aed:"",22:84DAC820:717c3a1a:"",23:84DAC4C0:d54d350a:"",24:84DAC740:68ce2de4:""] weights=[15:1,16:1,17:1,18:1,19:1,20:1,21:1,22:1,23:1,24:1] vectors=[19:(1,1,1),20:(1,1,1),21:(1,1,1),22:(1,1,1),23:(1,1,1),24:(1,1,1)]
2026-09-12 16:18:05.443 NATIVE STAIN FIELD DIAG generation=108 node=7B91C060 control=79D537C0 changes=N+0x3c:0005d98f>0005d996(5.372228e-040>5.372326e-040) totals=(node:1,control:0)
2026-09-12 16:18:05.510 ejaculation audio finished person=2 emission=2 pulse=3 path="C:\Users\ErolB\Desktop\Games\TK17\The Klub 17\Extensions\Liquids\Sounds\Ejaculation\Default\cum02.mp3"
2026-09-12 16:18:05.558 NATIVE STAIN ANIMATION DIAG generation=108 emission=2 particle=762 sample_ms=828 update=32b904e0 descriptor=5844bca0 descriptor_checksum=2858707a group_index=0 group=57e00840 group_checksum=9fa010eb counts=(nodes:25,controls:25,weights:25,vectors:25) nodes=[19:7B92BB40:13c32cbb:"",20:7B91C1E0:a63d8fed:"",21:7B91D260:c6d29fb4:"",22:7B91CA80:b3b61c00:"",23:7B91BD80:f4bfd32b:"",24:7B91C060:b193b45d:""] controls=[19:84DAA480:046039e2:"",20:84DAC8C0:31ca1f96:"",21:84DAC780:e9dd0aed:"",22:84DAC820:717c3a1a:"",23:84DAC4C0:d54d350a:"",24:84DAC740:68ce2de4:""] weights=[15:1,16:1,17:1,18:1,19:1,20:1,21:1,22:1,23:1,24:1] vectors=[19:(1,1,1),20:(1,1,1),21:(1,1,1),22:(1,1,1),23:(1,1,1),24:(1,1,1)]
2026-09-12 16:18:05.558 NATIVE STAIN FIELD DIAG generation=108 node=7B91C060 control=79D537C0 changes=N+0x3c:0005d996>0005d99d(5.372326e-040>5.372424e-040) totals=(node:1,control:0)
2026-09-12 16:18:05.583 liquid world emitter sample person=2 emission=2 position=(1.72093,1.63921,1.78461) direction=(0.00000,0.59297,0.80522) source=rebuilt-joint-local-hierarchy
2026-09-12 16:18:05.590 testicular retraction live write person=2 control=4aa2ebe0 input=0.265 baseline=0.000 contribution=0.259 output=0.259
2026-09-12 16:18:05.676 liquid native stain contact consumed source=confirmed particle=770 emission=2 retry=0 result=0 count=1 native_hit=1 body_confirmed=0 retried=0 outcome=native-hit-attachment-unconfirmed
2026-09-12 16:18:05.678 NATIVE STAIN ANIMATION DIAG generation=109 emission=2 particle=770 sample_ms=0 update=32b904e0 descriptor=5844bca0 descriptor_checksum=8b26a366 group_index=0 group=57e00840 group_checksum=9fa010eb counts=(nodes:27,controls:26,weights:27,vectors:27) nodes=[21:7B91D260:1d341321:"",22:7B91CA80:a3d0db1d:"",23:7B91BD80:3e9e0a5e:"",24:7B91C060:3eeff540:"",25:7B91DA40:31ee62e8:"",26:7B91DDE0:21f6f0de:""] controls=[20:84DAC8C0:31ca1f96:"",21:84DAC780:e9dd0aed:"",22:84DAC820:717c3a1a:"",23:84DAC4C0:d54d350a:"",24:84DAC740:68ce2de4:"",25:84DACD80:10f11b25:""] weights=[17:1,18:1,19:1,20:1,21:1,22:1,23:1,24:1,25:1,26:1] vectors=[21:(1,1,1),22:(1,1,1),23:(1,1,1),24:(1,1,1),25:(1,1,1),26:(1,1,1)]
2026-09-12 16:18:05.712 liquid native stain contact consumed source=confirmed particle=776 emission=2 retry=0 result=4 count=1 native_hit=1 body_confirmed=0 retried=0 outcome=native-hit-attachment-unconfirmed
2026-09-12 16:18:05.732 liquid native stain contact consumed source=confirmed particle=778 emission=2 retry=0 result=4 count=1 native_hit=1 body_confirmed=0 retried=0 outcome=native-hit-attachment-unconfirmed
2026-09-12 16:18:05.776 liquid native stain contact consumed source=confirmed particle=784 emission=2 retry=0 result=4 count=1 native_hit=1 body_confirmed=0 retried=0 outcome=native-hit-attachment-unconfirmed
2026-09-12 16:18:05.797 liquid native stain contact consumed source=confirmed particle=788 emission=2 retry=0 result=4 count=1 native_hit=1 body_confirmed=0 retried=0 outcome=native-hit-attachment-unconfirmed
2026-09-12 16:18:05.798 NATIVE STAIN ANIMATION DIAG generation=113 emission=2 particle=788 sample_ms=0 update=32b904e0 descriptor=5844bca0 descriptor_checksum=41974e4d group_index=0 group=57e00840 group_checksum=a6f0d48b counts=(nodes:31,controls:30,weights:31,vectors:31) nodes=[25:7B91DA40:afdcc134:"",26:7B91DDE0:f2d6a406:"",27:7B91DD20:4ad94c4d:"",28:7B91E520:ec8b0fb1:"",29:7B91D600:c720d45e:"",30:7B91D760:06f0a1b0:""] controls=[24:84DAC740:68ce2de4:"",25:84DACD80:23fcd45e:"",26:84DACDC0:26e9f77f:"",27:84DAD040:af1567aa:"",28:84DAD360:1e24a3d2:"",29:84DAD2C0:e3a64ed7:""] weights=[21:1,22:1,23:1,24:1,25:1,26:1,27:1,28:1,29:1,30:1] vectors=[25:(1,1,1),26:(1,1,1),27:(1,1,1),28:(1,1,1),29:(1,1,1),30:(1,1,1)]
2026-09-12 16:18:05.837 liquid native stain contact consumed source=confirmed particle=799 emission=2 retry=0 result=4 count=1 native_hit=1 body_confirmed=0 retried=0 outcome=native-hit-attachment-unconfirmed
2026-09-12 16:18:05.838 testicular retraction live write person=2 control=4aa2ebe0 input=0.243 baseline=0.000 contribution=0.244 output=0.244
2026-09-12 16:18:05.838 liquid native update performance version=0.8.12-decal-freeze-performance samples=55 native_and_pick_ms=0.426 freeze_cleanup_ms=0.010 diagnostics_and_retraction_ms=0.299 peak_total_ms=4.697 tracked=30 freeze_hook=1
2026-09-12 16:18:05.848 liquid world emitter sample person=2 emission=2 position=(1.72194,1.63052,1.78389) direction=(0.00000,0.59297,0.80522) source=rebuilt-joint-local-hierarchy
2026-09-12 16:18:05.859 liquid native stain contact consumed source=confirmed particle=802 emission=2 retry=0 result=4 count=1 native_hit=1 body_confirmed=0 retried=0 outcome=native-hit-attachment-unconfirmed
2026-09-12 16:18:05.903 liquid native stain contact consumed source=confirmed particle=811 emission=2 retry=0 result=4 count=1 native_hit=1 body_confirmed=0 retried=0 outcome=native-hit-attachment-unconfirmed
2026-09-12 16:18:05.904 NATIVE STAIN ANIMATION DIAG generation=116 emission=2 particle=811 sample_ms=0 update=32b904e0 descriptor=5844bca0 descriptor_checksum=62792c6a group_index=0 group=57e00840 group_checksum=a6f0d48b counts=(nodes:34,controls:33,weights:34,vectors:34) nodes=[28:7B91E520:5d35a120:"",29:7B91D600:e9bd5e1f:"",30:7B91D760:53f23c75:"",31:7B91E000:b3edf73e:"",32:7B91E680:8dc74e8e:"",33:7B91D480:0b37ee9f:""] controls=[27:84DAD040:af1567aa:"",28:84DAD360:1e24a3d2:"",29:84DAD2C0:e55a1588:"",30:84DADAE0:36e028c4:"",31:84DAD8C0:a9e1824d:"",32:84DAD400:bde8becc:""] weights=[24:1,25:1,26:1,27:1,28:1,29:1,30:1,31:1,32:1,33:1] vectors=[28:(1,1,1),29:(1,1,1),30:(1,1,1),31:(1,1,1),32:(1,1,1),33:(1,1,1)]
2026-09-12 16:18:05.939 liquid native stain contact consumed source=confirmed particle=825 emission=2 retry=0 result=4 count=1 native_hit=1 body_confirmed=0 retried=0 outcome=native-hit-attachment-unconfirmed
2026-09-12 16:18:06.029 liquid native stain contact consumed source=confirmed particle=831 emission=2 retry=0 result=4 count=1 native_hit=1 body_confirmed=0 retried=0 outcome=native-hit-attachment-unconfirmed
2026-09-12 16:18:06.031 NATIVE STAIN ANIMATION DIAG generation=118 emission=2 particle=831 sample_ms=0 update=32b904e0 descriptor=5844bca0 descriptor_checksum=8e2e0e12 group_index=0 group=57e00840 group_checksum=a6f0d48b counts=(nodes:36,controls:35,weights:36,vectors:36) nodes=[30:7B91D760:5facb9d9:"",31:7B91E000:1a4bd412:"",32:7B91E680:82f5e2c2:"",33:7B91D480:e83530ee:"",34:7B91D8E0:6334a1c0:"",35:7B91F140:ee2bc7a7:""] controls=[29:84DAD2C0:e55a1588:"",30:84DADAE0:f276b821:"",31:84DAD8C0:1fe3fa2f:"",32:84DAD400:bde8becc:"",33:84DAD640:ba6de974:"",34:84DADB80:4e99c362:""] weights=[26:1,27:1,28:1,29:1,30:1,31:1,32:1,33:1,34:1,35:1] vectors=[30:(1,1,1),31:(1,1,1),32:(1,1,1),33:(1,1,1),34:(1,1,1),35:(1,1,1)]
2026-09-12 16:18:06.064 liquid native stain contact consumed source=confirmed particle=842 emission=2 retry=0 result=4 count=1 native_hit=1 body_confirmed=0 retried=0 outcome=native-hit-attachment-unconfirmed
2026-09-12 16:18:06.089 testicular retraction live write person=2 control=4aa2ebe0 input=0.250 baseline=0.000 contribution=0.250 output=0.250
2026-09-12 16:18:06.099 liquid world emitter sample person=2 emission=2 position=(1.74534,1.56250,1.79978) direction=(0.00000,0.59297,0.80522) source=rebuilt-joint-local-hierarchy
2026-09-12 16:18:06.138 NATIVE STAIN ANIMATION DIAG generation=119 emission=2 particle=842 sample_ms=79 update=32b904e0 descriptor=5844bca0 descriptor_checksum=7dea92c7 group_index=0 group=57e00840 group_checksum=a6f0d48b counts=(nodes:37,controls:36,weights:37,vectors:37) nodes=[31:7B91E000:056b3914:"",32:7B91E680:9e4beb04:"",33:7B91D480:9d7864c0:"",34:7B91D8E0:adf16dee:"",35:7B91F140:f7309048:"",36:7B91FC20:725344cb:""] controls=[30:84DADAE0:f276b821:"",31:84DAD8C0:1fe3fa2f:"",32:84DAD400:bde8becc:"",33:84DAD640:ba6de974:"",34:84DADB80:d9e9aa39:"",35:84DADCC0:caff5ce7:""] weights=[27:1,28:1,29:1,30:1,31:1,32:1,33:1,34:1,35:1,36:1] vectors=[31:(1,1,1),32:(1,1,1),33:(1,1,1),34:(1,1,1),35:(1,1,1),36:(1,1,1)]
2026-09-12 16:18:06.251 NATIVE STAIN ANIMATION DIAG generation=119 emission=2 particle=842 sample_ms=188 update=32b904e0 descriptor=5844bca0 descriptor_checksum=7dea92c7 group_index=0 group=57e00840 group_checksum=a6f0d48b counts=(nodes:37,controls:36,weights:37,vectors:37) nodes=[31:7B91E000:7c7c2f81:"",32:7B91E680:6336e511:"",33:7B91D480:3e618a1d:"",34:7B91D8E0:baac8edb:"",35:7B91F140:1c29c055:"",36:7B91FC20:f9e299fe:""] controls=[30:84DADAE0:f276b821:"",31:84DAD8C0:1fe3fa2f:"",32:84DAD400:bde8becc:"",33:84DAD640:ba6de974:"",34:84DADB80:9adc7c2f:"",35:84DADCC0:de32449c:""] weights=[27:1,28:1,29:1,30:1,31:1,32:1,33:1,34:1,35:1,36:1] vectors=[31:(1,1,1),32:(1,1,1),33:(1,1,1),34:(1,1,1),35:(1,1,1),36:(1,1,1)]
2026-09-12 16:18:06.351 NATIVE STAIN ANIMATION DIAG generation=119 emission=2 particle=842 sample_ms=297 update=32b904e0 descriptor=5844bca0 descriptor_checksum=7dea92c7 group_index=0 group=57e00840 group_checksum=a6f0d48b counts=(nodes:37,controls:36,weights:37,vectors:37) nodes=[31:7B91E000:e8a8023b:"",32:7B91E680:47b5870b:"",33:7B91D480:9141a23f:"",34:7B91D8E0:175f0c21:"",35:7B91F140:995abdf7:"",36:7B91FC20:8afa6344:""] controls=[30:84DADAE0:f276b821:"",31:84DAD8C0:1fe3fa2f:"",32:84DAD400:bde8becc:"",33:84DAD640:ba6de974:"",34:84DADB80:ee55bbae:"",35:84DADCC0:de32449c:""] weights=[27:1,28:1,29:1,30:1,31:1,32:1,33:1,34:1,35:1,36:1] vectors=[31:(1,1,1),32:(1,1,1),33:(1,1,1),34:(1,1,1),35:(1,1,1),36:(1,1,1)]
2026-09-12 16:18:06.351 testicular retraction live write person=2 control=4aa2ebe0 input=0.250 baseline=0.000 contribution=0.250 output=0.250
2026-09-12 16:18:06.361 liquid world emitter sample person=2 emission=2 position=(1.64616,1.54802,1.65843) direction=(0.00000,0.59297,0.80522) source=rebuilt-joint-local-hierarchy
2026-09-12 16:18:06.462 NATIVE STAIN ANIMATION DIAG generation=119 emission=2 particle=842 sample_ms=407 update=32b904e0 descriptor=5844bca0 descriptor_checksum=7dea92c7 group_index=0 group=57e00840 group_checksum=a6f0d48b counts=(nodes:37,controls:36,weights:37,vectors:37) nodes=[31:7B91E000:1e55d438:"",32:7B91E680:fe65c708:"",33:7B91D480:1d31fdbc:"",34:7B91D8E0:5059964a:"",35:7B91F140:86bab8c4:"",36:7B91FC20:757ffa77:""] controls=[30:84DADAE0:f276b821:"",31:84DAD8C0:1fe3fa2f:"",32:84DAD400:bde8becc:"",33:84DAD640:ba6de974:"",34:84DADB80:9b4a615a:"",35:84DADCC0:de32449c:""] weights=[27:1,28:1,29:1,30:1,31:1,32:1,33:1,34:1,35:1,36:1] vectors=[31:(1,1,1),32:(1,1,1),33:(1,1,1),34:(1,1,1),35:(1,1,1),36:(1,1,1)]
2026-09-12 16:18:06.463 NATIVE STAIN FIELD DIAG generation=119 outcome=baseline node=7b91fc20 control=68d5bf60
2026-09-12 16:18:06.463 memory snapshot label="native-stain-animation-node-baseline" address=7B91FC20 words=7285a8d4,10101010,7285a908,72894190,53473920,52485e40,01fff0ad,00000000,00000000,00000000,5a0e1bca,00000000,670d2860,72894230,00000000,0005d9cd,3f800000,3f800000,3f800000,3f800000,00000000,00000000,00000000,00000000
2026-09-12 16:18:06.463 memory snapshot label="native-stain-animation-control-baseline" address=68D5BF60 words=72859ad4,3570f020,72859adc,72894190,3f800000,00000000,72894170,32cf3c00,00000000,00000000,00000000,00000000,00000000,00000000,00000000,00000000,bdb5ed5f,8d040600,00000000,00000000,00000000,00000000,00000000,68d5bfa8
2026-09-12 16:18:06.464 liquid deep links event="native-stain-animation-node" object=7b91fc20 named_or_string_links=0 scan_bytes=96
2026-09-12 16:18:06.464 liquid deep links event="native-stain-animation-control" object=68d5bf60 named_or_string_links=0 scan_bytes=96
2026-09-12 16:18:06.568 NATIVE STAIN ANIMATION DIAG generation=119 emission=2 particle=842 sample_ms=516 update=32b904e0 descriptor=5844bca0 descriptor_checksum=7dea92c7 group_index=0 group=57e00840 group_checksum=a6f0d48b counts=(nodes:37,controls:36,weights:37,vectors:37) nodes=[31:7B91E000:ae7c15b2:"",32:7B91E680:db96abe2:"",33:7B91D480:b947334e:"",34:7B91D8E0:940006a0:"",35:7B91F140:cd052f46:"",36:7B91FC20:8ddd12ad:""] controls=[30:84DADAE0:f276b821:"",31:84DAD8C0:1fe3fa2f:"",32:84DAD400:bde8becc:"",33:84DAD640:ba6de974:"",34:84DADB80:3a900fd1:"",35:84DADCC0:f1120d31:""] weights=[27:1,28:1,29:1,30:1,31:1,32:1,33:1,34:1,35:1,36:1] vectors=[31:(1,1,1),32:(1,1,1),33:(1,1,1),34:(1,1,1),35:(1,1,1),36:(1,1,1)]
2026-09-12 16:18:06.569 NATIVE STAIN FIELD DIAG generation=119 node=7B91FC20 control=68D5BF60 changes=N+0x3c:0005d9cd>0005d9d3(5.373097e-040>5.373181e-040) totals=(node:1,control:0)
2026-09-12 16:18:06.604 testicular retraction live write person=2 control=4aa2ebe0 input=0.037 baseline=0.000 contribution=0.031 output=0.031
2026-09-12 16:18:06.614 liquid world emitter sample person=2 emission=2 position=(1.73420,1.57987,1.78854) direction=(0.00000,0.59297,0.80522) source=rebuilt-joint-local-hierarchy
2026-09-12 16:18:06.678 NATIVE STAIN ANIMATION DIAG generation=119 emission=2 particle=842 sample_ms=625 update=32b904e0 descriptor=5844bca0 descriptor_checksum=7dea92c7 group_index=0 group=57e00840 group_checksum=a6f0d48b counts=(nodes:37,controls:36,weights:37,vectors:37) nodes=[31:7B91E000:103adab4:"",32:7B91E680:973351a4:"",33:7B91D480:ce43c9a0:"",34:7B91D8E0:7f03704e:"",35:7B91F140:92753628:"",36:7B91FC20:f25d442b:""] controls=[30:84DADAE0:f276b821:"",31:84DAD8C0:1fe3fa2f:"",32:84DAD400:bde8becc:"",33:84DAD640:ba6de974:"",34:84DADB80:9b4a615a:"",35:84DADCC0:ee73ddc6:""] weights=[27:1,28:1,29:1,30:1,31:1,32:1,33:1,34:1,35:1,36:1] vectors=[31:(1,1,1),32:(1,1,1),33:(1,1,1),34:(1,1,1),35:(1,1,1),36:(1,1,1)]
2026-09-12 16:18:06.678 NATIVE STAIN FIELD DIAG generation=119 node=7B91FC20 control=68D5BF60 changes=N+0x3c:0005d9d3>0005d9d9(5.373181e-040>5.373265e-040) totals=(node:1,control:0)
2026-09-12 16:18:06.793 ejaculation audio started person=2 emission=2 pulse=4 volume=0.000 path="C:\Users\ErolB\Desktop\Games\TK17\The Klub 17\Extensions\Liquids\Sounds\Ejaculation\Default\cum03.mp3"
2026-09-12 16:18:06.793 testicular retraction pulse person=2 emission=2 pulse=4 baseline=0.000 start=-0.002 target=0.250
2026-09-12 16:18:06.809 NATIVE STAIN ANIMATION DIAG generation=119 emission=2 particle=842 sample_ms=750 update=32b904e0 descriptor=5844bca0 descriptor_checksum=7dea92c7 group_index=0 group=57e00840 group_checksum=a6f0d48b counts=(nodes:37,controls:36,weights:37,vectors:37) nodes=[31:7B91E000:cfc31c2e:"",32:7B91E680:a571795e:"",33:7B91D480:eee56452:"",34:7B91D8E0:ab438b54:"",35:7B91F140:59ab5c1a:"",36:7B91FC20:32d502b1:""] controls=[30:84DADAE0:f276b821:"",31:84DAD8C0:1fe3fa2f:"",32:84DAD400:bde8becc:"",33:84DAD640:ba6de974:"",34:84DADB80:cb1f0fce:"",35:84DADCC0:d6fded15:""] weights=[27:1,28:1,29:1,30:1,31:1,32:1,33:1,34:1,35:1,36:1] vectors=[31:(1,1,1),32:(1,1,1),33:(1,1,1),34:(1,1,1),35:(1,1,1),36:(1,1,1)]
2026-09-12 16:18:06.810 NATIVE STAIN FIELD DIAG generation=119 node=7B91FC20 control=68D5BF60 changes=N+0x3c:0005d9d9>0005d9df(5.373265e-040>5.373349e-040) totals=(node:1,control:0)
2026-09-12 16:18:06.810 testicular retraction applied person=2 emission=2 pulse=4 baseline=0.000 contribution=-0.002 output=0.000
2026-09-12 16:18:06.844 liquid native update performance version=0.8.12-decal-freeze-performance samples=53 native_and_pick_ms=0.381 freeze_cleanup_ms=0.010 diagnostics_and_retraction_ms=0.239 peak_total_ms=4.894 tracked=35 freeze_hook=1
2026-09-12 16:18:06.847 testicular retraction live write person=2 control=4aa2ebe0 input=0.271 baseline=0.000 contribution=0.271 output=0.271
2026-09-12 16:18:06.872 liquid world emitter sample person=2 emission=2 position=(1.79129,1.57552,1.86681) direction=(0.00000,0.59297,0.80522) source=rebuilt-joint-local-hierarchy
2026-09-12 16:18:06.918 NATIVE STAIN ANIMATION DIAG generation=119 emission=2 particle=842 sample_ms=860 update=32b904e0 descriptor=5844bca0 descriptor_checksum=7dea92c7 group_index=0 group=57e00840 group_checksum=a6f0d48b counts=(nodes:37,controls:36,weights:37,vectors:37) nodes=[31:7B91E000:34fdc990:"",32:7B91E680:0cb59220:"",33:7B91D480:3f2b4124:"",34:7B91D8E0:75b46e62:"",35:7B91F140:b7f5401c:"",36:7B91FC20:5ed8051f:""] controls=[30:84DADAE0:f276b821:"",31:84DAD8C0:1fe3fa2f:"",32:84DAD400:bde8becc:"",33:84DAD640:ba6de974:"",34:84DADB80:cb1f0fce:"",35:84DADCC0:d6fded15:""] weights=[27:1,28:1,29:1,30:1,31:1,32:1,33:1,34:1,35:1,36:1] vectors=[31:(1,1,1),32:(1,1,1),33:(1,1,1),34:(1,1,1),35:(1,1,1),36:(1,1,1)]
2026-09-12 16:18:06.918 NATIVE STAIN FIELD DIAG generation=119 node=7B91FC20 control=68D5BF60 changes=N+0x3c:0005d9df>0005d9e5(5.373349e-040>5.373433e-040) totals=(node:1,control:0)
2026-09-12 16:18:06.998 ejaculation audio finished person=2 emission=2 pulse=4 path="C:\Users\ErolB\Desktop\Games\TK17\The Klub 17\Extensions\Liquids\Sounds\Ejaculation\Default\cum03.mp3"
2026-09-12 16:18:07.019 NATIVE STAIN ANIMATION DIAG generation=119 emission=2 particle=842 sample_ms=969 update=32b904e0 descriptor=5844bca0 descriptor_checksum=7dea92c7 group_index=0 group=57e00840 group_checksum=a6f0d48b counts=(nodes:37,controls:36,weights:37,vectors:37) nodes=[31:7B91E000:7a3881e9:"",32:7B91E680:20080d39:"",33:7B91D480:e93ffcb5:"",34:7B91D8E0:7e879bc3:"",35:7B91F140:1fd07bfd:"",36:7B91FC20:e97a6a16:""] controls=[30:84DADAE0:f276b821:"",31:84DAD8C0:1fe3fa2f:"",32:84DAD400:bde8becc:"",33:84DAD640:ba6de974:"",34:84DADB80:9b4a615a:"",35:84DADCC0:084304ed:""] weights=[27:1,28:1,29:1,30:1,31:1,32:1,33:1,34:1,35:1,36:1] vectors=[31:(1,1,1),32:(1,1,1),33:(1,1,1),34:(1,1,1),35:(1,1,1),36:(1,1,1)]
2026-09-12 16:18:07.019 NATIVE STAIN FIELD DIAG generation=119 node=7B91FC20 control=68D5BF60 changes=N+0x3c:0005d9e5>0005d9e8(5.373433e-040>5.373475e-040) totals=(node:1,control:0)
2026-09-12 16:18:07.106 testicular retraction live write person=2 control=4aa2ebe0 input=0.262 baseline=0.000 contribution=0.256 output=0.256
2026-09-12 16:18:07.117 liquid world emitter sample person=2 emission=2 position=(1.83055,1.39027,1.87609) direction=(0.00000,0.59297,0.80522) source=rebuilt-joint-local-hierarchy
2026-09-12 16:18:07.133 NATIVE STAIN ANIMATION DIAG generation=119 emission=2 particle=842 sample_ms=1079 update=32b904e0 descriptor=5844bca0 descriptor_checksum=7dea92c7 group_index=0 group=57e00840 group_checksum=a6f0d48b counts=(nodes:37,controls:36,weights:37,vectors:37) nodes=[31:7B91E000:f0835263:"",32:7B91E680:c4e14d73:"",33:7B91D480:58b7fdd7:"",34:7B91D8E0:1e1dbfc9:"",35:7B91F140:82b2c89f:"",36:7B91FC20:8167989c:""] controls=[30:84DADAE0:f276b821:"",31:84DAD8C0:1fe3fa2f:"",32:84DAD400:bde8becc:"",33:84DAD640:ba6de974:"",34:84DADB80:d9e9aa39:"",35:84DADCC0:084304ed:""] weights=[27:1,28:1,29:1,30:1,31:1,32:1,33:1,34:1,35:1,36:1] vectors=[31:(1,1,1),32:(1,1,1),33:(1,1,1),34:(1,1,1),35:(1,1,1),36:(1,1,1)]
2026-09-12 16:18:07.134 NATIVE STAIN FIELD DIAG generation=119 node=7B91FC20 control=68D5BF60 changes=N+0x3c:0005d9e8>0005d9ee(5.373475e-040>5.373559e-040) totals=(node:1,control:0)
2026-09-12 16:18:07.158 liquid native stain contact consumed source=confirmed particle=861 emission=2 retry=0 result=4 count=1 native_hit=1 body_confirmed=0 retried=0 outcome=native-hit-attachment-unconfirmed
2026-09-12 16:18:07.244 liquid native stain contact consumed source=confirmed particle=875 emission=2 retry=0 result=4 count=1 native_hit=1 body_confirmed=0 retried=0 outcome=native-hit-attachment-unconfirmed
2026-09-12 16:18:07.247 NATIVE STAIN ANIMATION DIAG generation=121 emission=2 particle=875 sample_ms=0 update=32b904e0 descriptor=5844bca0 descriptor_checksum=22896e05 group_index=0 group=57e00840 group_checksum=a6f0d48b counts=(nodes:39,controls:38,weights:39,vectors:39) nodes=[33:7B91D480:bac99d2e:"",34:7B91D8E0:14030800:"",35:7B91F140:744f9226:"",36:7B91FC20:feb93b8d:"",37:7BD45760:b8366e97:"",38:7BD47360:66c0fc9e:""] controls=[32:84DAD400:bde8becc:"",33:84DAD640:ba6de974:"",34:84DADB80:a48304ed:"",35:84DADCC0:084304ed:"",36:84DAE4A0:9d0a11db:"",37:84DADBE0:81d9ff9b:""] weights=[29:1,30:1,31:1,32:1,33:1,34:1,35:1,36:1,37:1,38:1] vectors=[33:(1,1,1),34:(1,1,1),35:(1,1,1),36:(1,1,1),37:(1,1,1),38:(1,1,1)]
2026-09-12 16:18:07.291 liquid native stain contact consumed source=confirmed particle=891 emission=2 retry=0 result=4 count=1 native_hit=1 body_confirmed=0 retried=0 outcome=native-hit-attachment-unconfirmed
2026-09-12 16:18:07.339 liquid native stain contact consumed source=confirmed particle=897 emission=2 retry=0 result=4 count=1 native_hit=1 body_confirmed=0 retried=0 outcome=native-hit-attachment-unconfirmed
2026-09-12 16:18:07.369 NATIVE STAIN ANIMATION DIAG generation=123 emission=2 particle=897 sample_ms=31 update=32b904e0 descriptor=5844bca0 descriptor_checksum=cf18609d group_index=0 group=57e00840 group_checksum=a6f0d48b counts=(nodes:41,controls:40,weights:41,vectors:41) nodes=[35:7B91F140:ce0ffb0d:"",36:7B91FC20:e33aa4a6:"",37:7BD45760:ce04b3e4:"",38:7BD47360:4d9ae050:"",39:7BD48100:7eee8774:"",40:7BD490E0:761955eb:""] controls=[34:84DADB80:a48304ed:"",35:84DADCC0:0eb78e94:"",36:84DAE4A0:9d0a11db:"",37:84DADBE0:81d9ff9b:"",38:84DADD60:78e75c74:"",39:84DAE760:8d702129:""] weights=[31:1,32:1,33:1,34:1,35:1,36:1,37:1,38:1,39:1,40:1] vectors=[35:(1,1,1),36:(1,1,1),37:(1,1,1),38:(1,1,1),39:(1,1,1),40:(1,1,1)]
2026-09-12 16:18:07.369 testicular retraction live write person=2 control=4aa2ebe0 input=0.244 baseline=0.000 contribution=0.247 output=0.247
2026-09-12 16:18:07.379 liquid world emitter sample person=2 emission=2 position=(1.91664,1.00962,1.90269) direction=(0.00000,0.59297,0.80522) source=rebuilt-joint-local-hierarchy
2026-09-12 16:18:07.394 liquid native stain contact consumed source=confirmed particle=915 emission=2 retry=0 result=4 count=1 native_hit=1 body_confirmed=0 retried=0 outcome=native-hit-attachment-unconfirmed
2026-09-12 16:18:07.431 liquid native stain contact consumed source=confirmed particle=924 emission=2 retry=0 result=4 count=1 native_hit=1 body_confirmed=0 retried=0 outcome=native-hit-attachment-unconfirmed
2026-09-12 16:18:07.477 liquid native stain contact consumed source=confirmed particle=928 emission=2 retry=0 result=4 count=1 native_hit=1 body_confirmed=0 retried=0 outcome=native-hit-attachment-unconfirmed
2026-09-12 16:18:07.478 NATIVE STAIN ANIMATION DIAG generation=126 emission=2 particle=928 sample_ms=0 update=32b904e0 descriptor=5844bca0 descriptor_checksum=81db9ef6 group_index=0 group=57e00840 group_checksum=a6f0d48b counts=(nodes:44,controls:43,weights:44,vectors:44) nodes=[38:7BD47360:215beee1:"",39:7BD48100:bacfcdcd:"",40:7BD490E0:1377f492:"",41:7BD483E0:ab9d3557:"",42:7BD49C60:94eeea4f:"",43:7BD4B140:a269822c:""] controls=[37:84DADBE0:81d9ff9b:"",38:84DADD60:65d50456:"",39:84DAE760:cdb1b4b5:"",40:84DAE6C0:4a9a8c99:"",41:84DAE1C0:ea97ae19:"",42:84DAE040:bc380f6e:""] weights=[34:1,35:1,36:1,37:1,38:1,39:1,40:1,41:1,42:1,43:1] vectors=[38:(1,1,1),39:(1,1,1),40:(1,1,1),41:(1,1,1),42:(1,1,1),43:(1,1,1)]
2026-09-12 16:18:07.587 NATIVE STAIN ANIMATION DIAG generation=126 emission=2 particle=928 sample_ms=110 update=32b904e0 descriptor=5844bca0 descriptor_checksum=81db9ef6 group_index=0 group=57e00840 group_checksum=a6f0d48b counts=(nodes:44,controls:43,weights:44,vectors:44) nodes=[38:7BD47360:083b28fe:"",39:7BD48100:16141692:"",40:7BD490E0:c18030a9:"",41:7BD483E0:4f53c5fc:"",42:7BD49C60:7a733804:"",43:7BD4B140:7dcce5ac:""] controls=[37:84DADBE0:81d9ff9b:"",38:84DADD60:65d50456:"",39:84DAE760:cdb1b4b5:"",40:84DAE6C0:4a9a8c99:"",41:84DAE1C0:ea97ae19:"",42:84DAE040:bc380f6e:""] weights=[34:1,35:1,36:1,37:1,38:1,39:1,40:1,41:1,42:1,43:1] vectors=[38:(1,1,1),39:(1,1,1),40:(1,1,1),41:(1,1,1),42:(1,1,1),43:(1,1,1)]
2026-09-12 16:18:07.620 testicular retraction live write person=2 control=4aa2ebe0 input=0.250 baseline=0.000 contribution=0.250 output=0.250
2026-09-12 16:18:07.631 liquid world emitter sample person=2 emission=2 position=(1.92678,0.85910,1.87999) direction=(0.00000,0.59297,0.80522) source=rebuilt-joint-local-hierarchy
2026-09-12 16:18:07.691 NATIVE STAIN ANIMATION DIAG generation=126 emission=2 particle=928 sample_ms=219 update=32b904e0 descriptor=5844bca0 descriptor_checksum=81db9ef6 group_index=0 group=57e00840 group_checksum=a6f0d48b counts=(nodes:44,controls:43,weights:44,vectors:44) nodes=[38:7BD47360:3889ad54:"",39:7BD48100:28d227f8:"",40:7BD490E0:b14072eb:"",41:7BD483E0:11480516:"",42:7BD49C60:b1a10eae:"",43:7BD4B140:f15ab406:""] controls=[37:84DADBE0:81d9ff9b:"",38:84DADD60:65d50456:"",39:84DAE760:cdb1b4b5:"",40:84DAE6C0:4a9a8c99:"",41:84DAE1C0:f78ca9ee:"",42:84DAE040:bc380f6e:""] weights=[34:1,35:1,36:1,37:1,38:1,39:1,40:1,41:1,42:1,43:1] vectors=[38:(1,1,1),39:(1,1,1),40:(1,1,1),41:(1,1,1),42:(1,1,1),43:(1,1,1)]
2026-09-12 16:18:07.815 NATIVE STAIN ANIMATION DIAG generation=126 emission=2 particle=928 sample_ms=328 update=32b904e0 descriptor=5844bca0 descriptor_checksum=81db9ef6 group_index=0 group=57e00840 group_checksum=a6f0d48b counts=(nodes:44,controls:43,weights:44,vectors:44) nodes=[38:7BD47360:5ece2829:"",39:7BD48100:e37349fd:"",40:7BD490E0:d8275b7e:"",41:7BD483E0:1e405313:"",42:7BD49C60:0f3d053b:"",43:7BD4B140:1aad07a3:""] controls=[37:84DADBE0:81d9ff9b:"",38:84DADD60:65d50456:"",39:84DAE760:cdb1b4b5:"",40:84DAE6C0:4a9a8c99:"",41:84DAE1C0:e721cdaf:"",42:84DAE040:bc380f6e:""] weights=[34:1,35:1,36:1,37:1,38:1,39:1,40:1,41:1,42:1,43:1] vectors=[38:(1,1,1),39:(1,1,1),40:(1,1,1),41:(1,1,1),42:(1,1,1),43:(1,1,1)]
2026-09-12 16:18:07.815 NATIVE STAIN FIELD DIAG generation=126 outcome=baseline node=7bd4b140 control=7bd67420
2026-09-12 16:18:07.815 memory snapshot label="native-stain-animation-node-baseline" address=7BD4B140 words=7285a8d4,00000000,7285a908,72894190,53470fe0,52485e40,01fff0ad,00000000,00000000,00000000,5a0e1bca,00000000,670d4240,72894230,00000000,0005da10,3f800000,3f800000,3f800000,3f800000,00000000,00000000,00000000,00000000
2026-09-12 16:18:07.815 memory snapshot label="native-stain-animation-control-baseline" address=7BD67420 words=72859ad4,5f367269,72859adc,72894190,3f800000,00000000,72894170,6f626b65,0073656e,00004d00,000039f0,00000377,00000351,00000344,00000343,00004dc3,8a7c9427,8d00fa43,00000352,00000352,00000357,000039b7,000039f0,7bd67468
2026-09-12 16:18:07.816 liquid deep string event="native-stain-animation-node" object=7bd4b140 offset=0x03c pointer=0005da10 text="g"
2026-09-12 16:18:07.816 liquid deep links event="native-stain-animation-control" object=7bd67420 named_or_string_links=0 scan_bytes=96
2026-09-12 16:18:07.832 liquid native update performance version=0.8.12-decal-freeze-performance samples=48 native_and_pick_ms=0.885 freeze_cleanup_ms=0.017 diagnostics_and_retraction_ms=0.218 peak_total_ms=8.395 tracked=42 freeze_hook=1
2026-09-12 16:18:07.866 testicular retraction live write person=2 control=4aa2ebe0 input=0.250 baseline=0.000 contribution=0.250 output=0.250
2026-09-12 16:18:07.893 liquid world emitter sample person=2 emission=2 position=(1.90226,0.88950,1.85336) direction=(0.00000,0.59297,0.80522) source=rebuilt-joint-local-hierarchy
2026-09-12 16:18:07.923 NATIVE STAIN ANIMATION DIAG generation=126 emission=2 particle=928 sample_ms=438 update=32b904e0 descriptor=5844bca0 descriptor_checksum=81db9ef6 group_index=0 group=57e00840 group_checksum=a6f0d48b counts=(nodes:44,controls:43,weights:44,vectors:44) nodes=[38:7BD47360:7963528f:"",39:7BD48100:9249f49b:"",40:7BD490E0:4b9e8fa8:"",41:7BD483E0:19bb0bf5:"",42:7BD49C60:83b1949d:"",43:7BD4B140:69946445:""] controls=[37:84DADBE0:81d9ff9b:"",38:84DADD60:65d50456:"",39:84DAE760:cdb1b4b5:"",40:84DAE6C0:4a9a8c99:"",41:84DAE1C0:f78ca9ee:"",42:84DAE040:bc380f6e:""] weights=[34:1,35:1,36:1,37:1,38:1,39:1,40:1,41:1,42:1,43:1] vectors=[38:(1,1,1),39:(1,1,1),40:(1,1,1),41:(1,1,1),42:(1,1,1),43:(1,1,1)]
2026-09-12 16:18:07.924 NATIVE STAIN FIELD DIAG generation=126 node=7BD4B140 control=7BD67420 changes=N+0x3c:0005da10>0005da16(5.374036e-040>5.37412e-040) totals=(node:1,control:0)
2026-09-12 16:18:08.033 NATIVE STAIN ANIMATION DIAG generation=126 emission=2 particle=928 sample_ms=547 update=32b904e0 descriptor=5844bca0 descriptor_checksum=81db9ef6 group_index=0 group=57e00840 group_checksum=a6f0d48b counts=(nodes:44,controls:43,weights:44,vectors:44) nodes=[38:7BD47360:cea15c6b:"",39:7BD48100:bbd809ff:"",40:7BD490E0:34bf0bd4:"",41:7BD483E0:5a2eccc1:"",42:7BD49C60:adb6c139:"",43:7BD4B140:f6da0511:""] controls=[37:84DADBE0:81d9ff9b:"",38:84DADD60:65d50456:"",39:84DAE760:cdb1b4b5:"",40:84DAE6C0:4a9a8c99:"",41:84DAE1C0:f78ca9ee:"",42:84DAE040:bc380f6e:""] weights=[34:1,35:1,36:1,37:1,38:1,39:1,40:1,41:1,42:1,43:1] vectors=[38:(1,1,1),39:(1,1,1),40:(1,1,1),41:(1,1,1),42:(1,1,1),43:(1,1,1)]
2026-09-12 16:18:08.033 NATIVE STAIN FIELD DIAG generation=126 node=7BD4B140 control=7BD67420 changes=N+0x3c:0005da16>0005da1a(5.37412e-040>5.374176e-040) totals=(node:1,control:0)
2026-09-12 16:18:08.113 testicular retraction live write person=2 control=4aa2ebe0 input=0.026 baseline=0.000 contribution=0.026 output=0.026
2026-09-12 16:18:08.135 NATIVE STAIN ANIMATION DIAG generation=126 emission=2 particle=928 sample_ms=657 update=32b904e0 descriptor=5844bca0 descriptor_checksum=81db9ef6 group_index=0 group=57e00840 group_checksum=a6f0d48b counts=(nodes:44,controls:43,weights:44,vectors:44) nodes=[38:7BD47360:5761b619:"",39:7BD48100:91b2c90d:"",40:7BD490E0:a86f360e:"",41:7BD483E0:73bb62c3:"",42:7BD49C60:bf0fb44b:"",43:7BD4B140:1dd6e933:""] controls=[37:84DADBE0:81d9ff9b:"",38:84DADD60:65d50456:"",39:84DAE760:cdb1b4b5:"",40:84DAE6C0:4a9a8c99:"",41:84DAE1C0:acd82acc:"",42:84DAE040:bc380f6e:""] weights=[34:1,35:1,36:1,37:1,38:1,39:1,40:1,41:1,42:1,43:1] vectors=[38:(1,1,1),39:(1,1,1),40:(1,1,1),41:(1,1,1),42:(1,1,1),43:(1,1,1)]
2026-09-12 16:18:08.135 NATIVE STAIN FIELD DIAG generation=126 node=7BD4B140 control=7BD67420 changes=N+0x3c:0005da1a>0005da20(5.374176e-040>5.37426e-040) totals=(node:1,control:0)
2026-09-12 16:18:08.145 liquid world emitter sample person=2 emission=2 position=(1.89948,0.89384,1.85055) direction=(0.00000,0.59297,0.80522) source=rebuilt-joint-local-hierarchy
2026-09-12 16:18:08.246 NATIVE STAIN ANIMATION DIAG generation=126 emission=2 particle=928 sample_ms=766 update=32b904e0 descriptor=5844bca0 descriptor_checksum=81db9ef6 group_index=0 group=57e00840 group_checksum=a6f0d48b counts=(nodes:44,controls:43,weights:44,vectors:44) nodes=[38:7BD47360:566a93ea:"",39:7BD48100:ca71ef66:"",40:7BD490E0:24ecdd35:"",41:7BD483E0:199c6e68:"",42:7BD49C60:fca263f0:"",43:7BD4B140:b1e5d7d8:""] controls=[37:84DADBE0:81d9ff9b:"",38:84DADD60:65d50456:"",39:84DAE760:cdb1b4b5:"",40:84DAE6C0:4a9a8c99:"",41:84DAE1C0:8360ff8e:"",42:84DAE040:bc380f6e:""] weights=[34:1,35:1,36:1,37:1,38:1,39:1,40:1,41:1,42:1,43:1] vectors=[38:(1,1,1),39:(1,1,1),40:(1,1,1),41:(1,1,1),42:(1,1,1),43:(1,1,1)]
2026-09-12 16:18:08.247 NATIVE STAIN FIELD DIAG generation=126 node=7BD4B140 control=7BD67420 changes=N+0x3c:0005da20>0005da27(5.37426e-040>5.374358e-040) totals=(node:1,control:0)
2026-09-12 16:18:08.291 ejaculation audio started person=2 emission=2 pulse=5 volume=0.000 path="C:\Users\ErolB\Desktop\Games\TK17\The Klub 17\Extensions\Liquids\Sounds\Ejaculation\Default\cum04.mp3"
2026-09-12 16:18:08.291 testicular retraction pulse person=2 emission=2 pulse=5 baseline=0.000 start=-0.002 target=0.250
2026-09-12 16:18:08.298 testicular retraction applied person=2 emission=2 pulse=5 baseline=0.000 contribution=-0.002 output=0.000
2026-09-12 16:18:08.350 NATIVE STAIN ANIMATION DIAG generation=126 emission=2 particle=928 sample_ms=875 update=32b904e0 descriptor=5844bca0 descriptor_checksum=81db9ef6 group_index=0 group=57e00840 group_checksum=a6f0d48b counts=(nodes:44,controls:43,weights:44,vectors:44) nodes=[38:7BD47360:535e21fd:"",39:7BD48100:eee35029:"",40:7BD490E0:237e4912:"",41:7BD483E0:13a801d7:"",42:7BD49C60:c17fb8ef:"",43:7BD4B140:6397cac7:""] controls=[37:84DADBE0:81d9ff9b:"",38:84DADD60:65d50456:"",39:84DAE760:cdb1b4b5:"",40:84DAE6C0:4a9a8c99:"",41:84DAE1C0:30203a51:"",42:84DAE040:bc380f6e:""] weights=[34:1,35:1,36:1,37:1,38:1,39:1,40:1,41:1,42:1,43:1] vectors=[38:(1,1,1),39:(1,1,1),40:(1,1,1),41:(1,1,1),42:(1,1,1),43:(1,1,1)]
2026-09-12 16:18:08.351 NATIVE STAIN FIELD DIAG generation=126 node=7BD4B140 control=7BD67420 changes=N+0x3c:0005da27>0005da2c(5.374358e-040>5.374428e-040) totals=(node:1,control:0)
2026-09-12 16:18:08.364 testicular retraction live write person=2 control=4aa2ebe0 input=0.271 baseline=0.000 contribution=0.280 output=0.280
2026-09-12 16:18:08.392 liquid world emitter sample person=2 emission=2 position=(1.89948,0.89384,1.85055) direction=(0.00000,0.59297,0.80522) source=rebuilt-joint-local-hierarchy
2026-09-12 16:18:08.463 NATIVE STAIN ANIMATION DIAG generation=126 emission=2 particle=928 sample_ms=985 update=32b904e0 descriptor=5844bca0 descriptor_checksum=81db9ef6 group_index=0 group=57e00840 group_checksum=a6f0d48b counts=(nodes:44,controls:43,weights:44,vectors:44) nodes=[38:7BD47360:32e9df8e:"",39:7BD48100:8fcc5202:"",40:7BD490E0:ff337a99:"",41:7BD483E0:d862efcc:"",42:7BD49C60:e85744b4:"",43:7BD4B140:ccb94f9c:""] controls=[37:84DADBE0:81d9ff9b:"",38:84DADD60:65d50456:"",39:84DAE760:cdb1b4b5:"",40:84DAE6C0:4a9a8c99:"",41:84DAE1C0:c6c0eb85:"",42:84DAE040:bc380f6e:""] weights=[34:1,35:1,36:1,37:1,38:1,39:1,40:1,41:1,42:1,43:1] vectors=[38:(1,1,1),39:(1,1,1),40:(1,1,1),41:(1,1,1),42:(1,1,1),43:(1,1,1)]
2026-09-12 16:18:08.464 NATIVE STAIN FIELD DIAG generation=126 node=7BD4B140 control=7BD67420 changes=N+0x3c:0005da2c>0005da33(5.374428e-040>5.374526e-040) totals=(node:1,control:0)
2026-09-12 16:18:08.516 ejaculation audio finished person=2 emission=2 pulse=5 path="C:\Users\ErolB\Desktop\Games\TK17\The Klub 17\Extensions\Liquids\Sounds\Ejaculation\Default\cum04.mp3"
2026-09-12 16:18:08.578 NATIVE STAIN ANIMATION DIAG generation=126 emission=2 particle=928 sample_ms=1094 update=32b904e0 descriptor=5844bca0 descriptor_checksum=81db9ef6 group_index=0 group=57e00840 group_checksum=a6f0d48b counts=(nodes:44,controls:43,weights:44,vectors:44) nodes=[38:7BD47360:4d5d740b:"",39:7BD48100:e897ee5f:"",40:7BD490E0:208fa6f4:"",41:7BD483E0:623711a1:"",42:7BD49C60:d27d9d59:"",43:7BD4B140:e9e62df1:""] controls=[37:84DADBE0:81d9ff9b:"",38:84DADD60:65d50456:"",39:84DAE760:cdb1b4b5:"",40:84DAE6C0:4a9a8c99:"",41:84DAE1C0:1fb122ac:"",42:84DAE040:bc380f6e:""] weights=[34:1,35:1,36:1,37:1,38:1,39:1,40:1,41:1,42:1,43:1] vectors=[38:(1,1,1),39:(1,1,1),40:(1,1,1),41:(1,1,1),42:(1,1,1),43:(1,1,1)]
2026-09-12 16:18:08.578 NATIVE STAIN FIELD DIAG generation=126 node=7BD4B140 control=7BD67420 changes=N+0x3c:0005da33>0005da3a(5.374526e-040>5.374624e-040) totals=(node:1,control:0)
2026-09-12 16:18:08.612 testicular retraction live write person=2 control=4aa2ebe0 input=0.256 baseline=0.000 contribution=0.256 output=0.256
2026-09-12 16:18:08.637 liquid world emitter sample person=2 emission=2 position=(1.89948,0.89384,1.85055) direction=(0.00000,0.59297,0.80522) source=rebuilt-joint-local-hierarchy
2026-09-12 16:18:08.683 NATIVE STAIN ANIMATION DIAG generation=126 emission=2 particle=928 sample_ms=1203 update=32b904e0 descriptor=5844bca0 descriptor_checksum=81db9ef6 group_index=0 group=57e00840 group_checksum=a6f0d48b counts=(nodes:44,controls:43,weights:44,vectors:44) nodes=[38:7BD47360:950aeab9:"",39:7BD48100:a17c19ed:"",40:7BD490E0:f4c3dcae:"",41:7BD483E0:941a1da3:"",42:7BD49C60:6e1da4eb:"",43:7BD4B140:a4d33d13:""] controls=[37:84DADBE0:81d9ff9b:"",38:84DADD60:65d50456:"",39:84DAE760:cdb1b4b5:"",40:84DAE6C0:4a9a8c99:"",41:84DAE1C0:aa2c131c:"",42:84DAE040:bc380f6e:""] weights=[34:1,35:1,36:1,37:1,38:1,39:1,40:1,41:1,42:1,43:1] vectors=[38:(1,1,1),39:(1,1,1),40:(1,1,1),41:(1,1,1),42:(1,1,1),43:(1,1,1)]
2026-09-12 16:18:08.683 NATIVE STAIN FIELD DIAG generation=126 node=7BD4B140 control=7BD67420 changes=N+0x3c:0005da3a>0005da40(5.374624e-040>5.374708e-040) totals=(node:1,control:0)
2026-09-12 16:18:08.718 liquid native stain contact consumed source=confirmed particle=943 emission=2 retry=0 result=12 count=1 native_hit=1 body_confirmed=0 retried=0 outcome=native-hit-attachment-unconfirmed
2026-09-12 16:18:08.758 liquid native stain contact consumed source=confirmed particle=953 emission=2 retry=0 result=12 count=1 native_hit=1 body_confirmed=0 retried=0 outcome=native-hit-attachment-unconfirmed
2026-09-12 16:18:08.799 NATIVE STAIN ANIMATION DIAG generation=128 emission=2 particle=953 sample_ms=31 update=32b904e0 descriptor=5844bca0 descriptor_checksum=53b62224 group_index=0 group=57e00840 group_checksum=7c2951f0 counts=(nodes:46,controls:45,weights:46,vectors:46) nodes=[40:7BD490E0:b02e6698:"",41:7BD483E0:e3017a45:"",42:7BD49C60:f59ded8d:"",43:7BD4B140:a04df5f5:"",44:7BDCC400:4728f7d3:"",45:7BDCBDA0:48621fd8:""] controls=[39:84DAE760:cdb1b4b5:"",40:84DAE6C0:4a9a8c99:"",41:84DAE1C0:a5fae916:"",42:84DAE040:bc380f6e:"",43:84DAE0E0:edd12363:"",44:84DAE680:f212f912:""] weights=[36:1,37:1,38:1,39:1,40:1,41:1,42:1,43:1,44:1,45:1] vectors=[40:(1,1,1),41:(1,1,1),42:(1,1,1),43:(1,1,1),44:(1,1,1),45:(1,1,1)]
2026-09-12 16:18:08.838 liquid native stain contact consumed source=confirmed particle=964 emission=2 retry=0 result=12 count=1 native_hit=1 body_confirmed=0 retried=0 outcome=native-hit-attachment-unconfirmed
2026-09-12 16:18:08.838 liquid native update performance version=0.8.12-decal-freeze-performance samples=55 native_and_pick_ms=0.338 freeze_cleanup_ms=0.005 diagnostics_and_retraction_ms=0.217 peak_total_ms=7.190 tracked=45 freeze_hook=1
2026-09-12 16:18:08.863 liquid native stain contact consumed source=confirmed particle=949 emission=2 retry=0 result=12 count=1 native_hit=1 body_confirmed=0 retried=0 outcome=native-hit-attachment-unconfirmed
2026-09-12 16:18:08.863 testicular retraction live write person=2 control=4aa2ebe0 input=0.244 baseline=0.000 contribution=0.247 output=0.247
2026-09-12 16:18:08.889 liquid world emitter sample person=2 emission=2 position=(1.89948,0.89384,1.85055) direction=(0.00000,0.59297,0.80522) source=rebuilt-joint-local-hierarchy
2026-09-12 16:18:08.910 liquid native stain contact consumed source=confirmed particle=976 emission=2 retry=0 result=12 count=1 native_hit=1 body_confirmed=0 retried=0 outcome=native-hit-attachment-unconfirmed
2026-09-12 16:18:08.911 NATIVE STAIN ANIMATION DIAG generation=131 emission=2 particle=976 sample_ms=0 update=32b904e0 descriptor=5844bca0 descriptor_checksum=30a2fae0 group_index=0 group=57e00840 group_checksum=7c2951f0 counts=(nodes:49,controls:48,weights:49,vectors:49) nodes=[43:7BD4B140:32359624:"",44:7BDCC400:9ffb5592:"",45:7BDCBDA0:f61617e1:"",46:7BDCC580:6cfb3e02:"",47:7BDCC1E0:2f2441ca:"",48:7BDCBE40:2d07f876:""] controls=[42:84DAE040:bc380f6e:"",43:84DAE0E0:edd12363:"",44:84DAE680:f212f912:"",45:84DAF080:a543a4ff:"",46:84DAF1C0:31705787:"",47:84DAED00:15203fcc:""] weights=[39:1,40:1,41:1,42:1,43:1,44:1,45:1,46:1,47:1,48:1] vectors=[43:(1,1,1),44:(1,1,1),45:(1,1,1),46:(1,1,1),47:(1,1,1),48:(1,1,1)]
2026-09-12 16:18:09.022 liquid native stain contact consumed source=confirmed particle=988 emission=2 retry=0 result=12 count=1 native_hit=1 body_confirmed=0 retried=0 outcome=native-hit-attachment-unconfirmed
2026-09-12 16:18:09.022 NATIVE STAIN ANIMATION DIAG generation=132 emission=2 particle=988 sample_ms=0 update=32b904e0 descriptor=5844bca0 descriptor_checksum=f91633cf group_index=0 group=57e00840 group_checksum=7c2951f0 counts=(nodes:50,controls:49,weights:50,vectors:50) nodes=[44:7BDCC400:78b9b486:"",45:7BDCBDA0:920ea18d:"",46:7BDCC580:8985fe36:"",47:7BDCC1E0:c4de8ffe:"",48:7BDCBE40:4bbbe3ba:"",49:7BDCBFC0:a6f3c32e:""] controls=[43:84DAE0E0:edd12363:"",44:84DAE680:f212f912:"",45:84DAF080:a543a4ff:"",46:84DAF1C0:31705787:"",47:84DAED00:725acc9e:"",48:84DAE940:c39bb980:""] weights=[40:1,41:1,42:1,43:1,44:1,45:1,46:1,47:1,48:1,49:1] vectors=[44:(1,1,1),45:(1,1,1),46:(1,1,1),47:(1,1,1),48:(1,1,1),49:(1,1,1)]
2026-09-12 16:18:09.065 liquid native stain contact consumed source=confirmed particle=994 emission=2 retry=0 result=12 count=1 native_hit=1 body_confirmed=0 retried=0 outcome=native-hit-attachment-unconfirmed
2026-09-12 16:18:09.124 testicular retraction live write person=2 control=4aa2ebe0 input=0.250 baseline=0.000 contribution=0.250 output=0.250
2026-09-12 16:18:09.133 liquid world emitter sample person=2 emission=2 position=(1.89948,0.89384,1.85055) direction=(0.00000,0.59297,0.80522) source=rebuilt-joint-local-hierarchy
2026-09-12 16:18:09.142 NATIVE STAIN ANIMATION DIAG generation=133 emission=2 particle=994 sample_ms=79 update=32b904e0 descriptor=5844bca0 descriptor_checksum=f5a723a1 group_index=0 group=57e00840 group_checksum=7c2951f0 counts=(nodes:51,controls:50,weights:51,vectors:51) nodes=[45:7BDCBDA0:ae2674df:"",46:7BDCC580:71f9ea8c:"",47:7BDCC1E0:c5645ec4:"",48:7BDCBE40:617b9620:"",49:7BDCBFC0:fbdbcc68:"",50:7BDCC2A0:26cf5c37:""] controls=[44:84DAE680:f212f912:"",45:84DAF080:a543a4ff:"",46:84DAF1C0:31705787:"",47:84DAED00:725acc9e:"",48:84DAE940:6baa30da:"",49:84DAEE40:34d1d058:""] weights=[41:1,42:1,43:1,44:1,45:1,46:1,47:1,48:1,49:1,50:1] vectors=[45:(1,1,1),46:(1,1,1),47:(1,1,1),48:(1,1,1),49:(1,1,1),50:(1,1,1)]
2026-09-12 16:18:09.240 NATIVE STAIN ANIMATION DIAG generation=133 emission=2 particle=994 sample_ms=188 update=32b904e0 descriptor=5844bca0 descriptor_checksum=f5a723a1 group_index=0 group=57e00840 group_checksum=7c2951f0 counts=(nodes:51,controls:50,weights:51,vectors:51) nodes=[45:7BDCBDA0:806275f1:"",46:7BDCC580:de46ccf2:"",47:7BDCC1E0:2290b93a:"",48:7BDCBE40:0da3447e:"",49:7BDCBFC0:efa53f76:"",50:7BDCC2A0:ba825299:""] controls=[44:84DAE680:f212f912:"",45:84DAF080:a543a4ff:"",46:84DAF1C0:31705787:"",47:84DAED00:725acc9e:"",48:84DAE940:6baa30da:"",49:84DAEE40:34d1d058:""] weights=[41:1,42:1,43:1,44:1,45:1,46:1,47:1,48:1,49:1,50:1] vectors=[45:(1,1,1),46:(1,1,1),47:(1,1,1),48:(1,1,1),49:(1,1,1),50:(1,1,1)]
2026-09-12 16:18:09.357 NATIVE STAIN ANIMATION DIAG generation=133 emission=2 particle=994 sample_ms=297 update=32b904e0 descriptor=5844bca0 descriptor_checksum=f5a723a1 group_index=0 group=57e00840 group_checksum=7c2951f0 counts=(nodes:51,controls:50,weights:51,vectors:51) nodes=[45:7BDCBDA0:14492dac:"",46:7BDCC580:9906f5ff:"",47:7BDCC1E0:2bce22b7:"",48:7BDCBE40:a729298b:"",49:7BDCBFC0:007fb113:"",50:7BDCC2A0:cec95444:""] controls=[44:84DAE680:f212f912:"",45:84DAF080:a543a4ff:"",46:84DAF1C0:31705787:"",47:84DAED00:725acc9e:"",48:84DAE940:6baa30da:"",49:84DAEE40:34d1d058:""] weights=[41:1,42:1,43:1,44:1,45:1,46:1,47:1,48:1,49:1,50:1] vectors=[45:(1,1,1),46:(1,1,1),47:(1,1,1),48:(1,1,1),49:(1,1,1),50:(1,1,1)]
2026-09-12 16:18:09.376 testicular retraction live write person=2 control=4aa2ebe0 input=0.250 baseline=0.000 contribution=0.250 output=0.250
2026-09-12 16:18:09.386 liquid world emitter sample person=2 emission=2 position=(1.88642,0.93871,1.84784) direction=(0.00000,0.59297,0.80522) source=rebuilt-joint-local-hierarchy
2026-09-12 16:18:09.467 NATIVE STAIN ANIMATION DIAG generation=133 emission=2 particle=994 sample_ms=407 update=32b904e0 descriptor=5844bca0 descriptor_checksum=f5a723a1 group_index=0 group=57e00840 group_checksum=7c2951f0 counts=(nodes:51,controls:50,weights:51,vectors:51) nodes=[45:7BDCBDA0:87d6fc06:"",46:7BDCC580:c0a235fd:"",47:7BDCC1E0:f25068c5:"",48:7BDCBE40:2765a849:"",49:7BDCBFC0:3c6e2ac1:"",50:7BDCC2A0:c1affcee:""] controls=[44:84DAE680:f212f912:"",45:84DAF080:a543a4ff:"",46:84DAF1C0:31705787:"",47:84DAED00:725acc9e:"",48:84DAE940:6baa30da:"",49:84DAEE40:34d1d058:""] weights=[41:1,42:1,43:1,44:1,45:1,46:1,47:1,48:1,49:1,50:1] vectors=[45:(1,1,1),46:(1,1,1),47:(1,1,1),48:(1,1,1),49:(1,1,1),50:(1,1,1)]
2026-09-12 16:18:09.467 NATIVE STAIN FIELD DIAG generation=133 outcome=baseline node=7bdcc2a0 control=7bd68a00
2026-09-12 16:18:09.467 memory snapshot label="native-stain-animation-node-baseline" address=7BDCC2A0 words=7285a8d4,00000000,7285a908,72894190,53477020,5b546280,01fff0ad,00000000,00000000,00000000,5a0e1bca,00000000,670d3300,72894230,00000000,0005da68,3f800000,3f800000,3f800000,3f800000,00000000,00000000,00000000,00000000
2026-09-12 16:18:09.467 memory snapshot label="native-stain-animation-control-baseline" address=7BD68A00 words=72859ad4,3f800000,72859adc,72894190,3f800000,00000000,72894170,3f800000,3f800000,8563f3f8,40273cff,8563da48,4020345e,8563d600,402187ec,85641638,97c08be3,80012cb2,000014b1,000014da,00001607,000014b9,000014db,00000000
2026-09-12 16:18:09.468 liquid deep link event="native-stain-animation-node" object=7bdcc2a0 offset=0x014 pointer=5b546280 target_name="NcPants2_mesh"
2026-09-12 16:18:09.468 liquid deep string event="native-stain-animation-node" object=7bdcc2a0 offset=0x03c pointer=0005da68 text="l"
2026-09-12 16:18:09.470 liquid deep links event="native-stain-animation-control" object=7bd68a00 named_or_string_links=0 scan_bytes=96
2026-09-12 16:18:09.568 NATIVE STAIN ANIMATION DIAG generation=133 emission=2 particle=994 sample_ms=516 update=32b904e0 descriptor=5844bca0 descriptor_checksum=f5a723a1 group_index=0 group=57e00840 group_checksum=7c2951f0 counts=(nodes:51,controls:50,weights:51,vectors:51) nodes=[45:7BDCBDA0:f490d430:"",46:7BDCC580:6f78e09b:"",47:7BDCC1E0:2afc5623:"",48:7BDCBE40:0863b42f:"",49:7BDCBFC0:55c96c27:"",50:7BDCC2A0:aa6311d8:""] controls=[44:84DAE680:f212f912:"",45:84DAF080:a543a4ff:"",46:84DAF1C0:31705787:"",47:84DAED00:725acc9e:"",48:84DAE940:6baa30da:"",49:84DAEE40:34d1d058:""] weights=[41:1,42:1,43:1,44:1,45:1,46:1,47:1,48:1,49:1,50:1] vectors=[45:(1,1,1),46:(1,1,1),47:(1,1,1),48:(1,1,1),49:(1,1,1),50:(1,1,1)]
2026-09-12 16:18:09.568 NATIVE STAIN FIELD DIAG generation=133 node=7BDCC2A0 control=7BD68A00 changes=N+0x3c:0005da68>0005da6e(5.375269e-040>5.375353e-040) totals=(node:1,control:0)
2026-09-12 16:18:09.612 testicular retraction live write person=2 control=4aa2ebe0 input=0.037 baseline=0.000 contribution=0.026 output=0.026
2026-09-12 16:18:09.639 liquid world emitter sample person=2 emission=2 position=(1.81051,1.09938,1.81275) direction=(0.00000,0.59297,0.80522) source=rebuilt-joint-local-hierarchy
2026-09-12 16:18:09.678 NATIVE STAIN ANIMATION DIAG generation=133 emission=2 particle=994 sample_ms=625 update=32b904e0 descriptor=5844bca0 descriptor_checksum=f5a723a1 group_index=0 group=57e00840 group_checksum=7c2951f0 counts=(nodes:51,controls:50,weights:51,vectors:51) nodes=[45:7BDCBDA0:d408466a:"",46:7BDCC580:ca2f5cc9:"",47:7BDCC1E0:28afdd81:"",48:7BDCBE40:2659657d:"",49:7BDCBFC0:1cfd2405:"",50:7BDCC2A0:a4887c82:""] controls=[44:84DAE680:f212f912:"",45:84DAF080:a543a4ff:"",46:84DAF1C0:31705787:"",47:84DAED00:725acc9e:"",48:84DAE940:6baa30da:"",49:84DAEE40:34d1d058:""] weights=[41:1,42:1,43:1,44:1,45:1,46:1,47:1,48:1,49:1,50:1] vectors=[45:(1,1,1),46:(1,1,1),47:(1,1,1),48:(1,1,1),49:(1,1,1),50:(1,1,1)]
2026-09-12 16:18:09.678 NATIVE STAIN FIELD DIAG generation=133 node=7BDCC2A0 control=7BD68A00 changes=N+0x3c:0005da6e>0005da74(5.375353e-040>5.375437e-040) totals=(node:1,control:0)
2026-09-12 16:18:09.795 ejaculation audio started person=2 emission=2 pulse=6 volume=0.000 path="C:\Users\ErolB\Desktop\Games\TK17\The Klub 17\Extensions\Liquids\Sounds\Ejaculation\Default\cum01.mp3"
2026-09-12 16:18:09.796 testicular retraction pulse person=2 emission=2 pulse=6 baseline=0.000 start=-0.002 target=0.250
2026-09-12 16:18:09.803 NATIVE STAIN ANIMATION DIAG generation=133 emission=2 particle=994 sample_ms=750 update=32b904e0 descriptor=5844bca0 descriptor_checksum=f5a723a1 group_index=0 group=57e00840 group_checksum=7c2951f0 counts=(nodes:51,controls:50,weights:51,vectors:51) nodes=[45:7BDCBDA0:79dd8cf4:"",46:7BDCC580:fd4f5be7:"",47:7BDCC1E0:bf9effaf:"",48:7BDCBE40:8d5752a3:"",49:7BDCBFC0:921fb3db:"",50:7BDCC2A0:c536899c:""] controls=[44:84DAE680:f212f912:"",45:84DAF080:a543a4ff:"",46:84DAF1C0:31705787:"",47:84DAED00:725acc9e:"",48:84DAE940:6baa30da:"",49:84DAEE40:34d1d058:""] weights=[41:1,42:1,43:1,44:1,45:1,46:1,47:1,48:1,49:1,50:1] vectors=[45:(1,1,1),46:(1,1,1),47:(1,1,1),48:(1,1,1),49:(1,1,1),50:(1,1,1)]
2026-09-12 16:18:09.803 NATIVE STAIN FIELD DIAG generation=133 node=7BDCC2A0 control=7BD68A00 changes=N+0x3c:0005da74>0005da7a(5.375437e-040>5.375521e-040) totals=(node:1,control:0)
2026-09-12 16:18:09.803 testicular retraction applied person=2 emission=2 pulse=6 baseline=0.000 contribution=-0.002 output=0.000
2026-09-12 16:18:09.839 liquid native update performance version=0.8.12-decal-freeze-performance samples=52 native_and_pick_ms=0.502 freeze_cleanup_ms=0.007 diagnostics_and_retraction_ms=0.264 peak_total_ms=7.748 tracked=49 freeze_hook=1
2026-09-12 16:18:09.874 testicular retraction live write person=2 control=4aa2ebe0 input=0.280 baseline=0.000 contribution=0.286 output=0.286
2026-09-12 16:18:09.884 liquid world emitter sample person=2 emission=2 position=(1.74039,1.21808,1.77441) direction=(0.00000,0.59297,0.80522) source=rebuilt-joint-local-hierarchy
2026-09-12 16:18:09.911 NATIVE STAIN ANIMATION DIAG generation=133 emission=2 particle=994 sample_ms=860 update=32b904e0 descriptor=5844bca0 descriptor_checksum=f5a723a1 group_index=0 group=57e00840 group_checksum=7c2951f0 counts=(nodes:51,controls:50,weights:51,vectors:51) nodes=[45:7BDCBDA0:a75f082e:"",46:7BDCC580:d60cc5e5:"",47:7BDCC1E0:a641719d:"",48:7BDCBE40:68ded621:"",49:7BDCBFC0:5a829229:"",50:7BDCC2A0:4a9f6c46:""] controls=[44:84DAE680:f212f912:"",45:84DAF080:a543a4ff:"",46:84DAF1C0:31705787:"",47:84DAED00:725acc9e:"",48:84DAE940:6baa30da:"",49:84DAEE40:34d1d058:""] weights=[41:1,42:1,43:1,44:1,45:1,46:1,47:1,48:1,49:1,50:1] vectors=[45:(1,1,1),46:(1,1,1),47:(1,1,1),48:(1,1,1),49:(1,1,1),50:(1,1,1)]
2026-09-12 16:18:09.912 NATIVE STAIN FIELD DIAG generation=133 node=7BDCC2A0 control=7BD68A00 changes=N+0x3c:0005da7a>0005da80(5.375521e-040>5.375605e-040) totals=(node:1,control:0)
2026-09-12 16:18:09.999 ejaculation audio finished person=2 emission=2 pulse=6 path="C:\Users\ErolB\Desktop\Games\TK17\The Klub 17\Extensions\Liquids\Sounds\Ejaculation\Default\cum01.mp3"
2026-09-12 16:18:10.029 NATIVE STAIN ANIMATION DIAG generation=133 emission=2 particle=994 sample_ms=969 update=32b904e0 descriptor=5844bca0 descriptor_checksum=f5a723a1 group_index=0 group=57e00840 group_checksum=7c2951f0 counts=(nodes:51,controls:50,weights:51,vectors:51) nodes=[45:7BDCBDA0:c4d2d9fa:"",46:7BDCC580:80e74b39:"",47:7BDCC1E0:4c4991b1:"",48:7BDCBE40:50be62cd:"",49:7BDCBFC0:2008e595:"",50:7BDCC2A0:3d7bc152:""] controls=[44:84DAE680:f212f912:"",45:84DAF080:a543a4ff:"",46:84DAF1C0:31705787:"",47:84DAED00:725acc9e:"",48:84DAE940:6baa30da:"",49:84DAEE40:34d1d058:""] weights=[41:1,42:1,43:1,44:1,45:1,46:1,47:1,48:1,49:1,50:1] vectors=[45:(1,1,1),46:(1,1,1),47:(1,1,1),48:(1,1,1),49:(1,1,1),50:(1,1,1)]
2026-09-12 16:18:10.029 NATIVE STAIN FIELD DIAG generation=133 node=7BDCC2A0 control=7BD68A00 changes=N+0x3c:0005da80>0005da84(5.375605e-040>5.375661e-040),C+0x48:000014b1>402f28f9(7.422678e-042>2.736876),C+0x4c:000014da>86adc260(7.480131e-042>-6.536098e-035),C+0x50:00001607>402f7789(7.901922e-042>2.741671),C+0x54:000014b9>58e42210(7.433888e-042>2.00668e+015),C+0x58:000014db>402ebba2(7.481533e-042>2.730202) totals=(node:1,control:5)
2026-09-12 16:18:10.074 liquid native stain contact consumed source=confirmed particle=1022 emission=2 retry=0 result=4 count=1 native_hit=1 body_confirmed=0 retried=0 outcome=native-hit-attachment-unconfirmed
2026-09-12 16:18:10.124 testicular retraction live write person=2 control=4aa2ebe0 input=0.256 baseline=0.000 contribution=0.254 output=0.254
2026-09-12 16:18:10.134 liquid world emitter sample person=2 emission=2 position=(1.79182,1.24269,1.82362) direction=(0.00000,0.59297,0.80522) source=rebuilt-joint-local-hierarchy
2026-09-12 16:18:10.142 NATIVE STAIN ANIMATION DIAG generation=134 emission=2 particle=1022 sample_ms=63 update=32b904e0 descriptor=5844bca0 descriptor_checksum=98ed04f1 group_index=0 group=57e00840 group_checksum=7c2951f0 counts=(nodes:52,controls:51,weights:52,vectors:52) nodes=[46:7BDCC580:677709d7:"",47:7BDCC1E0:0fd5079f:"",48:7BDCBE40:dd3b7b73:"",49:7BDCBFC0:ca55c66b:"",50:7BDCC2A0:23d348ec:"",51:7BDD7D80:fac34347:""] controls=[45:84DAF080:a543a4ff:"",46:84DAF1C0:31705787:"",47:84DAED00:725acc9e:"",48:84DAE940:6baa30da:"",49:84DAEE40:34d1d058:"",50:84DAF3E0:0e4a3130:""] weights=[42:1,43:1,44:1,45:1,46:1,47:1,48:1,49:1,50:1,51:1] vectors=[46:(1,1,1),47:(1,1,1),48:(1,1,1),49:(1,1,1),50:(1,1,1),51:(1,1,1)]
2026-09-12 16:18:10.247 NATIVE STAIN ANIMATION DIAG generation=134 emission=2 particle=1022 sample_ms=172 update=32b904e0 descriptor=5844bca0 descriptor_checksum=98ed04f1 group_index=0 group=57e00840 group_checksum=7c2951f0 counts=(nodes:52,controls:51,weights:52,vectors:52) nodes=[46:7BDCC580:6134e976:"",47:7BDCC1E0:9c8d7b3e:"",48:7BDCBE40:a100dcfa:"",49:7BDCBFC0:6cb722f2:"",50:7BDCC2A0:f2187575:"",51:7BDD7D80:f70be666:""] controls=[45:84DAF080:a543a4ff:"",46:84DAF1C0:31705787:"",47:84DAED00:725acc9e:"",48:84DAE940:6baa30da:"",49:84DAEE40:34d1d058:"",50:84DAF3E0:72165965:""] weights=[42:1,43:1,44:1,45:1,46:1,47:1,48:1,49:1,50:1,51:1] vectors=[46:(1,1,1),47:(1,1,1),48:(1,1,1),49:(1,1,1),50:(1,1,1),51:(1,1,1)]
2026-09-12 16:18:10.361 NATIVE STAIN ANIMATION DIAG generation=134 emission=2 particle=1022 sample_ms=281 update=32b904e0 descriptor=5844bca0 descriptor_checksum=98ed04f1 group_index=0 group=57e00840 group_checksum=7c2951f0 counts=(nodes:52,controls:51,weights:52,vectors:52) nodes=[46:7BDCC580:7b9848f3:"",47:7BDCC1E0:4ed642ab:"",48:7BDCBE40:551d1857:"",49:7BDCBFC0:5437305f:"",50:7BDCC2A0:08d6ad80:"",51:7BDD7D80:82aec383:""] controls=[45:84DAF080:a543a4ff:"",46:84DAF1C0:31705787:"",47:84DAED00:725acc9e:"",48:84DAE940:6baa30da:"",49:84DAEE40:34d1d058:"",50:84DAF3E0:72165965:""] weights=[42:1,43:1,44:1,45:1,46:1,47:1,48:1,49:1,50:1,51:1] vectors=[46:(1,1,1),47:(1,1,1),48:(1,1,1),49:(1,1,1),50:(1,1,1),51:(1,1,1)]
2026-09-12 16:18:10.363 testicular retraction live write person=2 control=4aa2ebe0 input=0.247 baseline=0.000 contribution=0.247 output=0.247
2026-09-12 16:18:10.388 liquid native stain contact consumed source=confirmed particle=1036 emission=2 retry=0 result=12 count=1 native_hit=1 body_confirmed=0 retried=0 outcome=native-hit-attachment-unconfirmed
2026-09-12 16:18:10.398 liquid world emitter sample person=2 emission=2 position=(1.84752,1.25282,1.87386) direction=(0.00000,0.59297,0.80522) source=rebuilt-joint-local-hierarchy
2026-09-12 16:18:10.412 liquid native stain transform particle=1037 frame=001af5c4 descriptor=5844bca0 descriptor_scale=(1.00000,1.00000,1.00000) custom_hit_view=(0.09724,0.11355,-2.66922) custom_ray_view=(0.12793,0.17207,-2.62632)->(-0.38951,-0.74280,-0.54454)
2026-09-12 16:18:10.413 liquid native stain contact consumed source=confirmed particle=1037 emission=2 retry=0 result=12 count=1 native_hit=1 body_confirmed=1 retried=0 outcome=native-model-hit-impact-ray
2026-09-12 16:18:10.448 liquid native stain contact consumed source=confirmed particle=1041 emission=2 retry=0 result=12 count=1 native_hit=1 body_confirmed=0 retried=0 outcome=native-hit-attachment-unconfirmed
2026-09-12 16:18:10.467 liquid native stain contact consumed source=confirmed particle=1043 emission=2 retry=0 result=12 count=1 native_hit=1 body_confirmed=0 retried=0 outcome=native-hit-attachment-unconfirmed
2026-09-12 16:18:10.467 NATIVE STAIN ANIMATION DIAG generation=138 emission=2 particle=1043 sample_ms=0 update=32b904e0 descriptor=5844bca0 descriptor_checksum=33c5c06a group_index=0 group=57e00840 group_checksum=7c2951f0 counts=(nodes:52,controls:51,weights:52,vectors:52) nodes=[46:7BDCC580:eeaa2c32:"",47:7BDCC1E0:f1a4bd7a:"",48:7BDCBE40:5a4d56be:"",49:7BDCBFC0:17f65436:"",50:7BDCC2A0:fdd2f2d9:"",51:7BDD7D80:bc664902:""] controls=[45:84DAF080:a543a4ff:"",46:84DAF1C0:31705787:"",47:84DAED00:725acc9e:"",48:84DAE940:6baa30da:"",49:84DAEE40:34d1d058:"",50:84DAF3E0:72165965:""] weights=[42:1,43:1,44:1,45:1,46:1,47:1,48:1,49:1,50:1,51:1] vectors=[46:(1,1,1),47:(1,1,1),48:(1,1,1),49:(1,1,1),50:(1,1,1),51:(1,1,1)]
2026-09-12 16:18:10.507 liquid native stain contact consumed source=confirmed particle=1050 emission=2 retry=0 result=12 count=1 native_hit=1 body_confirmed=0 retried=0 outcome=native-hit-attachment-unconfirmed
2026-09-12 16:18:10.567 NATIVE STAIN ANIMATION DIAG generation=139 emission=2 particle=1050 sample_ms=62 update=32b904e0 descriptor=5844bca0 descriptor_checksum=d023dab9 group_index=0 group=57e00840 group_checksum=7c2951f0 counts=(nodes:53,controls:52,weights:53,vectors:53) nodes=[47:7BDCC1E0:5dec9100:"",48:7BDCBE40:6114e6a4:"",49:7BDCBFC0:53fda92c:"",50:7BDCC2A0:f9c05f2b:"",51:7BDD7D80:556c1ef8:"",52:7BDD9B00:997ca21b:""] controls=[46:84DAF1C0:31705787:"",47:84DAED00:725acc9e:"",48:84DAE940:6baa30da:"",49:84DAEE40:34d1d058:"",50:84DAF3E0:c851bb80:"",51:84DAF480:9b48e0ff:""] weights=[43:1,44:1,45:1,46:1,47:1,48:1,49:1,50:1,51:1,52:1] vectors=[47:(1,1,1),48:(1,1,1),49:(1,1,1),50:(1,1,1),51:(1,1,1),52:(1,1,1)]
2026-09-12 16:18:10.586 liquid native stain contact consumed source=confirmed particle=1061 emission=2 retry=0 result=4 count=1 native_hit=1 body_confirmed=0 retried=0 outcome=native-hit-attachment-unconfirmed
2026-09-12 16:18:10.614 testicular retraction live write person=2 control=4aa2ebe0 input=0.250 baseline=0.000 contribution=0.250 output=0.250
2026-09-12 16:18:10.652 liquid world emitter sample person=2 emission=2 position=(1.84752,1.25282,1.87386) direction=(0.00000,0.59297,0.80522) source=rebuilt-joint-local-hierarchy
2026-09-12 16:18:10.686 NATIVE STAIN ANIMATION DIAG generation=140 emission=2 particle=1061 sample_ms=93 update=32b904e0 descriptor=5844bca0 descriptor_checksum=3c6f2354 group_index=0 group=57e00840 group_checksum=7c2951f0 counts=(nodes:54,controls:53,weights:54,vectors:54) nodes=[48:7BDCBE40:44c4ed89:"",49:7BDCBFC0:67c0e081:"",50:7BDCC2A0:095ffa2e:"",51:7BDD7D80:c77acd2d:"",52:7BDD9B00:7f090d9e:"",53:7BDD9C60:dc2cc8b7:""] controls=[47:84DAED00:725acc9e:"",48:84DAE940:6baa30da:"",49:84DAEE40:34d1d058:"",50:84DAF3E0:c851bb80:"",51:84DAF480:9b48e0ff:"",52:84DAF760:f82d42f4:""] weights=[44:1,45:1,46:1,47:1,48:1,49:1,50:1,51:1,52:1,53:1] vectors=[48:(1,1,1),49:(1,1,1),50:(1,1,1),51:(1,1,1),52:(1,1,1),53:(1,1,1)]
2026-09-12 16:18:10.792 NATIVE STAIN ANIMATION DIAG generation=140 emission=2 particle=1061 sample_ms=203 update=32b904e0 descriptor=5844bca0 descriptor_checksum=3c6f2354 group_index=0 group=57e00840 group_checksum=7c2951f0 counts=(nodes:54,controls:53,weights:54,vectors:54) nodes=[48:7BDCBE40:34b5b16f:"",49:7BDCBFC0:8bbfb1e7:"",50:7BDCC2A0:b3b52018:"",51:7BDD7D80:0a0c930b:"",52:7BDD9B00:ebb2b0c8:"",53:7BDD9C60:7cbaa791:""] controls=[47:84DAED00:725acc9e:"",48:84DAE940:6baa30da:"",49:84DAEE40:34d1d058:"",50:84DAF3E0:c851bb80:"",51:84DAF480:9b48e0ff:"",52:84DAF760:f82d42f4:""] weights=[44:1,45:1,46:1,47:1,48:1,49:1,50:1,51:1,52:1,53:1] vectors=[48:(1,1,1),49:(1,1,1),50:(1,1,1),51:(1,1,1),52:(1,1,1),53:(1,1,1)]
2026-09-12 16:18:10.833 liquid native update performance version=0.8.12-decal-freeze-performance samples=52 native_and_pick_ms=0.503 freeze_cleanup_ms=0.007 diagnostics_and_retraction_ms=0.185 peak_total_ms=6.009 tracked=52 freeze_hook=1
2026-09-12 16:18:10.865 testicular retraction live write person=2 control=4aa2ebe0 input=0.250 baseline=0.000 contribution=0.250 output=0.250
2026-09-12 16:18:10.898 NATIVE STAIN ANIMATION DIAG generation=140 emission=2 particle=1061 sample_ms=312 update=32b904e0 descriptor=5844bca0 descriptor_checksum=3c6f2354 group_index=0 group=57e00840 group_checksum=7c2951f0 counts=(nodes:54,controls:53,weights:54,vectors:54) nodes=[48:7BDCBE40:4b0973bd:"",49:7BDCBFC0:31616bc5:"",50:7BDCC2A0:c09da3c2:"",51:7BDD7D80:1410d519:"",52:7BDD9B00:71aa5e12:"",53:7BDD9C60:9a2e9dd3:""] controls=[47:84DAED00:725acc9e:"",48:84DAE940:6baa30da:"",49:84DAEE40:34d1d058:"",50:84DAF3E0:c851bb80:"",51:84DAF480:9b48e0ff:"",52:84DAF760:f82d42f4:""] weights=[44:1,45:1,46:1,47:1,48:1,49:1,50:1,51:1,52:1,53:1] vectors=[48:(1,1,1),49:(1,1,1),50:(1,1,1),51:(1,1,1),52:(1,1,1),53:(1,1,1)]
2026-09-12 16:18:10.898 NATIVE STAIN FIELD DIAG generation=140 outcome=baseline node=7bdd9c60 control=7bd693a0
2026-09-12 16:18:10.898 memory snapshot label="native-stain-animation-node-baseline" address=7BDD9C60 words=7285a8d4,ffffffff,7285a908,72894190,53474f80,52485e40,01fff0ad,00000000,00000000,00000000,5a0e1bca,00000000,670d4240,72894230,00000000,0005dab4,3f800000,3f800000,3f800000,3f800000,00000000,00000000,00000000,00000000
2026-09-12 16:18:10.898 memory snapshot label="native-stain-animation-control-baseline" address=7BD693A0 words=72859ad4,20313d4d,72859adc,72894190,3f800000,00000000,72894170,303d7920,00313036,8563f300,4023bfc9,8563da48,402c1fe5,8563d600,402b355d,85641638,960c88d7,8d014241,402f2d0b,86adc260,402f7bcf,58e42210,402ebf78,7bd693e8
2026-09-12 16:18:10.899 liquid deep string event="native-stain-animation-node" object=7bdd9c60 offset=0x03c pointer=0005dab4 text="y"
2026-09-12 16:18:10.899 liquid deep links event="native-stain-animation-control" object=7bd693a0 named_or_string_links=0 scan_bytes=96
2026-09-12 16:18:10.908 liquid world emitter sample person=2 emission=2 position=(1.85611,1.22387,1.87588) direction=(0.00000,0.59297,0.80522) source=rebuilt-joint-local-hierarchy
2026-09-12 16:18:11.003 NATIVE STAIN ANIMATION DIAG generation=140 emission=2 particle=1061 sample_ms=422 update=32b904e0 descriptor=5844bca0 descriptor_checksum=3c6f2354 group_index=0 group=57e00840 group_checksum=7c2951f0 counts=(nodes:54,controls:53,weights:54,vectors:54) nodes=[48:7BDCBE40:780003d9:"",49:7BDCBFC0:0b6d0491:"",50:7BDCC2A0:e02045be:"",51:7BDD7D80:100d40fd:"",52:7BDD9B00:f69b4b0e:"",53:7BDD9C60:fd0d54e7:""] controls=[47:84DAED00:725acc9e:"",48:84DAE940:6baa30da:"",49:84DAEE40:34d1d058:"",50:84DAF3E0:c851bb80:"",51:84DAF480:9b48e0ff:"",52:84DAF760:f82d42f4:""] weights=[44:1,45:1,46:1,47:1,48:1,49:1,50:1,51:1,52:1,53:1] vectors=[48:(1,1,1),49:(1,1,1),50:(1,1,1),51:(1,1,1),52:(1,1,1),53:(1,1,1)]
2026-09-12 16:18:11.004 NATIVE STAIN FIELD DIAG generation=140 node=7BDD9C60 control=7BD693A0 changes=N+0x3c:0005dab4>0005dab8(5.376334e-040>5.37639e-040) totals=(node:1,control:0)
2026-09-12 16:18:11.119 NATIVE STAIN ANIMATION DIAG generation=140 emission=2 particle=1061 sample_ms=531 update=32b904e0 descriptor=5844bca0 descriptor_checksum=3c6f2354 group_index=0 group=57e00840 group_checksum=7c2951f0 counts=(nodes:54,controls:53,weights:54,vectors:54) nodes=[48:7BDCBE40:df89e7aa:"",49:7BDCBFC0:735b10a2:"",50:7BDCC2A0:ba346d65:"",51:7BDD7D80:16e1f3d6:"",52:7BDD9B00:7318f235:"",53:7BDD9C60:885fd8e4:""] controls=[47:84DAED00:725acc9e:"",48:84DAE940:6baa30da:"",49:84DAEE40:34d1d058:"",50:84DAF3E0:c851bb80:"",51:84DAF480:9b48e0ff:"",52:84DAF760:f82d42f4:""] weights=[44:1,45:1,46:1,47:1,48:1,49:1,50:1,51:1,52:1,53:1] vectors=[48:(1,1,1),49:(1,1,1),50:(1,1,1),51:(1,1,1),52:(1,1,1),53:(1,1,1)]
2026-09-12 16:18:11.120 NATIVE STAIN FIELD DIAG generation=140 node=7BDD9C60 control=7BD693A0 changes=N+0x3c:0005dab8>0005dabf(5.37639e-040>5.376488e-040) totals=(node:1,control:0)
2026-09-12 16:18:11.120 testicular retraction live write person=2 control=4aa2ebe0 input=0.026 baseline=0.000 contribution=0.021 output=0.021
2026-09-12 16:18:11.164 liquid world emitter sample person=2 emission=2 position=(1.85342,1.25282,1.87898) direction=(0.00000,0.59297,0.80522) source=rebuilt-joint-local-hierarchy
2026-09-12 16:18:11.222 NATIVE STAIN ANIMATION DIAG generation=140 emission=2 particle=1061 sample_ms=640 update=32b904e0 descriptor=5844bca0 descriptor_checksum=3c6f2354 group_index=0 group=57e00840 group_checksum=7c2951f0 counts=(nodes:54,controls:53,weights:54,vectors:54) nodes=[48:7BDCBE40:85b8ea90:"",49:7BDCBFC0:16e45a18:"",50:7BDCC2A0:289077e7:"",51:7BDD7D80:b101964c:"",52:7BDD9B00:259562d7:"",53:7BDD9C60:b49d22be:""] controls=[47:84DAED00:725acc9e:"",48:84DAE940:6baa30da:"",49:84DAEE40:34d1d058:"",50:84DAF3E0:c851bb80:"",51:84DAF480:9b48e0ff:"",52:84DAF760:f82d42f4:""] weights=[44:1,45:1,46:1,47:1,48:1,49:1,50:1,51:1,52:1,53:1] vectors=[48:(1,1,1),49:(1,1,1),50:(1,1,1),51:(1,1,1),52:(1,1,1),53:(1,1,1)]
2026-09-12 16:18:11.223 NATIVE STAIN FIELD DIAG generation=140 node=7BDD9C60 control=7BD693A0 changes=N+0x3c:0005dabf>0005dac5(5.376488e-040>5.376572e-040) totals=(node:1,control:0)
2026-09-12 16:18:11.310 ejaculation audio started person=2 emission=2 pulse=7 volume=0.000 path="C:\Users\ErolB\Desktop\Games\TK17\The Klub 17\Extensions\Liquids\Sounds\Ejaculation\Default\cum04.mp3"
2026-09-12 16:18:11.310 testicular retraction pulse person=2 emission=2 pulse=7 baseline=0.000 start=-0.002 target=0.250
2026-09-12 16:18:11.322 testicular retraction applied person=2 emission=2 pulse=7 baseline=0.000 contribution=-0.002 output=0.000
2026-09-12 16:18:11.342 NATIVE STAIN ANIMATION DIAG generation=140 emission=2 particle=1061 sample_ms=750 update=32b904e0 descriptor=5844bca0 descriptor_checksum=3c6f2354 group_index=0 group=57e00840 group_checksum=7c2951f0 counts=(nodes:54,controls:53,weights:54,vectors:54) nodes=[48:7BDCBE40:4967bfb3:"",49:7BDCBFC0:5cef992b:"",50:7BDCC2A0:f0ce6f2c:"",51:7BDD7D80:fc543d07:"",52:7BDD9B00:62fe325c:"",53:7BDD9C60:afed5d1d:""] controls=[47:84DAED00:725acc9e:"",48:84DAE940:6baa30da:"",49:84DAEE40:34d1d058:"",50:84DAF3E0:c851bb80:"",51:84DAF480:9b48e0ff:"",52:84DAF760:f82d42f4:""] weights=[44:1,45:1,46:1,47:1,48:1,49:1,50:1,51:1,52:1,53:1] vectors=[48:(1,1,1),49:(1,1,1),50:(1,1,1),51:(1,1,1),52:(1,1,1),53:(1,1,1)]
2026-09-12 16:18:11.342 NATIVE STAIN FIELD DIAG generation=140 node=7BDD9C60 control=7BD693A0 changes=N+0x3c:0005dac5>0005daca(5.376572e-040>5.376642e-040) totals=(node:1,control:0)
2026-09-12 16:18:11.362 testicular retraction live write person=2 control=4aa2ebe0 input=0.270 baseline=0.000 contribution=0.270 output=0.270
2026-09-12 16:18:11.429 liquid world emitter sample person=2 emission=2 position=(1.89706,1.67839,1.99675) direction=(0.00000,0.59297,0.80522) source=rebuilt-joint-local-hierarchy
2026-09-12 16:18:11.458 NATIVE STAIN ANIMATION DIAG generation=140 emission=2 particle=1061 sample_ms=875 update=32b904e0 descriptor=5844bca0 descriptor_checksum=3c6f2354 group_index=0 group=57e00840 group_checksum=7c2951f0 counts=(nodes:54,controls:53,weights:54,vectors:54) nodes=[48:7BDCBE40:69da9e71:"",49:7BDCBFC0:90bf54b9:"",50:7BDCC2A0:f2b804d6:"",51:7BDD7D80:de5e5c65:"",52:7BDD9B00:1cf5a0a6:"",53:7BDD9C60:18201b4f:""] controls=[47:84DAED00:725acc9e:"",48:84DAE940:6baa30da:"",49:84DAEE40:34d1d058:"",50:84DAF3E0:c851bb80:"",51:84DAF480:9b48e0ff:"",52:84DAF760:f82d42f4:""] weights=[44:1,45:1,46:1,47:1,48:1,49:1,50:1,51:1,52:1,53:1] vectors=[48:(1,1,1),49:(1,1,1),50:(1,1,1),51:(1,1,1),52:(1,1,1),53:(1,1,1)]
2026-09-12 16:18:11.458 NATIVE STAIN FIELD DIAG generation=140 node=7BDD9C60 control=7BD693A0 changes=N+0x3c:0005daca>0005dad0(5.376642e-040>5.376726e-040) totals=(node:1,control:0)
2026-09-12 16:18:11.519 ejaculation audio finished person=2 emission=2 pulse=7 path="C:\Users\ErolB\Desktop\Games\TK17\The Klub 17\Extensions\Liquids\Sounds\Ejaculation\Default\cum04.mp3"
2026-09-12 16:18:11.570 liquid native stain contact consumed source=confirmed particle=1066 emission=2 retry=0 result=4 count=1 native_hit=1 body_confirmed=0 retried=0 outcome=native-hit-attachment-unconfirmed
2026-09-12 16:18:11.572 NATIVE STAIN ANIMATION DIAG generation=141 emission=2 particle=1066 sample_ms=0 update=32b904e0 descriptor=5844bca0 descriptor_checksum=00eadb42 group_index=0 group=57e00840 group_checksum=7c2951f0 counts=(nodes:55,controls:54,weights:55,vectors:55) nodes=[49:7BDCBFC0:a2c9b1e8:"",50:7BDCC2A0:07afebb7:"",51:7BDD7D80:10192fdc:"",52:7BDD9B00:11ba4587:"",53:7BDD9C60:dddcd72e:"",54:7BD9ACA0:cbf7cbf5:""] controls=[48:84DAE940:6baa30da:"",49:84DAEE40:34d1d058:"",50:84DAF3E0:c851bb80:"",51:84DAF480:9b48e0ff:"",52:84DAF760:f82d42f4:"",53:5AD140C0:ebb142d4:""] weights=[45:1,46:1,47:1,48:1,49:1,50:1,51:1,52:1,53:1,54:1] vectors=[49:(1,1,1),50:(1,1,1),51:(1,1,1),52:(1,1,1),53:(1,1,1),54:(1,1,1)]
2026-09-12 16:18:11.614 liquid native stain contact consumed source=confirmed particle=1069 emission=2 retry=0 result=4 count=1 native_hit=1 body_confirmed=0 retried=0 outcome=native-hit-attachment-unconfirmed
2026-09-12 16:18:11.616 testicular retraction live write person=2 control=4aa2ebe0 input=0.262 baseline=0.000 contribution=0.259 output=0.259
2026-09-12 16:18:11.655 liquid native stain contact consumed source=confirmed particle=1079 emission=2 retry=0 result=9 count=1 native_hit=1 body_confirmed=0 retried=0 outcome=native-hit-attachment-unconfirmed
2026-09-12 16:18:11.683 liquid world emitter sample person=2 emission=2 position=(1.89435,1.77103,2.01179) direction=(0.00000,0.59297,0.80522) source=rebuilt-joint-local-hierarchy
2026-09-12 16:18:11.691 NATIVE STAIN ANIMATION DIAG generation=143 emission=2 particle=1079 sample_ms=47 update=32b904e0 descriptor=5844bca0 descriptor_checksum=eec0d757 group_index=0 group=57e00840 group_checksum=7c2951f0 counts=(nodes:57,controls:56,weights:57,vectors:57) nodes=[51:7BDD7D80:e4c792c2:"",52:7BDD9B00:55743869:"",53:7BDD9C60:1c670250:"",54:7BD9ACA0:def6e449:"",55:7BD9A6E0:7e799797:"",56:7BD9A9C0:04074f2a:""] controls=[50:84DAF3E0:c851bb80:"",51:84DAF480:9b48e0ff:"",52:84DAF760:f82d42f4:"",53:5AD140C0:c359e32c:"",54:5AD14120:539b1c0f:"",55:5AD14620:d4dab07b:""] weights=[47:1,48:1,49:1,50:1,51:1,52:1,53:1,54:1,55:1,56:1] vectors=[51:(1,1,1),52:(1,1,1),53:(1,1,1),54:(1,1,1),55:(1,1,1),56:(1,1,1)]
2026-09-12 16:18:11.716 liquid native stain contact consumed source=confirmed particle=1084 emission=2 retry=0 result=9 count=1 native_hit=1 body_confirmed=0 retried=0 outcome=native-hit-attachment-unconfirmed
2026-09-12 16:18:11.777 liquid native stain contact consumed source=confirmed particle=1091 emission=2 retry=0 result=9 count=1 native_hit=1 body_confirmed=0 retried=0 outcome=native-hit-attachment-unconfirmed
2026-09-12 16:18:11.810 liquid native stain contact consumed source=confirmed particle=1098 emission=2 retry=0 result=9 count=1 native_hit=1 body_confirmed=0 retried=0 outcome=native-hit-attachment-unconfirmed
2026-09-12 16:18:11.812 NATIVE STAIN ANIMATION DIAG generation=146 emission=2 particle=1098 sample_ms=0 update=32b904e0 descriptor=5844bca0 descriptor_checksum=2a023234 group_index=0 group=57e00840 group_checksum=7c2951f0 counts=(nodes:60,controls:59,weights:60,vectors:60) nodes=[54:7BD9ACA0:d393407b:"",55:7BD9A6E0:183b3ab5:"",56:7BD9A9C0:d3e1b9d0:"",57:7BBC87C0:fa47805f:"",58:8713D1A0:f5f5e414:"",59:8718D680:dac40cc6:""] controls=[53:5AD140C0:c359e32c:"",54:5AD14120:539b1c0f:"",55:5AD14620:d4dab07b:"",56:5AD157E0:30f3bb06:"",57:5AD15980:eb16a676:"",58:5AD16100:58bfcae9:""] weights=[50:1,51:1,52:1,53:1,54:1,55:1,56:1,57:1,58:1,59:1] vectors=[54:(1,1,1),55:(1,1,1),56:(1,1,1),57:(1,1,1),58:(1,1,1),59:(1,1,1)]
2026-09-12 16:18:11.852 liquid native stain contact consumed source=confirmed particle=1102 emission=2 retry=0 result=9 count=1 native_hit=1 body_confirmed=0 retried=0 outcome=native-hit-attachment-unconfirmed
2026-09-12 16:18:11.853 liquid native update performance version=0.8.12-decal-freeze-performance samples=51 native_and_pick_ms=0.462 freeze_cleanup_ms=0.063 diagnostics_and_retraction_ms=0.217 peak_total_ms=4.991 tracked=59 freeze_hook=1
2026-09-12 16:18:11.867 testicular retraction live write person=2 control=4aa2ebe0 input=0.244 baseline=0.000 contribution=0.245 output=0.245
2026-09-12 16:18:11.885 liquid native stain contact consumed source=confirmed particle=1104 emission=2 retry=0 result=9 count=1 native_hit=1 body_confirmed=0 retried=0 outcome=native-hit-attachment-unconfirmed
2026-09-12 16:18:11.915 NATIVE STAIN ANIMATION DIAG generation=148 emission=2 particle=1104 sample_ms=31 update=32b904e0 descriptor=5844bca0 descriptor_checksum=5c36024c group_index=0 group=57e00840 group_checksum=7c2951f0 counts=(nodes:62,controls:61,weights:62,vectors:62) nodes=[56:7BD9A9C0:aa2a8fa6:"",57:7BBC87C0:b6f8eaf9:"",58:8713D1A0:da9a3ec2:"",59:8718D680:3859b3c2:"",60:8718DAC0:45ec2ecc:"",61:8718D500:e81c652f:""] controls=[55:5AD14620:d4dab07b:"",56:5AD157E0:30f3bb06:"",57:5AD15980:eb16a676:"",58:5AD16100:77b4af8a:"",59:5AD16060:ed775d69:"",60:5AD160A0:f3414541:""] weights=[52:1,53:1,54:1,55:1,56:1,57:1,58:1,59:1,60:1,61:1] vectors=[56:(1,1,1),57:(1,1,1),58:(1,1,1),59:(1,1,1),60:(1,1,1),61:(1,1,1)]
2026-09-12 16:18:11.931 liquid native stain contact consumed source=confirmed particle=1109 emission=2 retry=0 result=9 count=1 native_hit=1 body_confirmed=0 retried=0 outcome=native-hit-attachment-unconfirmed
2026-09-12 16:18:11.942 liquid world emitter sample person=2 emission=2 position=(1.88313,1.80287,2.00804) direction=(0.00000,0.59297,0.80522) source=rebuilt-joint-local-hierarchy
2026-09-12 16:18:12.022 liquid native stain contact consumed source=confirmed particle=1111 emission=2 retry=0 result=9 count=1 native_hit=1 body_confirmed=0 retried=0 outcome=native-hit-attachment-unconfirmed
2026-09-12 16:18:12.023 NATIVE STAIN ANIMATION DIAG generation=150 emission=2 particle=1111 sample_ms=0 update=32b904e0 descriptor=5844bca0 descriptor_checksum=68a7703e group_index=0 group=57e00840 group_checksum=7c2951f0 counts=(nodes:64,controls:63,weights:64,vectors:64) nodes=[58:8713D1A0:fa1ce0be:"",59:8718D680:57dc55be:"",60:8718DAC0:a248a8d0:"",61:8718D500:86e1da8b:"",62:8718D5C0:a778110e:"",63:8718D460:b85b6832:""] controls=[57:5AD15980:eb16a676:"",58:5AD16100:77b4af8a:"",59:5AD16060:ed775d69:"",60:5AD160A0:f3414541:"",61:5AD16320:ece90c27:"",62:5AD163C0:14bdf5bb:""] weights=[54:1,55:1,56:1,57:1,58:1,59:1,60:1,61:1,62:1,63:1] vectors=[58:(1,1,1),59:(1,1,1),60:(1,1,1),61:(1,1,1),62:(1,1,1),63:(1,1,1)]
2026-09-12 16:18:12.120 testicular retraction live write person=2 control=4aa2ebe0 input=0.250 baseline=0.000 contribution=0.250 output=0.250
2026-09-12 16:18:12.137 NATIVE STAIN ANIMATION DIAG generation=150 emission=2 particle=1111 sample_ms=110 update=32b904e0 descriptor=5844bca0 descriptor_checksum=68a7703e group_index=0 group=57e00840 group_checksum=7c2951f0 counts=(nodes:64,controls:63,weights:64,vectors:64) nodes=[58:8713D1A0:35803684:"",59:8718D680:933fab84:"",60:8718DAC0:7af28a0a:"",61:8718D500:14681499:"",62:8718D5C0:1f9881f4:"",63:8718D460:f8d56d48:""] controls=[57:5AD15980:eb16a676:"",58:5AD16100:77b4af8a:"",59:5AD16060:ed775d69:"",60:5AD160A0:f3414541:"",61:5AD16320:ece90c27:"",62:5AD163C0:14bdf5bb:""] weights=[54:1,55:1,56:1,57:1,58:1,59:1,60:1,61:1,62:1,63:1] vectors=[58:(1,1,1),59:(1,1,1),60:(1,1,1),61:(1,1,1),62:(1,1,1),63:(1,1,1)]
2026-09-12 16:18:12.202 liquid world emitter sample person=2 emission=2 position=(1.88605,1.70155,1.99155) direction=(0.00000,0.59297,0.80522) source=rebuilt-joint-local-hierarchy
2026-09-12 16:18:12.247 NATIVE STAIN ANIMATION DIAG generation=150 emission=2 particle=1111 sample_ms=219 update=32b904e0 descriptor=5844bca0 descriptor_checksum=68a7703e group_index=0 group=57e00840 group_checksum=7c2951f0 counts=(nodes:64,controls:63,weights:64,vectors:64) nodes=[58:8713D1A0:02158eb2:"",59:8718D680:5fd503b2:"",60:8718DAC0:be9a105c:"",61:8718D500:d5f5f27f:"",62:8718D5C0:fa989422:"",63:8718D460:b895601e:""] controls=[57:5AD15980:eb16a676:"",58:5AD16100:77b4af8a:"",59:5AD16060:ed775d69:"",60:5AD160A0:f3414541:"",61:5AD16320:ece90c27:"",62:5AD163C0:14bdf5bb:""] weights=[54:1,55:1,56:1,57:1,58:1,59:1,60:1,61:1,62:1,63:1] vectors=[58:(1,1,1),59:(1,1,1),60:(1,1,1),61:(1,1,1),62:(1,1,1),63:(1,1,1)]
2026-09-12 16:18:12.349 NATIVE STAIN ANIMATION DIAG generation=150 emission=2 particle=1111 sample_ms=328 update=32b904e0 descriptor=5844bca0 descriptor_checksum=68a7703e group_index=0 group=57e00840 group_checksum=7c2951f0 counts=(nodes:64,controls:63,weights:64,vectors:64) nodes=[58:8713D1A0:cdb1bb18:"",59:8718D680:2b713018:"",60:8718DAC0:7aef2076:"",61:8718D500:0612167d:"",62:8718D5C0:9c8f76c8:"",63:8718D460:d0421274:""] controls=[57:5AD15980:eb16a676:"",58:5AD16100:77b4af8a:"",59:5AD16060:ed775d69:"",60:5AD160A0:f3414541:"",61:5AD16320:ece90c27:"",62:5AD163C0:14bdf5bb:""] weights=[54:1,55:1,56:1,57:1,58:1,59:1,60:1,61:1,62:1,63:1] vectors=[58:(1,1,1),59:(1,1,1),60:(1,1,1),61:(1,1,1),62:(1,1,1),63:(1,1,1)]
2026-09-12 16:18:12.349 NATIVE STAIN FIELD DIAG generation=150 outcome=baseline node=8718d460 control=59bd8da0
2026-09-12 16:18:12.350 memory snapshot label="native-stain-animation-node-baseline" address=8718D460 words=7285a8d4,87179ef0,7285a908,72894190,53474c00,59c22b20,01fff0ad,00000000,00000000,00000000,5a0e1bca,00000000,50588700,72894230,00000000,0005dafd,3f800000,3f800000,3f800000,3f800000,00000000,00000000,00000000,00000000
2026-09-12 16:18:12.350 memory snapshot label="native-stain-animation-control-baseline" address=59BD8DA0 words=72859ad4,61685374,72859adc,72894190,3f800000,00000000,72894170,00657061,00313232,85641638,b242eb12,8d038b00,00000000,00000000,00000000,59bd8dd0,00000000,00000000,07df48b8,00000000,00000002,728b0104,00000001,00000001
2026-09-12 16:18:12.350 liquid deep links event="native-stain-animation-node" object=8718d460 named_or_string_links=0 scan_bytes=96
2026-09-12 16:18:12.351 liquid deep string event="native-stain-animation-control" object=59bd8da0 offset=0x01c pointer=00657061 text="?e"
2026-09-12 16:18:12.366 testicular retraction live write person=2 control=4aa2ebe0 input=0.250 baseline=0.000 contribution=0.250 output=0.250
2026-09-12 16:18:12.465 NATIVE STAIN ANIMATION DIAG generation=150 emission=2 particle=1111 sample_ms=438 update=32b904e0 descriptor=5844bca0 descriptor_checksum=68a7703e group_index=0 group=57e00840 group_checksum=7c2951f0 counts=(nodes:64,controls:63,weights:64,vectors:64) nodes=[58:8713D1A0:a06b49f6:"",59:8718D680:fe2abef6:"",60:8718DAC0:86293b94:"",61:8718D500:40c99867:"",62:8718D5C0:605814c6:"",63:8718D460:d2568062:""] controls=[57:5AD15980:eb16a676:"",58:5AD16100:77b4af8a:"",59:5AD16060:ed775d69:"",60:5AD160A0:f3414541:"",61:5AD16320:ece90c27:"",62:5AD163C0:14bdf5bb:""] weights=[54:1,55:1,56:1,57:1,58:1,59:1,60:1,61:1,62:1,63:1] vectors=[58:(1,1,1),59:(1,1,1),60:(1,1,1),61:(1,1,1),62:(1,1,1),63:(1,1,1)]
2026-09-12 16:18:12.465 NATIVE STAIN FIELD DIAG generation=150 node=8718D460 control=59BD8DA0 changes=N+0x3c:0005dafd>0005db04(5.377357e-040>5.377455e-040) totals=(node:1,control:0)
2026-09-12 16:18:12.579 NATIVE STAIN ANIMATION DIAG generation=150 emission=2 particle=1111 sample_ms=547 update=32b904e0 descriptor=5844bca0 descriptor_checksum=68a7703e group_index=0 group=57e00840 group_checksum=7c2951f0 counts=(nodes:64,controls:63,weights:64,vectors:64) nodes=[58:8713D1A0:aad48ba5:"",59:8718D680:089400a5:"",60:8718DAC0:7ddac77f:"",61:8718D500:4fb7b06c:"",62:8718D5C0:37473435:"",63:8718D460:b2df73b9:""] controls=[57:5AD15980:eb16a676:"",58:5AD16100:77b4af8a:"",59:5AD16060:ed775d69:"",60:5AD160A0:f3414541:"",61:5AD16320:ece90c27:"",62:5AD163C0:14bdf5bb:""] weights=[54:1,55:1,56:1,57:1,58:1,59:1,60:1,61:1,62:1,63:1] vectors=[58:(1,1,1),59:(1,1,1),60:(1,1,1),61:(1,1,1),62:(1,1,1),63:(1,1,1)]
2026-09-12 16:18:12.580 NATIVE STAIN FIELD DIAG generation=150 node=8718D460 control=59BD8DA0 changes=N+0x3c:0005db04>0005db0b(5.377455e-040>5.377553e-040) totals=(node:1,control:0)
2026-09-12 16:18:12.618 testicular retraction live write person=2 control=4aa2ebe0 input=0.037 baseline=0.000 contribution=0.031 output=0.031
2026-09-12 16:18:12.676 NATIVE STAIN ANIMATION DIAG generation=150 emission=2 particle=1111 sample_ms=656 update=32b904e0 descriptor=5844bca0 descriptor_checksum=68a7703e group_index=0 group=57e00840 group_checksum=7c2951f0 counts=(nodes:64,controls:63,weights:64,vectors:64) nodes=[58:8713D1A0:bf10a523:"",59:8718D680:1cd01a23:"",60:8718DAC0:e42dfef1:"",61:8718D500:d59b1f32:"",62:8718D5C0:88823e53:"",63:8718D460:8cff44b7:""] controls=[57:5AD15980:eb16a676:"",58:5AD16100:77b4af8a:"",59:5AD16060:ed775d69:"",60:5AD160A0:f3414541:"",61:5AD16320:ece90c27:"",62:5AD163C0:14bdf5bb:""] weights=[54:1,55:1,56:1,57:1,58:1,59:1,60:1,61:1,62:1,63:1] vectors=[58:(1,1,1),59:(1,1,1),60:(1,1,1),61:(1,1,1),62:(1,1,1),63:(1,1,1)]
2026-09-12 16:18:12.677 NATIVE STAIN FIELD DIAG generation=150 node=8718D460 control=59BD8DA0 changes=N+0x3c:0005db0b>0005db11(5.377553e-040>5.377637e-040) totals=(node:1,control:0)
2026-09-12 16:18:12.789 NATIVE STAIN ANIMATION DIAG generation=150 emission=2 particle=1111 sample_ms=766 update=32b904e0 descriptor=5844bca0 descriptor_checksum=68a7703e group_index=0 group=57e00840 group_checksum=7c2951f0 counts=(nodes:64,controls:63,weights:64,vectors:64) nodes=[58:8713D1A0:c748c2c2:"",59:8718D680:250837c2:"",60:8718DAC0:e8efc268:"",61:8718D500:9eadfd53:"",62:8718D5C0:bf6f6032:"",63:8718D460:f3eb8a96:""] controls=[57:5AD15980:eb16a676:"",58:5AD16100:77b4af8a:"",59:5AD16060:ed775d69:"",60:5AD160A0:f3414541:"",61:5AD16320:ece90c27:"",62:5AD163C0:14bdf5bb:""] weights=[54:1,55:1,56:1,57:1,58:1,59:1,60:1,61:1,62:1,63:1] vectors=[58:(1,1,1),59:(1,1,1),60:(1,1,1),61:(1,1,1),62:(1,1,1),63:(1,1,1)]
2026-09-12 16:18:12.790 NATIVE STAIN FIELD DIAG generation=150 node=8718D460 control=59BD8DA0 changes=N+0x3c:0005db11>0005db18(5.377637e-040>5.377735e-040) totals=(node:1,control:0)
2026-09-12 16:18:12.861 liquid native update performance version=0.8.12-decal-freeze-performance samples=57 native_and_pick_ms=0.187 freeze_cleanup_ms=0.025 diagnostics_and_retraction_ms=0.245 peak_total_ms=4.105 tracked=62 freeze_hook=1
2026-09-12 16:18:12.863 testicular retraction live write person=2 control=4aa2ebe0 input=0.000 baseline=0.000 contribution=-0.005 output=0.000
2026-09-12 16:18:12.906 NATIVE STAIN ANIMATION DIAG generation=150 emission=2 particle=1111 sample_ms=875 update=32b904e0 descriptor=5844bca0 descriptor_checksum=68a7703e group_index=0 group=57e00840 group_checksum=7c2951f0 counts=(nodes:64,controls:63,weights:64,vectors:64) nodes=[58:8713D1A0:df51e361:"",59:8718D680:3d115861:"",60:8718DAC0:181eba33:"",61:8718D500:28e99288:"",62:8718D5C0:4662be11:"",63:8718D460:7132aafd:""] controls=[57:5AD15980:eb16a676:"",58:5AD16100:77b4af8a:"",59:5AD16060:ed775d69:"",60:5AD160A0:f3414541:"",61:5AD16320:ece90c27:"",62:5AD163C0:14bdf5bb:""] weights=[54:1,55:1,56:1,57:1,58:1,59:1,60:1,61:1,62:1,63:1] vectors=[58:(1,1,1),59:(1,1,1),60:(1,1,1),61:(1,1,1),62:(1,1,1),63:(1,1,1)]
2026-09-12 16:18:12.906 NATIVE STAIN FIELD DIAG generation=150 node=8718D460 control=59BD8DA0 changes=N+0x3c:0005db18>0005db1f(5.377735e-040>5.377833e-040) totals=(node:1,control:0)
2026-09-12 16:18:13.005 NATIVE STAIN ANIMATION DIAG generation=150 emission=2 particle=1111 sample_ms=985 update=32b904e0 descriptor=5844bca0 descriptor_checksum=68a7703e group_index=0 group=57e00840 group_checksum=7c2951f0 counts=(nodes:64,controls:63,weights:64,vectors:64) nodes=[58:8713D1A0:d0285d3d:"",59:8718D680:2de7d23d:"",60:8718DAC0:e6fa39a7:"",61:8718D500:8cbeb454:"",62:8718D5C0:33058f4d:"",63:8718D460:74011e21:""] controls=[57:5AD15980:eb16a676:"",58:5AD16100:77b4af8a:"",59:5AD16060:ed775d69:"",60:5AD160A0:f3414541:"",61:5AD16320:ece90c27:"",62:5AD163C0:14bdf5bb:""] weights=[54:1,55:1,56:1,57:1,58:1,59:1,60:1,61:1,62:1,63:1] vectors=[58:(1,1,1),59:(1,1,1),60:(1,1,1),61:(1,1,1),62:(1,1,1),63:(1,1,1)]
2026-09-12 16:18:13.005 NATIVE STAIN FIELD DIAG generation=150 node=8718D460 control=59BD8DA0 changes=N+0x3c:0005db1f>0005db23(5.377833e-040>5.377889e-040) totals=(node:1,control:0)
2026-09-12 16:18:13.125 NATIVE STAIN ANIMATION DIAG generation=150 emission=2 particle=1111 sample_ms=1094 update=32b904e0 descriptor=5844bca0 descriptor_checksum=68a7703e group_index=0 group=57e00840 group_checksum=7c2951f0 counts=(nodes:64,controls:63,weights:64,vectors:64) nodes=[58:8713D1A0:a7f146c4:"",59:8718D680:05b0bbc4:"",60:8718DAC0:3a1b1e06:"",61:8718D500:49314e4d:"",62:8718D5C0:7692f554:"",63:8718D460:f34694d8:""] controls=[57:5AD15980:eb16a676:"",58:5AD16100:77b4af8a:"",59:5AD16060:ed775d69:"",60:5AD160A0:f3414541:"",61:5AD16320:ece90c27:"",62:5AD163C0:14bdf5bb:""] weights=[54:1,55:1,56:1,57:1,58:1,59:1,60:1,61:1,62:1,63:1] vectors=[58:(1,1,1),59:(1,1,1),60:(1,1,1),61:(1,1,1),62:(1,1,1),63:(1,1,1)]
2026-09-12 16:18:13.125 NATIVE STAIN FIELD DIAG generation=150 node=8718D460 control=59BD8DA0 changes=N+0x3c:0005db23>0005db2a(5.377889e-040>5.377987e-040) totals=(node:1,control:0)
2026-09-12 16:18:13.231 NATIVE STAIN ANIMATION DIAG generation=150 emission=2 particle=1111 sample_ms=1203 update=32b904e0 descriptor=5844bca0 descriptor_checksum=68a7703e group_index=0 group=57e00840 group_checksum=7c2951f0 counts=(nodes:64,controls:63,weights:64,vectors:64) nodes=[58:8713D1A0:16b75a83:"",59:8718D680:7476cf83:"",60:8718DAC0:53e47351:"",61:8718D500:9fde52d2:"",62:8718D5C0:fde4e3f3:"",63:8718D460:603f6057:""] controls=[57:5AD15980:eb16a676:"",58:5AD16100:77b4af8a:"",59:5AD16060:ed775d69:"",60:5AD160A0:f3414541:"",61:5AD16320:ece90c27:"",62:5AD163C0:14bdf5bb:""] weights=[54:1,55:1,56:1,57:1,58:1,59:1,60:1,61:1,62:1,63:1] vectors=[58:(1,1,1),59:(1,1,1),60:(1,1,1),61:(1,1,1),62:(1,1,1),63:(1,1,1)]
2026-09-12 16:18:13.232 NATIVE STAIN FIELD DIAG generation=150 node=8718D460 control=59BD8DA0 changes=N+0x3c:0005db2a>0005db31(5.377987e-040>5.378085e-040) totals=(node:1,control:0)
2026-09-12 16:18:13.342 NATIVE STAIN ANIMATION DIAG generation=150 emission=2 particle=1111 sample_ms=1313 update=32b904e0 descriptor=5844bca0 descriptor_checksum=68a7703e group_index=0 group=57e00840 group_checksum=7c2951f0 counts=(nodes:64,controls:63,weights:64,vectors:64) nodes=[58:8713D1A0:16d6f5a2:"",59:8718D680:74966aa2:"",60:8718DAC0:a918a3c8:"",61:8718D500:1410a2f3:"",62:8718D5C0:89b293d2:"",63:8718D460:95f99bb6:""] controls=[57:5AD15980:eb16a676:"",58:5AD16100:77b4af8a:"",59:5AD16060:ed775d69:"",60:5AD160A0:f3414541:"",61:5AD16320:ece90c27:"",62:5AD163C0:14bdf5bb:""] weights=[54:1,55:1,56:1,57:1,58:1,59:1,60:1,61:1,62:1,63:1] vectors=[58:(1,1,1),59:(1,1,1),60:(1,1,1),61:(1,1,1),62:(1,1,1),63:(1,1,1)]
2026-09-12 16:18:13.343 NATIVE STAIN FIELD DIAG generation=150 node=8718D460 control=59BD8DA0 changes=N+0x3c:0005db31>0005db38(5.378085e-040>5.378184e-040) totals=(node:1,control:0)
2026-09-12 16:18:13.441 NATIVE STAIN ANIMATION DIAG generation=150 emission=2 particle=1111 sample_ms=1422 update=32b904e0 descriptor=5844bca0 descriptor_checksum=68a7703e group_index=0 group=57e00840 group_checksum=7c2951f0 counts=(nodes:64,controls:63,weights:64,vectors:64) nodes=[58:8713D1A0:8fab12c0:"",59:8718D680:ed6a87c0:"",60:8718DAC0:864c686a:"",61:8718D500:2fce3969:"",62:8718D5C0:a09821f0:"",63:8718D460:0e1a0c9c:""] controls=[57:5AD15980:eb16a676:"",58:5AD16100:77b4af8a:"",59:5AD16060:ed775d69:"",60:5AD160A0:f3414541:"",61:5AD16320:ece90c27:"",62:5AD163C0:14bdf5bb:""] weights=[54:1,55:1,56:1,57:1,58:1,59:1,60:1,61:1,62:1,63:1] vectors=[58:(1,1,1),59:(1,1,1),60:(1,1,1),61:(1,1,1),62:(1,1,1),63:(1,1,1)]
2026-09-12 16:18:13.442 NATIVE STAIN FIELD DIAG generation=150 node=8718D460 control=59BD8DA0 changes=N+0x3c:0005db38>0005db3e(5.378184e-040>5.378268e-040) totals=(node:1,control:0)
2026-09-12 16:18:13.558 NATIVE STAIN ANIMATION DIAG generation=150 emission=2 particle=1111 sample_ms=1531 update=32b904e0 descriptor=5844bca0 descriptor_checksum=68a7703e group_index=0 group=57e00840 group_checksum=7c2951f0 counts=(nodes:64,controls:63,weights:64,vectors:64) nodes=[58:8713D1A0:82b417a8:"",59:8718D680:e0738ca8:"",60:8718DAC0:e87f8a02:"",61:8718D500:11119b41:"",62:8718D5C0:42abb078:"",63:8718D460:bcf09674:""] controls=[57:5AD15980:eb16a676:"",58:5AD16100:77b4af8a:"",59:5AD16060:ed775d69:"",60:5AD160A0:f3414541:"",61:5AD16320:ece90c27:"",62:5AD163C0:14bdf5bb:""] weights=[54:1,55:1,56:1,57:1,58:1,59:1,60:1,61:1,62:1,63:1] vectors=[58:(1,1,1),59:(1,1,1),60:(1,1,1),61:(1,1,1),62:(1,1,1),63:(1,1,1)]
2026-09-12 16:18:13.559 NATIVE STAIN FIELD DIAG generation=150 node=8718D460 control=59BD8DA0 changes=N+0x3c:0005db3e>0005db46(5.378268e-040>5.37838e-040) totals=(node:1,control:0)
2026-09-12 16:18:13.670 NATIVE STAIN ANIMATION DIAG generation=150 emission=2 particle=1111 sample_ms=1641 update=32b904e0 descriptor=5844bca0 descriptor_checksum=68a7703e group_index=0 group=57e00840 group_checksum=7c2951f0 counts=(nodes:64,controls:63,weights:64,vectors:64) nodes=[58:8713D1A0:93228d57:"",59:8718D680:f0e20257:"",60:8718DAC0:ddc4a74d:"",61:8718D500:a587c506:"",62:8718D5C0:3c3b21a7:"",63:8718D460:e3d42d83:""] controls=[57:5AD15980:eb16a676:"",58:5AD16100:77b4af8a:"",59:5AD16060:ed775d69:"",60:5AD160A0:f3414541:"",61:5AD16320:ece90c27:"",62:5AD163C0:14bdf5bb:""] weights=[54:1,55:1,56:1,57:1,58:1,59:1,60:1,61:1,62:1,63:1] vectors=[58:(1,1,1),59:(1,1,1),60:(1,1,1),61:(1,1,1),62:(1,1,1),63:(1,1,1)]
2026-09-12 16:18:13.670 NATIVE STAIN FIELD DIAG generation=150 node=8718D460 control=59BD8DA0 changes=N+0x3c:0005db46>0005db4d(5.37838e-040>5.378478e-040) totals=(node:1,control:0)
2026-09-12 16:18:13.776 NATIVE STAIN ANIMATION DIAG generation=150 emission=2 particle=1111 sample_ms=1750 update=32b904e0 descriptor=5844bca0 descriptor_checksum=68a7703e group_index=0 group=57e00840 group_checksum=7c2951f0 counts=(nodes:64,controls:63,weights:64,vectors:64) nodes=[58:8713D1A0:d42457e6:"",59:8718D680:31e3cce6:"",60:8718DAC0:7af60024:"",61:8718D500:74fec277:"",62:8718D5C0:3eeed756:"",63:8718D460:dd4fdaf2:""] controls=[57:5AD15980:eb16a676:"",58:5AD16100:77b4af8a:"",59:5AD16060:ed775d69:"",60:5AD160A0:f3414541:"",61:5AD16320:ece90c27:"",62:5AD163C0:14bdf5bb:""] weights=[54:1,55:1,56:1,57:1,58:1,59:1,60:1,61:1,62:1,63:1] vectors=[58:(1,1,1),59:(1,1,1),60:(1,1,1),61:(1,1,1),62:(1,1,1),63:(1,1,1)]
2026-09-12 16:18:13.776 NATIVE STAIN FIELD DIAG generation=150 node=8718D460 control=59BD8DA0 changes=N+0x3c:0005db4d>0005db54(5.378478e-040>5.378576e-040) totals=(node:1,control:0)
2026-09-12 16:18:13.848 liquid native update performance version=0.8.12-decal-freeze-performance samples=61 native_and_pick_ms=0.034 freeze_cleanup_ms=0.000 diagnostics_and_retraction_ms=0.177 peak_total_ms=1.301 tracked=62 freeze_hook=1
2026-09-12 16:18:13.887 NATIVE STAIN ANIMATION DIAG generation=150 emission=2 particle=1111 sample_ms=1860 update=32b904e0 descriptor=5844bca0 descriptor_checksum=68a7703e group_index=0 group=57e00840 group_checksum=7c2951f0 counts=(nodes:64,controls:63,weights:64,vectors:64) nodes=[58:8713D1A0:3d76acee:"",59:8718D680:9b3621ee:"",60:8718DAC0:22c3df1c:"",61:8718D500:b2a44d6f:"",62:8718D5C0:91afe89e:"",63:8718D460:c2b7b5ea:""] controls=[57:5AD15980:eb16a676:"",58:5AD16100:77b4af8a:"",59:5AD16060:ed775d69:"",60:5AD160A0:f3414541:"",61:5AD16320:ece90c27:"",62:5AD163C0:14bdf5bb:""] weights=[54:1,55:1,56:1,57:1,58:1,59:1,60:1,61:1,62:1,63:1] vectors=[58:(1,1,1),59:(1,1,1),60:(1,1,1),61:(1,1,1),62:(1,1,1),63:(1,1,1)]
2026-09-12 16:18:13.887 NATIVE STAIN FIELD DIAG generation=150 node=8718D460 control=59BD8DA0 changes=N+0x3c:0005db54>0005db5c(5.378576e-040>5.378688e-040) totals=(node:1,control:0)
2026-09-12 16:18:13.992 NATIVE STAIN ANIMATION DIAG generation=150 emission=2 particle=1111 sample_ms=1969 update=32b904e0 descriptor=5844bca0 descriptor_checksum=68a7703e group_index=0 group=57e00840 group_checksum=7c2951f0 counts=(nodes:64,controls:63,weights:64,vectors:64) nodes=[58:8713D1A0:7de446d3:"",59:8718D680:dba3bbd3:"",60:8718DAC0:9eab3c01:"",61:8718D500:88999d42:"",62:8718D5C0:6a35c0a3:"",63:8718D460:5be8ad47:""] controls=[57:5AD15980:eb16a676:"",58:5AD16100:77b4af8a:"",59:5AD16060:ed775d69:"",60:5AD160A0:f3414541:"",61:5AD16320:ece90c27:"",62:5AD163C0:14bdf5bb:""] weights=[54:1,55:1,56:1,57:1,58:1,59:1,60:1,61:1,62:1,63:1] vectors=[58:(1,1,1),59:(1,1,1),60:(1,1,1),61:(1,1,1),62:(1,1,1),63:(1,1,1)]
2026-09-12 16:18:13.993 NATIVE STAIN FIELD DIAG generation=150 node=8718D460 control=59BD8DA0 changes=N+0x3c:0005db5c>0005db61(5.378688e-040>5.378758e-040) totals=(node:1,control:0)
2026-09-12 16:18:14.110 NATIVE STAIN ANIMATION DIAG generation=150 emission=2 particle=1111 sample_ms=2078 update=32b904e0 descriptor=5844bca0 descriptor_checksum=68a7703e group_index=0 group=57e00840 group_checksum=7c2951f0 counts=(nodes:64,controls:63,weights:64,vectors:64) nodes=[58:8713D1A0:52ec829b:"",59:8718D680:b0abf79b:"",60:8718DAC0:adf2fe39:"",61:8718D500:89365d7a:"",62:8718D5C0:c39ac9eb:"",63:8718D460:49976aff:""] controls=[57:5AD15980:eb16a676:"",58:5AD16100:77b4af8a:"",59:5AD16060:ed775d69:"",60:5AD160A0:f3414541:"",61:5AD16320:ece90c27:"",62:5AD163C0:14bdf5bb:""] weights=[54:1,55:1,56:1,57:1,58:1,59:1,60:1,61:1,62:1,63:1] vectors=[58:(1,1,1),59:(1,1,1),60:(1,1,1),61:(1,1,1),62:(1,1,1),63:(1,1,1)]
2026-09-12 16:18:14.111 NATIVE STAIN FIELD DIAG generation=150 node=8718D460 control=59BD8DA0 changes=N+0x3c:0005db61>0005db69(5.378758e-040>5.37887e-040) totals=(node:1,control:0)
2026-09-12 16:18:14.216 NATIVE STAIN ANIMATION DIAG generation=150 emission=2 particle=1111 sample_ms=2188 update=32b904e0 descriptor=5844bca0 descriptor_checksum=68a7703e group_index=0 group=57e00840 group_checksum=7c2951f0 counts=(nodes:64,controls:63,weights:64,vectors:64) nodes=[58:8713D1A0:60705091:"",59:8718D680:be2fc591:"",60:8718DAC0:f4961dc3:"",61:8718D500:272d1598:"",62:8718D5C0:af2288e1:"",63:8718D460:1f722a0d:""] controls=[57:5AD15980:eb16a676:"",58:5AD16100:77b4af8a:"",59:5AD16060:ed775d69:"",60:5AD160A0:f3414541:"",61:5AD16320:ece90c27:"",62:5AD163C0:14bdf5bb:""] weights=[54:1,55:1,56:1,57:1,58:1,59:1,60:1,61:1,62:1,63:1] vectors=[58:(1,1,1),59:(1,1,1),60:(1,1,1),61:(1,1,1),62:(1,1,1),63:(1,1,1)]
2026-09-12 16:18:14.217 NATIVE STAIN FIELD DIAG generation=150 node=8718D460 control=59BD8DA0 changes=N+0x3c:0005db69>0005db6f(5.37887e-040>5.378954e-040) totals=(node:1,control:0)
2026-09-12 16:18:14.316 NATIVE STAIN ANIMATION DIAG generation=150 emission=2 particle=1111 sample_ms=2297 update=32b904e0 descriptor=5844bca0 descriptor_checksum=68a7703e group_index=0 group=57e00840 group_checksum=7c2951f0 counts=(nodes:64,controls:63,weights:64,vectors:64) nodes=[58:8713D1A0:1e6da61f:"",59:8718D680:7c2d1b1f:"",60:8718DAC0:63dc3545:"",61:8718D500:341f1b3e:"",62:8718D5C0:13f5e40f:"",63:8718D460:bb5f4dfb:""] controls=[57:5AD15980:eb16a676:"",58:5AD16100:77b4af8a:"",59:5AD16060:ed775d69:"",60:5AD160A0:f3414541:"",61:5AD16320:ece90c27:"",62:5AD163C0:14bdf5bb:""] weights=[54:1,55:1,56:1,57:1,58:1,59:1,60:1,61:1,62:1,63:1] vectors=[58:(1,1,1),59:(1,1,1),60:(1,1,1),61:(1,1,1),62:(1,1,1),63:(1,1,1)]
2026-09-12 16:18:14.317 NATIVE STAIN FIELD DIAG generation=150 node=8718D460 control=59BD8DA0 changes=N+0x3c:0005db6f>0005db75(5.378954e-040>5.379038e-040) totals=(node:1,control:0)
2026-09-12 16:18:14.431 NATIVE STAIN ANIMATION DIAG generation=150 emission=2 particle=1111 sample_ms=2406 update=32b904e0 descriptor=5844bca0 descriptor_checksum=68a7703e group_index=0 group=57e00840 group_checksum=7c2951f0 counts=(nodes:64,controls:63,weights:64,vectors:64) nodes=[58:8713D1A0:e0c2fde7:"",59:8718D680:3e8272e7:"",60:8718DAC0:adf6eb7d:"",61:8718D500:4825dc76:"",62:8718D5C0:8763c917:"",63:8718D460:548a07b3:""] controls=[57:5AD15980:eb16a676:"",58:5AD16100:77b4af8a:"",59:5AD16060:ed775d69:"",60:5AD160A0:f3414541:"",61:5AD16320:ece90c27:"",62:5AD163C0:14bdf5bb:""] weights=[54:1,55:1,56:1,57:1,58:1,59:1,60:1,61:1,62:1,63:1] vectors=[58:(1,1,1),59:(1,1,1),60:(1,1,1),61:(1,1,1),62:(1,1,1),63:(1,1,1)]
2026-09-12 16:18:14.431 NATIVE STAIN FIELD DIAG generation=150 node=8718D460 control=59BD8DA0 changes=N+0x3c:0005db75>0005db7d(5.379038e-040>5.37915e-040) totals=(node:1,control:0)
2026-09-12 16:18:14.855 liquid native update performance version=0.8.12-decal-freeze-performance samples=69 native_and_pick_ms=0.039 freeze_cleanup_ms=0.000 diagnostics_and_retraction_ms=0.135 peak_total_ms=1.806 tracked=62 freeze_hook=1
2026-09-12 16:18:15.852 liquid native update performance version=0.8.12-decal-freeze-performance samples=70 native_and_pick_ms=0.034 freeze_cleanup_ms=0.000 diagnostics_and_retraction_ms=0.001 peak_total_ms=0.060 tracked=62 freeze_hook=1
2026-09-12 16:18:16.848 liquid native update performance version=0.8.12-decal-freeze-performance samples=63 native_and_pick_ms=0.033 freeze_cleanup_ms=0.000 diagnostics_and_retraction_ms=0.001 peak_total_ms=0.107 tracked=62 freeze_hook=1
2026-09-12 16:18:17.229 liquid prototype emitter started source=model person=2 start=179366468 duration=10.000 end=179376468
2026-09-12 16:18:17.239 liquid world emitter sample person=2 emission=3 position=(1.83846,1.74646,1.65032) direction=(0.00000,0.59297,0.80522) source=rebuilt-joint-local-hierarchy
2026-09-12 16:18:17.262 ejaculation audio started person=2 emission=3 pulse=1 volume=0.000 path="C:\Users\ErolB\Desktop\Games\TK17\The Klub 17\Extensions\Liquids\Sounds\Ejaculation\Default\cum07.mp3"
2026-09-12 16:18:17.262 testicular retraction pulse person=2 emission=3 pulse=1 baseline=0.000 start=0.000 target=0.250
2026-09-12 16:18:17.269 testicular retraction live write person=2 control=4aa2ebe0 input=0.000 baseline=0.000 contribution=0.000 output=0.000
2026-09-12 16:18:17.269 testicular retraction applied person=2 emission=3 pulse=1 baseline=0.000 contribution=0.000 output=0.000
2026-09-12 16:18:17.337 liquid native stain descriptor captured emission=3 frame=001af5c4 descriptor=5844bca0 rate=4 size=0.025 field28=0 field2c=1.019374e-38 field30=0 scale=(1,1,1)
2026-09-12 16:18:17.338 memory snapshot label="native-stain-descriptor" address=5844BCA0 words=458b6080,590ce3a0,3e800000,3c23d70a,00000004,006c006b,a0d6a999,000001a1,40800000,3ccccccd,00000000,006f0000,00000000,3f800000,3f800000,3f800000
2026-09-12 16:18:17.490 liquid world emitter sample person=2 emission=3 position=(1.83846,1.74646,1.65032) direction=(0.00000,0.59297,0.80522) source=rebuilt-joint-local-hierarchy
2026-09-12 16:18:17.525 testicular retraction live write person=2 control=4aa2ebe0 input=0.268 baseline=0.000 contribution=0.265 output=0.265
2026-09-12 16:18:17.574 ejaculation audio finished person=2 emission=3 pulse=1 path="C:\Users\ErolB\Desktop\Games\TK17\The Klub 17\Extensions\Liquids\Sounds\Ejaculation\Default\cum07.mp3"
2026-09-12 16:18:17.701 liquid native stain contact consumed source=confirmed particle=1116 emission=3 retry=0 result=4 count=1 native_hit=1 body_confirmed=0 retried=0 outcome=native-hit-attachment-unconfirmed
2026-09-12 16:18:17.703 NATIVE STAIN ANIMATION DIAG generation=151 emission=3 particle=1116 sample_ms=0 update=32b904e0 descriptor=5844bca0 descriptor_checksum=d2be3a42 group_index=0 group=57e00840 group_checksum=7c2951f0 counts=(nodes:65,controls:64,weights:65,vectors:65) nodes=[59:8718D680:305875e1:"",60:8718DAC0:0e2249c7:"",61:8718D500:d9a08af8:"",62:8718D5C0:93969e11:"",63:8718D460:fef5c41d:"",64:7BFE3FE0:77d18d02:""] controls=[58:5AD16100:77b4af8a:"",59:5AD16060:ed775d69:"",60:5AD160A0:f3414541:"",61:5AD16320:ece90c27:"",62:5AD163C0:14bdf5bb:"",63:5AD16B40:cabfe489:""] weights=[55:1,56:1,57:1,58:1,59:1,60:1,61:1,62:1,63:1,64:1] vectors=[59:(1,1,1),60:(1,1,1),61:(1,1,1),62:(1,1,1),63:(1,1,1),64:(1,1,1)]
2026-09-12 16:18:17.746 liquid native stain contact consumed source=confirmed particle=1122 emission=3 retry=0 result=4 count=1 native_hit=1 body_confirmed=0 retried=0 outcome=native-hit-attachment-unconfirmed
2026-09-12 16:18:17.757 liquid world emitter sample person=2 emission=3 position=(1.84239,1.71751,1.64923) direction=(0.00000,0.59297,0.80522) source=rebuilt-joint-local-hierarchy
2026-09-12 16:18:17.774 testicular retraction live write person=2 control=4aa2ebe0 input=0.241 baseline=0.000 contribution=0.242 output=0.242
2026-09-12 16:18:17.797 liquid native stain contact consumed source=confirmed particle=1132 emission=3 retry=0 result=4 count=1 native_hit=1 body_confirmed=0 retried=0 outcome=native-hit-attachment-unconfirmed
2026-09-12 16:18:17.799 NATIVE STAIN ANIMATION DIAG generation=153 emission=3 particle=1132 sample_ms=15 update=32b904e0 descriptor=5844bca0 descriptor_checksum=da3c994d group_index=0 group=57e00840 group_checksum=7c2951f0 counts=(nodes:67,controls:66,weights:67,vectors:67) nodes=[61:8718D500:33e4e37c:"",62:8718D5C0:75ac94d5:"",63:8718D460:c26a1f19:"",64:7BFE3FE0:db8999a9:"",65:7BFE5BE0:a6a90e24:"",66:7BFE56E0:44b30399:""] controls=[60:5AD160A0:f3414541:"",61:5AD16320:ece90c27:"",62:5AD163C0:14bdf5bb:"",63:5AD16B40:cabfe489:"",64:5AD164C0:ddda77f5:"",65:5AD166A0:b50a435b:""] weights=[57:1,58:1,59:1,60:1,61:1,62:1,63:1,64:1,65:1,66:1] vectors=[61:(1,1,1),62:(1,1,1),63:(1,1,1),64:(1,1,1),65:(1,1,1),66:(1,1,1)]
2026-09-12 16:18:17.840 liquid native stain contact consumed source=confirmed particle=1144 emission=3 retry=0 result=4 count=1 native_hit=1 body_confirmed=0 retried=0 outcome=native-hit-attachment-unconfirmed
2026-09-12 16:18:17.863 liquid native stain contact consumed source=confirmed particle=1158 emission=3 retry=0 result=4 count=1 native_hit=1 body_confirmed=0 retried=0 outcome=native-hit-attachment-unconfirmed
2026-09-12 16:18:17.865 liquid native update performance version=0.8.12-decal-freeze-performance samples=54 native_and_pick_ms=0.562 freeze_cleanup_ms=0.049 diagnostics_and_retraction_ms=0.071 peak_total_ms=4.951 tracked=67 freeze_hook=1
2026-09-12 16:18:17.912 liquid native stain transform particle=1177 frame=001af5c4 descriptor=5844bca0 descriptor_scale=(1.00000,1.00000,1.00000) custom_hit_view=(0.08323,0.63154,-2.61156) custom_ray_view=(0.13295,0.68855,-2.58972)->(-0.63151,-0.72405,-0.27739)
2026-09-12 16:18:17.913 liquid native stain contact consumed source=confirmed particle=1177 emission=3 retry=0 result=0 count=1 native_hit=1 body_confirmed=1 retried=0 outcome=native-model-hit-impact-ray
2026-09-12 16:18:17.914 NATIVE STAIN ANIMATION DIAG generation=156 emission=3 particle=1177 sample_ms=0 update=32b904e0 descriptor=5844bca0 descriptor_checksum=8bd81854 group_index=0 group=57e00840 group_checksum=fe538bb6 counts=(nodes:70,controls:69,weights:70,vectors:70) nodes=[64:7BFE3FE0:b9337484:"",65:7BFE5BE0:bd55ddc9:"",66:7BFE56E0:cf0b15d7:"",67:7BFF2680:c24db8cf:"",68:7BFF2C40:4d424ef9:"",69:7BFF0400:7df35587:""] controls=[63:5AD16B40:cabfe489:"",64:5AD164C0:ddda77f5:"",65:5AD166A0:b50a435b:"",66:5AD17720:58ac7346:"",67:5AD17140:8b0d1468:"",68:5AD17280:e6710aa6:""] weights=[60:1,61:1,62:1,63:1,64:1,65:1,66:1,67:1,68:1,69:1] vectors=[64:(1,1,1),65:(1,1,1),66:(1,1,1),67:(1,1,1),68:(1,1,1),69:(1,1,1)]
2026-09-12 16:18:17.942 liquid native stain contact consumed source=confirmed particle=1175 emission=3 retry=0 result=4 count=1 native_hit=1 body_confirmed=0 retried=0 outcome=native-hit-attachment-unconfirmed
2026-09-12 16:18:18.019 liquid native stain contact consumed source=confirmed particle=1186 emission=3 retry=0 result=4 count=1 native_hit=1 body_confirmed=0 retried=0 outcome=native-hit-attachment-unconfirmed
2026-09-12 16:18:18.021 NATIVE STAIN ANIMATION DIAG generation=158 emission=3 particle=1186 sample_ms=0 update=32b904e0 descriptor=5844bca0 descriptor_checksum=cc30264d group_index=0 group=57e00840 group_checksum=fe538bb6 counts=(nodes:72,controls:71,weights:72,vectors:72) nodes=[66:7BFE56E0:7ebeca5a:"",67:7BFF2680:a1d0cc92:"",68:7BFF2C40:23babc5c:"",69:7BFF0400:6e689a7c:"",70:7BFEF2C0:46c2cfbb:"",71:7BFF0BE0:82e5eaaa:""] controls=[65:5AD166A0:b50a435b:"",66:5AD17720:58ac7346:"",67:5AD17140:687f69bf:"",68:5AD17280:e6710aa6:"",69:5AD16F00:bf416d2c:"",70:5AD173C0:39122589:""] weights=[62:1,63:1,64:1,65:1,66:1,67:1,68:1,69:1,70:1,71:1] vectors=[66:(1,1,1),67:(1,1,1),68:(1,1,1),69:(1,1,1),70:(1,1,1),71:(1,1,1)]
2026-09-12 16:18:18.021 testicular retraction live write person=2 control=4aa2ebe0 input=0.250 baseline=0.000 contribution=0.250 output=0.250
2026-09-12 16:18:18.032 liquid world emitter sample person=2 emission=3 position=(1.85680,1.59011,1.63390) direction=(0.00000,0.59297,0.80522) source=rebuilt-joint-local-hierarchy
2026-09-12 16:18:18.062 liquid native stain contact consumed source=confirmed particle=1198 emission=3 retry=0 result=4 count=1 native_hit=1 body_confirmed=0 retried=0 outcome=native-hit-attachment-unconfirmed
2026-09-12 16:18:18.104 liquid native stain contact consumed source=confirmed particle=1213 emission=3 retry=0 result=4 count=1 native_hit=1 body_confirmed=0 retried=0 outcome=native-hit-attachment-unconfirmed
2026-09-12 16:18:18.139 liquid native stain contact consumed source=confirmed particle=1218 emission=3 retry=0 result=4 count=1 native_hit=1 body_confirmed=0 retried=0 outcome=native-hit-attachment-unconfirmed
2026-09-12 16:18:18.141 NATIVE STAIN ANIMATION DIAG generation=161 emission=3 particle=1218 sample_ms=0 update=32b904e0 descriptor=5844bca0 descriptor_checksum=a56ac642 group_index=0 group=57e00840 group_checksum=fe538bb6 counts=(nodes:75,controls:74,weights:75,vectors:75) nodes=[69:7BFF0400:d6360aa1:"",70:7BFEF2C0:566c289e:"",71:7BFF0BE0:20cf1bd4:"",72:7BFF1020:1cad65b9:"",73:7C307EA0:6034f15b:"",74:7C307260:affb4bc3:""] controls=[68:5AD17280:c6dc2a62:"",69:5AD16F00:b03e6b8d:"",70:5AD173C0:39122589:"",71:5AD16F60:c79f9d94:"",72:5AD170A0:9a8758b1:"",73:5AD17220:6a15be56:""] weights=[65:1,66:1,67:1,68:1,69:1,70:1,71:1,72:1,73:1,74:1] vectors=[69:(1,1,1),70:(1,1,1),71:(1,1,1),72:(1,1,1),73:(1,1,1),74:(1,1,1)]
2026-09-12 16:18:18.163 liquid native stain contact consumed source=confirmed particle=1222 emission=3 retry=0 result=4 count=1 native_hit=1 body_confirmed=0 retried=0 outcome=native-hit-attachment-unconfirmed
2026-09-12 16:18:18.187 liquid native stain contact consumed source=confirmed particle=1223 emission=3 retry=0 result=4 count=1 native_hit=1 body_confirmed=0 retried=0 outcome=native-hit-attachment-unconfirmed
2026-09-12 16:18:18.247 NATIVE STAIN ANIMATION DIAG generation=163 emission=3 particle=1223 sample_ms=63 update=32b904e0 descriptor=5844bca0 descriptor_checksum=d039cc1d group_index=0 group=57e00840 group_checksum=fe538bb6 counts=(nodes:77,controls:76,weights:77,vectors:77) nodes=[71:7BFF0BE0:42cdea07:"",72:7BFF1020:afbaeec2:"",73:7C307EA0:7d499af8:"",74:7C307260:00aacfb6:"",75:7C3074A0:2ee0bf91:"",76:7C3079A0:57fe8640:""] controls=[70:5AD173C0:39122589:"",71:5AD16F60:c79f9d94:"",72:5AD170A0:9a8758b1:"",73:5AD17220:6a15be56:"",74:5AD16EC0:74bbd86b:"",75:5AD181C0:b724963c:""] weights=[67:1,68:1,69:1,70:1,71:1,72:1,73:1,74:1,75:1,76:1] vectors=[71:(1,1,1),72:(1,1,1),73:(1,1,1),74:(1,1,1),75:(1,1,1),76:(1,1,1)]
2026-09-12 16:18:18.274 liquid world emitter sample person=2 emission=3 position=(1.86946,1.50615,1.63527) direction=(0.00000,0.59297,0.80522) source=rebuilt-joint-local-hierarchy
2026-09-12 16:18:18.279 testicular retraction live write person=2 control=4aa2ebe0 input=0.250 baseline=0.000 contribution=0.250 output=0.250
2026-09-12 16:18:18.351 NATIVE STAIN ANIMATION DIAG generation=163 emission=3 particle=1223 sample_ms=172 update=32b904e0 descriptor=5844bca0 descriptor_checksum=d039cc1d group_index=0 group=57e00840 group_checksum=fe538bb6 counts=(nodes:77,controls:76,weights:77,vectors:77) nodes=[71:7BFF0BE0:28d8c639:"",72:7BFF1020:743d0154:"",73:7C307EA0:5f28edae:"",74:7C307260:8a544300:"",75:7C3074A0:d568939f:"",76:7C3079A0:76cf6df6:""] controls=[70:5AD173C0:39122589:"",71:5AD16F60:c79f9d94:"",72:5AD170A0:9a8758b1:"",73:5AD17220:6a15be56:"",74:5AD16EC0:74bbd86b:"",75:5AD181C0:b724963c:""] weights=[67:1,68:1,69:1,70:1,71:1,72:1,73:1,74:1,75:1,76:1] vectors=[71:(1,1,1),72:(1,1,1),73:(1,1,1),74:(1,1,1),75:(1,1,1),76:(1,1,1)]
2026-09-12 16:18:18.464 NATIVE STAIN ANIMATION DIAG generation=163 emission=3 particle=1223 sample_ms=282 update=32b904e0 descriptor=5844bca0 descriptor_checksum=d039cc1d group_index=0 group=57e00840 group_checksum=fe538bb6 counts=(nodes:77,controls:76,weights:77,vectors:77) nodes=[71:7BFF0BE0:ff8a8c44:"",72:7BFF1020:f16b43e9:"",73:7C307EA0:16bfd5cb:"",74:7C307260:0f5588bd:"",75:7C3074A0:2c1d9d5a:"",76:7C3079A0:32e997c3:""] controls=[70:5AD173C0:39122589:"",71:5AD16F60:c79f9d94:"",72:5AD170A0:9a8758b1:"",73:5AD17220:6a15be56:"",74:5AD16EC0:74bbd86b:"",75:5AD181C0:b724963c:""] weights=[67:1,68:1,69:1,70:1,71:1,72:1,73:1,74:1,75:1,76:1] vectors=[71:(1,1,1),72:(1,1,1),73:(1,1,1),74:(1,1,1),75:(1,1,1),76:(1,1,1)]
2026-09-12 16:18:18.519 testicular retraction live write person=2 control=4aa2ebe0 input=0.050 baseline=0.000 contribution=0.050 output=0.050
2026-09-12 16:18:18.527 liquid world emitter sample person=2 emission=3 position=(1.85747,1.59590,1.63939) direction=(0.00000,0.59297,0.80522) source=rebuilt-joint-local-hierarchy
2026-09-12 16:18:18.574 NATIVE STAIN ANIMATION DIAG generation=163 emission=3 particle=1223 sample_ms=391 update=32b904e0 descriptor=5844bca0 descriptor_checksum=d039cc1d group_index=0 group=57e00840 group_checksum=fe538bb6 counts=(nodes:77,controls:76,weights:77,vectors:77) nodes=[71:7BFF0BE0:6e72c2fe:"",72:7BFF1020:0a54b06b:"",73:7C307EA0:0b4cc549:"",74:7C307260:1bc7b33f:"",75:7C3074A0:c7edb1e0:"",76:7C3079A0:7bbac571:""] controls=[70:5AD173C0:39122589:"",71:5AD16F60:c79f9d94:"",72:5AD170A0:9a8758b1:"",73:5AD17220:6a15be56:"",74:5AD16EC0:74bbd86b:"",75:5AD181C0:e029dfa8:""] weights=[67:1,68:1,69:1,70:1,71:1,72:1,73:1,74:1,75:1,76:1] vectors=[71:(1,1,1),72:(1,1,1),73:(1,1,1),74:(1,1,1),75:(1,1,1),76:(1,1,1)]
2026-09-12 16:18:18.574 NATIVE STAIN FIELD DIAG generation=163 outcome=baseline node=7c3079a0 control=59bdefa0
2026-09-12 16:18:18.574 memory snapshot label="native-stain-animation-node-baseline" address=7C3079A0 words=7285a8d4,3f69c77a,7285a908,72894190,53478140,52485e40,01fff0ad,00000000,00000000,00000000,5a0e1bca,00000000,670d4240,72894230,00000000,0005dc79,3f800000,3f800000,3f800000,3f800000,00000000,00000000,00000000,00000000
2026-09-12 16:18:18.574 memory snapshot label="native-stain-animation-control-baseline" address=59BDEFA0 words=72859ad4,84daa3a0,72859adc,72894190,3f800000,00000000,72894170,84dab700,00000000,00000000,be02e752,8d046b00,00000000,00000000,00000000,59bdefd0,00000000,00000000,07df68d8,00000000,00000002,728b00c4,00000001,00000001
2026-09-12 16:18:18.574 liquid deep links event="native-stain-animation-node" object=7c3079a0 named_or_string_links=0 scan_bytes=96
2026-09-12 16:18:18.576 liquid deep links event="native-stain-animation-control" object=59bdefa0 named_or_string_links=0 scan_bytes=96
2026-09-12 16:18:18.687 NATIVE STAIN ANIMATION DIAG generation=163 emission=3 particle=1223 sample_ms=500 update=32b904e0 descriptor=5844bca0 descriptor_checksum=d039cc1d group_index=0 group=57e00840 group_checksum=fe538bb6 counts=(nodes:77,controls:76,weights:77,vectors:77) nodes=[71:7BFF0BE0:5bab925f:"",72:7BFF1020:482dff2a:"",73:7C307EA0:57934490:"",74:7C307260:8510a91e:"",75:7C3074A0:a977e6f9:"",76:7C3079A0:12ad0768:""] controls=[70:5AD173C0:39122589:"",71:5AD16F60:c79f9d94:"",72:5AD170A0:9a8758b1:"",73:5AD17220:6a15be56:"",74:5AD16EC0:74bbd86b:"",75:5AD181C0:4b1fa584:""] weights=[67:1,68:1,69:1,70:1,71:1,72:1,73:1,74:1,75:1,76:1] vectors=[71:(1,1,1),72:(1,1,1),73:(1,1,1),74:(1,1,1),75:(1,1,1),76:(1,1,1)]
2026-09-12 16:18:18.688 NATIVE STAIN FIELD DIAG generation=163 node=7C3079A0 control=59BDEFA0 changes=N+0x3c:0005dc79>0005dc80(5.382682e-040>5.38278e-040) totals=(node:1,control:0)
2026-09-12 16:18:18.760 ejaculation audio started person=2 emission=3 pulse=2 volume=0.000 path="C:\Users\ErolB\Desktop\Games\TK17\The Klub 17\Extensions\Liquids\Sounds\Ejaculation\Default\cum04.mp3"
2026-09-12 16:18:18.760 testicular retraction pulse person=2 emission=3 pulse=2 baseline=0.000 start=-0.000 target=0.250
2026-09-12 16:18:18.770 testicular retraction live write person=2 control=4aa2ebe0 input=0.000 baseline=0.000 contribution=-0.000 output=0.000
2026-09-12 16:18:18.770 testicular retraction applied person=2 emission=3 pulse=2 baseline=0.000 contribution=-0.000 output=0.000
2026-09-12 16:18:18.780 liquid world emitter sample person=2 emission=3 position=(1.88286,1.49022,1.67533) direction=(0.00000,0.59297,0.80522) source=rebuilt-joint-local-hierarchy
2026-09-12 16:18:18.796 NATIVE STAIN ANIMATION DIAG generation=163 emission=3 particle=1223 sample_ms=610 update=32b904e0 descriptor=5844bca0 descriptor_checksum=d039cc1d group_index=0 group=57e00840 group_checksum=fe538bb6 counts=(nodes:77,controls:76,weights:77,vectors:77) nodes=[71:7BFF0BE0:565fa39b:"",72:7BFF1020:5c3b056e:"",73:7C307EA0:7902bf14:"",74:7C307260:4624679a:"",75:7C3074A0:38a3e2fd:"",76:7C3079A0:5f0a596c:""] controls=[70:5AD173C0:39122589:"",71:5AD16F60:c79f9d94:"",72:5AD170A0:9a8758b1:"",73:5AD17220:6a15be56:"",74:5AD16EC0:74bbd86b:"",75:5AD181C0:e029dfa8:""] weights=[67:1,68:1,69:1,70:1,71:1,72:1,73:1,74:1,75:1,76:1] vectors=[71:(1,1,1),72:(1,1,1),73:(1,1,1),74:(1,1,1),75:(1,1,1),76:(1,1,1)]
2026-09-12 16:18:18.796 NATIVE STAIN FIELD DIAG generation=163 node=7C3079A0 control=59BDEFA0 changes=N+0x3c:0005dc80>0005dc84(5.38278e-040>5.382836e-040) totals=(node:1,control:0)
2026-09-12 16:18:18.854 liquid native update performance version=0.8.12-decal-freeze-performance samples=46 native_and_pick_ms=0.773 freeze_cleanup_ms=0.090 diagnostics_and_retraction_ms=0.256 peak_total_ms=8.387 tracked=75 freeze_hook=1
2026-09-12 16:18:18.898 NATIVE STAIN ANIMATION DIAG generation=163 emission=3 particle=1223 sample_ms=719 update=32b904e0 descriptor=5844bca0 descriptor_checksum=d039cc1d group_index=0 group=57e00840 group_checksum=fe538bb6 counts=(nodes:77,controls:76,weights:77,vectors:77) nodes=[71:7BFF0BE0:8f6266ee:"",72:7BFF1020:1ee91a1b:"",73:7C307EA0:65ba5179:"",74:7C307260:828bdf0f:"",75:7C3074A0:fe389a10:"",76:7C3079A0:1b834d81:""] controls=[70:5AD173C0:39122589:"",71:5AD16F60:c79f9d94:"",72:5AD170A0:9a8758b1:"",73:5AD17220:6a15be56:"",74:5AD16EC0:74bbd86b:"",75:5AD181C0:e029dfa8:""] weights=[67:1,68:1,69:1,70:1,71:1,72:1,73:1,74:1,75:1,76:1] vectors=[71:(1,1,1),72:(1,1,1),73:(1,1,1),74:(1,1,1),75:(1,1,1),76:(1,1,1)]
2026-09-12 16:18:18.898 NATIVE STAIN FIELD DIAG generation=163 node=7C3079A0 control=59BDEFA0 changes=N+0x3c:0005dc84>0005dc89(5.382836e-040>5.382906e-040) totals=(node:1,control:0)
2026-09-12 16:18:18.962 ejaculation audio finished person=2 emission=3 pulse=2 path="C:\Users\ErolB\Desktop\Games\TK17\The Klub 17\Extensions\Liquids\Sounds\Ejaculation\Default\cum04.mp3"
2026-09-12 16:18:19.008 NATIVE STAIN ANIMATION DIAG generation=163 emission=3 particle=1223 sample_ms=829 update=32b904e0 descriptor=5844bca0 descriptor_checksum=d039cc1d group_index=0 group=57e00840 group_checksum=fe538bb6 counts=(nodes:77,controls:76,weights:77,vectors:77) nodes=[71:7BFF0BE0:6cf1a4aa:"",72:7BFF1020:d76f10df:"",73:7C307EA0:5b428d7d:"",74:7C307260:439f9d8b:"",75:7C3074A0:e5b56a94:"",76:7C3079A0:2f2c2b85:""] controls=[70:5AD173C0:39122589:"",71:5AD16F60:c79f9d94:"",72:5AD170A0:9a8758b1:"",73:5AD17220:6a15be56:"",74:5AD16EC0:74bbd86b:"",75:5AD181C0:e029dfa8:""] weights=[67:1,68:1,69:1,70:1,71:1,72:1,73:1,74:1,75:1,76:1] vectors=[71:(1,1,1),72:(1,1,1),73:(1,1,1),74:(1,1,1),75:(1,1,1),76:(1,1,1)]
2026-09-12 16:18:19.009 NATIVE STAIN FIELD DIAG generation=163 node=7C3079A0 control=59BDEFA0 changes=N+0x3c:0005dc89>0005dc8d(5.382906e-040>5.382962e-040) totals=(node:1,control:0)
2026-09-12 16:18:19.019 liquid world emitter sample person=2 emission=3 position=(1.92472,1.30782,1.73023) direction=(0.00000,0.59297,0.80522) source=rebuilt-joint-local-hierarchy
2026-09-12 16:18:19.039 testicular retraction live write person=2 control=4aa2ebe0 input=0.278 baseline=0.000 contribution=0.265 output=0.265
2026-09-12 16:18:19.117 NATIVE STAIN ANIMATION DIAG generation=163 emission=3 particle=1223 sample_ms=938 update=32b904e0 descriptor=5844bca0 descriptor_checksum=d039cc1d group_index=0 group=57e00840 group_checksum=fe538bb6 counts=(nodes:77,controls:76,weights:77,vectors:77) nodes=[71:7BFF0BE0:2fc40845:"",72:7BFF1020:ce3511a8:"",73:7C307EA0:32378372:"",74:7C307260:f279623c:"",75:7C3074A0:56a8c3f3:"",76:7C3079A0:05e16aea:""] controls=[70:5AD173C0:39122589:"",71:5AD16F60:c79f9d94:"",72:5AD170A0:9a8758b1:"",73:5AD17220:6a15be56:"",74:5AD16EC0:74bbd86b:"",75:5AD181C0:e029dfa8:""] weights=[67:1,68:1,69:1,70:1,71:1,72:1,73:1,74:1,75:1,76:1] vectors=[71:(1,1,1),72:(1,1,1),73:(1,1,1),74:(1,1,1),75:(1,1,1),76:(1,1,1)]
2026-09-12 16:18:19.118 NATIVE STAIN FIELD DIAG generation=163 node=7C3079A0 control=59BDEFA0 changes=N+0x3c:0005dc8d>0005dc92(5.382962e-040>5.383032e-040) totals=(node:1,control:0)
2026-09-12 16:18:19.226 liquid native stain contact consumed source=confirmed particle=1244 emission=3 retry=0 result=4 count=1 native_hit=1 body_confirmed=0 retried=0 outcome=native-hit-attachment-unconfirmed
2026-09-12 16:18:19.227 NATIVE STAIN ANIMATION DIAG generation=164 emission=3 particle=1244 sample_ms=0 update=32b904e0 descriptor=5844bca0 descriptor_checksum=5c906a38 group_index=0 group=57e00840 group_checksum=fe538bb6 counts=(nodes:78,controls:77,weights:78,vectors:78) nodes=[72:7BFF1020:4f5db80d:"",73:7C307EA0:e78833af:"",74:7C307260:3381ef59:"",75:7C3074A0:2ce0d6be:"",76:7C3079A0:4d92cf67:"",77:7C33E8A0:f64bea89:""] controls=[71:5AD16F60:c79f9d94:"",72:5AD170A0:9a8758b1:"",73:5AD17220:6a15be56:"",74:5AD16EC0:74bbd86b:"",75:5AD181C0:e029dfa8:"",76:5AD17DC0:f527c990:""] weights=[68:1,69:1,70:1,71:1,72:1,73:1,74:1,75:1,76:1,77:1] vectors=[72:(1,1,1),73:(1,1,1),74:(1,1,1),75:(1,1,1),76:(1,1,1),77:(1,1,1)]
2026-09-12 16:18:19.259 liquid native stain contact consumed source=confirmed particle=1234 emission=3 retry=0 result=4 count=1 native_hit=1 body_confirmed=0 retried=0 outcome=native-hit-attachment-unconfirmed
2026-09-12 16:18:19.271 liquid world emitter sample person=2 emission=3 position=(1.94839,1.08633,1.69857) direction=(0.00000,0.59297,0.80522) source=rebuilt-joint-local-hierarchy
2026-09-12 16:18:19.284 liquid native stain contact consumed source=confirmed particle=1242 emission=3 retry=0 result=4 count=1 native_hit=1 body_confirmed=0 retried=0 outcome=native-hit-attachment-unconfirmed
2026-09-12 16:18:19.285 testicular retraction live write person=2 control=4aa2ebe0 input=0.241 baseline=0.000 contribution=0.243 output=0.243
2026-09-12 16:18:19.338 NATIVE STAIN ANIMATION DIAG generation=166 emission=3 particle=1242 sample_ms=63 update=32b904e0 descriptor=5844bca0 descriptor_checksum=8c9fb682 group_index=0 group=57e00840 group_checksum=fe538bb6 counts=(nodes:80,controls:79,weights:80,vectors:80) nodes=[74:7C307260:7bd118e2:"",75:7C3074A0:06f4fe65:"",76:7C3079A0:b1cb6ab4:"",77:7C33E8A0:858d0718:"",78:7C33FC20:2645cc64:"",79:7C340840:711fa661:""] controls=[73:5AD17220:6a15be56:"",74:5AD16EC0:74bbd86b:"",75:5AD181C0:d3bdade7:"",76:5AD17DC0:f527c990:"",77:5AD16D80:01239509:"",78:5AD17D20:fba84e03:""] weights=[70:1,71:1,72:1,73:1,74:1,75:1,76:1,77:1,78:1,79:1] vectors=[74:(1,1,1),75:(1,1,1),76:(1,1,1),77:(1,1,1),78:(1,1,1),79:(1,1,1)]
2026-09-12 16:18:19.423 liquid native stain contact consumed source=confirmed particle=1289 emission=3 retry=0 result=4 count=1 native_hit=1 body_confirmed=0 retried=0 outcome=native-hit-attachment-unconfirmed
2026-09-12 16:18:19.443 NATIVE STAIN ANIMATION DIAG generation=167 emission=3 particle=1289 sample_ms=31 update=32b904e0 descriptor=5844bca0 descriptor_checksum=4207259f group_index=0 group=57e00840 group_checksum=fe538bb6 counts=(nodes:81,controls:80,weights:81,vectors:81) nodes=[75:7C3074A0:e790a4b8:"",76:7C3079A0:193f9fe9:"",77:7C33E8A0:eeb49f05:"",78:7C33FC20:12f93df9:"",79:7C340840:d9e6ff3c:"",80:7C340EC0:343fed83:""] controls=[74:5AD16EC0:74bbd86b:"",75:5AD181C0:d3bdade7:"",76:5AD17DC0:f35a1819:"",77:5AD16D80:01239509:"",78:5AD17D20:fba84e03:"",79:5AD17C80:c6b7882f:""] weights=[71:1,72:1,73:1,74:1,75:1,76:1,77:1,78:1,79:1,80:1] vectors=[75:(1,1,1),76:(1,1,1),77:(1,1,1),78:(1,1,1),79:(1,1,1),80:(1,1,1)]
2026-09-12 16:18:19.473 liquid native stain contact consumed source=confirmed particle=1299 emission=3 retry=0 result=4 count=1 native_hit=1 body_confirmed=0 retried=0 outcome=native-hit-attachment-unconfirmed
2026-09-12 16:18:19.494 liquid native stain contact consumed source=confirmed particle=1302 emission=3 retry=0 result=12 count=1 native_hit=1 body_confirmed=0 retried=0 outcome=native-hit-attachment-unconfirmed
2026-09-12 16:18:19.524 liquid world emitter sample person=2 emission=3 position=(1.95060,1.02263,1.67283) direction=(0.00000,0.59297,0.80522) source=rebuilt-joint-local-hierarchy
2026-09-12 16:18:19.532 liquid native stain contact consumed source=confirmed particle=1314 emission=3 retry=0 result=4 count=1 native_hit=1 body_confirmed=0 retried=0 outcome=native-hit-attachment-unconfirmed
2026-09-12 16:18:19.536 testicular retraction live write person=2 control=4aa2ebe0 input=0.250 baseline=0.000 contribution=0.250 output=0.250
2026-09-12 16:18:19.555 NATIVE STAIN ANIMATION DIAG generation=170 emission=3 particle=1314 sample_ms=31 update=32b904e0 descriptor=5844bca0 descriptor_checksum=aa139f40 group_index=0 group=57e00840 group_checksum=fe538bb6 counts=(nodes:83,controls:82,weights:83,vectors:83) nodes=[77:7C33E8A0:c2b1cb12:"",78:7C33FC20:81b0f78e:"",79:7C340840:113b63a3:"",80:7C340EC0:a83bc81c:"",81:7C342960:2784257f:"",82:7C343D80:4bfb240e:""] controls=[76:5AD17DC0:931ac8b6:"",77:5AD16D80:01239509:"",78:5AD17D20:fba84e03:"",79:5AD17C80:c6b7882f:"",80:5AD18080:061e97e2:"",81:5AD17FA0:953598e4:""] weights=[73:1,74:1,75:1,76:1,77:1,78:1,79:1,80:1,81:1,82:1] vectors=[77:(1,1,1),78:(1,1,1),79:(1,1,1),80:(1,1,1),81:(1,1,1),82:(1,1,1)]
2026-09-12 16:18:19.583 liquid native stain contact consumed source=confirmed particle=1319 emission=3 retry=0 result=12 count=1 native_hit=1 body_confirmed=0 retried=0 outcome=native-hit-attachment-unconfirmed
2026-09-12 16:18:19.661 liquid native stain contact consumed source=confirmed particle=1320 emission=3 retry=0 result=12 count=1 native_hit=1 body_confirmed=0 retried=0 outcome=native-hit-attachment-unconfirmed
2026-09-12 16:18:19.662 NATIVE STAIN ANIMATION DIAG generation=172 emission=3 particle=1320 sample_ms=0 update=32b904e0 descriptor=5844bca0 descriptor_checksum=f7bcdd5d group_index=0 group=57e00840 group_checksum=fe538bb6 counts=(nodes:85,controls:84,weights:85,vectors:85) nodes=[79:7C340840:6de44b66:"",80:7C340EC0:efe8d831:"",81:7C342960:536b31ca:"",82:7C343D80:c4bf8dbb:"",83:7C334080:385c9611:"",84:7C335A60:41649b7a:""] controls=[78:5AD17D20:fba84e03:"",79:5AD17C80:c6b7882f:"",80:5AD18080:a8fac54d:"",81:5AD17FA0:4c0a898a:"",82:5AD18040:b705ea47:"",83:5AD18760:8618d619:""] weights=[75:1,76:1,77:1,78:1,79:1,80:1,81:1,82:1,83:1,84:1] vectors=[79:(1,1,1),80:(1,1,1),81:(1,1,1),82:(1,1,1),83:(1,1,1),84:(1,1,1)]
2026-09-12 16:18:19.771 liquid world emitter sample person=2 emission=3 position=(1.91527,1.13410,1.60397) direction=(0.00000,0.59297,0.80522) source=rebuilt-joint-local-hierarchy
2026-09-12 16:18:19.779 NATIVE STAIN ANIMATION DIAG generation=172 emission=3 particle=1320 sample_ms=109 update=32b904e0 descriptor=5844bca0 descriptor_checksum=f7bcdd5d group_index=0 group=57e00840 group_checksum=fe538bb6 counts=(nodes:85,controls:84,weights:85,vectors:85) nodes=[79:7C340840:745b41ac:"",80:7C340EC0:a4f5c7b3:"",81:7C342960:14567540:"",82:7C343D80:140a13a9:"",83:7C334080:062ba593:"",84:7C335A60:5d3a8046:""] controls=[78:5AD17D20:fba84e03:"",79:5AD17C80:c6b7882f:"",80:5AD18080:a8fac54d:"",81:5AD17FA0:4c0a898a:"",82:5AD18040:b705ea47:"",83:5AD18760:1678f466:""] weights=[75:1,76:1,77:1,78:1,79:1,80:1,81:1,82:1,83:1,84:1] vectors=[79:(1,1,1),80:(1,1,1),81:(1,1,1),82:(1,1,1),83:(1,1,1),84:(1,1,1)]
2026-09-12 16:18:19.805 testicular retraction live write person=2 control=4aa2ebe0 input=0.250 baseline=0.000 contribution=0.250 output=0.250
2026-09-12 16:18:19.855 liquid native update performance version=0.8.12-decal-freeze-performance samples=46 native_and_pick_ms=0.802 freeze_cleanup_ms=0.086 diagnostics_and_retraction_ms=0.214 peak_total_ms=8.155 tracked=83 freeze_hook=1
2026-09-12 16:18:19.890 NATIVE STAIN ANIMATION DIAG generation=172 emission=3 particle=1320 sample_ms=219 update=32b904e0 descriptor=5844bca0 descriptor_checksum=f7bcdd5d group_index=0 group=57e00840 group_checksum=fe538bb6 counts=(nodes:85,controls:84,weights:85,vectors:85) nodes=[79:7C340840:2d92049a:"",80:7C340EC0:1c986ced:"",81:7C342960:33275cf6:"",82:7C343D80:8cde33b7:"",83:7C334080:7601724d:"",84:7C335A60:d87764d0:""] controls=[78:5AD17D20:fba84e03:"",79:5AD17C80:c6b7882f:"",80:5AD18080:a8fac54d:"",81:5AD17FA0:4c0a898a:"",82:5AD18040:b705ea47:"",83:5AD18760:10af8812:""] weights=[75:1,76:1,77:1,78:1,79:1,80:1,81:1,82:1,83:1,84:1] vectors=[79:(1,1,1),80:(1,1,1),81:(1,1,1),82:(1,1,1),83:(1,1,1),84:(1,1,1)]
2026-09-12 16:18:19.992 NATIVE STAIN ANIMATION DIAG generation=172 emission=3 particle=1320 sample_ms=328 update=32b904e0 descriptor=5844bca0 descriptor_checksum=f7bcdd5d group_index=0 group=57e00840 group_checksum=fe538bb6 counts=(nodes:85,controls:84,weights:85,vectors:85) nodes=[79:7C340840:8dba58d6:"",80:7C340EC0:105c0521:"",81:7C342960:46d7a93a:"",82:7C343D80:cff0b22b:"",83:7C334080:e5e5fc01:"",84:7C335A60:482a911c:""] controls=[78:5AD17D20:fba84e03:"",79:5AD17C80:c6b7882f:"",80:5AD18080:a8fac54d:"",81:5AD17FA0:4c0a898a:"",82:5AD18040:b705ea47:"",83:5AD18760:ebf03457:""] weights=[75:1,76:1,77:1,78:1,79:1,80:1,81:1,82:1,83:1,84:1] vectors=[79:(1,1,1),80:(1,1,1),81:(1,1,1),82:(1,1,1),83:(1,1,1),84:(1,1,1)]
2026-09-12 16:18:19.992 NATIVE STAIN FIELD DIAG generation=172 outcome=baseline node=7c335a60 control=59bc3080
2026-09-12 16:18:19.993 memory snapshot label="native-stain-animation-node-baseline" address=7C335A60 words=7285a8d4,00000000,7285a908,72894190,53477fa0,5b546280,01fff0ad,00000000,00000000,00000000,5a0e1bca,00000000,670d2580,72894230,00000000,0005dcbb,3f800000,3f800000,3f800000,3f800000,00000000,00000000,00000000,00000000
2026-09-12 16:18:19.993 memory snapshot label="native-stain-animation-control-baseline" address=59BC3080 words=72859ad4,35577640,72859adc,72894190,3f800000,00000000,72894170,35576fa0,3f800000,00000000,85fedcbe,80006d00,00000000,00000000,00000000,00000000,00000000,00000000,00000000,d61867e3,00000000,728aea68,00000022,00000022
2026-09-12 16:18:19.993 liquid deep link event="native-stain-animation-node" object=7c335a60 offset=0x014 pointer=5b546280 target_name="NcPants2_mesh"
2026-09-12 16:18:19.994 liquid deep links event="native-stain-animation-control" object=59bc3080 named_or_string_links=0 scan_bytes=96
2026-09-12 16:18:20.027 liquid world emitter sample person=2 emission=3 position=(1.91321,1.13700,1.59806) direction=(0.00000,0.59297,0.80522) source=rebuilt-joint-local-hierarchy
2026-09-12 16:18:20.050 testicular retraction live write person=2 control=4aa2ebe0 input=0.037 baseline=0.000 contribution=0.037 output=0.037
2026-09-12 16:18:20.099 NATIVE STAIN ANIMATION DIAG generation=172 emission=3 particle=1320 sample_ms=437 update=32b904e0 descriptor=5844bca0 descriptor_checksum=f7bcdd5d group_index=0 group=57e00840 group_checksum=fe538bb6 counts=(nodes:85,controls:84,weights:85,vectors:85) nodes=[79:7C340840:c347ab9c:"",80:7C340EC0:dc993823:"",81:7C342960:6dcab9b0:"",82:7C343D80:12066019:"",83:7C334080:efe1b6c3:"",84:7C335A60:21216456:""] controls=[78:5AD17D20:fba84e03:"",79:5AD17C80:c6b7882f:"",80:5AD18080:a8fac54d:"",81:5AD17FA0:4c0a898a:"",82:5AD18040:b705ea47:"",83:5AD18760:4b54843d:""] weights=[75:1,76:1,77:1,78:1,79:1,80:1,81:1,82:1,83:1,84:1] vectors=[79:(1,1,1),80:(1,1,1),81:(1,1,1),82:(1,1,1),83:(1,1,1),84:(1,1,1)]
2026-09-12 16:18:20.100 NATIVE STAIN FIELD DIAG generation=172 node=7C335A60 control=59BC3080 changes=N+0x3c:0005dcbb>0005dcc1(5.383607e-040>5.383691e-040),C+0x30:00000000>402deeb0(0>2.717693),C+0x34:00000000>86adc260(0>-6.536098e-035),C+0x38:00000000>402efbe0(0>2.734123),C+0x3c:00000000>58e42210(0>2.00668e+015),C+0x40:00000000>402c1739(0>2.688917),C+0x44:00000000>85640da8(0>-1.072302e-035),C+0x48:00000000>402a674e(0>2.662555),C+0x4c:d61867e3>85640960(-4.189299e+013>-1.072223e-035),C+0x50:00000000>40245b15(0>2.568059),C+0x54:728aea68>8563d1b8(5.503016e+030>-1.071201e-035),C+0x58:00000022>4028951f(4.764415e-044>2.634102),C+0x5c:00000022>8563efb0(4.764415e-044>-1.071751e-035) totals=(node:1,control:12)
2026-09-12 16:18:20.216 NATIVE STAIN ANIMATION DIAG generation=172 emission=3 particle=1320 sample_ms=547 update=32b904e0 descriptor=5844bca0 descriptor_checksum=f7bcdd5d group_index=0 group=57e00840 group_checksum=fe538bb6 counts=(nodes:85,controls:84,weights:85,vectors:85) nodes=[79:7C340840:33cd83f5:"",80:7C340EC0:2038ce62:"",81:7C342960:02e77999:"",82:7C343D80:dbc00e30:"",83:7C334080:e141b102:"",84:7C335A60:11352697:""] controls=[78:5AD17D20:fba84e03:"",79:5AD17C80:c6b7882f:"",80:5AD18080:a8fac54d:"",81:5AD17FA0:4c0a898a:"",82:5AD18040:b705ea47:"",83:5AD18760:deba4d42:""] weights=[75:1,76:1,77:1,78:1,79:1,80:1,81:1,82:1,83:1,84:1] vectors=[79:(1,1,1),80:(1,1,1),81:(1,1,1),82:(1,1,1),83:(1,1,1),84:(1,1,1)]
2026-09-12 16:18:20.217 NATIVE STAIN FIELD DIAG generation=172 node=7C335A60 control=59BC3080 changes=N+0x3c:0005dcc1>0005dcc8(5.383691e-040>5.383789e-040),C+0x3c:58e42210>00000000(2.00668e+015>0),C+0x40:402c1739>00000000(2.688917>0),C+0x44:85640da8>00000000(-1.072302e-035>0),C+0x48:402a674e>00000000(2.662555>0),C+0x4c:85640960>00000000(-1.072223e-035>0),C+0x50:40245b15>00000000(2.568059>0),C+0x54:8563d1b8>728aea68(-1.071201e-035>5.503016e+030),C+0x58:4028951f>0000001f(2.634102>4.344025e-044),C+0x5c:8563efb0>0000001f(-1.071751e-035>4.344025e-044) totals=(node:1,control:9)
2026-09-12 16:18:20.249 ejaculation audio started person=2 emission=3 pulse=3 volume=0.000 path="C:\Users\ErolB\Desktop\Games\TK17\The Klub 17\Extensions\Liquids\Sounds\Ejaculation\Default\cum07.mp3"
2026-09-12 16:18:20.250 testicular retraction pulse person=2 emission=3 pulse=3 baseline=0.000 start=-0.000 target=0.250
2026-09-12 16:18:20.267 testicular retraction applied person=2 emission=3 pulse=3 baseline=0.000 contribution=-0.000 output=0.000
2026-09-12 16:18:20.277 liquid world emitter sample person=2 emission=3 position=(1.91321,1.13700,1.59806) direction=(0.00000,0.59297,0.80522) source=rebuilt-joint-local-hierarchy
2026-09-12 16:18:20.306 testicular retraction live write person=2 control=4aa2ebe0 input=0.255 baseline=0.000 contribution=0.271 output=0.271
2026-09-12 16:18:20.321 NATIVE STAIN ANIMATION DIAG generation=172 emission=3 particle=1320 sample_ms=656 update=32b904e0 descriptor=5844bca0 descriptor_checksum=f7bcdd5d group_index=0 group=57e00840 group_checksum=fe538bb6 counts=(nodes:85,controls:84,weights:85,vectors:85) nodes=[79:7C340840:722ba3b1:"",80:7C340EC0:402583e6:"",81:7C342960:1b8a6c9d:"",82:7C343D80:bcf93db4:"",83:7C334080:9149df86:"",84:7C335A60:3b5ba2d3:""] controls=[78:5AD17D20:fba84e03:"",79:5AD17C80:c6b7882f:"",80:5AD18080:a8fac54d:"",81:5AD17FA0:4c0a898a:"",82:5AD18040:b705ea47:"",83:5AD18760:ece3de74:""] weights=[75:1,76:1,77:1,78:1,79:1,80:1,81:1,82:1,83:1,84:1] vectors=[79:(1,1,1),80:(1,1,1),81:(1,1,1),82:(1,1,1),83:(1,1,1),84:(1,1,1)]
2026-09-12 16:18:20.322 NATIVE STAIN FIELD DIAG generation=172 node=7C335A60 control=59BC3080 changes=N+0x3c:0005dcc8>0005dccc(5.383789e-040>5.383845e-040),C+0x2c:80006d00>8c006d00(-3.910183e-041>-9.893562e-032),C+0x30:402deeb0>69453818(2.717693>1.490146e+025),C+0x34:86adc260>59bc30b0(-6.536098e-035>6.621354e+015),C+0x38:402efbe0>00000003(2.734123>4.203895e-045),C+0x3c:00000000>694537ec(0>1.49014e+025),C+0x40:00000000>ffffffff(0>0),C+0x44:00000000>ffffffff(0>0),C+0x54:728aea68>020007d0(5.503016e+030>9.406197e-038),C+0x58:0000001f>5ad18788(4.344025e-044>2.948864e+016),C+0x5c:0000001f>00000001(4.344025e-044>1.401298e-045) totals=(node:1,control:10)
2026-09-12 16:18:20.403 liquid native stain contact consumed source=confirmed particle=1335 emission=3 retry=0 result=4 count=1 native_hit=1 body_confirmed=0 retried=0 outcome=native-hit-attachment-unconfirmed
2026-09-12 16:18:20.439 NATIVE STAIN ANIMATION DIAG generation=173 emission=3 particle=1335 sample_ms=31 update=32b904e0 descriptor=5844bca0 descriptor_checksum=ff55b409 group_index=0 group=57e00840 group_checksum=fe538bb6 counts=(nodes:86,controls:85,weights:86,vectors:86) nodes=[80:7C340EC0:31b9b328:"",81:7C342960:0110cecb:"",82:7C343D80:c79a225a:"",83:7C334080:04e998c8:"",84:7C335A60:0f2bbd15:"",85:7C3393E0:2c45f58e:""] controls=[79:5AD17C80:c6b7882f:"",80:5AD18080:a8fac54d:"",81:5AD17FA0:4c0a898a:"",82:5AD18040:b705ea47:"",83:5AD18760:ece3de74:"",84:5AD18620:87f1f296:""] weights=[76:1,77:1,78:1,79:1,80:1,81:1,82:1,83:1,84:1,85:1] vectors=[80:(1,1,1),81:(1,1,1),82:(1,1,1),83:(1,1,1),84:(1,1,1),85:(1,1,1)]
2026-09-12 16:18:20.523 liquid world emitter sample person=2 emission=3 position=(1.91231,1.23401,1.61607) direction=(0.00000,0.59297,0.80522) source=rebuilt-joint-local-hierarchy
2026-09-12 16:18:20.549 NATIVE STAIN ANIMATION DIAG generation=173 emission=3 particle=1335 sample_ms=141 update=32b904e0 descriptor=5844bca0 descriptor_checksum=ff55b409 group_index=0 group=57e00840 group_checksum=fe538bb6 counts=(nodes:86,controls:85,weights:86,vectors:86) nodes=[80:7C340EC0:dbd76f8d:"",81:7C342960:29bf5b16:"",82:7C343D80:17e66dd7:"",83:7C334080:3d58402d:"",84:7C335A60:1fbbe0f0:"",85:7C3393E0:b6b13ac3:""] controls=[79:5AD17C80:c6b7882f:"",80:5AD18080:a8fac54d:"",81:5AD17FA0:4c0a898a:"",82:5AD18040:b705ea47:"",83:5AD18760:ece3de74:"",84:5AD18620:b446be5f:""] weights=[76:1,77:1,78:1,79:1,80:1,81:1,82:1,83:1,84:1,85:1] vectors=[80:(1,1,1),81:(1,1,1),82:(1,1,1),83:(1,1,1),84:(1,1,1),85:(1,1,1)]
2026-09-12 16:18:20.550 testicular retraction live write person=2 control=4aa2ebe0 input=0.262 baseline=0.000 contribution=0.259 output=0.259
2026-09-12 16:18:20.561 ejaculation audio finished person=2 emission=3 pulse=3 path="C:\Users\ErolB\Desktop\Games\TK17\The Klub 17\Extensions\Liquids\Sounds\Ejaculation\Default\cum07.mp3"
2026-09-12 16:18:20.652 NATIVE STAIN ANIMATION DIAG generation=173 emission=3 particle=1335 sample_ms=250 update=32b904e0 descriptor=5844bca0 descriptor_checksum=ff55b409 group_index=0 group=57e00840 group_checksum=fe538bb6 counts=(nodes:86,controls:85,weights:86,vectors:86) nodes=[80:7C340EC0:81329b56:"",81:7C342960:7561424d:"",82:7C343D80:00e32324:"",83:7C334080:33c78cf6:"",84:7C335A60:7c880123:"",85:7C3393E0:124eef10:""] controls=[79:5AD17C80:c6b7882f:"",80:5AD18080:a8fac54d:"",81:5AD17FA0:4c0a898a:"",82:5AD18040:b705ea47:"",83:5AD18760:75560f9b:"",84:5AD18620:ef63f5c3:""] weights=[76:1,77:1,78:1,79:1,80:1,81:1,82:1,83:1,84:1,85:1] vectors=[80:(1,1,1),81:(1,1,1),82:(1,1,1),83:(1,1,1),84:(1,1,1),85:(1,1,1)]
2026-09-12 16:18:20.766 NATIVE STAIN ANIMATION DIAG generation=173 emission=3 particle=1335 sample_ms=360 update=32b904e0 descriptor=5844bca0 descriptor_checksum=ff55b409 group_index=0 group=57e00840 group_checksum=fe538bb6 counts=(nodes:86,controls:85,weights:86,vectors:86) nodes=[80:7C340EC0:d52f5d58:"",81:7C342960:9e4af37b:"",82:7C343D80:5586ce8a:"",83:7C334080:34d775b8:"",84:7C335A60:890486e5:"",85:7C3393E0:3252d81e:""] controls=[79:5AD17C80:c6b7882f:"",80:5AD18080:a8fac54d:"",81:5AD17FA0:4c0a898a:"",82:5AD18040:b705ea47:"",83:5AD18760:a9921e48:"",84:5AD18620:bcaedd5a:""] weights=[76:1,77:1,78:1,79:1,80:1,81:1,82:1,83:1,84:1,85:1] vectors=[80:(1,1,1),81:(1,1,1),82:(1,1,1),83:(1,1,1),84:(1,1,1),85:(1,1,1)]
2026-09-12 16:18:20.767 NATIVE STAIN FIELD DIAG generation=173 outcome=baseline node=7c3393e0 control=59bc2c20
2026-09-12 16:18:20.767 memory snapshot label="native-stain-animation-node-baseline" address=7C3393E0 words=7285a8d4,00000000,7285a908,72894190,5347ac40,52485e40,01fff0ad,00000000,00000000,00000000,5a0e1bca,00000000,670d4620,72894230,00000000,0005dce2,3f800000,3f800000,3f800000,3f800000,00000000,00000000,00000000,00000000
2026-09-12 16:18:20.767 memory snapshot label="native-stain-animation-control-baseline" address=59BC2C20 words=72859ad4,634e5f6c,72859adc,72894190,3f800000,00000000,72894170,30305448,00720030,85641600,8672df22,80006300,402851c9,86adc260,4028928f,00000000,00000000,00000000,00000000,00000000,00000000,728aea68,00000020,00000020
2026-09-12 16:18:20.768 liquid deep string event="native-stain-animation-node" object=7c3393e0 offset=0x03c pointer=0005dce2 text="1"
2026-09-12 16:18:20.768 liquid deep string event="native-stain-animation-control" object=59bc2c20 offset=0x024 pointer=85641600 text="b"
2026-09-12 16:18:20.772 liquid deep string event="native-stain-animation-control" object=59bc2c20 offset=0x030 pointer=402851c9 text="ource"
2026-09-12 16:18:20.783 liquid world emitter sample person=2 emission=3 position=(1.90008,1.29048,1.61599) direction=(0.00000,0.59297,0.80522) source=rebuilt-joint-local-hierarchy
2026-09-12 16:18:20.817 liquid native stain contact consumed source=confirmed particle=1356 emission=3 retry=0 result=12 count=1 native_hit=1 body_confirmed=0 retried=0 outcome=native-hit-attachment-unconfirmed
2026-09-12 16:18:20.819 testicular retraction live write person=2 control=4aa2ebe0 input=0.244 baseline=0.000 contribution=0.245 output=0.245
2026-09-12 16:18:20.861 liquid native stain contact consumed source=confirmed particle=1363 emission=3 retry=0 result=12 count=1 native_hit=1 body_confirmed=0 retried=0 outcome=native-hit-attachment-unconfirmed
2026-09-12 16:18:20.862 liquid native update performance version=0.8.12-decal-freeze-performance samples=49 native_and_pick_ms=0.242 freeze_cleanup_ms=0.028 diagnostics_and_retraction_ms=0.405 peak_total_ms=6.780 tracked=86 freeze_hook=1
2026-09-12 16:18:20.883 NATIVE STAIN ANIMATION DIAG generation=175 emission=3 particle=1363 sample_ms=32 update=32b904e0 descriptor=5844bca0 descriptor_checksum=5828ec12 group_index=0 group=57e00840 group_checksum=fe538bb6 counts=(nodes:88,controls:87,weights:88,vectors:88) nodes=[82:7C343D80:040b5087:"",83:7C334080:2715085d:"",84:7C335A60:ada7cac0:"",85:7C3393E0:f55c7353:"",86:7BCBAAA0:cb5c014a:"",87:7BCBB1C0:6fec67b6:""] controls=[81:5AD17FA0:4c0a898a:"",82:5AD18040:b705ea47:"",83:5AD18760:3b8f91e9:"",84:5AD18620:ef63f5c3:"",85:5AD183A0:3527a7ed:"",86:5AD18360:6b3658f4:""] weights=[78:1,79:1,80:1,81:1,82:1,83:1,84:1,85:1,86:1,87:1] vectors=[82:(1,1,1),83:(1,1,1),84:(1,1,1),85:(1,1,1),86:(1,1,1),87:(1,1,1)]
2026-09-12 16:18:20.908 liquid native stain contact consumed source=confirmed particle=1370 emission=3 retry=0 result=4 count=1 native_hit=1 body_confirmed=0 retried=0 outcome=native-hit-attachment-unconfirmed
2026-09-12 16:18:20.955 liquid native stain contact consumed source=confirmed particle=1384 emission=3 retry=0 result=4 count=1 native_hit=1 body_confirmed=0 retried=0 outcome=native-hit-attachment-unconfirmed
2026-09-12 16:18:21.006 NATIVE STAIN ANIMATION DIAG generation=177 emission=3 particle=1384 sample_ms=63 update=32b904e0 descriptor=5844bca0 descriptor_checksum=128ea624 group_index=0 group=57e00840 group_checksum=fe538bb6 counts=(nodes:90,controls:89,weights:90,vectors:90) nodes=[84:7C335A60:0281894c:"",85:7C3393E0:2fce0e0f:"",86:7BCBAAA0:a21dd506:"",87:7BCBB1C0:838c7efa:"",88:7BCBD440:b0da6575:"",89:7BCBC540:976f18b5:""] controls=[83:5AD18760:3b8f91e9:"",84:5AD18620:ef63f5c3:"",85:5AD183A0:3527a7ed:"",86:5AD18360:6b3658f4:"",87:5AD18540:dbe4c801:"",88:5AD18BC0:3cadb52c:""] weights=[80:1,81:1,82:1,83:1,84:1,85:1,86:1,87:1,88:1,89:1] vectors=[84:(1,1,1),85:(1,1,1),86:(1,1,1),87:(1,1,1),88:(1,1,1),89:(1,1,1)]
2026-09-12 16:18:21.029 liquid native stain contact consumed source=confirmed particle=1391 emission=3 retry=0 result=4 count=1 native_hit=1 body_confirmed=0 retried=0 outcome=native-hit-attachment-unconfirmed
2026-09-12 16:18:21.041 liquid world emitter sample person=2 emission=3 position=(1.90539,1.29916,1.62184) direction=(0.00000,0.59297,0.80522) source=rebuilt-joint-local-hierarchy
2026-09-12 16:18:21.079 liquid native stain contact consumed source=confirmed particle=1401 emission=3 retry=0 result=4 count=1 native_hit=1 body_confirmed=0 retried=0 outcome=native-hit-attachment-unconfirmed
2026-09-12 16:18:21.080 testicular retraction live write person=2 control=4aa2ebe0 input=0.250 baseline=0.000 contribution=0.250 output=0.250
2026-09-12 16:18:21.114 NATIVE STAIN ANIMATION DIAG generation=179 emission=3 particle=1401 sample_ms=47 update=32b904e0 descriptor=5844bca0 descriptor_checksum=bd0342e8 group_index=0 group=57e00840 group_checksum=fe538bb6 counts=(nodes:92,controls:91,weights:92,vectors:92) nodes=[86:7BCBAAA0:3b7951ad:"",87:7BCBB1C0:2af74b31:"",88:7BCBD440:c753b47e:"",89:7BCBC540:f1406bbe:"",90:7BCBD720:f4d179f2:"",91:7BCADF40:adae265b:""] controls=[85:5AD183A0:3527a7ed:"",86:5AD18360:6b3658f4:"",87:5AD18540:dbe4c801:"",88:5AD18BC0:3cadb52c:"",89:5AD18EA0:fc4fa524:"",90:5AD18E40:5730d153:""] weights=[82:1,83:1,84:1,85:1,86:1,87:1,88:1,89:1,90:1,91:1] vectors=[86:(1,1,1),87:(1,1,1),88:(1,1,1),89:(1,1,1),90:(1,1,1),91:(1,1,1)]
2026-09-12 16:18:21.136 liquid native stain contact consumed source=confirmed particle=1407 emission=3 retry=0 result=12 count=1 native_hit=1 body_confirmed=0 retried=0 outcome=native-hit-attachment-unconfirmed
2026-09-12 16:18:21.224 NATIVE STAIN ANIMATION DIAG generation=180 emission=3 particle=1407 sample_ms=93 update=32b904e0 descriptor=5844bca0 descriptor_checksum=123a8c42 group_index=0 group=57e00840 group_checksum=fe538bb6 counts=(nodes:93,controls:92,weights:93,vectors:93) nodes=[87:7BCBB1C0:8b094b3f:"",88:7BCBD440:3e086e88:"",89:7BCBC540:7c025cc8:"",90:7BCBD720:183f4804:"",91:7BCADF40:7cfa98d5:"",92:7BCAEE40:7dbb677f:""] controls=[86:5AD18360:6b3658f4:"",87:5AD18540:dbe4c801:"",88:5AD18BC0:3cadb52c:"",89:5AD18EA0:67cde4c1:"",90:5AD18E40:5730d153:"",91:5AD19300:9f2289e3:""] weights=[83:1,84:1,85:1,86:1,87:1,88:1,89:1,90:1,91:1,92:1] vectors=[87:(1,1,1),88:(1,1,1),89:(1,1,1),90:(1,1,1),91:(1,1,1),92:(1,1,1)]
2026-09-12 16:18:21.290 liquid world emitter sample person=2 emission=3 position=(1.90539,1.29916,1.62184) direction=(0.00000,0.59297,0.80522) source=rebuilt-joint-local-hierarchy
2026-09-12 16:18:21.326 testicular retraction live write person=2 control=4aa2ebe0 input=0.250 baseline=0.000 contribution=0.250 output=0.250
2026-09-12 16:18:21.343 NATIVE STAIN ANIMATION DIAG generation=180 emission=3 particle=1407 sample_ms=203 update=32b904e0 descriptor=5844bca0 descriptor_checksum=123a8c42 group_index=0 group=57e00840 group_checksum=fe538bb6 counts=(nodes:93,controls:92,weights:93,vectors:93) nodes=[87:7BCBB1C0:e34a3b1c:"",88:7BCBD440:88f74a6b:"",89:7BCBC540:9ee6ffab:"",90:7BCBD720:7527bb37:"",91:7BCADF40:aca222ae:"",92:7BCAEE40:22ce375c:""] controls=[86:5AD18360:6b3658f4:"",87:5AD18540:dbe4c801:"",88:5AD18BC0:3cadb52c:"",89:5AD18EA0:67cde4c1:"",90:5AD18E40:5730d153:"",91:5AD19300:9f2289e3:""] weights=[83:1,84:1,85:1,86:1,87:1,88:1,89:1,90:1,91:1,92:1] vectors=[87:(1,1,1),88:(1,1,1),89:(1,1,1),90:(1,1,1),91:(1,1,1),92:(1,1,1)]
2026-09-12 16:18:21.445 NATIVE STAIN ANIMATION DIAG generation=180 emission=3 particle=1407 sample_ms=312 update=32b904e0 descriptor=5844bca0 descriptor_checksum=123a8c42 group_index=0 group=57e00840 group_checksum=fe538bb6 counts=(nodes:93,controls:92,weights:93,vectors:93) nodes=[87:7BCBB1C0:6ddd21d9:"",88:7BCBD440:2f125556:"",89:7BCBC540:8e26d316:"",90:7BCBD720:6471840a:"",91:7BCADF40:69bc810f:"",92:7BCAEE40:f754a699:""] controls=[86:5AD18360:6b3658f4:"",87:5AD18540:dbe4c801:"",88:5AD18BC0:3cadb52c:"",89:5AD18EA0:67cde4c1:"",90:5AD18E40:5730d153:"",91:5AD19300:9f2289e3:""] weights=[83:1,84:1,85:1,86:1,87:1,88:1,89:1,90:1,91:1,92:1] vectors=[87:(1,1,1),88:(1,1,1),89:(1,1,1),90:(1,1,1),91:(1,1,1),92:(1,1,1)]
2026-09-12 16:18:21.445 NATIVE STAIN FIELD DIAG generation=180 outcome=baseline node=7bcaee40 control=597de860
2026-09-12 16:18:21.445 memory snapshot label="native-stain-animation-node-baseline" address=7BCAEE40 words=7285a8d4,597deb60,7285a908,72894190,5347cb40,5b546280,01fff0ad,00000000,00000000,00000000,5a0e1bca,00000000,670d4620,72894230,00000000,0005dd03,3f800000,3f800000,3f800000,3f800000,00000000,00000000,00000000,00000000
2026-09-12 16:18:21.445 memory snapshot label="native-stain-animation-control-baseline" address=597DE860 words=72859ad4,61685374,72859adc,72894190,3f800000,00000000,72894170,00657061,3f800000,85641638,8db9e7ba,8d010500,402830cd,86adc260,40286bb7,597de890,00000000,00000000,07df68d8,00000000,00000002,728b00c4,00000001,00000001
2026-09-12 16:18:21.445 liquid deep link event="native-stain-animation-node" object=7bcaee40 offset=0x014 pointer=5b546280 target_name="NcPants2_mesh"
2026-09-12 16:18:21.446 liquid deep string event="native-stain-animation-control" object=597de860 offset=0x01c pointer=00657061 text="?e"
2026-09-12 16:18:21.447 liquid deep string event="native-stain-animation-control" object=597de860 offset=0x038 pointer=40286bb7 text="r$"
2026-09-12 16:18:21.541 liquid world emitter sample person=2 emission=3 position=(1.90489,1.30495,1.62247) direction=(0.00000,0.59297,0.80522) source=rebuilt-joint-local-hierarchy
2026-09-12 16:18:21.552 NATIVE STAIN ANIMATION DIAG generation=180 emission=3 particle=1407 sample_ms=421 update=32b904e0 descriptor=5844bca0 descriptor_checksum=123a8c42 group_index=0 group=57e00840 group_checksum=fe538bb6 counts=(nodes:93,controls:92,weights:93,vectors:93) nodes=[87:7BCBB1C0:d577c2f7:"",88:7BCBD440:3e24a190:"",89:7BCBC540:e2aa0150:"",90:7BCBD720:fdd532a4:"",91:7BCADF40:23023ec1:"",92:7BCAEE40:32757cb7:""] controls=[86:5AD18360:6b3658f4:"",87:5AD18540:dbe4c801:"",88:5AD18BC0:3cadb52c:"",89:5AD18EA0:67cde4c1:"",90:5AD18E40:5730d153:"",91:5AD19300:9f2289e3:""] weights=[83:1,84:1,85:1,86:1,87:1,88:1,89:1,90:1,91:1,92:1] vectors=[87:(1,1,1),88:(1,1,1),89:(1,1,1),90:(1,1,1),91:(1,1,1),92:(1,1,1)]
2026-09-12 16:18:21.552 NATIVE STAIN FIELD DIAG generation=180 node=7BCAEE40 control=597DE860 changes=N+0x3c:0005dd03>0005dd09(5.384615e-040>5.3847e-040) totals=(node:1,control:0)
2026-09-12 16:18:21.568 testicular retraction live write person=2 control=4aa2ebe0 input=0.031 baseline=0.000 contribution=0.026 output=0.026
2026-09-12 16:18:21.669 NATIVE STAIN ANIMATION DIAG generation=180 emission=3 particle=1407 sample_ms=531 update=32b904e0 descriptor=5844bca0 descriptor_checksum=123a8c42 group_index=0 group=57e00840 group_checksum=fe538bb6 counts=(nodes:93,controls:92,weights:93,vectors:93) nodes=[87:7BCBB1C0:ae458125:"",88:7BCBD440:a8bdb04a:"",89:7BCBC540:39460e0a:"",90:7BCBD720:b9524916:"",91:7BCADF40:2ad03f8b:"",92:7BCAEE40:8f2240e5:""] controls=[86:5AD18360:6b3658f4:"",87:5AD18540:dbe4c801:"",88:5AD18BC0:3cadb52c:"",89:5AD18EA0:67cde4c1:"",90:5AD18E40:5730d153:"",91:5AD19300:9f2289e3:""] weights=[83:1,84:1,85:1,86:1,87:1,88:1,89:1,90:1,91:1,92:1] vectors=[87:(1,1,1),88:(1,1,1),89:(1,1,1),90:(1,1,1),91:(1,1,1),92:(1,1,1)]
2026-09-12 16:18:21.670 NATIVE STAIN FIELD DIAG generation=180 node=7BCAEE40 control=597DE860 changes=N+0x3c:0005dd09>0005dd0f(5.3847e-040>5.384784e-040) totals=(node:1,control:0)
2026-09-12 16:18:21.757 ejaculation audio started person=2 emission=3 pulse=4 volume=0.000 path="C:\Users\ErolB\Desktop\Games\TK17\The Klub 17\Extensions\Liquids\Sounds\Ejaculation\Default\cum06.mp3"
2026-09-12 16:18:21.758 testicular retraction pulse person=2 emission=3 pulse=4 baseline=0.000 start=-0.002 target=0.250
2026-09-12 16:18:21.766 testicular retraction applied person=2 emission=3 pulse=4 baseline=0.000 contribution=-0.002 output=0.000
2026-09-12 16:18:21.782 NATIVE STAIN ANIMATION DIAG generation=180 emission=3 particle=1407 sample_ms=640 update=32b904e0 descriptor=5844bca0 descriptor_checksum=123a8c42 group_index=0 group=57e00840 group_checksum=fe538bb6 counts=(nodes:93,controls:92,weights:93,vectors:93) nodes=[87:7BCBB1C0:e85e720e:"",88:7BCBD440:6fc32621:"",89:7BCBC540:b66b0fe1:"",90:7BCBD720:5ca4c19d:"",91:7BCADF40:51dc7b30:"",92:7BCAEE40:27f582ce:""] controls=[86:5AD18360:6b3658f4:"",87:5AD18540:dbe4c801:"",88:5AD18BC0:3cadb52c:"",89:5AD18EA0:67cde4c1:"",90:5AD18E40:5730d153:"",91:5AD19300:9f2289e3:""] weights=[83:1,84:1,85:1,86:1,87:1,88:1,89:1,90:1,91:1,92:1] vectors=[87:(1,1,1),88:(1,1,1),89:(1,1,1),90:(1,1,1),91:(1,1,1),92:(1,1,1)]
2026-09-12 16:18:21.782 NATIVE STAIN FIELD DIAG generation=180 node=7BCAEE40 control=597DE860 changes=N+0x3c:0005dd0f>0005dd14(5.384784e-040>5.384854e-040) totals=(node:1,control:0)
2026-09-12 16:18:21.792 liquid world emitter sample person=2 emission=3 position=(1.93805,1.43671,1.67239) direction=(0.00000,0.59297,0.80522) source=rebuilt-joint-local-hierarchy
2026-09-12 16:18:21.818 testicular retraction live write person=2 control=4aa2ebe0 input=0.255 baseline=0.000 contribution=0.270 output=0.270
2026-09-12 16:18:21.859 liquid native update performance version=0.8.12-decal-freeze-performance samples=50 native_and_pick_ms=0.486 freeze_cleanup_ms=0.026 diagnostics_and_retraction_ms=0.276 peak_total_ms=7.486 tracked=91 freeze_hook=1
2026-09-12 16:18:21.878 NATIVE STAIN ANIMATION DIAG generation=180 emission=3 particle=1407 sample_ms=750 update=32b904e0 descriptor=5844bca0 descriptor_checksum=123a8c42 group_index=0 group=57e00840 group_checksum=fe538bb6 counts=(nodes:93,controls:92,weights:93,vectors:93) nodes=[87:7BCBB1C0:51f60587:"",88:7BCBD440:bb98bbc0:"",89:7BCBC540:a3968980:"",90:7BCBD720:7c16d1d4:"",91:7BCADF40:3e7be7d1:"",92:7BCAEE40:015ee547:""] controls=[86:5AD18360:6b3658f4:"",87:5AD18540:dbe4c801:"",88:5AD18BC0:3cadb52c:"",89:5AD18EA0:67cde4c1:"",90:5AD18E40:5730d153:"",91:5AD19300:9f2289e3:""] weights=[83:1,84:1,85:1,86:1,87:1,88:1,89:1,90:1,91:1,92:1] vectors=[87:(1,1,1),88:(1,1,1),89:(1,1,1),90:(1,1,1),91:(1,1,1),92:(1,1,1)]
2026-09-12 16:18:21.878 NATIVE STAIN FIELD DIAG generation=180 node=7BCAEE40 control=597DE860 changes=N+0x3c:0005dd14>0005dd19(5.384854e-040>5.384924e-040) totals=(node:1,control:0)
2026-09-12 16:18:22.004 NATIVE STAIN ANIMATION DIAG generation=180 emission=3 particle=1407 sample_ms=875 update=32b904e0 descriptor=5844bca0 descriptor_checksum=123a8c42 group_index=0 group=57e00840 group_checksum=fe538bb6 counts=(nodes:93,controls:92,weights:93,vectors:93) nodes=[87:7BCBB1C0:7207e558:"",88:7BCBD440:a4118def:"",89:7BCBC540:e7c80baf:"",90:7BCBD720:c235232b:"",91:7BCADF40:82fe1cf6:"",92:7BCAEE40:2cf34a18:""] controls=[86:5AD18360:6b3658f4:"",87:5AD18540:dbe4c801:"",88:5AD18BC0:3cadb52c:"",89:5AD18EA0:67cde4c1:"",90:5AD18E40:5730d153:"",91:5AD19300:9f2289e3:""] weights=[83:1,84:1,85:1,86:1,87:1,88:1,89:1,90:1,91:1,92:1] vectors=[87:(1,1,1),88:(1,1,1),89:(1,1,1),90:(1,1,1),91:(1,1,1),92:(1,1,1)]
2026-09-12 16:18:22.004 NATIVE STAIN FIELD DIAG generation=180 node=7BCAEE40 control=597DE860 changes=N+0x3c:0005dd19>0005dd1e(5.384924e-040>5.384994e-040) totals=(node:1,control:0)
2026-09-12 16:18:22.044 liquid world emitter sample person=2 emission=3 position=(1.94067,1.51201,1.68792) direction=(0.00000,0.59297,0.80522) source=rebuilt-joint-local-hierarchy
2026-09-12 16:18:22.070 ejaculation audio finished person=2 emission=3 pulse=4 path="C:\Users\ErolB\Desktop\Games\TK17\The Klub 17\Extensions\Liquids\Sounds\Ejaculation\Default\cum06.mp3"
2026-09-12 16:18:22.084 testicular retraction live write person=2 control=4aa2ebe0 input=0.262 baseline=0.000 contribution=0.256 output=0.256
2026-09-12 16:18:22.121 NATIVE STAIN ANIMATION DIAG generation=180 emission=3 particle=1407 sample_ms=984 update=32b904e0 descriptor=5844bca0 descriptor_checksum=123a8c42 group_index=0 group=57e00840 group_checksum=fe538bb6 counts=(nodes:93,controls:92,weights:93,vectors:93) nodes=[87:7BCBB1C0:67b99e5e:"",88:7BCBD440:4846ce51:"",89:7BCBC540:4dab4511:"",90:7BCBD720:b67b974d:"",91:7BCADF40:642d3540:"",92:7BCAEE40:adc8ea1e:""] controls=[86:5AD18360:6b3658f4:"",87:5AD18540:dbe4c801:"",88:5AD18BC0:3cadb52c:"",89:5AD18EA0:67cde4c1:"",90:5AD18E40:5730d153:"",91:5AD19300:9f2289e3:""] weights=[83:1,84:1,85:1,86:1,87:1,88:1,89:1,90:1,91:1,92:1] vectors=[87:(1,1,1),88:(1,1,1),89:(1,1,1),90:(1,1,1),91:(1,1,1),92:(1,1,1)]
2026-09-12 16:18:22.122 NATIVE STAIN FIELD DIAG generation=180 node=7BCAEE40 control=597DE860 changes=N+0x3c:0005dd1e>0005dd24(5.384994e-040>5.385078e-040) totals=(node:1,control:0)
2026-09-12 16:18:22.209 liquid native stain contact consumed source=confirmed particle=1425 emission=3 retry=0 result=4 count=1 native_hit=1 body_confirmed=0 retried=0 outcome=native-hit-attachment-unconfirmed
2026-09-12 16:18:22.230 NATIVE STAIN ANIMATION DIAG generation=181 emission=3 particle=1425 sample_ms=15 update=32b904e0 descriptor=5844bca0 descriptor_checksum=1ee3da2d group_index=0 group=57e00840 group_checksum=fe538bb6 counts=(nodes:94,controls:93,weights:94,vectors:94) nodes=[88:7BCBD440:6a0b1db0:"",89:7BCBC540:5208eb70:"",90:7BCBD720:5ad24244:"",91:7BCADF40:2b0a83a1:"",92:7BCAEE40:05b59857:"",93:7C41E2E0:7acba674:""] controls=[87:5AD18540:dbe4c801:"",88:5AD18BC0:3cadb52c:"",89:5AD18EA0:67cde4c1:"",90:5AD18E40:5730d153:"",91:5AD19300:9f2289e3:"",92:5AD119C0:28807e90:""] weights=[84:1,85:1,86:1,87:1,88:1,89:1,90:1,91:1,92:1,93:1] vectors=[88:(1,1,1),89:(1,1,1),90:(1,1,1),91:(1,1,1),92:(1,1,1),93:(1,1,1)]
2026-09-12 16:18:22.252 liquid native stain contact consumed source=confirmed particle=1428 emission=3 retry=0 result=4 count=1 native_hit=1 body_confirmed=0 retried=0 outcome=native-hit-attachment-unconfirmed
2026-09-12 16:18:22.291 liquid world emitter sample person=2 emission=3 position=(1.93983,1.45843,1.67769) direction=(0.00000,0.59297,0.80522) source=rebuilt-joint-local-hierarchy
2026-09-12 16:18:22.302 liquid native stain contact consumed source=confirmed particle=1435 emission=3 retry=0 result=4 count=1 native_hit=1 body_confirmed=0 retried=0 outcome=native-hit-attachment-unconfirmed
2026-09-12 16:18:22.340 liquid native stain contact consumed source=confirmed particle=1453 emission=3 retry=0 result=4 count=1 native_hit=1 body_confirmed=0 retried=0 outcome=native-hit-attachment-unconfirmed
2026-09-12 16:18:22.341 NATIVE STAIN ANIMATION DIAG generation=184 emission=3 particle=1453 sample_ms=0 update=32b904e0 descriptor=5844bca0 descriptor_checksum=f5670028 group_index=0 group=57e00840 group_checksum=fe538bb6 counts=(nodes:97,controls:96,weights:97,vectors:97) nodes=[91:7BCADF40:e0806f86:"",92:7BCAEE40:f54722a8:"",93:7C41E2E0:00abc34b:"",94:7C41DD20:07b34bfc:"",95:7C41E7E0:1d0af5ef:"",96:7C41F640:ad433117:""] controls=[90:5AD18E40:5730d153:"",91:5AD19300:9f2289e3:"",92:5AD119C0:28807e90:"",93:5AD18FE0:7c11f28e:"",94:5AD18DA0:45180294:"",95:5AD11BE0:e907d742:""] weights=[87:1,88:1,89:1,90:1,91:1,92:1,93:1,94:1,95:1,96:1] vectors=[91:(1,1,1),92:(1,1,1),93:(1,1,1),94:(1,1,1),95:(1,1,1),96:(1,1,1)]
2026-09-12 16:18:22.342 testicular retraction live write person=2 control=4aa2ebe0 input=0.245 baseline=0.000 contribution=0.247 output=0.247
2026-09-12 16:18:22.379 liquid native stain contact consumed source=confirmed particle=1465 emission=3 retry=0 result=4 count=1 native_hit=1 body_confirmed=0 retried=0 outcome=native-hit-attachment-unconfirmed
2026-09-12 16:18:22.431 liquid native stain contact consumed source=confirmed particle=1471 emission=3 retry=0 result=4 count=1 native_hit=1 body_confirmed=0 retried=0 outcome=native-hit-attachment-unconfirmed
2026-09-12 16:18:22.454 liquid native stain contact consumed source=confirmed particle=1477 emission=3 retry=0 result=4 count=1 native_hit=1 body_confirmed=0 retried=0 outcome=native-hit-attachment-unconfirmed
2026-09-12 16:18:22.456 NATIVE STAIN ANIMATION DIAG generation=187 emission=3 particle=1477 sample_ms=0 update=32b904e0 descriptor=5844bca0 descriptor_checksum=d3c87fd5 group_index=0 group=57e00840 group_checksum=fe538bb6 counts=(nodes:100,controls:99,weights:100,vectors:100) nodes=[94:7C41DD20:55fa2cc5:"",95:7C41E7E0:a80bbd56:"",96:7C41F640:218e1fba:"",97:7C41F080:b60349e5:"",98:7C41F420:a4adbb5e:"",99:7C41FEE0:75e66735:""] controls=[93:5AD18FE0:7c11f28e:"",94:5AD18DA0:45180294:"",95:5AD11BE0:b428c86a:"",96:5AD116A0:f673478b:"",97:5AD118C0:441b21f2:"",98:5AD114C0:48af92c3:""] weights=[90:1,91:1,92:1,93:1,94:1,95:1,96:1,97:1,98:1,99:1] vectors=[94:(1,1,1),95:(1,1,1),96:(1,1,1),97:(1,1,1),98:(1,1,1),99:(1,1,1)]
2026-09-12 16:18:22.499 liquid native stain contact consumed source=confirmed particle=1483 emission=3 retry=0 result=4 count=1 native_hit=1 body_confirmed=0 retried=0 outcome=native-hit-attachment-unconfirmed
2026-09-12 16:18:22.538 liquid world emitter sample person=2 emission=3 position=(1.92349,1.44251,1.66184) direction=(0.00000,0.59297,0.80522) source=rebuilt-joint-local-hierarchy
2026-09-12 16:18:22.564 NATIVE STAIN ANIMATION DIAG generation=188 emission=3 particle=1483 sample_ms=62 update=32b904e0 descriptor=5844bca0 descriptor_checksum=c8bd15df group_index=0 group=57e00840 group_checksum=fe538bb6 counts=(nodes:101,controls:100,weights:101,vectors:101) nodes=[95:7C41E7E0:f4f8f5ed:"",96:7C41F640:7b1ce821:"",97:7C41F080:a3ee59fe:"",98:7C41F420:d52d8645:"",99:7C41FEE0:3ffdd5b7:"",100:7C421240:09e288f8:""] controls=[94:5AD18DA0:45180294:"",95:5AD11BE0:5b98fe0a:"",96:5AD116A0:f673478b:"",97:5AD118C0:441b21f2:"",98:5AD114C0:55e4b2d3:"",99:5AD11780:ae28201f:""] weights=[91:1,92:1,93:1,94:1,95:1,96:1,97:1,98:1,99:1,100:1] vectors=[95:(1,1,1),96:(1,1,1),97:(1,1,1),98:(1,1,1),99:(1,1,1),100:(1,1,1)]
2026-09-12 16:18:22.588 liquid native stain contact consumed source=confirmed particle=1490 emission=3 retry=0 result=12 count=1 native_hit=1 body_confirmed=0 retried=0 outcome=native-hit-attachment-unconfirmed
2026-09-12 16:18:22.588 testicular retraction live write person=2 control=4aa2ebe0 input=0.250 baseline=0.000 contribution=0.250 output=0.250
2026-09-12 16:18:22.678 liquid native stain contact consumed source=confirmed particle=1497 emission=3 retry=0 result=4 count=1 native_hit=1 body_confirmed=0 retried=0 outcome=native-hit-attachment-unconfirmed
2026-09-12 16:18:22.678 NATIVE STAIN ANIMATION DIAG generation=190 emission=3 particle=1497 sample_ms=0 update=32b904e0 descriptor=5844bca0 descriptor_checksum=ec0b05cf group_index=0 group=57e00840 group_checksum=fe538bb6 counts=(nodes:102,controls:101,weights:102,vectors:102) nodes=[96:7C41F640:4fae8948:"",97:7C41F080:ed2762af:"",98:7C41F420:b21ef434:"",99:7C41FEE0:a4a94dc6:"",100:7C421240:ee4e5f51:"",101:7C423640:2a2fc9aa:""] controls=[95:5AD11BE0:5b98fe0a:"",96:5AD116A0:f673478b:"",97:5AD118C0:441b21f2:"",98:5AD114C0:5c7adff9:"",99:5AD11780:20d280da:"",100:5AD11D80:9686976b:""] weights=[92:1,93:1,94:1,95:1,96:1,97:1,98:1,99:1,100:1,101:1] vectors=[96:(1,1,1),97:(1,1,1),98:(1,1,1),99:(1,1,1),100:(1,1,1),101:(1,1,1)]
2026-09-12 16:18:22.786 liquid world emitter sample person=2 emission=3 position=(1.90419,1.43237,1.64468) direction=(0.00000,0.59297,0.80522) source=rebuilt-joint-local-hierarchy
2026-09-12 16:18:22.793 NATIVE STAIN ANIMATION DIAG generation=190 emission=3 particle=1497 sample_ms=110 update=32b904e0 descriptor=5844bca0 descriptor_checksum=ec0b05cf group_index=0 group=57e00840 group_checksum=fe538bb6 counts=(nodes:102,controls:101,weights:102,vectors:102) nodes=[96:7C41F640:404092aa:"",97:7C41F080:718f1395:"",98:7C41F420:5456804e:"",99:7C41FEE0:1b4808fc:"",100:7C421240:f0b3c663:"",101:7C423640:1d1a66f3:""] controls=[95:5AD11BE0:5b98fe0a:"",96:5AD116A0:f673478b:"",97:5AD118C0:441b21f2:"",98:5AD114C0:55e4b2d3:"",99:5AD11780:20d280da:"",100:5AD11D80:b80f3396:""] weights=[92:1,93:1,94:1,95:1,96:1,97:1,98:1,99:1,100:1,101:1] vectors=[96:(1,1,1),97:(1,1,1),98:(1,1,1),99:(1,1,1),100:(1,1,1),101:(1,1,1)]
2026-09-12 16:18:22.848 testicular retraction live write person=2 control=4aa2ebe0 input=0.250 baseline=0.000 contribution=0.250 output=0.250
2026-09-12 16:18:22.848 liquid native update performance version=0.8.12-decal-freeze-performance samples=46 native_and_pick_ms=0.835 freeze_cleanup_ms=0.032 diagnostics_and_retraction_ms=0.209 peak_total_ms=4.351 tracked=100 freeze_hook=1
2026-09-12 16:18:22.897 NATIVE STAIN ANIMATION DIAG generation=190 emission=3 particle=1497 sample_ms=219 update=32b904e0 descriptor=5844bca0 descriptor_checksum=ec0b05cf group_index=0 group=57e00840 group_checksum=fe538bb6 counts=(nodes:102,controls:101,weights:102,vectors:102) nodes=[96:7C41F640:303abcc4:"",97:7C41F080:493af553:"",98:7C41F420:ca02f198:"",99:7C41FEE0:a25b2ef2:"",100:7C421240:324f6a65:"",101:7C423640:998126b5:""] controls=[95:5AD11BE0:5b98fe0a:"",96:5AD116A0:f673478b:"",97:5AD118C0:441b21f2:"",98:5AD114C0:0b727887:"",99:5AD11780:c327ee8d:"",100:5AD11D80:b80f3396:""] weights=[92:1,93:1,94:1,95:1,96:1,97:1,98:1,99:1,100:1,101:1] vectors=[96:(1,1,1),97:(1,1,1),98:(1,1,1),99:(1,1,1),100:(1,1,1),101:(1,1,1)]
2026-09-12 16:18:23.010 NATIVE STAIN ANIMATION DIAG generation=190 emission=3 particle=1497 sample_ms=329 update=32b904e0 descriptor=5844bca0 descriptor_checksum=ec0b05cf group_index=0 group=57e00840 group_checksum=fe538bb6 counts=(nodes:102,controls:101,weights:102,vectors:102) nodes=[96:7C41F640:32d66e38:"",97:7C41F080:d6e991df:"",98:7C41F420:da3a8e24:"",99:7C41FEE0:83957bf6:"",100:7C421240:4e384f61:"",101:7C423640:b1ddb671:""] controls=[95:5AD11BE0:5b98fe0a:"",96:5AD116A0:f673478b:"",97:5AD118C0:441b21f2:"",98:5AD114C0:f87c0195:"",99:5AD11780:93086754:"",100:5AD11D80:aada1386:""] weights=[92:1,93:1,94:1,95:1,96:1,97:1,98:1,99:1,100:1,101:1] vectors=[96:(1,1,1),97:(1,1,1),98:(1,1,1),99:(1,1,1),100:(1,1,1),101:(1,1,1)]
2026-09-12 16:18:23.010 NATIVE STAIN FIELD DIAG generation=190 outcome=baseline node=7c423640 control=7c166a80
2026-09-12 16:18:23.011 memory snapshot label="native-stain-animation-node-baseline" address=7C423640 words=7285a8d4,3b247ed0,7285a908,72894190,53481a40,52485e40,01fff0ad,00000000,00000000,00000000,5a0e1bca,00000000,670d3dc0,72894230,00000000,0005dd4d,3f800000,3f800000,3f800000,3f800000,00000000,00000000,00000000,00000000
2026-09-12 16:18:23.011 memory snapshot label="native-stain-animation-control-baseline" address=7C166A80 words=72859ad4,7c333073,72859adc,72894190,3f800000,00000000,72894170,306e6f73,00340034,3c844d00,3ecd14e4,3f6f7271,beb4b1ee,bcc52e73,898b97fc,8d010db6,bdb97247,bf0596a7,bf5877ee,3de6c4c6,bf450870,bf1c63f1,be3dfb94,7c166ac0
2026-09-12 16:18:23.013 liquid deep links event="native-stain-animation-node" object=7c423640 named_or_string_links=0 scan_bytes=96
2026-09-12 16:18:23.013 liquid deep links event="native-stain-animation-control" object=7c166a80 named_or_string_links=0 scan_bytes=96
2026-09-12 16:18:23.042 liquid world emitter sample person=2 emission=3 position=(1.89827,1.50042,1.65213) direction=(0.00000,0.59297,0.80522) source=rebuilt-joint-local-hierarchy
2026-09-12 16:18:23.098 testicular retraction live write person=2 control=4aa2ebe0 input=0.021 baseline=0.000 contribution=0.021 output=0.021
2026-09-12 16:18:23.131 NATIVE STAIN ANIMATION DIAG generation=190 emission=3 particle=1497 sample_ms=454 update=32b904e0 descriptor=5844bca0 descriptor_checksum=ec0b05cf group_index=0 group=57e00840 group_checksum=fe538bb6 counts=(nodes:102,controls:101,weights:102,vectors:102) nodes=[96:7C41F640:b229551a:"",97:7C41F080:82e799c5:"",98:7C41F420:550ab47e:"",99:7C41FEE0:e0ebf86c:"",100:7C421240:82032ff3:"",101:7C423640:8bcafd63:""] controls=[95:5AD11BE0:5b98fe0a:"",96:5AD116A0:f673478b:"",97:5AD118C0:441b21f2:"",98:5AD114C0:c6319612:"",99:5AD11780:42619a45:"",100:5AD11D80:aada1386:""] weights=[92:1,93:1,94:1,95:1,96:1,97:1,98:1,99:1,100:1,101:1] vectors=[96:(1,1,1),97:(1,1,1),98:(1,1,1),99:(1,1,1),100:(1,1,1),101:(1,1,1)]
2026-09-12 16:18:23.132 NATIVE STAIN FIELD DIAG generation=190 node=7C423640 control=7C166A80 changes=N+0x3c:0005dd4d>0005dd53(5.385652e-040>5.385737e-040) totals=(node:1,control:0)
2026-09-12 16:18:23.265 ejaculation audio started person=2 emission=3 pulse=5 volume=0.000 path="C:\Users\ErolB\Desktop\Games\TK17\The Klub 17\Extensions\Liquids\Sounds\Ejaculation\Default\cum03.mp3"
2026-09-12 16:18:23.265 testicular retraction pulse person=2 emission=3 pulse=5 baseline=0.000 start=-0.000 target=0.250
2026-09-12 16:18:23.284 NATIVE STAIN ANIMATION DIAG generation=190 emission=3 particle=1497 sample_ms=594 update=32b904e0 descriptor=5844bca0 descriptor_checksum=ec0b05cf group_index=0 group=57e00840 group_checksum=fe538bb6 counts=(nodes:102,controls:101,weights:102,vectors:102) nodes=[96:7C41F640:781d3974:"",97:7C41F080:0a8fbcc3:"",98:7C41F420:cbbf6e88:"",99:7C41FEE0:a8ff1ca2:"",100:7C421240:fe69efb5:"",101:7C423640:cd66a165:""] controls=[95:5AD11BE0:5b98fe0a:"",96:5AD116A0:f673478b:"",97:5AD118C0:441b21f2:"",98:5AD114C0:56a5b071:"",99:5AD11780:353a5401:"",100:5AD11D80:782bc13f:""] weights=[92:1,93:1,94:1,95:1,96:1,97:1,98:1,99:1,100:1,101:1] vectors=[96:(1,1,1),97:(1,1,1),98:(1,1,1),99:(1,1,1),100:(1,1,1),101:(1,1,1)]
2026-09-12 16:18:23.284 NATIVE STAIN FIELD DIAG generation=190 node=7C423640 control=7C166A80 changes=N+0x3c:0005dd53>0005dd59(5.385737e-040>5.385821e-040) totals=(node:1,control:0)
2026-09-12 16:18:23.285 testicular retraction applied person=2 emission=3 pulse=5 baseline=0.000 contribution=-0.000 output=0.000
2026-09-12 16:18:23.296 liquid world emitter sample person=2 emission=3 position=(1.86254,1.74946,1.66819) direction=(0.00000,0.59297,0.80522) source=rebuilt-joint-local-hierarchy
2026-09-12 16:18:23.358 testicular retraction live write person=2 control=4aa2ebe0 input=0.286 baseline=0.000 contribution=0.289 output=0.289
2026-09-12 16:18:23.403 NATIVE STAIN ANIMATION DIAG generation=190 emission=3 particle=1497 sample_ms=719 update=32b904e0 descriptor=5844bca0 descriptor_checksum=ec0b05cf group_index=0 group=57e00840 group_checksum=fe538bb6 counts=(nodes:102,controls:101,weights:102,vectors:102) nodes=[96:7C41F640:f95effe6:"",97:7C41F080:116cbdf9:"",98:7C41F420:bc1488c2:"",99:7C41FEE0:948ea668:"",100:7C421240:e63cc4c7:"",101:7C423640:4c0e5337:""] controls=[95:5AD11BE0:5b98fe0a:"",96:5AD116A0:f673478b:"",97:5AD118C0:441b21f2:"",98:5AD114C0:56a5b071:"",99:5AD11780:353a5401:"",100:5AD11D80:782bc13f:""] weights=[92:1,93:1,94:1,95:1,96:1,97:1,98:1,99:1,100:1,101:1] vectors=[96:(1,1,1),97:(1,1,1),98:(1,1,1),99:(1,1,1),100:(1,1,1),101:(1,1,1)]
2026-09-12 16:18:23.404 NATIVE STAIN FIELD DIAG generation=190 node=7C423640 control=7C166A80 changes=N+0x3c:0005dd59>0005dd5f(5.385821e-040>5.385905e-040) totals=(node:1,control:0)
2026-09-12 16:18:23.470 ejaculation audio finished person=2 emission=3 pulse=5 path="C:\Users\ErolB\Desktop\Games\TK17\The Klub 17\Extensions\Liquids\Sounds\Ejaculation\Default\cum03.mp3"
2026-09-12 16:18:23.508 NATIVE STAIN ANIMATION DIAG generation=190 emission=3 particle=1497 sample_ms=829 update=32b904e0 descriptor=5844bca0 descriptor_checksum=ec0b05cf group_index=0 group=57e00840 group_checksum=fe538bb6 counts=(nodes:102,controls:101,weights:102,vectors:102) nodes=[96:7C41F640:80be0c2d:"",97:7C41F080:965a71d2:"",98:7C41F420:a26ec4c9:"",99:7C41FEE0:14bfa933:"",100:7C421240:1a70d32c:"",101:7C423640:cd7327bc:""] controls=[95:5AD11BE0:5b98fe0a:"",96:5AD116A0:f673478b:"",97:5AD118C0:441b21f2:"",98:5AD114C0:eb46e185:"",99:5AD11780:29801966:"",100:5AD11D80:782bc13f:""] weights=[92:1,93:1,94:1,95:1,96:1,97:1,98:1,99:1,100:1,101:1] vectors=[96:(1,1,1),97:(1,1,1),98:(1,1,1),99:(1,1,1),100:(1,1,1),101:(1,1,1)]
2026-09-12 16:18:23.508 NATIVE STAIN FIELD DIAG generation=190 node=7C423640 control=7C166A80 changes=N+0x3c:0005dd5f>0005dd64(5.385905e-040>5.385975e-040) totals=(node:1,control:0)
2026-09-12 16:18:23.537 liquid world emitter sample person=2 emission=3 position=(1.87217,1.80738,1.68620) direction=(0.00000,0.59297,0.80522) source=rebuilt-joint-local-hierarchy
2026-09-12 16:18:23.615 NATIVE STAIN ANIMATION DIAG generation=190 emission=3 particle=1497 sample_ms=938 update=32b904e0 descriptor=5844bca0 descriptor_checksum=ec0b05cf group_index=0 group=57e00840 group_checksum=fe538bb6 counts=(nodes:102,controls:101,weights:102,vectors:102) nodes=[96:7C41F640:4b8ef5c7:"",97:7C41F080:b4a60a10:"",98:7C41F420:8fff9edb:"",99:7C41FEE0:728607b1:"",100:7C421240:940ccee6:"",101:7C423640:23dc76b6:""] controls=[95:5AD11BE0:5b98fe0a:"",96:5AD116A0:f673478b:"",97:5AD118C0:441b21f2:"",98:5AD114C0:c6319612:"",99:5AD11780:29801966:"",100:5AD11D80:782bc13f:""] weights=[92:1,93:1,94:1,95:1,96:1,97:1,98:1,99:1,100:1,101:1] vectors=[96:(1,1,1),97:(1,1,1),98:(1,1,1),99:(1,1,1),100:(1,1,1),101:(1,1,1)]
2026-09-12 16:18:23.615 NATIVE STAIN FIELD DIAG generation=190 node=7C423640 control=7C166A80 changes=N+0x3c:0005dd64>0005dd6a(5.385975e-040>5.386059e-040) totals=(node:1,control:0)
2026-09-12 16:18:23.615 testicular retraction live write person=2 control=4aa2ebe0 input=0.254 baseline=0.000 contribution=0.251 output=0.251
2026-09-12 16:18:23.727 liquid native stain contact consumed source=confirmed particle=1510 emission=3 retry=0 result=4 count=1 native_hit=1 body_confirmed=0 retried=0 outcome=native-hit-attachment-unconfirmed
2026-09-12 16:18:23.729 NATIVE STAIN ANIMATION DIAG generation=191 emission=3 particle=1510 sample_ms=0 update=32b904e0 descriptor=5844bca0 descriptor_checksum=eaeb6c58 group_index=0 group=57e00840 group_checksum=fe538bb6 counts=(nodes:103,controls:102,weights:103,vectors:103) nodes=[97:7C41F080:264a5869:"",98:7C41F420:e38fd8b2:"",99:7C41FEE0:a64525d8:"",100:7C421240:1cdfe5d7:"",101:7C423640:f8d15167:"",102:7C34B160:de1f67d0:""] controls=[96:5AD116A0:f673478b:"",97:5AD118C0:441b21f2:"",98:5AD114C0:d366b622:"",99:5AD11780:62a2c940:"",100:5AD11D80:782bc13f:"",101:5AD117E0:f4f122ce:""] weights=[93:1,94:1,95:1,96:1,97:1,98:1,99:1,100:1,101:1,102:1] vectors=[97:(1,1,1),98:(1,1,1),99:(1,1,1),100:(1,1,1),101:(1,1,1),102:(1,1,1)]
2026-09-12 16:18:23.755 liquid native stain contact consumed source=confirmed particle=1513 emission=3 retry=0 result=4 count=1 native_hit=1 body_confirmed=0 retried=0 outcome=native-hit-attachment-unconfirmed
2026-09-12 16:18:23.787 liquid world emitter sample person=2 emission=3 position=(1.94418,1.57716,1.70235) direction=(0.00000,0.59297,0.80522) source=rebuilt-joint-local-hierarchy
2026-09-12 16:18:23.800 liquid native stain contact consumed source=confirmed particle=1509 emission=3 retry=0 result=4 count=1 native_hit=1 body_confirmed=0 retried=0 outcome=native-hit-attachment-unconfirmed
2026-09-12 16:18:23.857 liquid native stain contact consumed source=confirmed particle=1528 emission=3 retry=0 result=4 count=1 native_hit=1 body_confirmed=0 retried=0 outcome=native-hit-attachment-unconfirmed
2026-09-12 16:18:23.858 NATIVE STAIN ANIMATION DIAG generation=194 emission=3 particle=1528 sample_ms=0 update=32b904e0 descriptor=5844bca0 descriptor_checksum=b81a7652 group_index=0 group=57e00840 group_checksum=1689c5e7 counts=(nodes:106,controls:105,weights:106,vectors:106) nodes=[100:7C421240:325bf0bc:"",101:7C423640:b5880a2c:"",102:7C34B160:484fb372:"",103:7C34D3E0:92aeb30d:"",104:7C34D1C0:777db29e:"",105:7C34E5E0:1650f8a3:""] controls=[99:5AD11780:62a2c940:"",100:5AD11D80:782bc13f:"",101:5AD117E0:8e69b663:"",102:5AD11A60:725263f1:"",103:5AD11820:8a99a5b6:"",104:5AD12320:e43e79cd:""] weights=[96:1,97:1,98:1,99:1,100:1,101:1,102:1,103:1,104:1,105:1] vectors=[100:(1,1,1),101:(1,1,1),102:(1,1,1),103:(1,1,1),104:(1,1,1),105:(1,1,1)]
2026-09-12 16:18:23.858 liquid native update performance version=0.8.12-decal-freeze-performance samples=46 native_and_pick_ms=0.379 freeze_cleanup_ms=0.016 diagnostics_and_retraction_ms=0.284 peak_total_ms=4.544 tracked=104 freeze_hook=1
2026-09-12 16:18:23.880 liquid native stain contact consumed source=confirmed particle=1530 emission=3 retry=0 result=4 count=1 native_hit=1 body_confirmed=0 retried=0 outcome=native-hit-attachment-unconfirmed
2026-09-12 16:18:23.881 testicular retraction live write person=2 control=4aa2ebe0 input=0.249 baseline=0.000 contribution=0.250 output=0.250
2026-09-12 16:18:23.905 liquid native stain contact consumed source=confirmed particle=1536 emission=3 retry=0 result=4 count=1 native_hit=1 body_confirmed=0 retried=0 outcome=native-hit-attachment-unconfirmed
2026-09-12 16:18:23.959 liquid native stain contact consumed source=confirmed particle=1544 emission=3 retry=0 result=4 count=1 native_hit=1 body_confirmed=0 retried=0 outcome=native-hit-attachment-unconfirmed
2026-09-12 16:18:23.961 NATIVE STAIN ANIMATION DIAG generation=197 emission=3 particle=1544 sample_ms=0 update=32b904e0 descriptor=5844bca0 descriptor_checksum=c8f12c64 group_index=0 group=57e00840 group_checksum=1689c5e7 counts=(nodes:109,controls:108,weights:109,vectors:109) nodes=[103:7C34D3E0:9c4270d1:"",104:7C34D1C0:c3c2d462:"",105:7C34E5E0:b684cb6d:"",106:7C34DEC0:6d07d2de:"",107:7C34DF60:006ff2b9:"",108:7C34FFC0:5a8546b2:""] controls=[102:5AD11A60:725263f1:"",103:5AD11820:8a99a5b6:"",104:5AD12320:0d535df4:"",105:5AD12860:6f1bd3f6:"",106:5AD12640:edc83f52:"",107:5AD12040:f454759f:""] weights=[99:1,100:1,101:1,102:1,103:1,104:1,105:1,106:1,107:1,108:1] vectors=[103:(1,1,1),104:(1,1,1),105:(1,1,1),106:(1,1,1),107:(1,1,1),108:(1,1,1)]
2026-09-12 16:18:24.015 liquid native stain contact consumed source=confirmed particle=1550 emission=3 retry=0 result=4 count=1 native_hit=1 body_confirmed=0 retried=0 outcome=native-hit-attachment-unconfirmed
2026-09-12 16:18:24.044 liquid native stain contact consumed source=confirmed particle=1553 emission=3 retry=0 result=4 count=1 native_hit=1 body_confirmed=0 retried=0 outcome=native-hit-attachment-unconfirmed
2026-09-12 16:18:24.056 liquid world emitter sample person=2 emission=3 position=(1.95719,1.46278,1.69226) direction=(0.00000,0.59297,0.80522) source=rebuilt-joint-local-hierarchy
2026-09-12 16:18:24.077 liquid native stain contact consumed source=confirmed particle=1557 emission=3 retry=0 result=4 count=1 native_hit=1 body_confirmed=0 retried=0 outcome=native-hit-attachment-unconfirmed
2026-09-12 16:18:24.079 NATIVE STAIN ANIMATION DIAG generation=200 emission=3 particle=1557 sample_ms=0 update=32b904e0 descriptor=5844bca0 descriptor_checksum=b2084e6a group_index=0 group=57e00840 group_checksum=1689c5e7 counts=(nodes:112,controls:111,weights:112,vectors:112) nodes=[106:7C34DEC0:df216ffd:"",107:7C34DF60:f89e0a1a:"",108:7C34FFC0:8077c513:"",109:7C350140:32d94373:"",110:7C34F720:6bd1650d:"",111:7C350640:358749a9:""] controls=[105:5AD12860:6f1bd3f6:"",106:5AD12640:edc83f52:"",107:5AD12040:f454759f:"",108:5AD12280:37020630:"",109:5AD121E0:cc7d6fef:"",110:5AD125A0:55f2c163:""] weights=[102:1,103:1,104:1,105:1,106:1,107:1,108:1,109:1,110:1,111:1] vectors=[106:(1,1,1),107:(1,1,1),108:(1,1,1),109:(1,1,1),110:(1,1,1),111:(1,1,1)]
2026-09-12 16:18:24.104 liquid native stain contact consumed source=confirmed particle=1559 emission=3 retry=0 result=4 count=1 native_hit=1 body_confirmed=0 retried=0 outcome=native-hit-attachment-unconfirmed
2026-09-12 16:18:24.130 liquid native stain contact consumed source=confirmed particle=1563 emission=3 retry=0 result=4 count=1 native_hit=1 body_confirmed=0 retried=0 outcome=native-hit-attachment-unconfirmed
2026-09-12 16:18:24.131 testicular retraction live write person=2 control=4aa2ebe0 input=0.250 baseline=0.000 contribution=0.250 output=0.250
2026-09-12 16:18:24.176 NATIVE STAIN ANIMATION DIAG generation=202 emission=3 particle=1563 sample_ms=46 update=32b904e0 descriptor=5844bca0 descriptor_checksum=82d940c6 group_index=0 group=57e00840 group_checksum=1689c5e7 counts=(nodes:114,controls:113,weights:114,vectors:114) nodes=[108:7C34FFC0:7ddc139f:"",109:7C350140:4310dfff:"",110:7C34F720:7d16ba09:"",111:7C350640:19ed8044:"",112:7C3518E0:0103eb3c:"",113:7C3514A0:8e7646ae:""] controls=[107:5AD12040:09e0fe03:"",108:5AD12280:44372640:"",109:5AD121E0:f5e0e26f:"",110:5AD125A0:eb0d3924:"",111:5AD11EC0:613aa28e:"",112:5AD11FA0:6b4177f5:""] weights=[104:1,105:1,106:1,107:1,108:1,109:1,110:1,111:1,112:1,113:1] vectors=[108:(1,1,1),109:(1,1,1),110:(1,1,1),111:(1,1,1),112:(1,1,1),113:(1,1,1)]
2026-09-12 16:18:24.294 NATIVE STAIN ANIMATION DIAG generation=202 emission=3 particle=1563 sample_ms=156 update=32b904e0 descriptor=5844bca0 descriptor_checksum=82d940c6 group_index=0 group=57e00840 group_checksum=1689c5e7 counts=(nodes:114,controls:113,weights:114,vectors:114) nodes=[108:7C34FFC0:105daaa1:"",109:7C350140:a9cb7f41:"",110:7C34F720:0a8ab337:"",111:7C350640:ddbdb6ba:"",112:7C3518E0:8ac14282:"",113:7C3514A0:54537e08:""] controls=[107:5AD12040:09e0fe03:"",108:5AD12280:c097daff:"",109:5AD121E0:f5e0e26f:"",110:5AD125A0:eb0d3924:"",111:5AD11EC0:613aa28e:"",112:5AD11FA0:6b4177f5:""] weights=[104:1,105:1,106:1,107:1,108:1,109:1,110:1,111:1,112:1,113:1] vectors=[108:(1,1,1),109:(1,1,1),110:(1,1,1),111:(1,1,1),112:(1,1,1),113:(1,1,1)]
2026-09-12 16:18:24.305 liquid world emitter sample person=2 emission=3 position=(1.97326,1.29916,1.67582) direction=(0.00000,0.59297,0.80522) source=rebuilt-joint-local-hierarchy
2026-09-12 16:18:24.399 NATIVE STAIN ANIMATION DIAG generation=202 emission=3 particle=1563 sample_ms=265 update=32b904e0 descriptor=5844bca0 descriptor_checksum=82d940c6 group_index=0 group=57e00840 group_checksum=1689c5e7 counts=(nodes:114,controls:113,weights:114,vectors:114) nodes=[108:7C34FFC0:aeb15ebe:"",109:7C350140:8885005e:"",110:7C34F720:6c024a00:"",111:7C350640:86d60c25:"",112:7C3518E0:94ef4edd:"",113:7C3514A0:534162af:""] controls=[107:5AD12040:09e0fe03:"",108:5AD12280:cdccfb0f:"",109:5AD121E0:f5e0e26f:"",110:5AD125A0:55f2c163:"",111:5AD11EC0:613aa28e:"",112:5AD11FA0:6b4177f5:""] weights=[104:1,105:1,106:1,107:1,108:1,109:1,110:1,111:1,112:1,113:1] vectors=[108:(1,1,1),109:(1,1,1),110:(1,1,1),111:(1,1,1),112:(1,1,1),113:(1,1,1)]
2026-09-12 16:18:24.399 testicular retraction live write person=2 control=4aa2ebe0 input=0.223 baseline=0.000 contribution=0.159 output=0.159
2026-09-12 16:18:24.521 NATIVE STAIN ANIMATION DIAG generation=202 emission=3 particle=1563 sample_ms=390 update=32b904e0 descriptor=5844bca0 descriptor_checksum=82d940c6 group_index=0 group=57e00840 group_checksum=1689c5e7 counts=(nodes:114,controls:113,weights:114,vectors:114) nodes=[108:7C34FFC0:8b00edd8:"",109:7C350140:739f27f8:"",110:7C34F720:404ac596:"",111:7C350640:cbe641b3:"",112:7C3518E0:0cc569fb:"",113:7C3514A0:ac30c4f1:""] controls=[107:5AD12040:09e0fe03:"",108:5AD12280:cdccfb0f:"",109:5AD121E0:f5e0e26f:"",110:5AD125A0:55f2c163:"",111:5AD11EC0:613aa28e:"",112:5AD11FA0:6b4177f5:""] weights=[104:1,105:1,106:1,107:1,108:1,109:1,110:1,111:1,112:1,113:1] vectors=[108:(1,1,1),109:(1,1,1),110:(1,1,1),111:(1,1,1),112:(1,1,1),113:(1,1,1)]
2026-09-12 16:18:24.521 NATIVE STAIN FIELD DIAG generation=202 outcome=baseline node=7c3514a0 control=7c16d4e0
2026-09-12 16:18:24.521 memory snapshot label="native-stain-animation-node-baseline" address=7C3514A0 words=7285a8d4,00000000,7285a908,72894190,53480c80,52485e40,01fff0ad,00000000,00000000,00000000,5a0e1bca,00000000,670d2580,72894230,00000000,0005dd90,3f800000,3f800000,3f800000,3f800000,00000000,00000000,00000000,00000000
2026-09-12 16:18:24.522 memory snapshot label="native-stain-animation-control-baseline" address=7C16D4E0 words=72859ad4,3570f020,72859adc,72894190,3f800000,00000000,72894170,32cf3c00,3f800000,bc63bcd3,9b51800a,8002005a,bdcbb6ed,be8eea21,3f734acb,be0ccf6c,bebff434,3f587fcc,bec27286,3efe26d5,3f5d104d,3db645a2,3e6f12c2,3f78a1e0
2026-09-12 16:18:24.522 liquid deep string event="native-stain-animation-node" object=7c3514a0 offset=0x03c pointer=0005dd90 text="l"
2026-09-12 16:18:24.526 liquid deep links event="native-stain-animation-control" object=7c16d4e0 named_or_string_links=0 scan_bytes=96
2026-09-12 16:18:24.554 liquid world emitter sample person=2 emission=3 position=(1.93514,1.23835,1.63464) direction=(0.00000,0.59297,0.80522) source=rebuilt-joint-local-hierarchy
2026-09-12 16:18:24.645 NATIVE STAIN ANIMATION DIAG generation=202 emission=3 particle=1563 sample_ms=515 update=32b904e0 descriptor=5844bca0 descriptor_checksum=82d940c6 group_index=0 group=57e00840 group_checksum=1689c5e7 counts=(nodes:114,controls:113,weights:114,vectors:114) nodes=[108:7C34FFC0:61bd89d2:"",109:7C350140:288d1072:"",110:7C34F720:ade8cb24:"",111:7C350640:4ae8b2e9:"",112:7C3518E0:f0e33431:"",113:7C3514A0:f751dfbb:""] controls=[107:5AD12040:09e0fe03:"",108:5AD12280:d5b51f20:"",109:5AD121E0:f5e0e26f:"",110:5AD125A0:eb0d3924:"",111:5AD11EC0:613aa28e:"",112:5AD11FA0:6b4177f5:""] weights=[104:1,105:1,106:1,107:1,108:1,109:1,110:1,111:1,112:1,113:1] vectors=[108:(1,1,1),109:(1,1,1),110:(1,1,1),111:(1,1,1),112:(1,1,1),113:(1,1,1)]
2026-09-12 16:18:24.645 NATIVE STAIN FIELD DIAG generation=202 node=7C3514A0 control=7C16D4E0 changes=N+0x3c:0005dd90>0005dd96(5.386591e-040>5.386675e-040) totals=(node:1,control:0)
2026-09-12 16:18:24.645 testicular retraction live write person=2 control=4aa2ebe0 input=0.017 baseline=0.000 contribution=0.011 output=0.011
2026-09-12 16:18:24.765 ejaculation audio started person=2 emission=3 pulse=6 volume=0.000 path="C:\Users\ErolB\Desktop\Games\TK17\The Klub 17\Extensions\Liquids\Sounds\Ejaculation\Default\cum04.mp3"
2026-09-12 16:18:24.765 testicular retraction pulse person=2 emission=3 pulse=6 baseline=0.000 start=-0.000 target=0.250
2026-09-12 16:18:24.777 NATIVE STAIN ANIMATION DIAG generation=202 emission=3 particle=1563 sample_ms=640 update=32b904e0 descriptor=5844bca0 descriptor_checksum=82d940c6 group_index=0 group=57e00840 group_checksum=1689c5e7 counts=(nodes:114,controls:113,weights:114,vectors:114) nodes=[108:7C34FFC0:f97b7133:"",109:7C350140:0a982ad3:"",110:7C34F720:74ff722d:"",111:7C350640:4a987058:"",112:7C3518E0:dfb7dc90:"",113:7C3514A0:a4bf650a:""] controls=[107:5AD12040:09e0fe03:"",108:5AD12280:346b994f:"",109:5AD121E0:f5e0e26f:"",110:5AD125A0:05faf6b6:"",111:5AD11EC0:613aa28e:"",112:5AD11FA0:6b4177f5:""] weights=[104:1,105:1,106:1,107:1,108:1,109:1,110:1,111:1,112:1,113:1] vectors=[108:(1,1,1),109:(1,1,1),110:(1,1,1),111:(1,1,1),112:(1,1,1),113:(1,1,1)]
2026-09-12 16:18:24.778 NATIVE STAIN FIELD DIAG generation=202 node=7C3514A0 control=7C16D4E0 changes=N+0x3c:0005dd96>0005dd9b(5.386675e-040>5.386745e-040) totals=(node:1,control:0)
2026-09-12 16:18:24.778 testicular retraction applied person=2 emission=3 pulse=6 baseline=0.000 contribution=-0.000 output=0.000
2026-09-12 16:18:24.807 liquid world emitter sample person=2 emission=3 position=(1.82734,1.50042,1.59572) direction=(0.00000,0.59297,0.80522) source=rebuilt-joint-local-hierarchy
2026-09-12 16:18:24.858 liquid native update performance version=0.8.12-decal-freeze-performance samples=43 native_and_pick_ms=0.732 freeze_cleanup_ms=0.028 diagnostics_and_retraction_ms=0.311 peak_total_ms=6.223 tracked=112 freeze_hook=1
2026-09-12 16:18:24.892 NATIVE STAIN ANIMATION DIAG generation=202 emission=3 particle=1563 sample_ms=750 update=32b904e0 descriptor=5844bca0 descriptor_checksum=82d940c6 group_index=0 group=57e00840 group_checksum=1689c5e7 counts=(nodes:114,controls:113,weights:114,vectors:114) nodes=[108:7C34FFC0:4e4ab1c5:"",109:7C350140:cf10e325:"",110:7C34F720:f23ebc4b:"",111:7C350640:404a295e:"",112:7C3518E0:c15334a6:"",113:7C3514A0:a8354df4:""] controls=[107:5AD12040:09e0fe03:"",108:5AD12280:346b994f:"",109:5AD121E0:f5e0e26f:"",110:5AD125A0:05faf6b6:"",111:5AD11EC0:613aa28e:"",112:5AD11FA0:6b4177f5:""] weights=[104:1,105:1,106:1,107:1,108:1,109:1,110:1,111:1,112:1,113:1] vectors=[108:(1,1,1),109:(1,1,1),110:(1,1,1),111:(1,1,1),112:(1,1,1),113:(1,1,1)]
2026-09-12 16:18:24.892 NATIVE STAIN FIELD DIAG generation=202 node=7C3514A0 control=7C16D4E0 changes=N+0x3c:0005dd9b>0005dda1(5.386745e-040>5.38683e-040) totals=(node:1,control:0)
2026-09-12 16:18:24.893 testicular retraction live write person=2 control=4aa2ebe0 input=0.290 baseline=0.000 contribution=0.290 output=0.290
2026-09-12 16:18:24.975 ejaculation audio finished person=2 emission=3 pulse=6 path="C:\Users\ErolB\Desktop\Games\TK17\The Klub 17\Extensions\Liquids\Sounds\Ejaculation\Default\cum04.mp3"
2026-09-12 16:18:25.021 NATIVE STAIN ANIMATION DIAG generation=202 emission=3 particle=1563 sample_ms=890 update=32b904e0 descriptor=5844bca0 descriptor_checksum=82d940c6 group_index=0 group=57e00840 group_checksum=1689c5e7 counts=(nodes:114,controls:113,weights:114,vectors:114) nodes=[108:7C34FFC0:8dbae4a2:"",109:7C350140:f8f23782:"",110:7C34F720:6c5e9f74:"",111:7C350640:c55c6e79:"",112:7C3518E0:3b9a8a41:"",113:7C3514A0:827904cb:""] controls=[107:5AD12040:09e0fe03:"",108:5AD12280:cdccfb0f:"",109:5AD121E0:f5e0e26f:"",110:5AD125A0:8a985646:"",111:5AD11EC0:613aa28e:"",112:5AD11FA0:6b4177f5:""] weights=[104:1,105:1,106:1,107:1,108:1,109:1,110:1,111:1,112:1,113:1] vectors=[108:(1,1,1),109:(1,1,1),110:(1,1,1),111:(1,1,1),112:(1,1,1),113:(1,1,1)]
2026-09-12 16:18:25.021 NATIVE STAIN FIELD DIAG generation=202 node=7C3514A0 control=7C16D4E0 changes=N+0x3c:0005dda1>0005dda6(5.38683e-040>5.3869e-040) totals=(node:1,control:0)
2026-09-12 16:18:25.052 liquid world emitter sample person=2 emission=3 position=(1.82862,1.52793,1.60164) direction=(0.00000,0.59297,0.80522) source=rebuilt-joint-local-hierarchy
2026-09-12 16:18:25.112 liquid native stain contact consumed source=confirmed particle=1605 emission=3 retry=0 result=9 count=1 native_hit=1 body_confirmed=0 retried=0 outcome=native-hit-attachment-unconfirmed
2026-09-12 16:18:25.133 NATIVE STAIN ANIMATION DIAG generation=203 emission=3 particle=1605 sample_ms=32 update=32b904e0 descriptor=5844bca0 descriptor_checksum=dbe4e27e group_index=0 group=57e00840 group_checksum=1689c5e7 counts=(nodes:115,controls:114,weights:115,vectors:115) nodes=[109:7C350140:4bc48923:"",110:7C34F720:a28af6bd:"",111:7C350640:39bc98e8:"",112:7C3518E0:bb62ef60:"",113:7C3514A0:fbd7b19a:"",114:7C113080:aa211621:""] controls=[108:5AD12280:805292c9:"",109:5AD121E0:f5e0e26f:"",110:5AD125A0:10f850fd:"",111:5AD11EC0:613aa28e:"",112:5AD11FA0:6b4177f5:"",113:5AD122C0:0dbe99ab:""] weights=[105:1,106:1,107:1,108:1,109:1,110:1,111:1,112:1,113:1,114:1] vectors=[109:(1,1,1),110:(1,1,1),111:(1,1,1),112:(1,1,1),113:(1,1,1),114:(1,1,1)]
2026-09-12 16:18:25.152 testicular retraction live write person=2 control=4aa2ebe0 input=0.249 baseline=0.000 contribution=0.247 output=0.247
2026-09-12 16:18:25.248 NATIVE STAIN ANIMATION DIAG generation=203 emission=3 particle=1605 sample_ms=141 update=32b904e0 descriptor=5844bca0 descriptor_checksum=dbe4e27e group_index=0 group=57e00840 group_checksum=1689c5e7 counts=(nodes:115,controls:114,weights:115,vectors:115) nodes=[109:7C350140:d3f01175:"",110:7C34F720:63addbdb:"",111:7C350640:0d43a3ae:"",112:7C3518E0:c3b0d676:"",113:7C3514A0:9b202344:"",114:7C113080:e9bfe93f:""] controls=[108:5AD12280:805292c9:"",109:5AD121E0:f5e0e26f:"",110:5AD125A0:10f850fd:"",111:5AD11EC0:613aa28e:"",112:5AD11FA0:6b4177f5:"",113:5AD122C0:0dbe99ab:""] weights=[105:1,106:1,107:1,108:1,109:1,110:1,111:1,112:1,113:1,114:1] vectors=[109:(1,1,1),110:(1,1,1),111:(1,1,1),112:(1,1,1),113:(1,1,1),114:(1,1,1)]
2026-09-12 16:18:25.303 liquid world emitter sample person=2 emission=3 position=(1.87491,1.45264,1.62502) direction=(0.00000,0.59297,0.80522) source=rebuilt-joint-local-hierarchy
2026-09-12 16:18:25.316 liquid native stain contact consumed source=confirmed particle=1584 emission=3 retry=0 result=4 count=1 native_hit=1 body_confirmed=0 retried=0 outcome=native-hit-attachment-unconfirmed
2026-09-12 16:18:25.356 NATIVE STAIN ANIMATION DIAG generation=204 emission=3 particle=1584 sample_ms=47 update=32b904e0 descriptor=5844bca0 descriptor_checksum=6c2ddcfe group_index=0 group=57e00840 group_checksum=1689c5e7 counts=(nodes:116,controls:115,weights:116,vectors:116) nodes=[110:7C34F720:247c22c4:"",111:7C350640:13329689:"",112:7C3518E0:e9da0951:"",113:7C3514A0:cbee205b:"",114:7C113080:78829190:"",115:7C115E80:9757ef90:""] controls=[109:5AD121E0:f5e0e26f:"",110:5AD125A0:10f850fd:"",111:5AD11EC0:613aa28e:"",112:5AD11FA0:6b4177f5:"",113:5AD122C0:0dbe99ab:"",114:5AD12FE0:ff8d8bc9:""] weights=[106:1,107:1,108:1,109:1,110:1,111:1,112:1,113:1,114:1,115:1] vectors=[110:(1,1,1),111:(1,1,1),112:(1,1,1),113:(1,1,1),114:(1,1,1),115:(1,1,1)]
2026-09-12 16:18:25.382 liquid native stain contact consumed source=confirmed particle=1582 emission=3 retry=0 result=12 count=1 native_hit=1 body_confirmed=0 retried=0 outcome=native-hit-attachment-unconfirmed
2026-09-12 16:18:25.411 testicular retraction live write person=2 control=4aa2ebe0 input=0.250 baseline=0.000 contribution=0.250 output=0.250
2026-09-12 16:18:25.470 NATIVE STAIN ANIMATION DIAG generation=205 emission=3 particle=1582 sample_ms=78 update=32b904e0 descriptor=5844bca0 descriptor_checksum=2c5ae8a8 group_index=0 group=57e00840 group_checksum=1689c5e7 counts=(nodes:117,controls:116,weights:117,vectors:117) nodes=[111:7C350640:2b6450f8:"",112:7C3518E0:0b9e58b0:"",113:7C3514A0:fc3b192a:"",114:7C113080:89ade931:"",115:7C115E80:a8834731:"",116:7C115D00:d8e31a4c:""] controls=[110:5AD125A0:10f850fd:"",111:5AD11EC0:613aa28e:"",112:5AD11FA0:6b4177f5:"",113:5AD122C0:0dbe99ab:"",114:5AD12FE0:d94ac79d:"",115:5AD13080:f642c6ee:""] weights=[107:1,108:1,109:1,110:1,111:1,112:1,113:1,114:1,115:1,116:1] vectors=[111:(1,1,1),112:(1,1,1),113:(1,1,1),114:(1,1,1),115:(1,1,1),116:(1,1,1)]
2026-09-12 16:18:25.557 liquid native stain contact consumed source=confirmed particle=1617 emission=3 retry=0 result=4 count=1 native_hit=1 body_confirmed=0 retried=0 outcome=native-hit-attachment-unconfirmed
2026-09-12 16:18:25.569 liquid world emitter sample person=2 emission=3 position=(1.89729,1.30785,1.61696) direction=(0.00000,0.59297,0.80522) source=rebuilt-joint-local-hierarchy
2026-09-12 16:18:25.580 liquid native stain contact consumed source=confirmed particle=1620 emission=3 retry=0 result=4 count=1 native_hit=1 body_confirmed=0 retried=0 outcome=native-hit-attachment-unconfirmed
2026-09-12 16:18:25.582 NATIVE STAIN ANIMATION DIAG generation=207 emission=3 particle=1620 sample_ms=16 update=32b904e0 descriptor=5844bca0 descriptor_checksum=df376b70 group_index=0 group=57e00840 group_checksum=1689c5e7 counts=(nodes:119,controls:118,weights:119,vectors:119) nodes=[113:7C3514A0:ab1492a1:"",114:7C113080:e12d831a:"",115:7C115E80:0002e11a:"",116:7C115D00:80232967:"",117:7C119000:c58e9ecf:"",118:7C118EA0:bee90d13:""] controls=[112:5AD11FA0:6b4177f5:"",113:5AD122C0:0dbe99ab:"",114:5AD12FE0:d94ac79d:"",115:5AD13080:8f6c23fe:"",116:5AD12DC0:7721d9b8:"",117:5AD12EA0:5a7b95cc:""] weights=[109:1,110:1,111:1,112:1,113:1,114:1,115:1,116:1,117:1,118:1] vectors=[113:(1,1,1),114:(1,1,1),115:(1,1,1),116:(1,1,1),117:(1,1,1),118:(1,1,1)]
2026-09-12 16:18:25.624 liquid native stain contact consumed source=confirmed particle=1625 emission=3 retry=0 result=4 count=1 native_hit=1 body_confirmed=0 retried=0 outcome=native-hit-attachment-unconfirmed
2026-09-12 16:18:25.675 liquid native stain contact consumed source=confirmed particle=1628 emission=3 retry=0 result=4 count=1 native_hit=1 body_confirmed=0 retried=0 outcome=native-hit-attachment-unconfirmed
2026-09-12 16:18:25.676 testicular retraction live write person=2 control=4aa2ebe0 input=0.250 baseline=0.000 contribution=0.250 output=0.250
2026-09-12 16:18:25.694 NATIVE STAIN ANIMATION DIAG generation=209 emission=3 particle=1628 sample_ms=16 update=32b904e0 descriptor=5844bca0 descriptor_checksum=4be698fb group_index=0 group=57e00840 group_checksum=1689c5e7 counts=(nodes:121,controls:120,weights:121,vectors:121) nodes=[115:7C115E80:ecda5c83:"",116:7C115D00:ab2e4eb6:"",117:7C119000:874f999e:"",118:7C118EA0:59352984:"",119:7C11A700:c2e7e629:"",120:7C119D00:4e12ef6b:""] controls=[114:5AD12FE0:d94ac79d:"",115:5AD13080:8f6c23fe:"",116:5AD12DC0:0005c0c4:"",117:5AD12EA0:5a7b95cc:"",118:5AD12B80:5e6435d9:"",119:5AD12E00:3706783e:""] weights=[111:1,112:1,113:1,114:1,115:1,116:1,117:1,118:1,119:1,120:1] vectors=[115:(1,1,1),116:(1,1,1),117:(1,1,1),118:(1,1,1),119:(1,1,1),120:(1,1,1)]
2026-09-12 16:18:25.804 NATIVE STAIN ANIMATION DIAG generation=209 emission=3 particle=1628 sample_ms=125 update=32b904e0 descriptor=5844bca0 descriptor_checksum=4be698fb group_index=0 group=57e00840 group_checksum=1689c5e7 counts=(nodes:121,controls:120,weights:121,vectors:121) nodes=[115:7C115E80:ded65581:"",116:7C115D00:54c4ffbc:"",117:7C119000:723faa74:"",118:7C118EA0:ffd105ae:"",119:7C11A700:8d54123b:"",120:7C119D00:30ae7cd9:""] controls=[114:5AD12FE0:d94ac79d:"",115:5AD13080:8f6c23fe:"",116:5AD12DC0:0005c0c4:"",117:5AD12EA0:5a7b95cc:"",118:5AD12B80:5e6435d9:"",119:5AD12E00:3706783e:""] weights=[111:1,112:1,113:1,114:1,115:1,116:1,117:1,118:1,119:1,120:1] vectors=[115:(1,1,1),116:(1,1,1),117:(1,1,1),118:(1,1,1),119:(1,1,1),120:(1,1,1)]
2026-09-12 16:18:25.830 liquid world emitter sample person=2 emission=3 position=(1.89870,1.28468,1.61394) direction=(0.00000,0.59297,0.80522) source=rebuilt-joint-local-hierarchy
2026-09-12 16:18:25.860 liquid native update performance version=0.8.12-decal-freeze-performance samples=47 native_and_pick_ms=0.668 freeze_cleanup_ms=0.021 diagnostics_and_retraction_ms=0.207 peak_total_ms=7.522 tracked=119 freeze_hook=1
2026-09-12 16:18:25.924 NATIVE STAIN ANIMATION DIAG generation=209 emission=3 particle=1628 sample_ms=235 update=32b904e0 descriptor=5844bca0 descriptor_checksum=4be698fb group_index=0 group=57e00840 group_checksum=1689c5e7 counts=(nodes:121,controls:120,weights:121,vectors:121) nodes=[115:7C115E80:e587adbc:"",116:7C115D00:4e13a781:"",117:7C119000:7bfe0cc9:"",118:7C118EA0:d51b990b:"",119:7C11A700:73a0f67e:"",120:7C119D00:e947f7e4:""] controls=[114:5AD12FE0:d94ac79d:"",115:5AD13080:8f6c23fe:"",116:5AD12DC0:0005c0c4:"",117:5AD12EA0:5a7b95cc:"",118:5AD12B80:5e6435d9:"",119:5AD12E00:3706783e:""] weights=[111:1,112:1,113:1,114:1,115:1,116:1,117:1,118:1,119:1,120:1] vectors=[115:(1,1,1),116:(1,1,1),117:(1,1,1),118:(1,1,1),119:(1,1,1),120:(1,1,1)]
2026-09-12 16:18:25.926 testicular retraction live write person=2 control=4aa2ebe0 input=0.119 baseline=0.000 contribution=0.119 output=0.119
2026-09-12 16:18:26.040 NATIVE STAIN ANIMATION DIAG generation=209 emission=3 particle=1628 sample_ms=360 update=32b904e0 descriptor=5844bca0 descriptor_checksum=4be698fb group_index=0 group=57e00840 group_checksum=1689c5e7 counts=(nodes:121,controls:120,weights:121,vectors:121) nodes=[115:7C115E80:86e01ff0:"",116:7C115D00:61bc8585:"",117:7C119000:ae20f0cd:"",118:7C118EA0:8ac43997:"",119:7C11A700:40e0f2fa:"",120:7C119D00:34d94058:""] controls=[114:5AD12FE0:d94ac79d:"",115:5AD13080:8f6c23fe:"",116:5AD12DC0:0005c0c4:"",117:5AD12EA0:5a7b95cc:"",118:5AD12B80:5e6435d9:"",119:5AD12E00:3706783e:""] weights=[111:1,112:1,113:1,114:1,115:1,116:1,117:1,118:1,119:1,120:1] vectors=[115:(1,1,1),116:(1,1,1),117:(1,1,1),118:(1,1,1),119:(1,1,1),120:(1,1,1)]
2026-09-12 16:18:26.040 NATIVE STAIN FIELD DIAG generation=209 outcome=baseline node=7c119d00 control=7c16fe00
2026-09-12 16:18:26.040 memory snapshot label="native-stain-animation-node-baseline" address=7C119D00 words=7285a8d4,00000000,7285a908,72894190,53482b80,52485e40,01fff0ad,00000000,00000000,00000000,5a0e1bca,00000000,670d3f60,72894230,00000000,0005ddd6,3f800000,3f800000,3f800000,3f800000,00000000,00000000,00000000,00000000
2026-09-12 16:18:26.040 memory snapshot label="native-stain-animation-control-baseline" address=7C16FE00 words=72859ad4,20313d4d,72859adc,72894190,3f800000,00000000,72894170,003d7920,401a1d26,85641638,a67d856e,8d025e3c,3f47ddec,3f154413,be6617c2,7c16fe30,00000000,00000000,07df40b0,00000000,00000002,728b0144,00000001,00000001
2026-09-12 16:18:26.042 liquid deep link event="native-stain-animation-node" object=7c119d00 offset=0x030 pointer=670d3f60 target_name="sperm15_phongSG"
2026-09-12 16:18:26.042 liquid deep string event="native-stain-animation-node" object=7c119d00 offset=0x03c pointer=0005ddd6 text="l"
2026-09-12 16:18:26.042 liquid deep links event="native-stain-animation-control" object=7c16fe00 named_or_string_links=0 scan_bytes=96
2026-09-12 16:18:26.077 liquid world emitter sample person=2 emission=3 position=(1.88997,1.34984,1.61863) direction=(0.00000,0.59297,0.80522) source=rebuilt-joint-local-hierarchy
2026-09-12 16:18:26.145 NATIVE STAIN ANIMATION DIAG generation=209 emission=3 particle=1628 sample_ms=469 update=32b904e0 descriptor=5844bca0 descriptor_checksum=4be698fb group_index=0 group=57e00840 group_checksum=1689c5e7 counts=(nodes:121,controls:120,weights:121,vectors:121) nodes=[115:7C115E80:7e1448c4:"",116:7C115D00:77121bb9:"",117:7C119000:2ecb5e91:"",118:7C118EA0:761f1343:"",119:7C11A700:b5ae9e46:"",120:7C119D00:21543cdc:""] controls=[114:5AD12FE0:d94ac79d:"",115:5AD13080:8f6c23fe:"",116:5AD12DC0:0005c0c4:"",117:5AD12EA0:57f38f03:"",118:5AD12B80:5e6435d9:"",119:5AD12E00:3706783e:""] weights=[111:1,112:1,113:1,114:1,115:1,116:1,117:1,118:1,119:1,120:1] vectors=[115:(1,1,1),116:(1,1,1),117:(1,1,1),118:(1,1,1),119:(1,1,1),120:(1,1,1)]
2026-09-12 16:18:26.145 NATIVE STAIN FIELD DIAG generation=209 node=7C119D00 control=7C16FE00 changes=N+0x3c:0005ddd6>0005ddda(5.387572e-040>5.387628e-040) totals=(node:1,control:0)
2026-09-12 16:18:26.186 testicular retraction live write person=2 control=4aa2ebe0 input=0.008 baseline=0.000 contribution=0.003 output=0.003
2026-09-12 16:18:26.242 ejaculation audio started person=2 emission=3 pulse=7 volume=0.000 path="C:\Users\ErolB\Desktop\Games\TK17\The Klub 17\Extensions\Liquids\Sounds\Ejaculation\Default\cum06.mp3"
2026-09-12 16:18:26.242 testicular retraction pulse person=2 emission=3 pulse=7 baseline=0.000 start=0.001 target=0.250
2026-09-12 16:18:26.258 NATIVE STAIN ANIMATION DIAG generation=209 emission=3 particle=1628 sample_ms=579 update=32b904e0 descriptor=5844bca0 descriptor_checksum=4be698fb group_index=0 group=57e00840 group_checksum=1689c5e7 counts=(nodes:121,controls:120,weights:121,vectors:121) nodes=[115:7C115E80:80affa38:"",116:7C115D00:6b606ebd:"",117:7C119000:bfcc3555:"",118:7C118EA0:b01f6c8f:"",119:7C11A700:daaacac2:"",120:7C119D00:efeeca90:""] controls=[114:5AD12FE0:d94ac79d:"",115:5AD13080:8f6c23fe:"",116:5AD12DC0:0005c0c4:"",117:5AD12EA0:b7b3244e:"",118:5AD12B80:5e6435d9:"",119:5AD12E00:6dad46ab:""] weights=[111:1,112:1,113:1,114:1,115:1,116:1,117:1,118:1,119:1,120:1] vectors=[115:(1,1,1),116:(1,1,1),117:(1,1,1),118:(1,1,1),119:(1,1,1),120:(1,1,1)]
2026-09-12 16:18:26.258 NATIVE STAIN FIELD DIAG generation=209 node=7C119D00 control=7C16FE00 changes=N+0x3c:0005ddda>0005ddde(5.387628e-040>5.387684e-040) totals=(node:1,control:0)
2026-09-12 16:18:26.259 testicular retraction applied person=2 emission=3 pulse=7 baseline=0.000 contribution=0.001 output=0.001
2026-09-12 16:18:26.333 liquid world emitter sample person=2 emission=3 position=(1.88039,1.50911,1.63946) direction=(0.00000,0.59297,0.80522) source=rebuilt-joint-local-hierarchy
2026-09-12 16:18:26.377 NATIVE STAIN ANIMATION DIAG generation=209 emission=3 particle=1628 sample_ms=688 update=32b904e0 descriptor=5844bca0 descriptor_checksum=4be698fb group_index=0 group=57e00840 group_checksum=1689c5e7 counts=(nodes:121,controls:120,weights:121,vectors:121) nodes=[115:7C115E80:8251177e:"",116:7C115D00:0b41853b:"",117:7C119000:50286863:"",118:7C118EA0:0966b431:"",119:7C11A700:d6d78cbc:"",120:7C119D00:d18a22a6:""] controls=[114:5AD12FE0:d94ac79d:"",115:5AD13080:8f6c23fe:"",116:5AD12DC0:0005c0c4:"",117:5AD12EA0:b7b3244e:"",118:5AD12B80:5e6435d9:"",119:5AD12E00:6dad46ab:""] weights=[111:1,112:1,113:1,114:1,115:1,116:1,117:1,118:1,119:1,120:1] vectors=[115:(1,1,1),116:(1,1,1),117:(1,1,1),118:(1,1,1),119:(1,1,1),120:(1,1,1)]
2026-09-12 16:18:26.377 NATIVE STAIN FIELD DIAG generation=209 node=7C119D00 control=7C16FE00 changes=N+0x3c:0005ddde>0005dde4(5.387684e-040>5.387768e-040) totals=(node:1,control:0)
2026-09-12 16:18:26.424 testicular retraction live write person=2 control=4aa2ebe0 input=0.286 baseline=0.000 contribution=0.286 output=0.286
2026-09-12 16:18:26.452 ejaculation audio finished person=2 emission=3 pulse=7 path="C:\Users\ErolB\Desktop\Games\TK17\The Klub 17\Extensions\Liquids\Sounds\Ejaculation\Default\cum06.mp3"
2026-09-12 16:18:26.483 NATIVE STAIN ANIMATION DIAG generation=209 emission=3 particle=1628 sample_ms=797 update=32b904e0 descriptor=5844bca0 descriptor_checksum=4be698fb group_index=0 group=57e00840 group_checksum=1689c5e7 counts=(nodes:121,controls:120,weights:121,vectors:121) nodes=[115:7C115E80:6422d937:"",116:7C115D00:cb61ee8a:"",117:7C119000:95a3d0c2:"",118:7C118EA0:f83b5c90:"",119:7C11A700:04d32f55:"",120:7C119D00:a7d2da8f:""] controls=[114:5AD12FE0:d94ac79d:"",115:5AD13080:8f6c23fe:"",116:5AD12DC0:0005c0c4:"",117:5AD12EA0:f77eced6:"",118:5AD12B80:5e6435d9:"",119:5AD12E00:7a617953:""] weights=[111:1,112:1,113:1,114:1,115:1,116:1,117:1,118:1,119:1,120:1] vectors=[115:(1,1,1),116:(1,1,1),117:(1,1,1),118:(1,1,1),119:(1,1,1),120:(1,1,1)]
2026-09-12 16:18:26.484 NATIVE STAIN FIELD DIAG generation=209 node=7C119D00 control=7C16FE00 changes=N+0x3c:0005dde4>0005dde9(5.387768e-040>5.387838e-040) totals=(node:1,control:0)
2026-09-12 16:18:26.587 liquid world emitter sample person=2 emission=3 position=(1.87951,1.56847,1.64936) direction=(0.00000,0.59297,0.80522) source=rebuilt-joint-local-hierarchy
2026-09-12 16:18:26.594 NATIVE STAIN ANIMATION DIAG generation=209 emission=3 particle=1628 sample_ms=907 update=32b904e0 descriptor=5844bca0 descriptor_checksum=4be698fb group_index=0 group=57e00840 group_checksum=1689c5e7 counts=(nodes:121,controls:120,weights:121,vectors:121) nodes=[115:7C115E80:e57b2765:"",116:7C115D00:aed8f5d0:"",117:7C119000:a54eb688:"",118:7C118EA0:62d46b4a:"",119:7C11A700:0235b667:"",120:7C119D00:a5257a7d:""] controls=[114:5AD12FE0:d94ac79d:"",115:5AD13080:8f6c23fe:"",116:5AD12DC0:0005c0c4:"",117:5AD12EA0:f77eced6:"",118:5AD12B80:5e6435d9:"",119:5AD12E00:7a617953:""] weights=[111:1,112:1,113:1,114:1,115:1,116:1,117:1,118:1,119:1,120:1] vectors=[115:(1,1,1),116:(1,1,1),117:(1,1,1),118:(1,1,1),119:(1,1,1),120:(1,1,1)]
2026-09-12 16:18:26.596 NATIVE STAIN FIELD DIAG generation=209 node=7C119D00 control=7C16FE00 changes=N+0x3c:0005dde9>0005ddef(5.387838e-040>5.387923e-040) totals=(node:1,control:0)
2026-09-12 16:18:26.690 NATIVE STAIN ANIMATION DIAG generation=209 emission=3 particle=1628 sample_ms=1016 update=32b904e0 descriptor=5844bca0 descriptor_checksum=4be698fb group_index=0 group=57e00840 group_checksum=1689c5e7 counts=(nodes:121,controls:120,weights:121,vectors:121) nodes=[115:7C115E80:819ce34e:"",116:7C115D00:284ae5ab:"",117:7C119000:e177d1f3:"",118:7C118EA0:29d9e121:"",119:7C11A700:beec6f2c:"",120:7C119D00:d3e7c476:""] controls=[114:5AD12FE0:d94ac79d:"",115:5AD13080:8f6c23fe:"",116:5AD12DC0:0005c0c4:"",117:5AD12EA0:f77eced6:"",118:5AD12B80:5e6435d9:"",119:5AD12E00:7a617953:""] weights=[111:1,112:1,113:1,114:1,115:1,116:1,117:1,118:1,119:1,120:1] vectors=[115:(1,1,1),116:(1,1,1),117:(1,1,1),118:(1,1,1),119:(1,1,1),120:(1,1,1)]
2026-09-12 16:18:26.690 NATIVE STAIN FIELD DIAG generation=209 node=7C119D00 control=7C16FE00 changes=N+0x3c:0005ddef>0005ddf4(5.387923e-040>5.387993e-040) totals=(node:1,control:0)
2026-09-12 16:18:26.691 testicular retraction live write person=2 control=4aa2ebe0 input=0.243 baseline=0.000 contribution=0.242 output=0.242
2026-09-12 16:18:26.763 liquid native stain contact consumed source=confirmed particle=1640 emission=3 retry=0 result=12 count=1 native_hit=1 body_confirmed=0 retried=0 outcome=native-hit-attachment-unconfirmed
2026-09-12 16:18:26.806 liquid native stain contact consumed source=confirmed particle=1643 emission=3 retry=0 result=4 count=1 native_hit=1 body_confirmed=0 retried=0 outcome=native-hit-attachment-unconfirmed
2026-09-12 16:18:26.808 NATIVE STAIN ANIMATION DIAG generation=211 emission=3 particle=1643 sample_ms=0 update=32b904e0 descriptor=5844bca0 descriptor_checksum=3026a0c2 group_index=0 group=57e00840 group_checksum=1689c5e7 counts=(nodes:123,controls:122,weights:123,vectors:123) nodes=[117:7C119000:f38a4b92:"",118:7C118EA0:75af76c0:"",119:7C11A700:e3cf1285:"",120:7C119D00:86f24e5f:"",121:7C1233E0:83c2f59b:"",122:7C123B20:e71edd40:""] controls=[116:5AD12DC0:0005c0c4:"",117:5AD12EA0:b57983fc:"",118:5AD12B80:5e6435d9:"",119:5AD12E00:6d666060:"",120:5AD12F00:17906283:"",121:5AD13260:75164c1f:""] weights=[113:1,114:1,115:1,116:1,117:1,118:1,119:1,120:1,121:1,122:1] vectors=[117:(1,1,1),118:(1,1,1),119:(1,1,1),120:(1,1,1),121:(1,1,1),122:(1,1,1)]
2026-09-12 16:18:26.833 liquid native stain contact consumed source=confirmed particle=1645 emission=3 retry=0 result=4 count=1 native_hit=1 body_confirmed=0 retried=0 outcome=native-hit-attachment-unconfirmed
2026-09-12 16:18:26.848 liquid world emitter sample person=2 emission=3 position=(1.88628,1.45554,1.63457) direction=(0.00000,0.59297,0.80522) source=rebuilt-joint-local-hierarchy
2026-09-12 16:18:26.871 liquid native stain contact consumed source=confirmed particle=1646 emission=3 retry=0 result=4 count=1 native_hit=1 body_confirmed=0 retried=0 outcome=native-hit-attachment-unconfirmed
2026-09-12 16:18:26.873 liquid native update performance version=0.8.12-decal-freeze-performance samples=45 native_and_pick_ms=0.398 freeze_cleanup_ms=0.013 diagnostics_and_retraction_ms=0.283 peak_total_ms=4.512 tracked=123 freeze_hook=1
2026-09-12 16:18:26.900 liquid native stain contact consumed source=confirmed particle=1649 emission=3 retry=0 result=4 count=1 native_hit=1 body_confirmed=0 retried=0 outcome=native-hit-attachment-unconfirmed
2026-09-12 16:18:26.923 liquid native stain contact consumed source=confirmed particle=1651 emission=3 retry=0 result=4 count=1 native_hit=1 body_confirmed=0 retried=0 outcome=native-hit-attachment-unconfirmed
2026-09-12 16:18:26.925 NATIVE STAIN ANIMATION DIAG generation=215 emission=3 particle=1651 sample_ms=15 update=32b904e0 descriptor=5844bca0 descriptor_checksum=2363067e group_index=0 group=57e00840 group_checksum=1689c5e7 counts=(nodes:127,controls:126,weights:127,vectors:127) nodes=[121:7C1233E0:8aa12027:"",122:7C123B20:4bf2190f:"",123:7C124480:b6b8fbca:"",124:7C125720:09795752:"",125:7C125000:5ac25119:"",126:7C1255C0:cce1ac6c:""] controls=[120:5AD12F00:17906283:"",121:5AD13260:75164c1f:"",122:5AD133A0:69f20588:"",123:5AD13A80:4a611474:"",124:5AD136C0:37f0f5d7:"",125:596F8CE0:aa4d07d6:""] weights=[117:1,118:1,119:1,120:1,121:1,122:1,123:1,124:1,125:1,126:1] vectors=[121:(1,1,1),122:(1,1,1),123:(1,1,1),124:(1,1,1),125:(1,1,1),126:(1,1,1)]
2026-09-12 16:18:26.941 testicular retraction live write person=2 control=4aa2ebe0 input=0.250 baseline=0.000 contribution=0.250 output=0.250
2026-09-12 16:18:26.969 liquid native stain contact consumed source=confirmed particle=1658 emission=3 retry=0 result=4 count=1 native_hit=1 body_confirmed=0 retried=0 outcome=native-hit-attachment-unconfirmed
2026-09-12 16:18:26.992 liquid native stain contact consumed source=confirmed particle=1662 emission=3 retry=0 result=4 count=1 native_hit=1 body_confirmed=0 retried=0 outcome=native-hit-attachment-unconfirmed
2026-09-12 16:18:27.045 liquid native stain contact consumed source=confirmed particle=1666 emission=3 retry=0 result=4 count=1 native_hit=1 body_confirmed=0 retried=0 outcome=native-hit-attachment-unconfirmed
2026-09-12 16:18:27.046 NATIVE STAIN ANIMATION DIAG generation=218 emission=3 particle=1666 sample_ms=0 update=32b904e0 descriptor=5844bca0 descriptor_checksum=04dad607 group_index=0 group=57e00840 group_checksum=1689c5e7 counts=(nodes:130,controls:129,weights:130,vectors:130) nodes=[124:7C125720:cfcb5d73:"",125:7C125000:40fb36a4:"",126:7C1255C0:13e0a9b2:"",127:7C125B80:5d22eabd:"",128:7C125C20:dff0c614:"",129:7C125E60:3c91e111:""] controls=[123:5AD13A80:4a611474:"",124:5AD136C0:37f0f5d7:"",125:596F8CE0:aa4d07d6:"",126:596F7D00:96d41d61:"",127:596F7B20:2058973f:"",128:596F7CA0:0ef38c8e:""] weights=[120:1,121:1,122:1,123:1,124:1,125:1,126:1,127:1,128:1,129:1] vectors=[124:(1,1,1),125:(1,1,1),126:(1,1,1),127:(1,1,1),128:(1,1,1),129:(1,1,1)]
2026-09-12 16:18:27.067 liquid native stain contact consumed source=confirmed particle=1668 emission=3 retry=0 result=4 count=1 native_hit=1 body_confirmed=0 retried=0 outcome=native-hit-attachment-unconfirmed
2026-09-12 16:18:27.105 liquid world emitter sample person=2 emission=3 position=(1.88678,1.44975,1.63394) direction=(0.00000,0.59297,0.80522) source=rebuilt-joint-local-hierarchy
2026-09-12 16:18:27.114 liquid native stain contact consumed source=confirmed particle=1673 emission=3 retry=0 result=12 count=1 native_hit=1 body_confirmed=0 retried=0 outcome=native-hit-attachment-unconfirmed
2026-09-12 16:18:27.154 liquid native stain contact consumed source=confirmed particle=1678 emission=3 retry=0 result=4 count=1 native_hit=1 body_confirmed=0 retried=0 outcome=native-hit-attachment-unconfirmed
2026-09-12 16:18:27.155 NATIVE STAIN ANIMATION DIAG generation=221 emission=3 particle=1678 sample_ms=0 update=32b904e0 descriptor=5844bca0 descriptor_checksum=4e9780c9 group_index=0 group=57e00840 group_checksum=1689c5e7 counts=(nodes:133,controls:132,weights:133,vectors:133) nodes=[127:7C125B80:9424184e:"",128:7C125C20:898ec647:"",129:7C125E60:43f217c0:"",130:7C125FC0:0117339c:"",131:7C126080:519194ef:"",132:7C125440:bed8ca06:""] controls=[126:596F7D00:96d41d61:"",127:596F7B20:2058973f:"",128:596F7CA0:0ef38c8e:"",129:596F8380:f979c8dd:"",130:596F8200:76d0d571:"",131:597FCE00:6ce79f6f:""] weights=[123:1,124:1,125:1,126:1,127:1,128:1,129:1,130:1,131:1,132:1] vectors=[127:(1,1,1),128:(1,1,1),129:(1,1,1),130:(1,1,1),131:(1,1,1),132:(1,1,1)]
2026-09-12 16:18:27.191 liquid native stain contact consumed source=confirmed particle=1681 emission=3 retry=0 result=4 count=1 native_hit=1 body_confirmed=0 retried=0 outcome=native-hit-attachment-unconfirmed
2026-09-12 16:18:27.192 testicular retraction live write person=2 control=4aa2ebe0 input=0.250 baseline=0.000 contribution=0.250 output=0.250
2026-09-12 16:18:27.253 NATIVE STAIN ANIMATION DIAG generation=222 emission=3 particle=1681 sample_ms=63 update=32b904e0 descriptor=5844bca0 descriptor_checksum=3bb06905 group_index=0 group=57e00840 group_checksum=1689c5e7 counts=(nodes:134,controls:133,weights:134,vectors:134) nodes=[128:7C125C20:0d57772e:"",129:7C125E60:bf83ca81:"",130:7C125FC0:b8dd8e75:"",131:7C126080:b5843866:"",132:7C125440:8a70afc2:"",133:7C126140:7f01a6ee:""] controls=[127:596F7B20:2058973f:"",128:596F7CA0:0ef38c8e:"",129:596F8380:f979c8dd:"",130:596F8200:76d0d571:"",131:597FCE00:6ce79f6f:"",132:597FC9A0:5c13214f:""] weights=[124:1,125:1,126:1,127:1,128:1,129:1,130:1,131:1,132:1,133:1] vectors=[128:(1,1,1),129:(1,1,1),130:(1,1,1),131:(1,1,1),132:(1,1,1),133:(1,1,1)]
2026-09-12 16:18:27.377 NATIVE STAIN ANIMATION DIAG generation=222 emission=3 particle=1681 sample_ms=172 update=32b904e0 descriptor=5844bca0 descriptor_checksum=3bb06905 group_index=0 group=57e00840 group_checksum=1689c5e7 counts=(nodes:134,controls:133,weights:134,vectors:134) nodes=[128:7C125C20:e9da210b:"",129:7C125E60:0e8b6534:"",130:7C125FC0:c3dd5908:"",131:7C126080:a85401d3:"",132:7C125440:634281bf:"",133:7C126140:c1ec78cb:""] controls=[127:596F7B20:2058973f:"",128:596F7CA0:0ef38c8e:"",129:596F8380:f979c8dd:"",130:596F8200:76d0d571:"",131:597FCE00:6ce79f6f:"",132:597FC9A0:18d43624:""] weights=[124:1,125:1,126:1,127:1,128:1,129:1,130:1,131:1,132:1,133:1] vectors=[128:(1,1,1),129:(1,1,1),130:(1,1,1),131:(1,1,1),132:(1,1,1),133:(1,1,1)]
2026-09-12 16:18:27.447 testicular retraction live write person=2 control=4aa2ebe0 input=0.103 baseline=0.000 contribution=0.090 output=0.090
2026-09-12 16:18:27.479 NATIVE STAIN ANIMATION DIAG generation=222 emission=3 particle=1681 sample_ms=281 update=32b904e0 descriptor=5844bca0 descriptor_checksum=3bb06905 group_index=0 group=57e00840 group_checksum=1689c5e7 counts=(nodes:134,controls:133,weights:134,vectors:134) nodes=[128:7C125C20:da14cf61:"",129:7C125E60:13d1bf4e:"",130:7C125FC0:5ddc01b2:"",131:7C126080:3f5996f9:"",132:7C125440:080e5e25:"",133:7C126140:e5e5d321:""] controls=[127:596F7B20:2058973f:"",128:596F7CA0:0ef38c8e:"",129:596F8380:f979c8dd:"",130:596F8200:76d0d571:"",131:597FCE00:6ce79f6f:"",132:597FC9A0:5c13214f:""] weights=[124:1,125:1,126:1,127:1,128:1,129:1,130:1,131:1,132:1,133:1] vectors=[128:(1,1,1),129:(1,1,1),130:(1,1,1),131:(1,1,1),132:(1,1,1),133:(1,1,1)]
2026-09-12 16:18:27.583 NATIVE STAIN ANIMATION DIAG generation=222 emission=3 particle=1681 sample_ms=391 update=32b904e0 descriptor=5844bca0 descriptor_checksum=3bb06905 group_index=0 group=57e00840 group_checksum=1689c5e7 counts=(nodes:134,controls:133,weights:134,vectors:134) nodes=[128:7C125C20:c4ddf48f:"",129:7C125E60:fa8c9be8:"",130:7C125FC0:2bee8dd4:"",131:7C126080:843a6827:"",132:7C125440:31c59b7b:"",133:7C126140:3ad74c4f:""] controls=[127:596F7B20:2058973f:"",128:596F7CA0:0ef38c8e:"",129:596F8380:f979c8dd:"",130:596F8200:76d0d571:"",131:597FCE00:6ce79f6f:"",132:597FC9A0:552bff5d:""] weights=[124:1,125:1,126:1,127:1,128:1,129:1,130:1,131:1,132:1,133:1] vectors=[128:(1,1,1),129:(1,1,1),130:(1,1,1),131:(1,1,1),132:(1,1,1),133:(1,1,1)]
2026-09-12 16:18:27.583 NATIVE STAIN FIELD DIAG generation=222 outcome=baseline node=7c126140 control=7c176060
2026-09-12 16:18:27.583 memory snapshot label="native-stain-animation-node-baseline" address=7C126140 words=7285a8d4,7c1753c0,7285a908,72894190,53486e80,52485e40,01fff0ad,00000000,00000000,00000000,5a0e1bca,00000000,670d4620,72894230,00000000,0005de1e,3f800000,3f800000,3f800000,3f800000,00000000,00000000,00000000,00000000
2026-09-12 16:18:27.584 memory snapshot label="native-stain-animation-control-baseline" address=7C176060 words=72859ad4,59bff380,72859adc,72894190,3f800000,00000000,72894170,59bff120,be00663c,3e0f7122,bf79a027,bdcf7b9e,3e4a0664,bf7e5d3a,aacfb6b8,8d033f58,bf7ea9e7,3dcc63f1,bcae7d56,bf7f0c35,3d9a511a,bd2b40f6,bf74d402,7c1760a0
2026-09-12 16:18:27.584 liquid deep string event="native-stain-animation-node" object=7c126140 offset=0x03c pointer=0005de1e text="l"
2026-09-12 16:18:27.586 liquid deep string event="native-stain-animation-control" object=7c176060 offset=0x01c pointer=59bff120 text="Input/Idle"
2026-09-12 16:18:27.699 NATIVE STAIN ANIMATION DIAG generation=222 emission=3 particle=1681 sample_ms=500 update=32b904e0 descriptor=5844bca0 descriptor_checksum=3bb06905 group_index=0 group=57e00840 group_checksum=1689c5e7 counts=(nodes:134,controls:133,weights:134,vectors:134) nodes=[128:7C125C20:ae097bf0:"",129:7C125E60:95e22b57:"",130:7C125FC0:1c0611e3:"",131:7C126080:e2168558:"",132:7C125440:5559947c:"",133:7C126140:2ea663b0:""] controls=[127:596F7B20:2058973f:"",128:596F7CA0:0ef38c8e:"",129:596F8380:f979c8dd:"",130:596F8200:76d0d571:"",131:597FCE00:6ce79f6f:"",132:597FC9A0:ffdb6f6b:""] weights=[124:1,125:1,126:1,127:1,128:1,129:1,130:1,131:1,132:1,133:1] vectors=[128:(1,1,1),129:(1,1,1),130:(1,1,1),131:(1,1,1),132:(1,1,1),133:(1,1,1)]
2026-09-12 16:18:27.699 NATIVE STAIN FIELD DIAG generation=222 node=7C126140 control=7C176060 changes=N+0x3c:0005de1e>0005de25(5.388581e-040>5.388679e-040) totals=(node:1,control:0)
2026-09-12 16:18:27.699 testicular retraction live write person=2 control=4aa2ebe0 input=0.001 baseline=0.000 contribution=-0.000 output=0.000
2026-09-12 16:18:27.803 NATIVE STAIN ANIMATION DIAG generation=222 emission=3 particle=1681 sample_ms=609 update=32b904e0 descriptor=5844bca0 descriptor_checksum=3bb06905 group_index=0 group=57e00840 group_checksum=1689c5e7 counts=(nodes:134,controls:133,weights:134,vectors:134) nodes=[128:7C125C20:cf668c8e:"",129:7C125E60:a9a3e921:"",130:7C125FC0:af01af55:"",131:7C126080:d9e4be86:"",132:7C125440:d9fee2a2:"",133:7C126140:5013a94e:""] controls=[127:596F7B20:2058973f:"",128:596F7CA0:0ef38c8e:"",129:596F8380:f979c8dd:"",130:596F8200:76d0d571:"",131:597FCE00:6ce79f6f:"",132:597FC9A0:e1b4a1d9:""] weights=[124:1,125:1,126:1,127:1,128:1,129:1,130:1,131:1,132:1,133:1] vectors=[128:(1,1,1),129:(1,1,1),130:(1,1,1),131:(1,1,1),132:(1,1,1),133:(1,1,1)]
2026-09-12 16:18:27.804 NATIVE STAIN FIELD DIAG generation=222 node=7C126140 control=7C176060 changes=N+0x3c:0005de25>0005de2b(5.388679e-040>5.388763e-040) totals=(node:1,control:0)
2026-09-12 16:18:27.885 liquid native update performance version=0.8.12-decal-freeze-performance samples=53 native_and_pick_ms=0.718 freeze_cleanup_ms=0.029 diagnostics_and_retraction_ms=0.238 peak_total_ms=5.068 tracked=132 freeze_hook=1
2026-09-12 16:18:27.918 NATIVE STAIN ANIMATION DIAG generation=222 emission=3 particle=1681 sample_ms=719 update=32b904e0 descriptor=5844bca0 descriptor_checksum=3bb06905 group_index=0 group=57e00840 group_checksum=1689c5e7 counts=(nodes:134,controls:133,weights:134,vectors:134) nodes=[128:7C125C20:6b1e096b:"",129:7C125E60:711da3d4:"",130:7C125FC0:b55d85e8:"",131:7C126080:45b0ab73:"",132:7C125440:300e2c1f:"",133:7C126140:41f6782b:""] controls=[127:596F7B20:2058973f:"",128:596F7CA0:0ef38c8e:"",129:596F8380:f979c8dd:"",130:596F8200:76d0d571:"",131:597FCE00:6ce79f6f:"",132:597FC9A0:04085e84:""] weights=[124:1,125:1,126:1,127:1,128:1,129:1,130:1,131:1,132:1,133:1] vectors=[128:(1,1,1),129:(1,1,1),130:(1,1,1),131:(1,1,1),132:(1,1,1),133:(1,1,1)]
2026-09-12 16:18:27.919 NATIVE STAIN FIELD DIAG generation=222 node=7C126140 control=7C176060 changes=N+0x3c:0005de2b>0005de32(5.388763e-040>5.388861e-040) totals=(node:1,control:0)
2026-09-12 16:18:28.047 NATIVE STAIN ANIMATION DIAG generation=222 emission=3 particle=1681 sample_ms=844 update=32b904e0 descriptor=5844bca0 descriptor_checksum=3bb06905 group_index=0 group=57e00840 group_checksum=1689c5e7 counts=(nodes:134,controls:133,weights:134,vectors:134) nodes=[128:7C125C20:8c3462c1:"",129:7C125E60:42bfbcee:"",130:7C125FC0:94472c92:"",131:7C126080:81871c19:"",132:7C125440:e20d9085:"",133:7C126140:fbc5b481:""] controls=[127:596F7B20:2058973f:"",128:596F7CA0:0ef38c8e:"",129:596F8380:f979c8dd:"",130:596F8200:76d0d571:"",131:597FCE00:6ce79f6f:"",132:597FC9A0:83fbcc9f:""] weights=[124:1,125:1,126:1,127:1,128:1,129:1,130:1,131:1,132:1,133:1] vectors=[128:(1,1,1),129:(1,1,1),130:(1,1,1),131:(1,1,1),132:(1,1,1),133:(1,1,1)]
2026-09-12 16:18:28.047 NATIVE STAIN FIELD DIAG generation=222 node=7C126140 control=7C176060 changes=N+0x3c:0005de32>0005de38(5.388861e-040>5.388945e-040) totals=(node:1,control:0)
2026-09-12 16:18:28.148 NATIVE STAIN ANIMATION DIAG generation=222 emission=3 particle=1681 sample_ms=953 update=32b904e0 descriptor=5844bca0 descriptor_checksum=3bb06905 group_index=0 group=57e00840 group_checksum=1689c5e7 counts=(nodes:134,controls:133,weights:134,vectors:134) nodes=[128:7C125C20:72e6d0ef:"",129:7C125E60:090c6f08:"",130:7C125FC0:c95c4f34:"",131:7C126080:68398a47:"",132:7C125440:de00925b:"",133:7C126140:92b4d6af:""] controls=[127:596F7B20:2058973f:"",128:596F7CA0:0ef38c8e:"",129:596F8380:f979c8dd:"",130:596F8200:76d0d571:"",131:597FCE00:6ce79f6f:"",132:597FC9A0:4bc4aab0:""] weights=[124:1,125:1,126:1,127:1,128:1,129:1,130:1,131:1,132:1,133:1] vectors=[128:(1,1,1),129:(1,1,1),130:(1,1,1),131:(1,1,1),132:(1,1,1),133:(1,1,1)]
2026-09-12 16:18:28.149 NATIVE STAIN FIELD DIAG generation=222 node=7C126140 control=7C176060 changes=N+0x3c:0005de38>0005de3e(5.388945e-040>5.38903e-040) totals=(node:1,control:0)
2026-09-12 16:18:28.266 NATIVE STAIN ANIMATION DIAG generation=222 emission=3 particle=1681 sample_ms=1063 update=32b904e0 descriptor=5844bca0 descriptor_checksum=3bb06905 group_index=0 group=57e00840 group_checksum=1689c5e7 counts=(nodes:134,controls:133,weights:134,vectors:134) nodes=[128:7C125C20:fadf9750:"",129:7C125E60:bd50e9f7:"",130:7C125FC0:4dab3743:"",131:7C126080:c2e265f8:"",132:7C125440:06c457dc:"",133:7C126140:02bfe790:""] controls=[127:596F7B20:2058973f:"",128:596F7CA0:0ef38c8e:"",129:596F8380:f979c8dd:"",130:596F8200:76d0d571:"",131:597FCE00:6ce79f6f:"",132:597FC9A0:a22f184a:""] weights=[124:1,125:1,126:1,127:1,128:1,129:1,130:1,131:1,132:1,133:1] vectors=[128:(1,1,1),129:(1,1,1),130:(1,1,1),131:(1,1,1),132:(1,1,1),133:(1,1,1)]
2026-09-12 16:18:28.266 NATIVE STAIN FIELD DIAG generation=222 node=7C126140 control=7C176060 changes=N+0x3c:0005de3e>0005de45(5.38903e-040>5.389128e-040) totals=(node:1,control:0)
2026-09-12 16:18:28.364 NATIVE STAIN ANIMATION DIAG generation=222 emission=3 particle=1681 sample_ms=1172 update=32b904e0 descriptor=5844bca0 descriptor_checksum=3bb06905 group_index=0 group=57e00840 group_checksum=1689c5e7 counts=(nodes:134,controls:133,weights:134,vectors:134) nodes=[128:7C125C20:3ac30aee:"",129:7C125E60:943114c1:"",130:7C125FC0:4d140bb5:"",131:7C126080:d48c1026:"",132:7C125440:620f6602:"",133:7C126140:5196132e:""] controls=[127:596F7B20:2058973f:"",128:596F7CA0:0ef38c8e:"",129:596F8380:f979c8dd:"",130:596F8200:76d0d571:"",131:597FCE00:6ce79f6f:"",132:597FC9A0:b4f42196:""] weights=[124:1,125:1,126:1,127:1,128:1,129:1,130:1,131:1,132:1,133:1] vectors=[128:(1,1,1),129:(1,1,1),130:(1,1,1),131:(1,1,1),132:(1,1,1),133:(1,1,1)]
2026-09-12 16:18:28.364 NATIVE STAIN FIELD DIAG generation=222 node=7C126140 control=7C176060 changes=N+0x3c:0005de45>0005de4b(5.389128e-040>5.389212e-040) totals=(node:1,control:0)
2026-09-12 16:18:28.484 NATIVE STAIN ANIMATION DIAG generation=222 emission=3 particle=1681 sample_ms=1281 update=32b904e0 descriptor=5844bca0 descriptor_checksum=3bb06905 group_index=0 group=57e00840 group_checksum=1689c5e7 counts=(nodes:134,controls:133,weights:134,vectors:134) nodes=[128:7C125C20:7daddccb:"",129:7C125E60:f51cd374:"",130:7C125FC0:877f0d48:"",131:7C126080:60d34793:"",132:7C125440:8e1b1dff:"",133:7C126140:2e18bd0b:""] controls=[127:596F7B20:2058973f:"",128:596F7CA0:0ef38c8e:"",129:596F8380:f979c8dd:"",130:596F8200:76d0d571:"",131:597FCE00:6ce79f6f:"",132:597FC9A0:c4cc37e3:""] weights=[124:1,125:1,126:1,127:1,128:1,129:1,130:1,131:1,132:1,133:1] vectors=[128:(1,1,1),129:(1,1,1),130:(1,1,1),131:(1,1,1),132:(1,1,1),133:(1,1,1)]
2026-09-12 16:18:28.484 NATIVE STAIN FIELD DIAG generation=222 node=7C126140 control=7C176060 changes=N+0x3c:0005de4b>0005de52(5.389212e-040>5.38931e-040) totals=(node:1,control:0)
2026-09-12 16:18:28.597 NATIVE STAIN ANIMATION DIAG generation=222 emission=3 particle=1681 sample_ms=1391 update=32b904e0 descriptor=5844bca0 descriptor_checksum=3bb06905 group_index=0 group=57e00840 group_checksum=1689c5e7 counts=(nodes:134,controls:133,weights:134,vectors:134) nodes=[128:7C125C20:a1a73721:"",129:7C125E60:d7633e8e:"",130:7C125FC0:7f4af6f2:"",131:7C126080:bf3050b9:"",132:7C125440:d5098465:"",133:7C126140:1e536b61:""] controls=[127:596F7B20:2058973f:"",128:596F7CA0:0ef38c8e:"",129:596F8380:f979c8dd:"",130:596F8200:76d0d571:"",131:597FCE00:6ce79f6f:"",132:597FC9A0:c4cc37e3:""] weights=[124:1,125:1,126:1,127:1,128:1,129:1,130:1,131:1,132:1,133:1] vectors=[128:(1,1,1),129:(1,1,1),130:(1,1,1),131:(1,1,1),132:(1,1,1),133:(1,1,1)]
2026-09-12 16:18:28.597 NATIVE STAIN FIELD DIAG generation=222 node=7C126140 control=7C176060 changes=N+0x3c:0005de52>0005de58(5.38931e-040>5.389394e-040) totals=(node:1,control:0)
2026-09-12 16:18:28.703 NATIVE STAIN ANIMATION DIAG generation=222 emission=3 particle=1681 sample_ms=1500 update=32b904e0 descriptor=5844bca0 descriptor_checksum=3bb06905 group_index=0 group=57e00840 group_checksum=1689c5e7 counts=(nodes:134,controls:133,weights:134,vectors:134) nodes=[128:7C125C20:d9c93dfa:"",129:7C125E60:f7d780fd:"",130:7C125FC0:65a9f419:"",131:7C126080:b0245492:"",132:7C125440:b49541f6:"",133:7C126140:f5a6903a:""] controls=[127:596F7B20:2058973f:"",128:596F7CA0:0ef38c8e:"",129:596F8380:f979c8dd:"",130:596F8200:76d0d571:"",131:597FCE00:6ce79f6f:"",132:597FC9A0:b1f0c2cb:""] weights=[124:1,125:1,126:1,127:1,128:1,129:1,130:1,131:1,132:1,133:1] vectors=[128:(1,1,1),129:(1,1,1),130:(1,1,1),131:(1,1,1),132:(1,1,1),133:(1,1,1)]
2026-09-12 16:18:28.703 NATIVE STAIN FIELD DIAG generation=222 node=7C126140 control=7C176060 changes=N+0x3c:0005de58>0005de5f(5.389394e-040>5.389492e-040) totals=(node:1,control:0)
2026-09-12 16:18:28.811 NATIVE STAIN ANIMATION DIAG generation=222 emission=3 particle=1681 sample_ms=1609 update=32b904e0 descriptor=5844bca0 descriptor_checksum=3bb06905 group_index=0 group=57e00840 group_checksum=1689c5e7 counts=(nodes:134,controls:133,weights:134,vectors:134) nodes=[128:7C125C20:db85e9e7:"",129:7C125E60:74bd7ca0:"",130:7C125FC0:cf7ea5bc:"",131:7C126080:d543744f:"",132:7C125440:21b33623:"",133:7C126140:e9ce4027:""] controls=[127:596F7B20:2058973f:"",128:596F7CA0:0ef38c8e:"",129:596F8380:f979c8dd:"",130:596F8200:76d0d571:"",131:597FCE00:6ce79f6f:"",132:597FC9A0:eb036b08:""] weights=[124:1,125:1,126:1,127:1,128:1,129:1,130:1,131:1,132:1,133:1] vectors=[128:(1,1,1),129:(1,1,1),130:(1,1,1),131:(1,1,1),132:(1,1,1),133:(1,1,1)]
2026-09-12 16:18:28.811 NATIVE STAIN FIELD DIAG generation=222 node=7C126140 control=7C176060 changes=N+0x3c:0005de5f>0005de66(5.389492e-040>5.38959e-040) totals=(node:1,control:0)
2026-09-12 16:18:28.893 liquid native update performance version=0.8.12-decal-freeze-performance samples=59 native_and_pick_ms=0.073 freeze_cleanup_ms=0.000 diagnostics_and_retraction_ms=0.167 peak_total_ms=1.571 tracked=132 freeze_hook=1
2026-09-12 16:18:28.930 NATIVE STAIN ANIMATION DIAG generation=222 emission=3 particle=1681 sample_ms=1734 update=32b904e0 descriptor=5844bca0 descriptor_checksum=3bb06905 group_index=0 group=57e00840 group_checksum=1689c5e7 counts=(nodes:134,controls:133,weights:134,vectors:134) nodes=[128:7C125C20:f28fe9e8:"",129:7C125E60:ccdaa68f:"",130:7C125FC0:2deba56b:"",131:7C126080:78d72260:"",132:7C125440:bc1b3ec4:"",133:7C126140:a434b328:""] controls=[127:596F7B20:2058973f:"",128:596F7CA0:0ef38c8e:"",129:596F8380:f979c8dd:"",130:596F8200:76d0d571:"",131:597FCE00:6ce79f6f:"",132:597FC9A0:f626f7a8:""] weights=[124:1,125:1,126:1,127:1,128:1,129:1,130:1,131:1,132:1,133:1] vectors=[128:(1,1,1),129:(1,1,1),130:(1,1,1),131:(1,1,1),132:(1,1,1),133:(1,1,1)]
2026-09-12 16:18:28.931 NATIVE STAIN FIELD DIAG generation=222 node=7C126140 control=7C176060 changes=N+0x3c:0005de66>0005de6d(5.38959e-040>5.389688e-040) totals=(node:1,control:0)
2026-09-12 16:18:29.044 NATIVE STAIN ANIMATION DIAG generation=222 emission=3 particle=1681 sample_ms=1844 update=32b904e0 descriptor=5844bca0 descriptor_checksum=3bb06905 group_index=0 group=57e00840 group_checksum=1689c5e7 counts=(nodes:134,controls:133,weights:134,vectors:134) nodes=[128:7C125C20:fdb7dc2b:"",129:7C125E60:e7ed7814:"",130:7C125FC0:22c3b328:"",131:7C126080:6e11f533:"",132:7C125440:badb025f:"",133:7C126140:af5ca56b:""] controls=[127:596F7B20:2058973f:"",128:596F7CA0:0ef38c8e:"",129:596F8380:f979c8dd:"",130:596F8200:76d0d571:"",131:597FCE00:6ce79f6f:"",132:597FC9A0:4f3dd48b:""] weights=[124:1,125:1,126:1,127:1,128:1,129:1,130:1,131:1,132:1,133:1] vectors=[128:(1,1,1),129:(1,1,1),130:(1,1,1),131:(1,1,1),132:(1,1,1),133:(1,1,1)]
2026-09-12 16:18:29.044 NATIVE STAIN FIELD DIAG generation=222 node=7C126140 control=7C176060 changes=N+0x3c:0005de6d>0005de72(5.389688e-040>5.389758e-040) totals=(node:1,control:0)
2026-09-12 16:18:29.147 NATIVE STAIN ANIMATION DIAG generation=222 emission=3 particle=1681 sample_ms=1953 update=32b904e0 descriptor=5844bca0 descriptor_checksum=3bb06905 group_index=0 group=57e00840 group_checksum=1689c5e7 counts=(nodes:134,controls:133,weights:134,vectors:134) nodes=[128:7C125C20:b7871881:"",129:7C125E60:1554292e:"",130:7C125FC0:59f189d2:"",131:7C126080:8f7328d9:"",132:7C125440:e90748c5:"",133:7C126140:d072fec1:""] controls=[127:596F7B20:2058973f:"",128:596F7CA0:0ef38c8e:"",129:596F8380:f979c8dd:"",130:596F8200:76d0d571:"",131:597FCE00:6ce79f6f:"",132:597FC9A0:d3a03af5:""] weights=[124:1,125:1,126:1,127:1,128:1,129:1,130:1,131:1,132:1,133:1] vectors=[128:(1,1,1),129:(1,1,1),130:(1,1,1),131:(1,1,1),132:(1,1,1),133:(1,1,1)]
2026-09-12 16:18:29.148 NATIVE STAIN FIELD DIAG generation=222 node=7C126140 control=7C176060 changes=N+0x3c:0005de72>0005de78(5.389758e-040>5.389842e-040) totals=(node:1,control:0)
2026-09-12 16:18:29.262 NATIVE STAIN ANIMATION DIAG generation=222 emission=3 particle=1681 sample_ms=2063 update=32b904e0 descriptor=5844bca0 descriptor_checksum=3bb06905 group_index=0 group=57e00840 group_checksum=1689c5e7 counts=(nodes:134,controls:133,weights:134,vectors:134) nodes=[128:7C125C20:58701a5a:"",129:7C125E60:e764af1d:"",130:7C125FC0:237c6ef9:"",131:7C126080:79b929b2:"",132:7C125440:0d8d1bd6:"",133:7C126140:dac5c99a:""] controls=[127:596F7B20:2058973f:"",128:596F7CA0:0ef38c8e:"",129:596F8380:f979c8dd:"",130:596F8200:76d0d571:"",131:597FCE00:6ce79f6f:"",132:597FC9A0:5a7288bb:""] weights=[124:1,125:1,126:1,127:1,128:1,129:1,130:1,131:1,132:1,133:1] vectors=[128:(1,1,1),129:(1,1,1),130:(1,1,1),131:(1,1,1),132:(1,1,1),133:(1,1,1)]
2026-09-12 16:18:29.262 NATIVE STAIN FIELD DIAG generation=222 node=7C126140 control=7C176060 changes=N+0x3c:0005de78>0005de7f(5.389842e-040>5.38994e-040) totals=(node:1,control:0)
2026-09-12 16:18:29.371 NATIVE STAIN ANIMATION DIAG generation=222 emission=3 particle=1681 sample_ms=2172 update=32b904e0 descriptor=5844bca0 descriptor_checksum=3bb06905 group_index=0 group=57e00840 group_checksum=1689c5e7 counts=(nodes:134,controls:133,weights:134,vectors:134) nodes=[128:7C125C20:842607c7:"",129:7C125E60:98f03540:"",130:7C125FC0:0e61591c:"",131:7C126080:4c28d66f:"",132:7C125440:ee757c83:"",133:7C126140:eb2ca787:""] controls=[127:596F7B20:2058973f:"",128:596F7CA0:0ef38c8e:"",129:596F8380:f979c8dd:"",130:596F8200:76d0d571:"",131:597FCE00:6ce79f6f:"",132:597FC9A0:e51560c6:""] weights=[124:1,125:1,126:1,127:1,128:1,129:1,130:1,131:1,132:1,133:1] vectors=[128:(1,1,1),129:(1,1,1),130:(1,1,1),131:(1,1,1),132:(1,1,1),133:(1,1,1)]
2026-09-12 16:18:29.371 NATIVE STAIN FIELD DIAG generation=222 node=7C126140 control=7C176060 changes=N+0x3c:0005de7f>0005de86(5.38994e-040>5.390038e-040) totals=(node:1,control:0)
2026-09-12 16:18:29.476 NATIVE STAIN ANIMATION DIAG generation=222 emission=3 particle=1681 sample_ms=2281 update=32b904e0 descriptor=5844bca0 descriptor_checksum=3bb06905 group_index=0 group=57e00840 group_checksum=1689c5e7 counts=(nodes:134,controls:133,weights:134,vectors:134) nodes=[128:7C125C20:80e676c8:"",129:7C125E60:be44582f:"",130:7C125FC0:f962044b:"",131:7C126080:9a76e380:"",132:7C125440:baa37824:"",133:7C126140:d9895a88:""] controls=[127:596F7B20:2058973f:"",128:596F7CA0:0ef38c8e:"",129:596F8380:f979c8dd:"",130:596F8200:76d0d571:"",131:597FCE00:6ce79f6f:"",132:597FC9A0:e561f197:""] weights=[124:1,125:1,126:1,127:1,128:1,129:1,130:1,131:1,132:1,133:1] vectors=[128:(1,1,1),129:(1,1,1),130:(1,1,1),131:(1,1,1),132:(1,1,1),133:(1,1,1)]
2026-09-12 16:18:29.477 NATIVE STAIN FIELD DIAG generation=222 node=7C126140 control=7C176060 changes=N+0x3c:0005de86>0005de8d(5.390038e-040>5.390137e-040) totals=(node:1,control:0)
2026-09-12 16:18:29.594 NATIVE STAIN ANIMATION DIAG generation=222 emission=3 particle=1681 sample_ms=2391 update=32b904e0 descriptor=5844bca0 descriptor_checksum=3bb06905 group_index=0 group=57e00840 group_checksum=1689c5e7 counts=(nodes:134,controls:133,weights:134,vectors:134) nodes=[128:7C125C20:0f5f8820:"",129:7C125E60:03a00f67:"",130:7C125FC0:0b1b58b3:"",131:7C126080:0da92ea8:"",132:7C125440:2d2bae8c:"",133:7C126140:4a8b8de0:""] controls=[127:596F7B20:2058973f:"",128:596F7CA0:0ef38c8e:"",129:596F8380:f979c8dd:"",130:596F8200:76d0d571:"",131:597FCE00:6ce79f6f:"",132:597FC9A0:b6e69c4f:""] weights=[124:1,125:1,126:1,127:1,128:1,129:1,130:1,131:1,132:1,133:1] vectors=[128:(1,1,1),129:(1,1,1),130:(1,1,1),131:(1,1,1),132:(1,1,1),133:(1,1,1)]
2026-09-12 16:18:29.594 NATIVE STAIN FIELD DIAG generation=222 node=7C126140 control=7C176060 changes=N+0x3c:0005de8d>0005de95(5.390137e-040>5.390249e-040) totals=(node:1,control:0)
2026-09-12 16:18:29.698 NATIVE STAIN ANIMATION DIAG generation=222 emission=3 particle=1681 sample_ms=2500 update=32b904e0 descriptor=5844bca0 descriptor_checksum=3bb06905 group_index=0 group=57e00840 group_checksum=1689c5e7 counts=(nodes:134,controls:133,weights:134,vectors:134) nodes=[128:7C125C20:fc4678ad:"",129:7C125E60:bc87240a:"",130:7C125FC0:f0a7c436:"",131:7C126080:b9cf7045:"",132:7C125440:0fdde059:"",133:7C126140:5e42ce6d:""] controls=[127:596F7B20:2058973f:"",128:596F7CA0:0ef38c8e:"",129:596F8380:f979c8dd:"",130:596F8200:76d0d571:"",131:597FCE00:6ce79f6f:"",132:597FC9A0:7c497153:""] weights=[124:1,125:1,126:1,127:1,128:1,129:1,130:1,131:1,132:1,133:1] vectors=[128:(1,1,1),129:(1,1,1),130:(1,1,1),131:(1,1,1),132:(1,1,1),133:(1,1,1)]
2026-09-12 16:18:29.698 NATIVE STAIN FIELD DIAG generation=222 node=7C126140 control=7C176060 changes=N+0x3c:0005de95>0005de9c(5.390249e-040>5.390347e-040) totals=(node:1,control:0)
2026-09-12 16:18:29.880 liquid native update performance version=0.8.12-decal-freeze-performance samples=61 native_and_pick_ms=0.074 freeze_cleanup_ms=0.000 diagnostics_and_retraction_ms=0.142 peak_total_ms=1.377 tracked=132 freeze_hook=1
2026-09-12 16:18:30.887 liquid native update performance version=0.8.12-decal-freeze-performance samples=69 native_and_pick_ms=0.050 freeze_cleanup_ms=0.000 diagnostics_and_retraction_ms=0.001 peak_total_ms=0.123 tracked=0 freeze_hook=1
2026-09-12 16:18:31.889 liquid native update performance version=0.8.12-decal-freeze-performance samples=78 native_and_pick_ms=0.005 freeze_cleanup_ms=0.000 diagnostics_and_retraction_ms=0.001 peak_total_ms=0.014 tracked=0 freeze_hook=1
2026-09-12 16:18:32.884 liquid native update performance version=0.8.12-decal-freeze-performance samples=77 native_and_pick_ms=0.005 freeze_cleanup_ms=0.000 diagnostics_and_retraction_ms=0.001 peak_total_ms=0.013 tracked=0 freeze_hook=1
2026-09-12 16:18:33.879 liquid native update performance version=0.8.12-decal-freeze-performance samples=78 native_and_pick_ms=0.005 freeze_cleanup_ms=0.000 diagnostics_and_retraction_ms=0.001 peak_total_ms=0.013 tracked=0 freeze_hook=1
2026-09-12 16:18:34.883 liquid native update performance version=0.8.12-decal-freeze-performance samples=73 native_and_pick_ms=0.005 freeze_cleanup_ms=0.000 diagnostics_and_retraction_ms=0.001 peak_total_ms=0.020 tracked=0 freeze_hook=1
2026-09-12 16:18:35.887 liquid native update performance version=0.8.12-decal-freeze-performance samples=49 native_and_pick_ms=0.005 freeze_cleanup_ms=0.000 diagnostics_and_retraction_ms=0.001 peak_total_ms=0.017 tracked=0 freeze_hook=1
2026-09-12 16:18:36.882 liquid native update performance version=0.8.12-decal-freeze-performance samples=62 native_and_pick_ms=0.006 freeze_cleanup_ms=0.000 diagnostics_and_retraction_ms=0.001 peak_total_ms=0.046 tracked=0 freeze_hook=1
2026-09-12 16:18:37.880 liquid native update performance version=0.8.12-decal-freeze-performance samples=51 native_and_pick_ms=0.005 freeze_cleanup_ms=0.000 diagnostics_and_retraction_ms=0.001 peak_total_ms=0.015 tracked=0 freeze_hook=1
2026-09-12 16:18:38.881 liquid native update performance version=0.8.12-decal-freeze-performance samples=73 native_and_pick_ms=0.005 freeze_cleanup_ms=0.000 diagnostics_and_retraction_ms=0.001 peak_total_ms=0.015 tracked=0 freeze_hook=1
2026-09-12 16:18:39.880 liquid native update performance version=0.8.12-decal-freeze-performance samples=68 native_and_pick_ms=0.006 freeze_cleanup_ms=0.000 diagnostics_and_retraction_ms=0.001 peak_total_ms=0.017 tracked=0 freeze_hook=1
2026-09-12 16:18:40.884 liquid native update performance version=0.8.12-decal-freeze-performance samples=87 native_and_pick_ms=0.005 freeze_cleanup_ms=0.000 diagnostics_and_retraction_ms=0.001 peak_total_ms=0.016 tracked=0 freeze_hook=1
2026-09-12 16:18:41.888 liquid native update performance version=0.8.12-decal-freeze-performance samples=113 native_and_pick_ms=0.005 freeze_cleanup_ms=0.000 diagnostics_and_retraction_ms=0.001 peak_total_ms=0.018 tracked=0 freeze_hook=1
2026-09-12 16:18:42.201 liquid prototype emitter started source=model person=2 start=179391437 duration=10.000 end=179401437
2026-09-12 16:18:42.209 liquid world emitter sample person=2 emission=4 position=(-1.23226,0.85661,-1.80090) direction=(-0.22636,0.97081,0.07936) source=rebuilt-joint-local-hierarchy
2026-09-12 16:18:42.228 ejaculation audio started person=2 emission=4 pulse=1 volume=0.000 path="C:\Users\ErolB\Desktop\Games\TK17\The Klub 17\Extensions\Liquids\Sounds\Ejaculation\Default\cum01.mp3"
2026-09-12 16:18:42.228 testicular retraction pulse person=2 emission=4 pulse=1 baseline=0.000 start=0.000 target=0.250
2026-09-12 16:18:42.228 PhysX live collider status tick_active=1 camera_valid=1 enabled=1 ready_person_mask=0x2
2026-09-12 16:18:42.243 testicular retraction live write person=2 control=4aa2ebe0 input=0.000 baseline=0.000 contribution=0.000 output=0.000
2026-09-12 16:18:42.243 testicular retraction applied person=2 emission=4 pulse=1 baseline=0.000 contribution=0.000 output=0.000
2026-09-12 16:18:42.308 liquid native stain descriptor captured emission=4 frame=001af5c4 descriptor=5844bca0 rate=4 size=0.025 field28=0 field2c=1.019374e-38 field30=0 scale=(1,1,1)
2026-09-12 16:18:42.308 memory snapshot label="native-stain-descriptor" address=5844BCA0 words=458b6080,590ce3a0,3e800000,3c23d70a,00000004,006c006b,afe7cb8d,000001a1,40800000,3ccccccd,00000000,006f0000,00000000,3f800000,3f800000,3f800000
2026-09-12 16:18:42.428 ejaculation audio finished person=2 emission=4 pulse=1 path="C:\Users\ErolB\Desktop\Games\TK17\The Klub 17\Extensions\Liquids\Sounds\Ejaculation\Default\cum01.mp3"
2026-09-12 16:18:42.468 liquid world emitter sample person=2 emission=4 position=(-1.18701,0.85822,-1.81576) direction=(0.00916,0.99987,0.01355) source=rebuilt-joint-local-hierarchy
2026-09-12 16:18:42.490 testicular retraction live write person=2 control=4aa2ebe0 input=0.269 baseline=0.000 contribution=0.269 output=0.269
2026-09-12 16:18:42.648 liquid native stain contact consumed source=confirmed particle=1693 emission=4 retry=0 result=9 count=1 native_hit=1 body_confirmed=0 retried=0 outcome=native-hit-attachment-unconfirmed
2026-09-12 16:18:42.650 NATIVE STAIN ANIMATION DIAG generation=223 emission=4 particle=1693 sample_ms=0 update=32b904e0 descriptor=5844bca0 descriptor_checksum=0e0b6d0e group_index=0 group=57e00840 group_checksum=51a16741 counts=(nodes:1,controls:1,weights:1,vectors:1) nodes=[0:79716800:2ef0581b:""] controls=[0:79C3D740:92f13d45:""] weights=[0:1] vectors=[0:(1,1,1)]
2026-09-12 16:18:42.680 liquid native stain contact consumed source=confirmed particle=1690 emission=4 retry=0 result=9 count=1 native_hit=1 body_confirmed=0 retried=0 outcome=native-hit-attachment-unconfirmed
2026-09-12 16:18:42.705 liquid native stain contact consumed source=confirmed particle=1698 emission=4 retry=0 result=9 count=1 native_hit=1 body_confirmed=0 retried=0 outcome=native-hit-attachment-unconfirmed
2026-09-12 16:18:42.712 liquid world emitter sample person=2 emission=4 position=(-1.23322,0.85635,-1.80079) direction=(-0.23488,0.96869,0.08042) source=rebuilt-joint-local-hierarchy
2026-09-12 16:18:42.731 liquid native stain contact consumed source=confirmed particle=1702 emission=4 retry=0 result=9 count=1 native_hit=1 body_confirmed=0 retried=0 outcome=native-hit-attachment-unconfirmed
2026-09-12 16:18:42.741 testicular retraction live write person=2 control=4aa2ebe0 input=0.242 baseline=0.000 contribution=0.242 output=0.242
2026-09-12 16:18:42.766 liquid native stain contact consumed source=confirmed particle=1707 emission=4 retry=0 result=9 count=1 native_hit=1 body_confirmed=0 retried=0 outcome=native-hit-attachment-unconfirmed
2026-09-12 16:18:42.767 NATIVE STAIN ANIMATION DIAG generation=227 emission=4 particle=1707 sample_ms=0 update=32b904e0 descriptor=5844bca0 descriptor_checksum=008459f1 group_index=0 group=57e00840 group_checksum=5b136cae counts=(nodes:5,controls:5,weights:5,vectors:5) nodes=[0:79716800:cce6f104:"",1:797165E0:3fd16225:"",2:79715E00:67bae5f5:"",3:79716480:28cb0ba6:"",4:7C64BC40:76d7025e:""] controls=[0:79C3D740:9d9fef43:"",1:79C3D060:141f7dbb:"",2:79C3D340:c605acea:"",3:79C3D240:db29bb74:"",4:79C3D560:ef67765e:""] weights=[0:1,1:1,2:1,3:1,4:1] vectors=[0:(1,1,1),1:(1,1,1),2:(1,1,1),3:(1,1,1),4:(1,1,1)]
2026-09-12 16:18:42.795 liquid native stain contact consumed source=confirmed particle=1712 emission=4 retry=0 result=9 count=1 native_hit=1 body_confirmed=0 retried=0 outcome=native-hit-attachment-unconfirmed
2026-09-12 16:18:42.869 liquid native stain contact consumed source=confirmed particle=1723 emission=4 retry=0 result=9 count=1 native_hit=1 body_confirmed=0 retried=0 outcome=native-hit-attachment-unconfirmed
2026-09-12 16:18:42.871 NATIVE STAIN ANIMATION DIAG generation=229 emission=4 particle=1723 sample_ms=0 update=32b904e0 descriptor=5844bca0 descriptor_checksum=15a0fde7 group_index=0 group=57e00840 group_checksum=5b136cae counts=(nodes:7,controls:7,weights:7,vectors:7) nodes=[1:797165E0:726f8490:"",2:79715E00:df7e7a40:"",3:79716480:eca601c3:"",4:7C64BC40:a7a4e3b0:"",5:7C64BA20:b14ba0fb:"",6:7C64B180:d5ae09f9:""] controls=[1:79C3D060:141f7dbb:"",2:79C3D340:c605acea:"",3:79C3D240:db29bb74:"",4:79C3D560:ef67765e:"",5:79C3D660:69c03bb2:"",6:79C3D7E0:9d572137:""] weights=[0:1,1:1,2:1,3:1,4:1,5:1,6:1] vectors=[1:(1,1,1),2:(1,1,1),3:(1,1,1),4:(1,1,1),5:(1,1,1),6:(1,1,1)]
2026-09-12 16:18:42.887 liquid native update performance version=0.8.12-decal-freeze-performance samples=96 native_and_pick_ms=0.262 freeze_cleanup_ms=0.015 diagnostics_and_retraction_ms=0.059 peak_total_ms=3.608 tracked=7 freeze_hook=1
2026-09-12 16:18:42.900 liquid native stain contact consumed source=confirmed particle=1724 emission=4 retry=0 result=9 count=1 native_hit=1 body_confirmed=0 retried=0 outcome=native-hit-attachment-unconfirmed
2026-09-12 16:18:42.932 liquid native stain contact consumed source=confirmed particle=1728 emission=4 retry=0 result=9 count=1 native_hit=1 body_confirmed=0 retried=0 outcome=native-hit-attachment-unconfirmed
2026-09-12 16:18:42.959 liquid world emitter sample person=2 emission=4 position=(-1.18553,0.85811,-1.81737) direction=(0.00382,0.99999,0.00092) source=rebuilt-joint-local-hierarchy
2026-09-12 16:18:42.982 liquid native stain contact consumed source=confirmed particle=1752 emission=4 retry=0 result=0 count=1 native_hit=1 body_confirmed=0 retried=0 outcome=native-hit-attachment-unconfirmed
2026-09-12 16:18:42.984 NATIVE STAIN ANIMATION DIAG generation=232 emission=4 particle=1752 sample_ms=0 update=32b904e0 descriptor=5844bca0 descriptor_checksum=c81e1a34 group_index=0 group=57e00840 group_checksum=4858e3a9 counts=(nodes:11,controls:10,weights:11,vectors:11) nodes=[5:7C64BA20:855ffd39:"",6:7C64B180:97ff47a1:"",7:7C64BBA0:877e2734:"",8:7C64B300:7c87092c:"",9:7C64B960:0116805c:"",10:7C64BAE0:ddd2fe72:""] controls=[4:79C3D560:ef67765e:"",5:79C3D660:69c03bb2:"",6:79C3D7E0:e2b6c78e:"",7:79C3D980:ad07d2fc:"",8:79C3DCA0:7516786c:"",9:79C3E380:3ba31652:""] weights=[1:1,2:1,3:1,4:1,5:1,6:1,7:1,8:1,9:1,10:1] vectors=[5:(1,1,1),6:(1,1,1),7:(1,1,1),8:(1,1,1),9:(1,1,1),10:(1,1,1)]
2026-09-12 16:18:43.004 testicular retraction live write person=2 control=4aa2ebe0 input=0.250 baseline=0.000 contribution=0.250 output=0.250
2026-09-12 16:18:43.018 liquid native stain contact consumed source=confirmed particle=1757 emission=4 retry=0 result=0 count=1 native_hit=1 body_confirmed=0 retried=0 outcome=native-hit-attachment-unconfirmed
2026-09-12 16:18:43.073 liquid native stain contact consumed source=confirmed particle=1762 emission=4 retry=0 result=0 count=1 native_hit=1 body_confirmed=0 retried=0 outcome=native-hit-attachment-unconfirmed
2026-09-12 16:18:43.088 liquid native stain contact consumed source=confirmed particle=1766 emission=4 retry=0 result=9 count=1 native_hit=1 body_confirmed=0 retried=0 outcome=native-hit-attachment-unconfirmed
2026-09-12 16:18:43.090 NATIVE STAIN ANIMATION DIAG generation=235 emission=4 particle=1766 sample_ms=0 update=32b904e0 descriptor=5844bca0 descriptor_checksum=7f14c875 group_index=0 group=57e00840 group_checksum=4858e3a9 counts=(nodes:15,controls:13,weights:15,vectors:15) nodes=[9:7C64B960:95112d87:"",10:7C64BAE0:116ba061:"",11:7C64ADE0:3a4a317b:"",12:7C64AD40:c6572386:"",13:7C64B020:2bc82e6c:"",14:7C64AEA0:47489c68:""] controls=[7:79C3D980:ad07d2fc:"",8:79C3DCA0:5442992c:"",9:79C3E380:3ba31652:"",10:79C3DD40:ca08dd36:"",11:79C3E1A0:23189ea0:"",12:796F54E0:cae16671:""] weights=[5:1,6:1,7:1,8:1,9:1,10:1,11:1,12:1,13:1,14:1] vectors=[9:(1,1,1),10:(1,1,1),11:(1,1,1),12:(1,1,1),13:(1,1,1),14:(1,1,1)]
2026-09-12 16:18:43.119 liquid native stain contact consumed source=confirmed particle=1778 emission=4 retry=0 result=9 count=1 native_hit=1 body_confirmed=0 retried=0 outcome=native-hit-attachment-unconfirmed
2026-09-12 16:18:43.150 liquid native stain contact consumed source=confirmed particle=1794 emission=4 retry=0 result=9 count=1 native_hit=1 body_confirmed=0 retried=0 outcome=native-hit-attachment-unconfirmed
2026-09-12 16:18:43.197 NATIVE STAIN ANIMATION DIAG generation=237 emission=4 particle=1794 sample_ms=47 update=32b904e0 descriptor=5844bca0 descriptor_checksum=c2265576 group_index=0 group=57e00840 group_checksum=ae3afa0e counts=(nodes:17,controls:15,weights:17,vectors:17) nodes=[11:7C64ADE0:aee5b1b9:"",12:7C64AD40:bb03e6dc:"",13:7C64B020:28187e16:"",14:7C64AEA0:01674cf1:"",15:7C64B0C0:60775b17:"",16:7C64AF60:b9e25d23:""] controls=[9:79C3E380:3ba31652:"",10:79C3DD40:ca08dd36:"",11:79C3E1A0:0aac2a13:"",12:796F54E0:cae16671:"",13:79C3E1E0:c6b6ddc2:"",14:796F56C0:24f65a61:""] weights=[7:1,8:1,9:1,10:1,11:1,12:1,13:1,14:1,15:1,16:1] vectors=[11:(1,1,1),12:(1,1,1),13:(1,1,1),14:(1,1,1),15:(1,1,1),16:(1,1,1)]
2026-09-12 16:18:43.213 liquid world emitter sample person=2 emission=4 position=(-1.23306,0.85639,-1.80080) direction=(-0.23350,0.96904,0.08024) source=rebuilt-joint-local-hierarchy
2026-09-12 16:18:43.258 testicular retraction live write person=2 control=4aa2ebe0 input=0.250 baseline=0.000 contribution=0.250 output=0.250
2026-09-12 16:18:43.308 NATIVE STAIN ANIMATION DIAG generation=237 emission=4 particle=1794 sample_ms=156 update=32b904e0 descriptor=5844bca0 descriptor_checksum=c2265576 group_index=0 group=57e00840 group_checksum=ae3afa0e counts=(nodes:17,controls:15,weights:17,vectors:17) nodes=[11:7C64ADE0:8b8a9aaa:"",12:7C64AD40:86c92f6f:"",13:7C64B020:7b93800d:"",14:7C64AEA0:ce5fbaa2:"",15:7C64B0C0:a1eb55a4:"",16:7C64AF60:195f23d8:""] controls=[9:79C3E380:3ba31652:"",10:79C3DD40:ca08dd36:"",11:79C3E1A0:0aac2a13:"",12:796F54E0:cae16671:"",13:79C3E1E0:c6b6ddc2:"",14:796F56C0:24f65a61:""] weights=[7:1,8:1,9:1,10:1,11:1,12:1,13:1,14:1,15:1,16:1] vectors=[11:(1,1,1),12:(1,1,1),13:(1,1,1),14:(1,1,1),15:(1,1,1),16:(1,1,1)]
2026-09-12 16:18:43.411 NATIVE STAIN ANIMATION DIAG generation=237 emission=4 particle=1794 sample_ms=266 update=32b904e0 descriptor=5844bca0 descriptor_checksum=c2265576 group_index=0 group=57e00840 group_checksum=ae3afa0e counts=(nodes:17,controls:15,weights:17,vectors:17) nodes=[11:7C64ADE0:c0e7c09b:"",12:7C64AD40:99b9c7e6:"",13:7C64B020:90e18d0c:"",14:7C64AEA0:5a511fe3:"",15:7C64B0C0:0d86af35:"",16:7C64AF60:261b0331:""] controls=[9:79C3E380:3ba31652:"",10:79C3DD40:ca08dd36:"",11:79C3E1A0:0aac2a13:"",12:796F54E0:cae16671:"",13:79C3E1E0:c6b6ddc2:"",14:796F56C0:24f65a61:""] weights=[7:1,8:1,9:1,10:1,11:1,12:1,13:1,14:1,15:1,16:1] vectors=[11:(1,1,1),12:(1,1,1),13:(1,1,1),14:(1,1,1),15:(1,1,1),16:(1,1,1)]
2026-09-12 16:18:43.458 liquid world emitter sample person=2 emission=4 position=(-1.18541,0.85810,-1.81753) direction=(0.00297,1.00000,-0.00040) source=rebuilt-joint-local-hierarchy
2026-09-12 16:18:43.503 testicular retraction live write person=2 control=4aa2ebe0 input=0.043 baseline=0.000 contribution=0.043 output=0.043
2026-09-12 16:18:43.524 NATIVE STAIN ANIMATION DIAG generation=237 emission=4 particle=1794 sample_ms=375 update=32b904e0 descriptor=5844bca0 descriptor_checksum=c2265576 group_index=0 group=57e00840 group_checksum=ae3afa0e counts=(nodes:17,controls:15,weights:17,vectors:17) nodes=[11:7C64ADE0:36c494cc:"",12:7C64AD40:936ce449:"",13:7C64B020:106128db:"",14:7C64AEA0:4620f544:"",15:7C64B0C0:43e51a42:"",16:7C64AF60:5b27e29e:""] controls=[9:79C3E380:3ba31652:"",10:79C3DD40:ca08dd36:"",11:79C3E1A0:0aac2a13:"",12:796F54E0:cae16671:"",13:79C3E1E0:c6b6ddc2:"",14:796F56C0:24f65a61:""] weights=[7:1,8:1,9:1,10:1,11:1,12:1,13:1,14:1,15:1,16:1] vectors=[11:(1,1,1),12:(1,1,1),13:(1,1,1),14:(1,1,1),15:(1,1,1),16:(1,1,1)]
2026-09-12 16:18:43.524 NATIVE STAIN FIELD DIAG generation=237 outcome=baseline node=7c64af60 control=7c6530a0
2026-09-12 16:18:43.524 memory snapshot label="native-stain-animation-node-baseline" address=7C64AF60 words=7285a8d4,508b4e60,7285a908,72894190,5346d8e0,799aa3c0,01fff0ad,00000000,00000000,00000000,5a0e1bca,00000000,670d3300,72894230,00000000,0005e2af,3f800000,3f800000,3f800000,3f800000,00000000,00000000,00000000,00000000
2026-09-12 16:18:43.524 memory snapshot label="native-stain-animation-control-baseline" address=7C6530A0 words=72859ad4,4b1e3b00,72859adc,72894190,3f800000,00000000,72894170,74747542,3f006e6f,00007f00,000700e4,00041242,8535fcb1,8d002d00,00010002,7c6530d8,00000000,00000000,07df68d8,00000000,00000002,728b00c4,00000001,00000001
2026-09-12 16:18:43.524 liquid deep link event="native-stain-animation-node" object=7c64af60 offset=0x014 pointer=799aa3c0 target_name="NcBlouse4_group"
2026-09-12 16:18:43.526 liquid deep links event="native-stain-animation-control" object=7c6530a0 named_or_string_links=0 scan_bytes=96
2026-09-12 16:18:43.637 NATIVE STAIN ANIMATION DIAG generation=237 emission=4 particle=1794 sample_ms=485 update=32b904e0 descriptor=5844bca0 descriptor_checksum=c2265576 group_index=0 group=57e00840 group_checksum=ae3afa0e counts=(nodes:17,controls:15,weights:17,vectors:17) nodes=[11:7C64ADE0:e7b07cd8:"",12:7C64AD40:9d2e2005:"",13:7C64B020:417456b7:"",14:7C64AEA0:a8221f50:"",15:7C64B0C0:cdc68436:"",16:7C64AF60:bd3941aa:""] controls=[9:79C3E380:3ba31652:"",10:79C3DD40:ca08dd36:"",11:79C3E1A0:0aac2a13:"",12:796F54E0:cae16671:"",13:79C3E1E0:c6b6ddc2:"",14:796F56C0:24f65a61:""] weights=[7:1,8:1,9:1,10:1,11:1,12:1,13:1,14:1,15:1,16:1] vectors=[11:(1,1,1),12:(1,1,1),13:(1,1,1),14:(1,1,1),15:(1,1,1),16:(1,1,1)]
2026-09-12 16:18:43.637 NATIVE STAIN FIELD DIAG generation=237 node=7C64AF60 control=7C6530A0 changes=N+0x3c:0005e2af>0005e2bb(5.404962e-040>5.40513e-040) totals=(node:1,control:0)
2026-09-12 16:18:43.711 ejaculation audio started person=2 emission=4 pulse=2 volume=0.000 path="C:\Users\ErolB\Desktop\Games\TK17\The Klub 17\Extensions\Liquids\Sounds\Ejaculation\Default\cum03.mp3"
2026-09-12 16:18:43.712 testicular retraction pulse person=2 emission=4 pulse=2 baseline=0.000 start=-0.000 target=0.250
2026-09-12 16:18:43.716 testicular retraction applied person=2 emission=4 pulse=2 baseline=0.000 contribution=-0.000 output=0.000
2026-09-12 16:18:43.725 liquid world emitter sample person=2 emission=4 position=(-1.23622,0.85547,-1.80037) direction=(-0.26176,0.96143,0.08444) source=rebuilt-joint-local-hierarchy
2026-09-12 16:18:43.747 NATIVE STAIN ANIMATION DIAG generation=237 emission=4 particle=1794 sample_ms=594 update=32b904e0 descriptor=5844bca0 descriptor_checksum=c2265576 group_index=0 group=57e00840 group_checksum=ae3afa0e counts=(nodes:17,controls:15,weights:17,vectors:17) nodes=[11:7C64ADE0:11e8e7bb:"",12:7C64AD40:89e8a2c6:"",13:7C64B020:888ec42c:"",14:7C64AEA0:d5dc7583:"",15:7C64B0C0:b08a3bd5:"",16:7C64AF60:fd461e91:""] controls=[9:79C3E380:3ba31652:"",10:79C3DD40:ca08dd36:"",11:79C3E1A0:0aac2a13:"",12:796F54E0:cae16671:"",13:79C3E1E0:c6b6ddc2:"",14:796F56C0:24f65a61:""] weights=[7:1,8:1,9:1,10:1,11:1,12:1,13:1,14:1,15:1,16:1] vectors=[11:(1,1,1),12:(1,1,1),13:(1,1,1),14:(1,1,1),15:(1,1,1),16:(1,1,1)]
2026-09-12 16:18:43.748 NATIVE STAIN FIELD DIAG generation=237 node=7C64AF60 control=7C6530A0 changes=N+0x3c:0005e2bb>0005e2c4(5.40513e-040>5.405257e-040) totals=(node:1,control:0)
2026-09-12 16:18:43.766 testicular retraction live write person=2 control=4aa2ebe0 input=0.255 baseline=0.000 contribution=0.271 output=0.271
2026-09-12 16:18:43.848 NATIVE STAIN ANIMATION DIAG generation=237 emission=4 particle=1794 sample_ms=703 update=32b904e0 descriptor=5844bca0 descriptor_checksum=c2265576 group_index=0 group=57e00840 group_checksum=ae3afa0e counts=(nodes:17,controls:15,weights:17,vectors:17) nodes=[11:7C64ADE0:2f0ef7f9:"",12:7C64AD40:a195551c:"",13:7C64B020:8a7859d6:"",14:7C64AEA0:472f3fb1:"",15:7C64B0C0:c2d736d7:"",16:7C64AF60:c88e3963:""] controls=[9:79C3E380:3ba31652:"",10:79C3DD40:ca08dd36:"",11:79C3E1A0:0aac2a13:"",12:796F54E0:cae16671:"",13:79C3E1E0:c6b6ddc2:"",14:796F56C0:24f65a61:""] weights=[7:1,8:1,9:1,10:1,11:1,12:1,13:1,14:1,15:1,16:1] vectors=[11:(1,1,1),12:(1,1,1),13:(1,1,1),14:(1,1,1),15:(1,1,1),16:(1,1,1)]
2026-09-12 16:18:43.849 NATIVE STAIN FIELD DIAG generation=237 node=7C64AF60 control=7C6530A0 changes=N+0x3c:0005e2c4>0005e2ce(5.405257e-040>5.405397e-040) totals=(node:1,control:0)
2026-09-12 16:18:43.886 liquid native update performance version=0.8.12-decal-freeze-performance samples=91 native_and_pick_ms=0.284 freeze_cleanup_ms=0.016 diagnostics_and_retraction_ms=0.192 peak_total_ms=4.358 tracked=15 freeze_hook=1
2026-09-12 16:18:43.967 NATIVE STAIN ANIMATION DIAG generation=237 emission=4 particle=1794 sample_ms=813 update=32b904e0 descriptor=5844bca0 descriptor_checksum=c2265576 group_index=0 group=57e00840 group_checksum=ae3afa0e counts=(nodes:17,controls:15,weights:17,vectors:17) nodes=[11:7C64ADE0:3e2f4295:"",12:7C64AD40:97763488:"",13:7C64B020:0efaabe2:"",14:7C64AEA0:fafdf54d:"",15:7C64B0C0:08331bfb:"",16:7C64AF60:8d10587f:""] controls=[9:79C3E380:3ba31652:"",10:79C3DD40:ca08dd36:"",11:79C3E1A0:0aac2a13:"",12:796F54E0:cae16671:"",13:79C3E1E0:c6b6ddc2:"",14:796F56C0:24f65a61:""] weights=[7:1,8:1,9:1,10:1,11:1,12:1,13:1,14:1,15:1,16:1] vectors=[11:(1,1,1),12:(1,1,1),13:(1,1,1),14:(1,1,1),15:(1,1,1),16:(1,1,1)]
2026-09-12 16:18:43.967 NATIVE STAIN FIELD DIAG generation=237 node=7C64AF60 control=7C6530A0 changes=N+0x3c:0005e2ce>0005e2da(5.405397e-040>5.405565e-040) totals=(node:1,control:0)
2026-09-12 16:18:43.974 liquid world emitter sample person=2 emission=4 position=(-1.18843,0.85829,-1.81453) direction=(0.01066,0.99968,0.02311) source=rebuilt-joint-local-hierarchy
2026-09-12 16:18:44.004 testicular retraction live write person=2 control=4aa2ebe0 input=0.262 baseline=0.000 contribution=0.262 output=0.262
2026-09-12 16:18:44.022 ejaculation audio finished person=2 emission=4 pulse=2 path="C:\Users\ErolB\Desktop\Games\TK17\The Klub 17\Extensions\Liquids\Sounds\Ejaculation\Default\cum03.mp3"
2026-09-12 16:18:44.072 NATIVE STAIN ANIMATION DIAG generation=237 emission=4 particle=1794 sample_ms=922 update=32b904e0 descriptor=5844bca0 descriptor_checksum=c2265576 group_index=0 group=57e00840 group_checksum=ae3afa0e counts=(nodes:17,controls:15,weights:17,vectors:17) nodes=[11:7C64ADE0:f0c251e7:"",12:7C64AD40:9a3ec722:"",13:7C64B020:4e548148:"",14:7C64AEA0:dc212cef:"",15:7C64B0C0:767535e9:"",16:7C64AF60:bd2c7c7d:""] controls=[9:79C3E380:3ba31652:"",10:79C3DD40:ca08dd36:"",11:79C3E1A0:0aac2a13:"",12:796F54E0:cae16671:"",13:79C3E1E0:c6b6ddc2:"",14:796F56C0:24f65a61:""] weights=[7:1,8:1,9:1,10:1,11:1,12:1,13:1,14:1,15:1,16:1] vectors=[11:(1,1,1),12:(1,1,1),13:(1,1,1),14:(1,1,1),15:(1,1,1),16:(1,1,1)]
2026-09-12 16:18:44.072 NATIVE STAIN FIELD DIAG generation=237 node=7C64AF60 control=7C6530A0 changes=N+0x3c:0005e2da>0005e2e0(5.405565e-040>5.405649e-040) totals=(node:1,control:0)
2026-09-12 16:18:44.158 liquid native stain contact consumed source=confirmed particle=1807 emission=4 retry=0 result=9 count=1 native_hit=1 body_confirmed=0 retried=0 outcome=native-hit-attachment-unconfirmed
2026-09-12 16:18:44.181 NATIVE STAIN ANIMATION DIAG generation=238 emission=4 particle=1807 sample_ms=31 update=32b904e0 descriptor=5844bca0 descriptor_checksum=9e7f313c group_index=0 group=57e00840 group_checksum=ae3afa0e counts=(nodes:18,controls:16,weights:18,vectors:18) nodes=[12:7C64AD40:766c425f:"",13:7C64B020:24cdfb5d:"",14:7C64AEA0:4e4f0d72:"",15:7C64B0C0:50208614:"",16:7C64AF60:efca9ee8:"",17:67816960:94dd846b:""] controls=[10:79C3DD40:ca08dd36:"",11:79C3E1A0:0aac2a13:"",12:796F54E0:cae16671:"",13:79C3E1E0:c6b6ddc2:"",14:796F56C0:24f65a61:"",15:58229440:d2ed1546:""] weights=[8:1,9:1,10:1,11:1,12:1,13:1,14:1,15:1,16:1,17:1] vectors=[12:(1,1,1),13:(1,1,1),14:(1,1,1),15:(1,1,1),16:(1,1,1),17:(1,1,1)]
2026-09-12 16:18:44.206 liquid native stain contact consumed source=confirmed particle=1814 emission=4 retry=0 result=9 count=1 native_hit=1 body_confirmed=0 retried=0 outcome=native-hit-attachment-unconfirmed
2026-09-12 16:18:44.222 liquid native stain contact consumed source=confirmed particle=1816 emission=4 retry=0 result=9 count=1 native_hit=1 body_confirmed=0 retried=0 outcome=native-hit-attachment-unconfirmed
2026-09-12 16:18:44.231 liquid world emitter sample person=2 emission=4 position=(-1.23827,0.85480,-1.80006) direction=(-0.28041,0.95586,0.08772) source=rebuilt-joint-local-hierarchy
2026-09-12 16:18:44.253 testicular retraction live write person=2 control=4aa2ebe0 input=0.243 baseline=0.000 contribution=0.244 output=0.244
2026-09-12 16:18:44.270 liquid native stain contact consumed source=confirmed particle=1820 emission=4 retry=0 result=9 count=1 native_hit=1 body_confirmed=0 retried=0 outcome=native-hit-attachment-unconfirmed
2026-09-12 16:18:44.296 liquid native stain contact consumed source=confirmed particle=1827 emission=4 retry=0 result=9 count=1 native_hit=1 body_confirmed=0 retried=0 outcome=native-hit-attachment-unconfirmed
2026-09-12 16:18:44.297 NATIVE STAIN ANIMATION DIAG generation=242 emission=4 particle=1827 sample_ms=0 update=32b904e0 descriptor=5844bca0 descriptor_checksum=e6336712 group_index=0 group=57e00840 group_checksum=53824739 counts=(nodes:22,controls:20,weights:22,vectors:22) nodes=[16:7C64AF60:f1ff3c0d:"",17:67816960:0422263e:"",18:67816C40:9e45f38a:"",19:678165C0:14438aee:"",20:67816180:6c72e0ce:"",21:67816680:b5a80d01:""] controls=[14:796F56C0:24f65a61:"",15:58229440:b6d49253:"",16:582294A0:3f43accd:"",17:582298A0:fcb45fee:"",18:582295E0:02303dfd:"",19:58229F80:2965ae43:""] weights=[12:1,13:1,14:1,15:1,16:1,17:1,18:1,19:1,20:1,21:1] vectors=[16:(1,1,1),17:(1,1,1),18:(1,1,1),19:(1,1,1),20:(1,1,1),21:(1,1,1)]
2026-09-12 16:18:44.327 liquid native stain contact consumed source=confirmed particle=1831 emission=4 retry=0 result=9 count=1 native_hit=1 body_confirmed=0 retried=0 outcome=native-hit-attachment-unconfirmed
2026-09-12 16:18:44.360 liquid native stain contact consumed source=confirmed particle=1836 emission=4 retry=0 result=9 count=1 native_hit=1 body_confirmed=0 retried=0 outcome=native-hit-attachment-unconfirmed
2026-09-12 16:18:44.386 liquid native stain transform particle=1839 frame=001af5c4 descriptor=5844bca0 descriptor_scale=(1.00000,1.00000,1.00000) custom_hit_view=(-0.09350,-0.00638,-1.53304) custom_ray_view=(-0.08984,0.06155,-1.48901)->(-0.04512,-0.83826,-0.54341)
2026-09-12 16:18:44.386 liquid native stain contact consumed source=confirmed particle=1839 emission=4 retry=0 result=9 count=1 native_hit=1 body_confirmed=1 retried=0 outcome=native-model-hit-impact-ray
2026-09-12 16:18:44.396 NATIVE STAIN ANIMATION DIAG generation=245 emission=4 particle=1839 sample_ms=15 update=32b904e0 descriptor=5844bca0 descriptor_checksum=705bd749 group_index=0 group=57e00840 group_checksum=53824739 counts=(nodes:25,controls:23,weights:25,vectors:25) nodes=[19:678165C0:4fc962e6:"",20:67816180:80767fc6:"",21:67816680:73e0223a:"",22:67816A20:7087ef92:"",23:67816D00:ac2ddddf:"",24:678162E0:68f49211:""] controls=[17:582298A0:fcb45fee:"",18:582295E0:02303dfd:"",19:58229F80:2965ae43:"",20:58229D60:03db9e19:"",21:58229B80:c5cb2261:"",22:5821A6C0:bfecab98:""] weights=[15:1,16:1,17:1,18:1,19:1,20:1,21:1,22:1,23:1,24:1] vectors=[19:(1,1,1),20:(1,1,1),21:(1,1,1),22:(1,1,1),23:(1,1,1),24:(1,1,1)]
2026-09-12 16:18:44.427 liquid native stain contact consumed source=confirmed particle=1842 emission=4 retry=0 result=9 count=1 native_hit=1 body_confirmed=0 retried=0 outcome=native-hit-attachment-unconfirmed
2026-09-12 16:18:44.451 liquid native stain contact consumed source=confirmed particle=1844 emission=4 retry=0 result=9 count=1 native_hit=1 body_confirmed=0 retried=0 outcome=native-hit-attachment-unconfirmed
2026-09-12 16:18:44.479 liquid world emitter sample person=2 emission=4 position=(-1.18951,0.85833,-1.81367) direction=(0.01074,0.99950,0.02969) source=rebuilt-joint-local-hierarchy
2026-09-12 16:18:44.484 liquid native stain contact consumed source=confirmed particle=1865 emission=4 retry=0 result=0 count=1 native_hit=1 body_confirmed=0 retried=0 outcome=native-hit-attachment-unconfirmed
2026-09-12 16:18:44.511 NATIVE STAIN ANIMATION DIAG generation=248 emission=4 particle=1865 sample_ms=32 update=32b904e0 descriptor=5844bca0 descriptor_checksum=f1d16ab1 group_index=0 group=57e00840 group_checksum=f8acb7dd counts=(nodes:29,controls:26,weights:29,vectors:29) nodes=[23:67816D00:5bd64379:"",24:678162E0:c2fec3fb:"",25:678159A0:3a722d74:"",26:67815EA0:2ad5baf8:"",27:67816240:655b9f30:"",28:678170A0:51a96c58:""] controls=[20:58229D60:43d6dd1a:"",21:58229B80:c5cb2261:"",22:5821A6C0:bfecab98:"",23:58229D00:b915f793:"",24:5821AA40:4769b2de:"",25:5821A620:69233373:""] weights=[19:1,20:1,21:1,22:1,23:1,24:1,25:1,26:1,27:1,28:1] vectors=[23:(1,1,1),24:(1,1,1),25:(1,1,1),26:(1,1,1),27:(1,1,1),28:(1,1,1)]
2026-09-12 16:18:44.511 testicular retraction live write person=2 control=4aa2ebe0 input=0.250 baseline=0.000 contribution=0.250 output=0.250
2026-09-12 16:18:44.521 liquid native stain contact consumed source=confirmed particle=1871 emission=4 retry=0 result=0 count=1 native_hit=1 body_confirmed=0 retried=0 outcome=native-hit-attachment-unconfirmed
2026-09-12 16:18:44.551 liquid native stain contact consumed source=confirmed particle=1879 emission=4 retry=0 result=9 count=1 native_hit=1 body_confirmed=0 retried=0 outcome=native-hit-attachment-unconfirmed
2026-09-12 16:18:44.577 liquid native stain contact consumed source=confirmed particle=1886 emission=4 retry=0 result=9 count=1 native_hit=1 body_confirmed=0 retried=0 outcome=native-hit-attachment-unconfirmed
2026-09-12 16:18:44.617 NATIVE STAIN ANIMATION DIAG generation=251 emission=4 particle=1886 sample_ms=47 update=32b904e0 descriptor=5844bca0 descriptor_checksum=5cd9d3e9 group_index=0 group=57e00840 group_checksum=2e56aad5 counts=(nodes:33,controls:29,weights:33,vectors:33) nodes=[27:67816240:a933f99f:"",28:678170A0:9c368b17:"",29:67817140:b9920f9a:"",30:67817660:9156300c:"",31:67817C20:9b2d852a:"",32:67816E60:9880a29b:""] controls=[23:58229D00:b915f793:"",24:5821AA40:4769b2de:"",25:5821A620:69233373:"",26:5821A800:84130bd2:"",27:5821B260:d84f5d7f:"",28:5821B2A0:f8d5d73c:""] weights=[23:1,24:1,25:1,26:1,27:1,28:1,29:1,30:1,31:1,32:1] vectors=[27:(1,1,1),28:(1,1,1),29:(1,1,1),30:(1,1,1),31:(1,1,1),32:(1,1,1)]
2026-09-12 16:18:44.646 liquid native stain contact consumed source=confirmed particle=1898 emission=4 retry=0 result=9 count=1 native_hit=1 body_confirmed=0 retried=0 outcome=native-hit-attachment-unconfirmed
2026-09-12 16:18:44.727 liquid world emitter sample person=2 emission=4 position=(-1.23708,0.85519,-1.80025) direction=(-0.26952,0.95917,0.08577) source=rebuilt-joint-local-hierarchy
2026-09-12 16:18:44.729 NATIVE STAIN ANIMATION DIAG generation=252 emission=4 particle=1898 sample_ms=78 update=32b904e0 descriptor=5844bca0 descriptor_checksum=154e2900 group_index=0 group=57e00840 group_checksum=2e56aad5 counts=(nodes:34,controls:30,weights:34,vectors:34) nodes=[28:678170A0:8bc8ccac:"",29:67817140:5df294c1:"",30:67817660:ee1f3af7:"",31:67817C20:90eb23b1:"",32:67816E60:0dc1f7d8:"",33:67817700:a5e60164:""] controls=[24:5821AA40:4769b2de:"",25:5821A620:69233373:"",26:5821A800:84130bd2:"",27:5821B260:d84f5d7f:"",28:5821B2A0:181d05bc:"",29:58229C20:e2b5ceb1:""] weights=[24:1,25:1,26:1,27:1,28:1,29:1,30:1,31:1,32:1,33:1] vectors=[28:(1,1,1),29:(1,1,1),30:(1,1,1),31:(1,1,1),32:(1,1,1),33:(1,1,1)]
2026-09-12 16:18:44.755 testicular retraction live write person=2 control=4aa2ebe0 input=0.250 baseline=0.000 contribution=0.250 output=0.250
2026-09-12 16:18:44.837 NATIVE STAIN ANIMATION DIAG generation=252 emission=4 particle=1898 sample_ms=188 update=32b904e0 descriptor=5844bca0 descriptor_checksum=154e2900 group_index=0 group=57e00840 group_checksum=2e56aad5 counts=(nodes:34,controls:30,weights:34,vectors:34) nodes=[28:678170A0:39f96d59:"",29:67817140:02370454:"",30:67817660:7fa3df62:"",31:67817C20:1f554b64:"",32:67816E60:a4deb0ed:"",33:67817700:177bd9b1:""] controls=[24:5821AA40:4769b2de:"",25:5821A620:69233373:"",26:5821A800:84130bd2:"",27:5821B260:d84f5d7f:"",28:5821B2A0:181d05bc:"",29:58229C20:e2b5ceb1:""] weights=[24:1,25:1,26:1,27:1,28:1,29:1,30:1,31:1,32:1,33:1] vectors=[28:(1,1,1),29:(1,1,1),30:(1,1,1),31:(1,1,1),32:(1,1,1),33:(1,1,1)]
2026-09-12 16:18:44.882 liquid native update performance version=0.8.12-decal-freeze-performance samples=83 native_and_pick_ms=0.535 freeze_cleanup_ms=0.012 diagnostics_and_retraction_ms=0.155 peak_total_ms=3.536 tracked=30 freeze_hook=1
2026-09-12 16:18:44.948 NATIVE STAIN ANIMATION DIAG generation=252 emission=4 particle=1898 sample_ms=297 update=32b904e0 descriptor=5844bca0 descriptor_checksum=154e2900 group_index=0 group=57e00840 group_checksum=2e56aad5 counts=(nodes:34,controls:30,weights:34,vectors:34) nodes=[28:678170A0:06f0ca7e:"",29:67817140:fbd7c833:"",30:67817660:877c4c8d:"",31:67817C20:b3df0bc3:"",32:67816E60:3048ac42:"",33:67817700:f89d14c6:""] controls=[24:5821AA40:4769b2de:"",25:5821A620:69233373:"",26:5821A800:84130bd2:"",27:5821B260:d84f5d7f:"",28:5821B2A0:181d05bc:"",29:58229C20:e2b5ceb1:""] weights=[24:1,25:1,26:1,27:1,28:1,29:1,30:1,31:1,32:1,33:1] vectors=[28:(1,1,1),29:(1,1,1),30:(1,1,1),31:(1,1,1),32:(1,1,1),33:(1,1,1)]
2026-09-12 16:18:44.984 liquid world emitter sample person=2 emission=4 position=(-1.19106,0.85837,-1.81251) direction=(0.00986,0.99921,0.03845) source=rebuilt-joint-local-hierarchy
2026-09-12 16:18:45.009 testicular retraction live write person=2 control=4aa2ebe0 input=0.037 baseline=0.000 contribution=0.031 output=0.031
2026-09-12 16:18:45.074 NATIVE STAIN ANIMATION DIAG generation=252 emission=4 particle=1898 sample_ms=422 update=32b904e0 descriptor=5844bca0 descriptor_checksum=154e2900 group_index=0 group=57e00840 group_checksum=2e56aad5 counts=(nodes:34,controls:30,weights:34,vectors:34) nodes=[28:678170A0:aed37b6d:"",29:67817140:25b34480:"",30:67817660:55655a1e:"",31:67817C20:b2899d70:"",32:67816E60:53ed54d9:"",33:67817700:83f69aa5:""] controls=[24:5821AA40:4769b2de:"",25:5821A620:69233373:"",26:5821A800:84130bd2:"",27:5821B260:d84f5d7f:"",28:5821B2A0:181d05bc:"",29:58229C20:e2b5ceb1:""] weights=[24:1,25:1,26:1,27:1,28:1,29:1,30:1,31:1,32:1,33:1] vectors=[28:(1,1,1),29:(1,1,1),30:(1,1,1),31:(1,1,1),32:(1,1,1),33:(1,1,1)]
2026-09-12 16:18:45.074 NATIVE STAIN FIELD DIAG generation=252 outcome=baseline node=67817700 control=6776dac0
2026-09-12 16:18:45.074 memory snapshot label="native-stain-animation-node-baseline" address=67817700 words=7285a8d4,508b4e60,7285a908,72894190,53473760,799aa3c0,01fff0ad,00000000,00000000,00000000,5a0e1bca,00000000,670d2e80,72894230,00000000,0005e334,3f800000,3f800000,3f800000,3f800000,00000000,00000000,00000000,00000000
2026-09-12 16:18:45.074 memory snapshot label="native-stain-animation-control-baseline" address=6776DAC0 words=72859ad4,5f367269,72859adc,72894190,3f800000,00000000,72894170,6a64415f,00747375,00000000,00000000,00000000,b9c981f5,8d046a00,00000000,6776daf8,00000000,00000000,07df68d8,00000000,00000002,728b00c4,00000001,00000001
2026-09-12 16:18:45.074 liquid deep link event="native-stain-animation-node" object=67817700 offset=0x014 pointer=799aa3c0 target_name="NcBlouse4_group"
2026-09-12 16:18:45.076 liquid deep string event="native-stain-animation-node" object=67817700 offset=0x03c pointer=0005e334 text="e"
2026-09-12 16:18:45.077 liquid deep links event="native-stain-animation-control" object=6776dac0 named_or_string_links=0 scan_bytes=96
2026-09-12 16:18:45.178 NATIVE STAIN ANIMATION DIAG generation=252 emission=4 particle=1898 sample_ms=531 update=32b904e0 descriptor=5844bca0 descriptor_checksum=154e2900 group_index=0 group=57e00840 group_checksum=2e56aad5 counts=(nodes:34,controls:30,weights:34,vectors:34) nodes=[28:678170A0:43f24bfb:"",29:67817140:8ac76e36:"",30:67817660:d45fb758:"",31:67817C20:87464266:"",32:67816E60:d2fd7777:"",33:67817700:5da293a3:""] controls=[24:5821AA40:4769b2de:"",25:5821A620:69233373:"",26:5821A800:84130bd2:"",27:5821B260:d84f5d7f:"",28:5821B2A0:181d05bc:"",29:58229C20:e2b5ceb1:""] weights=[24:1,25:1,26:1,27:1,28:1,29:1,30:1,31:1,32:1,33:1] vectors=[28:(1,1,1),29:(1,1,1),30:(1,1,1),31:(1,1,1),32:(1,1,1),33:(1,1,1)]
2026-09-12 16:18:45.179 NATIVE STAIN FIELD DIAG generation=252 node=67817700 control=6776DAC0 changes=N+0x3c:0005e334>0005e33e(5.406826e-040>5.406966e-040) totals=(node:1,control:0)
2026-09-12 16:18:45.213 ejaculation audio started person=2 emission=4 pulse=3 volume=0.000 path="C:\Users\ErolB\Desktop\Games\TK17\The Klub 17\Extensions\Liquids\Sounds\Ejaculation\Default\cum04.mp3"
2026-09-12 16:18:45.213 testicular retraction pulse person=2 emission=4 pulse=3 baseline=0.000 start=-0.001 target=0.250
2026-09-12 16:18:45.228 testicular retraction applied person=2 emission=4 pulse=3 baseline=0.000 contribution=-0.001 output=0.000
2026-09-12 16:18:45.234 liquid world emitter sample person=2 emission=4 position=(-1.23949,0.85437,-1.79987) direction=(-0.29168,0.95229,0.08985) source=rebuilt-joint-local-hierarchy
2026-09-12 16:18:45.254 testicular retraction live write person=2 control=4aa2ebe0 input=0.255 baseline=0.000 contribution=0.255 output=0.255
2026-09-12 16:18:45.293 NATIVE STAIN ANIMATION DIAG generation=252 emission=4 particle=1898 sample_ms=641 update=32b904e0 descriptor=5844bca0 descriptor_checksum=154e2900 group_index=0 group=57e00840 group_checksum=2e56aad5 counts=(nodes:34,controls:30,weights:34,vectors:34) nodes=[28:678170A0:5fddfd03:"",29:67817140:7e904d2e:"",30:67817660:37a03e10:"",31:67817C20:3688a6be:"",32:67816E60:9fcd1c9f:"",33:67817700:3d60695b:""] controls=[24:5821AA40:4769b2de:"",25:5821A620:69233373:"",26:5821A800:84130bd2:"",27:5821B260:d84f5d7f:"",28:5821B2A0:181d05bc:"",29:58229C20:e2b5ceb1:""] weights=[24:1,25:1,26:1,27:1,28:1,29:1,30:1,31:1,32:1,33:1] vectors=[28:(1,1,1),29:(1,1,1),30:(1,1,1),31:(1,1,1),32:(1,1,1),33:(1,1,1)]
2026-09-12 16:18:45.293 NATIVE STAIN FIELD DIAG generation=252 node=67817700 control=6776DAC0 changes=N+0x3c:0005e33e>0005e346(5.406966e-040>5.407078e-040) totals=(node:1,control:0)
2026-09-12 16:18:45.393 NATIVE STAIN ANIMATION DIAG generation=252 emission=4 particle=1898 sample_ms=750 update=32b904e0 descriptor=5844bca0 descriptor_checksum=154e2900 group_index=0 group=57e00840 group_checksum=2e56aad5 counts=(nodes:34,controls:30,weights:34,vectors:34) nodes=[28:678170A0:5ff31b49:"",29:67817140:a2b73a24:"",30:67817660:11307a72:"",31:67817C20:3261aa14:"",32:67816E60:12ab34bd:"",33:67817700:35163a81:""] controls=[24:5821AA40:4769b2de:"",25:5821A620:69233373:"",26:5821A800:84130bd2:"",27:5821B260:d84f5d7f:"",28:5821B2A0:181d05bc:"",29:58229C20:e2b5ceb1:""] weights=[24:1,25:1,26:1,27:1,28:1,29:1,30:1,31:1,32:1,33:1] vectors=[28:(1,1,1),29:(1,1,1),30:(1,1,1),31:(1,1,1),32:(1,1,1),33:(1,1,1)]
2026-09-12 16:18:45.394 NATIVE STAIN FIELD DIAG generation=252 node=67817700 control=6776DAC0 changes=N+0x3c:0005e346>0005e350(5.407078e-040>5.407218e-040) totals=(node:1,control:0)
2026-09-12 16:18:45.430 ejaculation audio finished person=2 emission=4 pulse=3 path="C:\Users\ErolB\Desktop\Games\TK17\The Klub 17\Extensions\Liquids\Sounds\Ejaculation\Default\cum04.mp3"
2026-09-12 16:18:45.472 liquid world emitter sample person=2 emission=4 position=(-1.18798,0.85827,-1.81490) direction=(0.01039,0.99974,0.02022) source=rebuilt-joint-local-hierarchy
2026-09-12 16:18:45.504 testicular retraction live write person=2 control=4aa2ebe0 input=0.262 baseline=0.000 contribution=0.262 output=0.262
2026-09-12 16:18:45.514 NATIVE STAIN ANIMATION DIAG generation=252 emission=4 particle=1898 sample_ms=860 update=32b904e0 descriptor=5844bca0 descriptor_checksum=154e2900 group_index=0 group=57e00840 group_checksum=2e56aad5 counts=(nodes:34,controls:30,weights:34,vectors:34) nodes=[28:678170A0:679577ae:"",29:67817140:853c8e83:"",30:67817660:b0114e1d:"",31:67817C20:b19d43f3:"",32:67816E60:c3171992:"",33:67817700:9f20c596:""] controls=[24:5821AA40:4769b2de:"",25:5821A620:69233373:"",26:5821A800:84130bd2:"",27:5821B260:d84f5d7f:"",28:5821B2A0:181d05bc:"",29:58229C20:e2b5ceb1:""] weights=[24:1,25:1,26:1,27:1,28:1,29:1,30:1,31:1,32:1,33:1] vectors=[28:(1,1,1),29:(1,1,1),30:(1,1,1),31:(1,1,1),32:(1,1,1),33:(1,1,1)]
2026-09-12 16:18:45.514 NATIVE STAIN FIELD DIAG generation=252 node=67817700 control=6776DAC0 changes=N+0x3c:0005e350>0005e35b(5.407218e-040>5.407373e-040) totals=(node:1,control:0)
2026-09-12 16:18:45.603 liquid native stain contact consumed source=confirmed particle=1913 emission=4 retry=0 result=9 count=1 native_hit=1 body_confirmed=0 retried=0 outcome=native-hit-attachment-unconfirmed
2026-09-12 16:18:45.613 NATIVE STAIN ANIMATION DIAG generation=253 emission=4 particle=1913 sample_ms=16 update=32b904e0 descriptor=5844bca0 descriptor_checksum=9529e718 group_index=0 group=57e00840 group_checksum=2e56aad5 counts=(nodes:35,controls:31,weights:35,vectors:35) nodes=[29:67817140:deb81690:"",30:67817660:ea4bc2ae:"",31:67817C20:92a039e0:"",32:67816E60:8ee13ea9:"",33:67817700:27dff035:"",34:5B5452C0:38973654:""] controls=[25:5821A620:69233373:"",26:5821A800:84130bd2:"",27:5821B260:d84f5d7f:"",28:5821B2A0:181d05bc:"",29:58229C20:e2b5ceb1:"",30:79BDB380:0504809d:""] weights=[25:1,26:1,27:1,28:1,29:1,30:1,31:1,32:1,33:1,34:1] vectors=[29:(1,1,1),30:(1,1,1),31:(1,1,1),32:(1,1,1),33:(1,1,1),34:(1,1,1)]
2026-09-12 16:18:45.639 liquid native stain contact consumed source=confirmed particle=1914 emission=4 retry=0 result=9 count=1 native_hit=1 body_confirmed=0 retried=0 outcome=native-hit-attachment-unconfirmed
2026-09-12 16:18:45.671 liquid native stain contact consumed source=confirmed particle=1915 emission=4 retry=0 result=9 count=1 native_hit=1 body_confirmed=0 retried=0 outcome=native-hit-attachment-unconfirmed
2026-09-12 16:18:45.704 liquid native stain contact consumed source=confirmed particle=1921 emission=4 retry=0 result=9 count=1 native_hit=1 body_confirmed=0 retried=0 outcome=native-hit-attachment-unconfirmed
2026-09-12 16:18:45.725 liquid world emitter sample person=2 emission=4 position=(-1.23661,0.85534,-1.80032) direction=(-0.26528,0.96041,0.08504) source=rebuilt-joint-local-hierarchy
2026-09-12 16:18:45.729 NATIVE STAIN ANIMATION DIAG generation=256 emission=4 particle=1921 sample_ms=31 update=32b904e0 descriptor=5844bca0 descriptor_checksum=695760b8 group_index=0 group=57e00840 group_checksum=2e56aad5 counts=(nodes:38,controls:34,weights:38,vectors:38) nodes=[32:67816E60:0e1abe90:"",33:67817700:0ea8eb4c:"",34:5B5452C0:abdc3aed:"",35:5B544BA0:c023e735:"",36:5B544C40:5fa652f0:"",37:5B544800:875b4c38:""] controls=[28:5821B2A0:181d05bc:"",29:58229C20:e2b5ceb1:"",30:79BDB380:0504809d:"",31:79BDB820:ae879388:"",32:79BDB1A0:13c705ee:"",33:79BDB240:5f5c6178:""] weights=[28:1,29:1,30:1,31:1,32:1,33:1,34:1,35:1,36:1,37:1] vectors=[32:(1,1,1),33:(1,1,1),34:(1,1,1),35:(1,1,1),36:(1,1,1),37:(1,1,1)]
2026-09-12 16:18:45.740 liquid native stain contact consumed source=confirmed particle=1925 emission=4 retry=0 result=9 count=1 native_hit=1 body_confirmed=0 retried=0 outcome=native-hit-attachment-unconfirmed
2026-09-12 16:18:45.754 testicular retraction live write person=2 control=4aa2ebe0 input=0.243 baseline=0.000 contribution=0.244 output=0.244
2026-09-12 16:18:45.783 liquid native stain contact consumed source=confirmed particle=1929 emission=4 retry=0 result=9 count=1 native_hit=1 body_confirmed=0 retried=0 outcome=native-hit-attachment-unconfirmed
2026-09-12 16:18:45.808 liquid native stain contact consumed source=confirmed particle=1931 emission=4 retry=0 result=9 count=1 native_hit=1 body_confirmed=0 retried=0 outcome=native-hit-attachment-unconfirmed
2026-09-12 16:18:45.834 NATIVE STAIN ANIMATION DIAG generation=259 emission=4 particle=1931 sample_ms=32 update=32b904e0 descriptor=5844bca0 descriptor_checksum=825866ab group_index=0 group=57e00840 group_checksum=2e56aad5 counts=(nodes:41,controls:37,weights:41,vectors:41) nodes=[35:5B544BA0:a19ce1fc:"",36:5B544C40:65d726f9:"",37:5B544800:fdf1d731:"",38:5B5443A0:4d3b480a:"",39:5B545160:7ace09a9:"",40:5B5450A0:89a354b7:""] controls=[31:79BDB820:82bf70d3:"",32:79BDB1A0:13c705ee:"",33:79BDB240:5f5c6178:"",34:79BDB460:20fa7094:"",35:5AD6B020:5d6b2cb8:"",36:5AD6A9E0:6523e2d7:""] weights=[31:1,32:1,33:1,34:1,35:1,36:1,37:1,38:1,39:1,40:1] vectors=[35:(1,1,1),36:(1,1,1),37:(1,1,1),38:(1,1,1),39:(1,1,1),40:(1,1,1)]
2026-09-12 16:18:45.878 liquid native stain contact consumed source=confirmed particle=1950 emission=4 retry=0 result=9 count=1 native_hit=1 body_confirmed=0 retried=0 outcome=native-hit-attachment-unconfirmed
2026-09-12 16:18:45.890 liquid native update performance version=0.8.12-decal-freeze-performance samples=84 native_and_pick_ms=0.267 freeze_cleanup_ms=0.013 diagnostics_and_retraction_ms=0.192 peak_total_ms=3.182 tracked=38 freeze_hook=1
2026-09-12 16:18:45.904 liquid native stain contact consumed source=confirmed particle=1941 emission=4 retry=0 result=9 count=1 native_hit=1 body_confirmed=0 retried=0 outcome=native-hit-attachment-unconfirmed
2026-09-12 16:18:45.937 liquid native stain contact consumed source=confirmed particle=1947 emission=4 retry=0 result=9 count=1 native_hit=1 body_confirmed=0 retried=0 outcome=native-hit-attachment-unconfirmed
2026-09-12 16:18:45.949 NATIVE STAIN ANIMATION DIAG generation=262 emission=4 particle=1947 sample_ms=16 update=32b904e0 descriptor=5844bca0 descriptor_checksum=7cbd8447 group_index=0 group=57e00840 group_checksum=2e56aad5 counts=(nodes:44,controls:40,weights:44,vectors:44) nodes=[38:5B5443A0:76a6dd4b:"",39:5B545160:fa078990:"",40:5B5450A0:bdb20876:"",41:5B544740:5a70e0b4:"",42:5B544FE0:9a4f025a:"",43:5B544F20:6afe31b6:""] controls=[34:79BDB460:20fa7094:"",35:5AD6B020:5d6b2cb8:"",36:5AD6A9E0:6523e2d7:"",37:5AD6AA40:10a332e6:"",38:79BDB780:20841274:"",39:8586C460:0affd605:""] weights=[34:1,35:1,36:1,37:1,38:1,39:1,40:1,41:1,42:1,43:1] vectors=[38:(1,1,1),39:(1,1,1),40:(1,1,1),41:(1,1,1),42:(1,1,1),43:(1,1,1)]
2026-09-12 16:18:45.972 liquid native stain contact consumed source=confirmed particle=1964 emission=4 retry=0 result=0 count=1 native_hit=1 body_confirmed=0 retried=0 outcome=native-hit-attachment-unconfirmed
2026-09-12 16:18:45.980 liquid world emitter sample person=2 emission=4 position=(-1.18984,0.85834,-1.81341) direction=(0.01064,0.99944,0.03162) source=rebuilt-joint-local-hierarchy
2026-09-12 16:18:46.003 testicular retraction live write person=2 control=4aa2ebe0 input=0.250 baseline=0.000 contribution=0.250 output=0.250
2026-09-12 16:18:46.017 liquid native stain contact consumed source=confirmed particle=1968 emission=4 retry=0 result=0 count=1 native_hit=1 body_confirmed=0 retried=0 outcome=native-hit-attachment-unconfirmed
2026-09-12 16:18:46.066 NATIVE STAIN ANIMATION DIAG generation=264 emission=4 particle=1968 sample_ms=46 update=32b904e0 descriptor=5844bca0 descriptor_checksum=18e9d1b2 group_index=0 group=57e00840 group_checksum=9ca59e87 counts=(nodes:47,controls:42,weights:47,vectors:47) nodes=[41:5B544740:516d025d:"",42:5B544FE0:0aae366b:"",43:5B544F20:6bc4bfe7:"",44:5B544AE0:6aa1f446:"",45:5B544520:f365f1f1:"",46:5B5448C0:b9753c17:""] controls=[36:5AD6A9E0:6523e2d7:"",37:5AD6AA40:10a332e6:"",38:79BDB780:20841274:"",39:8586C460:398c2efb:"",40:8586CB00:3d773040:"",41:8586C7E0:ea7495b8:""] weights=[37:1,38:1,39:1,40:1,41:1,42:1,43:1,44:1,45:1,46:1] vectors=[41:(1,1,1),42:(1,1,1),43:(1,1,1),44:(1,1,1),45:(1,1,1),46:(1,1,1)]
2026-09-12 16:18:46.080 liquid native stain contact consumed source=confirmed particle=1973 emission=4 retry=0 result=0 count=1 native_hit=1 body_confirmed=0 retried=0 outcome=native-hit-attachment-unconfirmed
2026-09-12 16:18:46.122 liquid native stain contact consumed source=confirmed particle=1992 emission=4 retry=0 result=9 count=1 native_hit=1 body_confirmed=0 retried=0 outcome=native-hit-attachment-unconfirmed
2026-09-12 16:18:46.161 NATIVE STAIN ANIMATION DIAG generation=266 emission=4 particle=1992 sample_ms=47 update=32b904e0 descriptor=5844bca0 descriptor_checksum=66fe1c82 group_index=0 group=57e00840 group_checksum=9ca59e87 counts=(nodes:50,controls:44,weights:50,vectors:50) nodes=[44:5B544AE0:8307eb4e:"",45:5B544520:a785e129:"",46:5B5448C0:eadf840f:"",47:5B544960:8e56c14a:"",48:34033760:a3b79f81:"",49:34033820:5a60c64a:""] controls=[38:79BDB780:20841274:"",39:8586C460:398c2efb:"",40:8586CB00:3d773040:"",41:8586C7E0:ea7495b8:"",42:858805C0:30f201a7:"",43:858802A0:1f76777c:""] weights=[40:1,41:1,42:1,43:1,44:1,45:1,46:1,47:1,48:1,49:1] vectors=[44:(1,1,1),45:(1,1,1),46:(1,1,1),47:(1,1,1),48:(1,1,1),49:(1,1,1)]
2026-09-12 16:18:46.226 liquid world emitter sample person=2 emission=4 position=(-1.23681,0.85528,-1.80029) direction=(-0.26713,0.95987,0.08535) source=rebuilt-joint-local-hierarchy
2026-09-12 16:18:46.253 testicular retraction live write person=2 control=4aa2ebe0 input=0.250 baseline=0.000 contribution=0.250 output=0.250
2026-09-12 16:18:46.272 NATIVE STAIN ANIMATION DIAG generation=266 emission=4 particle=1992 sample_ms=156 update=32b904e0 descriptor=5844bca0 descriptor_checksum=66fe1c82 group_index=0 group=57e00840 group_checksum=9ca59e87 counts=(nodes:50,controls:44,weights:50,vectors:50) nodes=[44:5B544AE0:2931fc38:"",45:5B544520:9025a237:"",46:5B5448C0:1fd9a1d1:"",47:5B544960:aaf547f4:"",48:34033760:0561191f:"",49:34033820:76ff4cf4:""] controls=[38:79BDB780:20841274:"",39:8586C460:398c2efb:"",40:8586CB00:3d773040:"",41:8586C7E0:ea7495b8:"",42:858805C0:30f201a7:"",43:858802A0:03a41616:""] weights=[40:1,41:1,42:1,43:1,44:1,45:1,46:1,47:1,48:1,49:1] vectors=[44:(1,1,1),45:(1,1,1),46:(1,1,1),47:(1,1,1),48:(1,1,1),49:(1,1,1)]
2026-09-12 16:18:46.385 NATIVE STAIN ANIMATION DIAG generation=266 emission=4 particle=1992 sample_ms=266 update=32b904e0 descriptor=5844bca0 descriptor_checksum=66fe1c82 group_index=0 group=57e00840 group_checksum=9ca59e87 counts=(nodes:50,controls:44,weights:50,vectors:50) nodes=[44:5B544AE0:174c3e53:"",45:5B544520:e84823b4:"",46:5B5448C0:f180d332:"",47:5B544960:3eb55a77:"",48:34033760:77fa4ffc:"",49:34033820:0abf5f77:""] controls=[38:79BDB780:20841274:"",39:8586C460:398c2efb:"",40:8586CB00:3d773040:"",41:8586C7E0:ea7495b8:"",42:858805C0:30f201a7:"",43:858802A0:be838cb5:""] weights=[40:1,41:1,42:1,43:1,44:1,45:1,46:1,47:1,48:1,49:1] vectors=[44:(1,1,1),45:(1,1,1),46:(1,1,1),47:(1,1,1),48:(1,1,1),49:(1,1,1)]
2026-09-12 16:18:46.475 liquid world emitter sample person=2 emission=4 position=(-1.18863,0.85830,-1.81436) direction=(0.01073,0.99964,0.02440) source=rebuilt-joint-local-hierarchy
2026-09-12 16:18:46.497 NATIVE STAIN ANIMATION DIAG generation=266 emission=4 particle=1992 sample_ms=375 update=32b904e0 descriptor=5844bca0 descriptor_checksum=66fe1c82 group_index=0 group=57e00840 group_checksum=9ca59e87 counts=(nodes:50,controls:44,weights:50,vectors:50) nodes=[44:5B544AE0:af21d1ee:"",45:5B544520:603f3749:"",46:5B5448C0:eb1266ef:"",47:5B544960:1d53f8aa:"",48:34033760:c9196d61:"",49:34033820:e95dfdaa:""] controls=[38:79BDB780:20841274:"",39:8586C460:398c2efb:"",40:8586CB00:3d773040:"",41:8586C7E0:ea7495b8:"",42:858805C0:30f201a7:"",43:858802A0:54645780:""] weights=[40:1,41:1,42:1,43:1,44:1,45:1,46:1,47:1,48:1,49:1] vectors=[44:(1,1,1),45:(1,1,1),46:(1,1,1),47:(1,1,1),48:(1,1,1),49:(1,1,1)]
2026-09-12 16:18:46.497 NATIVE STAIN FIELD DIAG generation=266 outcome=baseline node=34033820 control=85875da0
2026-09-12 16:18:46.498 memory snapshot label="native-stain-animation-node-baseline" address=34033820 words=7285a8d4,72894170,7285a908,72894190,53474520,799aa3c0,01fff0ad,00000000,00000000,00000000,5a0e1bca,00000000,670d2e80,72894230,00000000,0005e3ac,3f800000,3f800000,3f800000,3f800000,00000000,00000000,00000000,00000000
2026-09-12 16:18:46.498 memory snapshot label="native-stain-animation-control-baseline" address=85875DA0 words=72859ad4,3570f020,72859adc,72894190,3f800000,00000000,72894170,32cf3c00,65727574,bde45f00,3f9c18c9,bd0477d2,bdeb6ca7,3f9c3e83,9932b110,8d001778,3f9f3dd1,bcf8d804,bdf3de24,3f9f0b2f,bd2e1ced,bdee6963,3f9c89a0,85875de0
2026-09-12 16:18:46.498 liquid deep link event="native-stain-animation-node" object=34033820 offset=0x014 pointer=799aa3c0 target_name="NcBlouse4_group"
2026-09-12 16:18:46.499 liquid deep string event="native-stain-animation-node" object=34033820 offset=0x03c pointer=0005e3ac text="0"
2026-09-12 16:18:46.499 liquid deep string event="native-stain-animation-control" object=85875da0 offset=0x034 pointer=3f9c3e83 text="r"
2026-09-12 16:18:46.499 liquid deep string event="native-stain-animation-control" object=85875da0 offset=0x04c pointer=3f9f0b2f text="variationScheduler"
2026-09-12 16:18:46.509 testicular retraction live write person=2 control=4aa2ebe0 input=0.037 baseline=0.000 contribution=0.031 output=0.031
2026-09-12 16:18:46.599 NATIVE STAIN ANIMATION DIAG generation=266 emission=4 particle=1992 sample_ms=484 update=32b904e0 descriptor=5844bca0 descriptor_checksum=66fe1c82 group_index=0 group=57e00840 group_checksum=9ca59e87 counts=(nodes:50,controls:44,weights:50,vectors:50) nodes=[44:5B544AE0:e18540d8:"",45:5B544520:d1fed357:"",46:5B5448C0:562079b1:"",47:5B544960:9d518f54:"",48:34033760:664221ff:"",49:34033820:695b9454:""] controls=[38:79BDB780:20841274:"",39:8586C460:398c2efb:"",40:8586CB00:3d773040:"",41:8586C7E0:ea7495b8:"",42:858805C0:30f201a7:"",43:858802A0:ef75e64f:""] weights=[40:1,41:1,42:1,43:1,44:1,45:1,46:1,47:1,48:1,49:1] vectors=[44:(1,1,1),45:(1,1,1),46:(1,1,1),47:(1,1,1),48:(1,1,1),49:(1,1,1)]
2026-09-12 16:18:46.599 NATIVE STAIN FIELD DIAG generation=266 node=34033820 control=85875DA0 changes=N+0x3c:0005e3ac>0005e3b6(5.408508e-040>5.408648e-040) totals=(node:1,control:0)
2026-09-12 16:18:46.713 ejaculation audio started person=2 emission=4 pulse=4 volume=0.000 path="C:\Users\ErolB\Desktop\Games\TK17\The Klub 17\Extensions\Liquids\Sounds\Ejaculation\Default\cum05.mp3"
2026-09-12 16:18:46.714 testicular retraction pulse person=2 emission=4 pulse=4 baseline=0.000 start=-0.001 target=0.250
2026-09-12 16:18:46.722 NATIVE STAIN ANIMATION DIAG generation=266 emission=4 particle=1992 sample_ms=609 update=32b904e0 descriptor=5844bca0 descriptor_checksum=66fe1c82 group_index=0 group=57e00840 group_checksum=9ca59e87 counts=(nodes:50,controls:44,weights:50,vectors:50) nodes=[44:5B544AE0:d4c4b03a:"",45:5B544520:022175f5:"",46:5B5448C0:2f7ea54b:"",47:5B544960:854c53de:"",48:34033760:8ddd61fd:"",49:34033820:515658de:""] controls=[38:79BDB780:20841274:"",39:8586C460:398c2efb:"",40:8586CB00:3d773040:"",41:8586C7E0:ea7495b8:"",42:858805C0:60ff35e7:"",43:858802A0:db76af35:""] weights=[40:1,41:1,42:1,43:1,44:1,45:1,46:1,47:1,48:1,49:1] vectors=[44:(1,1,1),45:(1,1,1),46:(1,1,1),47:(1,1,1),48:(1,1,1),49:(1,1,1)]
2026-09-12 16:18:46.723 NATIVE STAIN FIELD DIAG generation=266 node=34033820 control=85875DA0 changes=N+0x3c:0005e3b6>0005e3c0(5.408648e-040>5.408788e-040) totals=(node:1,control:0)
2026-09-12 16:18:46.723 testicular retraction applied person=2 emission=4 pulse=4 baseline=0.000 contribution=-0.001 output=0.000
2026-09-12 16:18:46.730 liquid world emitter sample person=2 emission=4 position=(-1.23813,0.85485,-1.80008) direction=(-0.27911,0.95626,0.08749) source=rebuilt-joint-local-hierarchy
2026-09-12 16:18:46.752 testicular retraction live write person=2 control=4aa2ebe0 input=0.255 baseline=0.000 contribution=0.255 output=0.255
2026-09-12 16:18:46.838 NATIVE STAIN ANIMATION DIAG generation=266 emission=4 particle=1992 sample_ms=719 update=32b904e0 descriptor=5844bca0 descriptor_checksum=66fe1c82 group_index=0 group=57e00840 group_checksum=9ca59e87 counts=(nodes:50,controls:44,weights:50,vectors:50) nodes=[44:5B544AE0:b02c9db5:"",45:5B544520:e3514f7a:"",46:5B5448C0:41a4419c:"",47:5B544960:70cec339:"",48:34033760:e8ecb4d2:"",49:34033820:3cd8c839:""] controls=[38:79BDB780:20841274:"",39:8586C460:398c2efb:"",40:8586CB00:3d773040:"",41:8586C7E0:ea7495b8:"",42:858805C0:60ff35e7:"",43:858802A0:db76af35:""] weights=[40:1,41:1,42:1,43:1,44:1,45:1,46:1,47:1,48:1,49:1] vectors=[44:(1,1,1),45:(1,1,1),46:(1,1,1),47:(1,1,1),48:(1,1,1),49:(1,1,1)]
2026-09-12 16:18:46.838 NATIVE STAIN FIELD DIAG generation=266 node=34033820 control=85875DA0 changes=N+0x3c:0005e3c0>0005e3cb(5.408788e-040>5.408942e-040) totals=(node:1,control:0)
2026-09-12 16:18:46.884 liquid native update performance version=0.8.12-decal-freeze-performance samples=87 native_and_pick_ms=0.232 freeze_cleanup_ms=0.005 diagnostics_and_retraction_ms=0.195 peak_total_ms=3.622 tracked=44 freeze_hook=1
2026-09-12 16:18:46.918 ejaculation audio finished person=2 emission=4 pulse=4 path="C:\Users\ErolB\Desktop\Games\TK17\The Klub 17\Extensions\Liquids\Sounds\Ejaculation\Default\cum05.mp3"
2026-09-12 16:18:46.949 NATIVE STAIN ANIMATION DIAG generation=266 emission=4 particle=1992 sample_ms=828 update=32b904e0 descriptor=5844bca0 descriptor_checksum=66fe1c82 group_index=0 group=57e00840 group_checksum=9ca59e87 counts=(nodes:50,controls:44,weights:50,vectors:50) nodes=[44:5B544AE0:6a36a0af:"",45:5B544520:99497d00:"",46:5B5448C0:84d428ae:"",47:5B544960:986f02db:"",48:34033760:b1bede28:"",49:34033820:647907db:""] controls=[38:79BDB780:20841274:"",39:8586C460:398c2efb:"",40:8586CB00:3d773040:"",41:8586C7E0:ea7495b8:"",42:858805C0:30f201a7:"",43:858802A0:8f7132fb:""] weights=[40:1,41:1,42:1,43:1,44:1,45:1,46:1,47:1,48:1,49:1] vectors=[44:(1,1,1),45:(1,1,1),46:(1,1,1),47:(1,1,1),48:(1,1,1),49:(1,1,1)]
2026-09-12 16:18:46.949 NATIVE STAIN FIELD DIAG generation=266 node=34033820 control=85875DA0 changes=N+0x3c:0005e3cb>0005e3d5(5.408942e-040>5.409082e-040) totals=(node:1,control:0)
2026-09-12 16:18:46.975 liquid world emitter sample person=2 emission=4 position=(-1.18866,0.85830,-1.81434) direction=(0.01073,0.99964,0.02457) source=rebuilt-joint-local-hierarchy
2026-09-12 16:18:47.010 testicular retraction live write person=2 control=4aa2ebe0 input=0.262 baseline=0.000 contribution=0.259 output=0.259
2026-09-12 16:18:47.068 NATIVE STAIN ANIMATION DIAG generation=266 emission=4 particle=1992 sample_ms=953 update=32b904e0 descriptor=5844bca0 descriptor_checksum=66fe1c82 group_index=0 group=57e00840 group_checksum=9ca59e87 counts=(nodes:50,controls:44,weights:50,vectors:50) nodes=[44:5B544AE0:318d96b7:"",45:5B544520:fc8a03b8:"",46:5B5448C0:03b204a6:"",47:5B544960:86df8e93:"",48:34033760:a7bbb870:"",49:34033820:52e99393:""] controls=[38:79BDB780:20841274:"",39:8586C460:398c2efb:"",40:8586CB00:3d773040:"",41:8586C7E0:ea7495b8:"",42:858805C0:30f201a7:"",43:858802A0:916f8ea2:""] weights=[40:1,41:1,42:1,43:1,44:1,45:1,46:1,47:1,48:1,49:1] vectors=[44:(1,1,1),45:(1,1,1),46:(1,1,1),47:(1,1,1),48:(1,1,1),49:(1,1,1)]
2026-09-12 16:18:47.069 NATIVE STAIN FIELD DIAG generation=266 node=34033820 control=85875DA0 changes=N+0x3c:0005e3d5>0005e3dd(5.409082e-040>5.409194e-040) totals=(node:1,control:0)
2026-09-12 16:18:47.144 liquid native stain contact consumed source=confirmed particle=2009 emission=4 retry=0 result=9 count=1 native_hit=1 body_confirmed=0 retried=0 outcome=native-hit-attachment-unconfirmed
2026-09-12 16:18:47.169 liquid native stain contact consumed source=confirmed particle=2013 emission=4 retry=0 result=9 count=1 native_hit=1 body_confirmed=0 retried=0 outcome=native-hit-attachment-unconfirmed
2026-09-12 16:18:47.191 NATIVE STAIN ANIMATION DIAG generation=268 emission=4 particle=2013 sample_ms=15 update=32b904e0 descriptor=5844bca0 descriptor_checksum=e133c3b7 group_index=0 group=57e00840 group_checksum=9243d0d2 counts=(nodes:52,controls:46,weights:52,vectors:52) nodes=[46:5B5448C0:991ca861:"",47:5B544960:2bce7984:"",48:34033760:1b0f2bef:"",49:34033820:f7d87e84:"",50:5B544A20:940dbc90:"",51:7C6EDF60:057e5b97:""] controls=[40:8586CB00:3d773040:"",41:8586C7E0:ea7495b8:"",42:858805C0:30f201a7:"",43:858802A0:89d146db:"",44:858804C0:23864f18:"",45:858802E0:1286fce1:""] weights=[42:1,43:1,44:1,45:1,46:1,47:1,48:1,49:1,50:1,51:1] vectors=[46:(1,1,1),47:(1,1,1),48:(1,1,1),49:(1,1,1),50:(1,1,1),51:(1,1,1)]
2026-09-12 16:18:47.204 liquid native stain contact consumed source=confirmed particle=2014 emission=4 retry=0 result=9 count=1 native_hit=1 body_confirmed=0 retried=0 outcome=native-hit-attachment-unconfirmed
2026-09-12 16:18:47.225 liquid world emitter sample person=2 emission=4 position=(-1.23665,0.85533,-1.80031) direction=(-0.26568,0.96030,0.08510) source=rebuilt-joint-local-hierarchy
2026-09-12 16:18:47.232 liquid native stain contact consumed source=confirmed particle=2018 emission=4 retry=0 result=9 count=1 native_hit=1 body_confirmed=0 retried=0 outcome=native-hit-attachment-unconfirmed
2026-09-12 16:18:47.256 testicular retraction live write person=2 control=4aa2ebe0 input=0.244 baseline=0.000 contribution=0.244 output=0.244
2026-09-12 16:18:47.270 liquid native stain contact consumed source=confirmed particle=2023 emission=4 retry=0 result=9 count=1 native_hit=1 body_confirmed=0 retried=0 outcome=native-hit-attachment-unconfirmed
2026-09-12 16:18:47.299 NATIVE STAIN ANIMATION DIAG generation=271 emission=4 particle=2023 sample_ms=16 update=32b904e0 descriptor=5844bca0 descriptor_checksum=bd4bf67d group_index=0 group=57e00840 group_checksum=9243d0d2 counts=(nodes:55,controls:49,weights:55,vectors:55) nodes=[49:34033820:bbb18d7c:"",50:5B544A20:3f160f48:"",51:7C6EDF60:cfb1bb8f:"",52:7C6ED4A0:08b08594:"",53:7C6EE3C0:43596e73:"",54:7C6ED600:f6018926:""] controls=[43:858802A0:89d146db:"",44:858804C0:23864f18:"",45:858802E0:adb7e6c0:"",46:85880100:10f9536f:"",47:8586CA00:b0bf0efc:"",48:7C6F1A80:c6fca272:""] weights=[45:1,46:1,47:1,48:1,49:1,50:1,51:1,52:1,53:1,54:1] vectors=[49:(1,1,1),50:(1,1,1),51:(1,1,1),52:(1,1,1),53:(1,1,1),54:(1,1,1)]
2026-09-12 16:18:47.323 liquid native stain transform particle=2030 frame=001af5c4 descriptor=5844bca0 descriptor_scale=(1.00000,1.00000,1.00000) custom_hit_view=(-0.12447,0.08590,-1.49160) custom_ray_view=(-0.11755,0.12078,-1.42183)->(-0.08834,-0.44535,-0.89099)
2026-09-12 16:18:47.323 liquid native stain contact consumed source=confirmed particle=2030 emission=4 retry=0 result=9 count=1 native_hit=1 body_confirmed=1 retried=0 outcome=native-model-hit-impact-ray
2026-09-12 16:18:47.359 liquid native stain contact consumed source=confirmed particle=2029 emission=4 retry=0 result=9 count=1 native_hit=1 body_confirmed=0 retried=0 outcome=native-hit-attachment-unconfirmed
2026-09-12 16:18:47.386 liquid native stain contact consumed source=confirmed particle=2044 emission=4 retry=0 result=0 count=1 native_hit=1 body_confirmed=0 retried=0 outcome=native-hit-attachment-unconfirmed
2026-09-12 16:18:47.405 NATIVE STAIN ANIMATION DIAG generation=274 emission=4 particle=2044 sample_ms=15 update=32b904e0 descriptor=5844bca0 descriptor_checksum=44d9d251 group_index=0 group=57e00840 group_checksum=9243d0d2 counts=(nodes:58,controls:52,weights:58,vectors:58) nodes=[52:7C6ED4A0:f62f507c:"",53:7C6EE3C0:1f4e9fab:"",54:7C6ED600:d44102de:"",55:7C6EE180:31281d82:"",56:7C6ED6C0:29510f31:"",57:7C6EE240:88f664a7:""] controls=[46:85880100:c857239e:"",47:8586CA00:b0bf0efc:"",48:7C6F1A80:470ed2ef:"",49:7C6F1C20:ea9199c7:"",50:7C6F1B80:659da472:"",51:7C6F2E80:8eec993b:""] weights=[48:1,49:1,50:1,51:1,52:1,53:1,54:1,55:1,56:1,57:1] vectors=[52:(1,1,1),53:(1,1,1),54:(1,1,1),55:(1,1,1),56:(1,1,1),57:(1,1,1)]
2026-09-12 16:18:47.419 liquid native stain contact consumed source=confirmed particle=2037 emission=4 retry=0 result=9 count=1 native_hit=1 body_confirmed=0 retried=0 outcome=native-hit-attachment-unconfirmed
2026-09-12 16:18:47.464 liquid native stain transform particle=2053 frame=001af5c4 descriptor=5844bca0 descriptor_scale=(1.00000,1.00000,1.00000) custom_hit_view=(-0.05879,-0.03992,-1.34551) custom_ray_view=(-0.05706,0.00673,-1.28208)->(-0.02204,-0.59233,-0.80539)
2026-09-12 16:18:47.465 liquid native stain contact consumed source=confirmed particle=2053 emission=4 retry=0 result=0 count=1 native_hit=1 body_confirmed=1 retried=0 outcome=native-model-hit-impact-ray
2026-09-12 16:18:47.472 liquid world emitter sample person=2 emission=4 position=(-1.18796,0.85827,-1.81492) direction=(0.01037,0.99974,0.02008) source=rebuilt-joint-local-hierarchy
2026-09-12 16:18:47.499 liquid native stain contact consumed source=confirmed particle=2059 emission=4 retry=0 result=0 count=1 native_hit=1 body_confirmed=0 retried=0 outcome=native-hit-attachment-unconfirmed
2026-09-12 16:18:47.528 NATIVE STAIN ANIMATION DIAG generation=277 emission=4 particle=2059 sample_ms=31 update=32b904e0 descriptor=5844bca0 descriptor_checksum=25017258 group_index=0 group=57e00840 group_checksum=9243d0d2 counts=(nodes:62,controls:55,weights:62,vectors:62) nodes=[56:7C6ED6C0:52cd2e08:"",57:7C6EE240:a5c4d5e6:"",58:7C6EDBC0:eb98a504:"",59:7C6EDE00:39c1a501:"",60:7C6ED780:ffd57045:"",61:7C6EDC80:638a787b:""] controls=[49:7C6F1C20:ea9199c7:"",50:7C6F1B80:659da472:"",51:7C6F2E80:8eec993b:"",52:7C6F2E40:0d2f22ab:"",53:7C6F1B20:51a896e0:"",54:8595D720:c0edb6e7:""] weights=[52:1,53:1,54:1,55:1,56:1,57:1,58:1,59:1,60:1,61:1] vectors=[56:(1,1,1),57:(1,1,1),58:(1,1,1),59:(1,1,1),60:(1,1,1),61:(1,1,1)]
2026-09-12 16:18:47.528 testicular retraction live write person=2 control=4aa2ebe0 input=0.250 baseline=0.000 contribution=0.250 output=0.250
2026-09-12 16:18:47.550 liquid native stain contact consumed source=confirmed particle=2066 emission=4 retry=0 result=9 count=1 native_hit=1 body_confirmed=0 retried=0 outcome=native-hit-attachment-unconfirmed
2026-09-12 16:18:47.573 liquid native stain contact consumed source=confirmed particle=2071 emission=4 retry=0 result=9 count=1 native_hit=1 body_confirmed=0 retried=0 outcome=native-hit-attachment-unconfirmed
2026-09-12 16:18:47.614 liquid native stain contact consumed source=confirmed particle=2081 emission=4 retry=0 result=9 count=1 native_hit=1 body_confirmed=0 retried=0 outcome=native-hit-attachment-unconfirmed
2026-09-12 16:18:47.633 NATIVE STAIN ANIMATION DIAG generation=280 emission=4 particle=2081 sample_ms=16 update=32b904e0 descriptor=5844bca0 descriptor_checksum=a7cd1a92 group_index=0 group=57e00840 group_checksum=9243d0d2 counts=(nodes:65,controls:58,weights:65,vectors:65) nodes=[59:7C6EDE00:ce3068b3:"",60:7C6ED780:6fd2ca57:"",61:7C6EDC80:00dc946d:"",62:7C6EE020:adf0d6e9:"",63:7C6ED840:f94e5c05:"",64:7C6EDD40:4230ad5d:""] controls=[52:7C6F2E40:0d2f22ab:"",53:7C6F1B20:51a896e0:"",54:8595D720:c0edb6e7:"",55:8595D640:5c4e72b3:"",56:8595D220:5ccfac3c:"",57:8595D680:ed4dec4a:""] weights=[55:1,56:1,57:1,58:1,59:1,60:1,61:1,62:1,63:1,64:1] vectors=[59:(1,1,1),60:(1,1,1),61:(1,1,1),62:(1,1,1),63:(1,1,1),64:(1,1,1)]
2026-09-12 16:18:47.726 liquid world emitter sample person=2 emission=4 position=(-1.23695,0.85524,-1.80026) direction=(-0.26837,0.95951,0.08557) source=rebuilt-joint-local-hierarchy
2026-09-12 16:18:47.746 NATIVE STAIN ANIMATION DIAG generation=280 emission=4 particle=2081 sample_ms=125 update=32b904e0 descriptor=5844bca0 descriptor_checksum=a7cd1a92 group_index=0 group=57e00840 group_checksum=9243d0d2 counts=(nodes:65,controls:58,weights:65,vectors:65) nodes=[59:7C6EDE00:950dd350:"",60:7C6ED780:26f59c44:"",61:7C6EDC80:b279ec56:"",62:7C6EE020:3bbe0772:"",63:7C6ED840:e040cafe:"",64:7C6EDD40:ede91926:""] controls=[52:7C6F2E40:0d2f22ab:"",53:7C6F1B20:51a896e0:"",54:8595D720:c0edb6e7:"",55:8595D640:5c4e72b3:"",56:8595D220:ffa7d4c3:"",57:8595D680:ed4dec4a:""] weights=[55:1,56:1,57:1,58:1,59:1,60:1,61:1,62:1,63:1,64:1] vectors=[59:(1,1,1),60:(1,1,1),61:(1,1,1),62:(1,1,1),63:(1,1,1),64:(1,1,1)]
2026-09-12 16:18:47.769 testicular retraction live write person=2 control=4aa2ebe0 input=0.250 baseline=0.000 contribution=0.250 output=0.250
2026-09-12 16:18:47.847 NATIVE STAIN ANIMATION DIAG generation=280 emission=4 particle=2081 sample_ms=234 update=32b904e0 descriptor=5844bca0 descriptor_checksum=a7cd1a92 group_index=0 group=57e00840 group_checksum=9243d0d2 counts=(nodes:65,controls:58,weights:65,vectors:65) nodes=[59:7C6EDE00:5b968c2e:"",60:7C6ED780:d3a62bba:"",61:7C6EDC80:6c948b48:"",62:7C6EE020:a1c6ea8c:"",63:7C6ED840:f438e6a0:"",64:7C6EDD40:1e617898:""] controls=[52:7C6F2E40:0d2f22ab:"",53:7C6F1B20:51a896e0:"",54:8595D720:c0edb6e7:"",55:8595D640:5c4e72b3:"",56:8595D220:ffa7d4c3:"",57:8595D680:ed4dec4a:""] weights=[55:1,56:1,57:1,58:1,59:1,60:1,61:1,62:1,63:1,64:1] vectors=[59:(1,1,1),60:(1,1,1),61:(1,1,1),62:(1,1,1),63:(1,1,1),64:(1,1,1)]
2026-09-12 16:18:47.887 liquid native update performance version=0.8.12-decal-freeze-performance samples=82 native_and_pick_ms=0.513 freeze_cleanup_ms=0.017 diagnostics_and_retraction_ms=0.159 peak_total_ms=3.671 tracked=58 freeze_hook=1
2026-09-12 16:18:47.958 NATIVE STAIN ANIMATION DIAG generation=280 emission=4 particle=2081 sample_ms=344 update=32b904e0 descriptor=5844bca0 descriptor_checksum=a7cd1a92 group_index=0 group=57e00840 group_checksum=9243d0d2 counts=(nodes:65,controls:58,weights:65,vectors:65) nodes=[59:7C6EDE00:c1d363d3:"",60:7C6ED780:0ef1c177:"",61:7C6EDC80:3eb9974d:"",62:7C6EE020:aae12609:"",63:7C6ED840:ba723f25:"",64:7C6EDD40:6423727d:""] controls=[52:7C6F2E40:0d2f22ab:"",53:7C6F1B20:51a896e0:"",54:8595D720:c0edb6e7:"",55:8595D640:5c4e72b3:"",56:8595D220:ffa7d4c3:"",57:8595D680:ed4dec4a:""] weights=[55:1,56:1,57:1,58:1,59:1,60:1,61:1,62:1,63:1,64:1] vectors=[59:(1,1,1),60:(1,1,1),61:(1,1,1),62:(1,1,1),63:(1,1,1),64:(1,1,1)]
2026-09-12 16:18:47.958 NATIVE STAIN FIELD DIAG generation=280 outcome=baseline node=7c6edd40 control=85a73fc0
2026-09-12 16:18:47.958 memory snapshot label="native-stain-animation-node-baseline" address=7C6EDD40 words=7285a8d4,508b4e60,7285a908,72894190,53477a60,799aa3c0,01fff0ad,00000000,00000000,00000000,5a0e1bca,00000000,670d30c0,72894230,00000000,0005e428,3f800000,3f800000,3f800000,3f800000,00000000,00000000,00000000,00000000
2026-09-12 16:18:47.959 memory snapshot label="native-stain-animation-control-baseline" address=85A73FC0 words=72859ad4,61685374,72859adc,72894190,3f800000,00000000,72894170,00657061,3a00006e,00000000,bf800000,00000000,9a7dbd55,8d002500,bd01e258,85a73ff8,00000000,00000000,07df40b0,00000000,00000002,728b0144,00000001,00000001
2026-09-12 16:18:47.959 liquid deep link event="native-stain-animation-node" object=7c6edd40 offset=0x014 pointer=799aa3c0 target_name="NcBlouse4_group"
2026-09-12 16:18:47.959 liquid deep string event="native-stain-animation-node" object=7c6edd40 offset=0x03c pointer=0005e428 text="0"
2026-09-12 16:18:47.960 liquid deep string event="native-stain-animation-control" object=85a73fc0 offset=0x01c pointer=00657061 text="?e"
2026-09-12 16:18:47.978 liquid world emitter sample person=2 emission=4 position=(-1.18914,0.85832,-1.81395) direction=(0.01079,0.99956,0.02751) source=rebuilt-joint-local-hierarchy
2026-09-12 16:18:48.020 testicular retraction live write person=2 control=4aa2ebe0 input=0.031 baseline=0.000 contribution=0.031 output=0.031
2026-09-12 16:18:48.070 NATIVE STAIN ANIMATION DIAG generation=280 emission=4 particle=2081 sample_ms=453 update=32b904e0 descriptor=5844bca0 descriptor_checksum=a7cd1a92 group_index=0 group=57e00840 group_checksum=9243d0d2 counts=(nodes:65,controls:58,weights:65,vectors:65) nodes=[59:7C6EDE00:67cc383b:"",60:7C6ED780:e1128c5f:"",61:7C6EDC80:3e5284d5:"",62:7C6EE020:eed646f1:"",63:7C6ED840:fc4e763d:"",64:7C6EDD40:5b0be465:""] controls=[52:7C6F2E40:0d2f22ab:"",53:7C6F1B20:51a896e0:"",54:8595D720:c0edb6e7:"",55:8595D640:5c4e72b3:"",56:8595D220:ffa7d4c3:"",57:8595D680:ed4dec4a:""] weights=[55:1,56:1,57:1,58:1,59:1,60:1,61:1,62:1,63:1,64:1] vectors=[59:(1,1,1),60:(1,1,1),61:(1,1,1),62:(1,1,1),63:(1,1,1),64:(1,1,1)]
2026-09-12 16:18:48.070 NATIVE STAIN FIELD DIAG generation=280 node=7C6EDD40 control=85A73FC0 changes=N+0x3c:0005e428>0005e430(5.410245e-040>5.410357e-040) totals=(node:1,control:0)
2026-09-12 16:18:48.184 NATIVE STAIN ANIMATION DIAG generation=280 emission=4 particle=2081 sample_ms=562 update=32b904e0 descriptor=5844bca0 descriptor_checksum=a7cd1a92 group_index=0 group=57e00840 group_checksum=9243d0d2 counts=(nodes:65,controls:58,weights:65,vectors:65) nodes=[59:7C6EDE00:b0310539:"",60:7C6ED780:3ae6cb6d:"",61:7C6EDC80:35c89357:"",62:7C6EE020:0fab4703:"",63:7C6ED840:fa5eecef:"",64:7C6EDD40:86769467:""] controls=[52:7C6F2E40:0d2f22ab:"",53:7C6F1B20:51a896e0:"",54:8595D720:c0edb6e7:"",55:8595D640:5c4e72b3:"",56:8595D220:ffa7d4c3:"",57:8595D680:ed4dec4a:""] weights=[55:1,56:1,57:1,58:1,59:1,60:1,61:1,62:1,63:1,64:1] vectors=[59:(1,1,1),60:(1,1,1),61:(1,1,1),62:(1,1,1),63:(1,1,1),64:(1,1,1)]
2026-09-12 16:18:48.184 NATIVE STAIN FIELD DIAG generation=280 node=7C6EDD40 control=85A73FC0 changes=N+0x3c:0005e430>0005e43a(5.410357e-040>5.410497e-040) totals=(node:1,control:0)
2026-09-12 16:18:48.220 ejaculation audio started person=2 emission=4 pulse=5 volume=0.000 path="C:\Users\ErolB\Desktop\Games\TK17\The Klub 17\Extensions\Liquids\Sounds\Ejaculation\Default\cum03.mp3"
2026-09-12 16:18:48.220 testicular retraction pulse person=2 emission=4 pulse=5 baseline=0.000 start=-0.001 target=0.250
2026-09-12 16:18:48.227 testicular retraction applied person=2 emission=4 pulse=5 baseline=0.000 contribution=-0.001 output=0.000
2026-09-12 16:18:48.235 liquid world emitter sample person=2 emission=4 position=(-1.23923,0.85446,-1.79991) direction=(-0.28929,0.95306,0.08939) source=rebuilt-joint-local-hierarchy
2026-09-12 16:18:48.273 testicular retraction live write person=2 control=4aa2ebe0 input=0.271 baseline=0.000 contribution=0.280 output=0.280
2026-09-12 16:18:48.300 NATIVE STAIN ANIMATION DIAG generation=280 emission=4 particle=2081 sample_ms=687 update=32b904e0 descriptor=5844bca0 descriptor_checksum=a7cd1a92 group_index=0 group=57e00840 group_checksum=9243d0d2 counts=(nodes:65,controls:58,weights:65,vectors:65) nodes=[59:7C6EDE00:db9abc21:"",60:7C6ED780:b4cb3c95:"",61:7C6EDC80:1c3b7f1f:"",62:7C6EE020:e362a8eb:"",63:7C6ED840:ada239c7:"",64:7C6EDD40:df67d14f:""] controls=[52:7C6F2E40:0d2f22ab:"",53:7C6F1B20:51a896e0:"",54:8595D720:c0edb6e7:"",55:8595D640:5c4e72b3:"",56:8595D220:ffa7d4c3:"",57:8595D680:ed4dec4a:""] weights=[55:1,56:1,57:1,58:1,59:1,60:1,61:1,62:1,63:1,64:1] vectors=[59:(1,1,1),60:(1,1,1),61:(1,1,1),62:(1,1,1),63:(1,1,1),64:(1,1,1)]
2026-09-12 16:18:48.300 NATIVE STAIN FIELD DIAG generation=280 node=7C6EDD40 control=85A73FC0 changes=N+0x3c:0005e43a>0005e442(5.410497e-040>5.41061e-040) totals=(node:1,control:0)
2026-09-12 16:18:48.418 NATIVE STAIN ANIMATION DIAG generation=280 emission=4 particle=2081 sample_ms=797 update=32b904e0 descriptor=5844bca0 descriptor_checksum=a7cd1a92 group_index=0 group=57e00840 group_checksum=9243d0d2 counts=(nodes:65,controls:58,weights:65,vectors:65) nodes=[59:7C6EDE00:a1a4997e:"",60:7C6ED780:7c5af08a:"",61:7C6EDC80:08e02d38:"",62:7C6EE020:90a4ad5c:"",63:7C6ED840:a760d8d0:"",64:7C6EDD40:702147a8:""] controls=[52:7C6F2E40:0d2f22ab:"",53:7C6F1B20:51a896e0:"",54:8595D720:c0edb6e7:"",55:8595D640:5c4e72b3:"",56:8595D220:ffa7d4c3:"",57:8595D680:ed4dec4a:""] weights=[55:1,56:1,57:1,58:1,59:1,60:1,61:1,62:1,63:1,64:1] vectors=[59:(1,1,1),60:(1,1,1),61:(1,1,1),62:(1,1,1),63:(1,1,1),64:(1,1,1)]
2026-09-12 16:18:48.418 NATIVE STAIN FIELD DIAG generation=280 node=7C6EDD40 control=85A73FC0 changes=N+0x3c:0005e442>0005e44d(5.41061e-040>5.410764e-040) totals=(node:1,control:0)
2026-09-12 16:18:48.426 ejaculation audio finished person=2 emission=4 pulse=5 path="C:\Users\ErolB\Desktop\Games\TK17\The Klub 17\Extensions\Liquids\Sounds\Ejaculation\Default\cum03.mp3"
2026-09-12 16:18:48.476 liquid world emitter sample person=2 emission=4 position=(-1.18879,0.85831,-1.81424) direction=(0.01076,0.99962,0.02534) source=rebuilt-joint-local-hierarchy
2026-09-12 16:18:48.520 NATIVE STAIN ANIMATION DIAG generation=280 emission=4 particle=2081 sample_ms=906 update=32b904e0 descriptor=5844bca0 descriptor_checksum=a7cd1a92 group_index=0 group=57e00840 group_checksum=9243d0d2 counts=(nodes:65,controls:58,weights:65,vectors:65) nodes=[59:7C6EDE00:c9f0b666:"",60:7C6ED780:c0dace32:"",61:7C6EDC80:08876680:"",62:7C6EE020:91bc5204:"",63:7C6ED840:d52fd8e8:"",64:7C6EDD40:5da01290:""] controls=[52:7C6F2E40:0d2f22ab:"",53:7C6F1B20:51a896e0:"",54:8595D720:c0edb6e7:"",55:8595D640:5c4e72b3:"",56:8595D220:ffa7d4c3:"",57:8595D680:ed4dec4a:""] weights=[55:1,56:1,57:1,58:1,59:1,60:1,61:1,62:1,63:1,64:1] vectors=[59:(1,1,1),60:(1,1,1),61:(1,1,1),62:(1,1,1),63:(1,1,1),64:(1,1,1)]
2026-09-12 16:18:48.521 NATIVE STAIN FIELD DIAG generation=280 node=7C6EDD40 control=85A73FC0 changes=N+0x3c:0005e44d>0005e455(5.410764e-040>5.410876e-040) totals=(node:1,control:0)
2026-09-12 16:18:48.521 testicular retraction live write person=2 control=4aa2ebe0 input=0.262 baseline=0.000 contribution=0.259 output=0.259
2026-09-12 16:18:48.629 liquid native stain contact consumed source=confirmed particle=2092 emission=4 retry=0 result=9 count=1 native_hit=1 body_confirmed=0 retried=0 outcome=native-hit-attachment-unconfirmed
2026-09-12 16:18:48.630 NATIVE STAIN ANIMATION DIAG generation=281 emission=4 particle=2092 sample_ms=0 update=32b904e0 descriptor=5844bca0 descriptor_checksum=bb716b36 group_index=0 group=57e00840 group_checksum=9243d0d2 counts=(nodes:66,controls:59,weights:66,vectors:66) nodes=[60:7C6ED780:94025519:"",61:7C6EDC80:2ab014d3:"",62:7C6EE020:e54b0047:"",63:7C6ED840:abb9e26b:"",64:7C6EDD40:9d2f69e3:"",65:7C6ED8E0:d85b96ff:""] controls=[53:7C6F1B20:51a896e0:"",54:8595D720:c0edb6e7:"",55:8595D640:5c4e72b3:"",56:8595D220:ffa7d4c3:"",57:8595D680:ed4dec4a:"",58:85966F60:476e700c:""] weights=[56:1,57:1,58:1,59:1,60:1,61:1,62:1,63:1,64:1,65:1] vectors=[60:(1,1,1),61:(1,1,1),62:(1,1,1),63:(1,1,1),64:(1,1,1),65:(1,1,1)]
2026-09-12 16:18:48.655 liquid native stain contact consumed source=confirmed particle=2093 emission=4 retry=0 result=9 count=1 native_hit=1 body_confirmed=0 retried=0 outcome=native-hit-attachment-unconfirmed
2026-09-12 16:18:48.689 liquid native stain contact consumed source=confirmed particle=2097 emission=4 retry=0 result=9 count=1 native_hit=1 body_confirmed=0 retried=0 outcome=native-hit-attachment-unconfirmed
2026-09-12 16:18:48.733 liquid native stain contact consumed source=confirmed particle=2101 emission=4 retry=0 result=9 count=1 native_hit=1 body_confirmed=0 retried=0 outcome=native-hit-attachment-unconfirmed
2026-09-12 16:18:48.741 liquid world emitter sample person=2 emission=4 position=(-1.24069,0.85392,-1.79969) direction=(-0.30301,0.94853,0.09206) source=rebuilt-joint-local-hierarchy
2026-09-12 16:18:48.748 liquid native stain contact consumed source=confirmed particle=2102 emission=4 retry=0 result=9 count=1 native_hit=1 body_confirmed=0 retried=0 outcome=native-hit-attachment-unconfirmed
2026-09-12 16:18:48.748 NATIVE STAIN ANIMATION DIAG generation=285 emission=4 particle=2102 sample_ms=0 update=32b904e0 descriptor=5844bca0 descriptor_checksum=2f9dd448 group_index=0 group=57e00840 group_checksum=b2a80871 counts=(nodes:70,controls:63,weights:70,vectors:70) nodes=[64:7C6EDD40:5d2d2ba2:"",65:7C6ED8E0:e77fa155:"",66:7C6ED9A0:af617cd0:"",67:7C6EDA60:c8294468:"",68:7C6EDB20:6175c8a1:"",69:859758C0:d7842f3d:""] controls=[57:8595D680:ed4dec4a:"",58:85966F60:476e700c:"",59:85966D40:4ef44458:"",60:85967100:47883b94:"",61:85967140:ea743ee2:"",62:85966C40:136a59cf:""] weights=[60:1,61:1,62:1,63:1,64:1,65:1,66:1,67:1,68:1,69:1] vectors=[64:(1,1,1),65:(1,1,1),66:(1,1,1),67:(1,1,1),68:(1,1,1),69:(1,1,1)]
2026-09-12 16:18:48.771 testicular retraction live write person=2 control=4aa2ebe0 input=0.245 baseline=0.000 contribution=0.245 output=0.245
2026-09-12 16:18:48.783 liquid native stain contact consumed source=confirmed particle=2105 emission=4 retry=0 result=9 count=1 native_hit=1 body_confirmed=0 retried=0 outcome=native-hit-attachment-unconfirmed
2026-09-12 16:18:48.828 liquid native stain contact consumed source=confirmed particle=2109 emission=4 retry=0 result=9 count=1 native_hit=1 body_confirmed=0 retried=0 outcome=native-hit-attachment-unconfirmed
2026-09-12 16:18:48.848 NATIVE STAIN ANIMATION DIAG generation=287 emission=4 particle=2109 sample_ms=31 update=32b904e0 descriptor=5844bca0 descriptor_checksum=270686bb group_index=0 group=57e00840 group_checksum=b2a80871 counts=(nodes:72,controls:65,weights:72,vectors:72) nodes=[66:7C6ED9A0:9afb7f18:"",67:7C6EDA60:b290cde0:"",68:7C6EDB20:9ded6169:"",69:859758C0:3d7ada37:"",70:85975DC0:2f47730b:"",71:85975960:d0019e8f:""] controls=[59:85966D40:4ef44458:"",60:85967100:47883b94:"",61:85967140:ea743ee2:"",62:85966C40:3975c60e:"",63:85966CA0:35470d7d:"",64:85966E20:4e4f399f:""] weights=[62:1,63:1,64:1,65:1,66:1,67:1,68:1,69:1,70:1,71:1] vectors=[66:(1,1,1),67:(1,1,1),68:(1,1,1),69:(1,1,1),70:(1,1,1),71:(1,1,1)]
2026-09-12 16:18:48.861 liquid native stain transform particle=2122 frame=001af5c4 descriptor=5844bca0 descriptor_scale=(1.00000,1.00000,1.00000) custom_hit_view=(-0.02493,0.06368,-1.28705) custom_ray_view=(-0.02502,0.10687,-1.21941)->(0.00111,-0.53818,-0.84283)
2026-09-12 16:18:48.861 liquid native stain contact consumed source=confirmed particle=2122 emission=4 retry=0 result=0 count=1 native_hit=1 body_confirmed=1 retried=0 outcome=native-model-hit-impact-ray
2026-09-12 16:18:48.887 liquid native stain contact consumed source=confirmed particle=2113 emission=4 retry=0 result=9 count=1 native_hit=1 body_confirmed=0 retried=0 outcome=native-hit-attachment-unconfirmed
2026-09-12 16:18:48.888 liquid native update performance version=0.8.12-decal-freeze-performance samples=81 native_and_pick_ms=0.347 freeze_cleanup_ms=0.011 diagnostics_and_retraction_ms=0.206 peak_total_ms=3.939 tracked=67 freeze_hook=1
2026-09-12 16:18:48.929 liquid native stain contact consumed source=confirmed particle=2121 emission=4 retry=0 result=9 count=1 native_hit=1 body_confirmed=0 retried=0 outcome=native-hit-attachment-unconfirmed
2026-09-12 16:18:48.967 liquid native stain contact consumed source=confirmed particle=2117 emission=4 retry=0 result=9 count=1 native_hit=1 body_confirmed=0 retried=0 outcome=native-hit-attachment-unconfirmed
2026-09-12 16:18:48.969 NATIVE STAIN ANIMATION DIAG generation=291 emission=4 particle=2117 sample_ms=0 update=32b904e0 descriptor=5844bca0 descriptor_checksum=c3419d89 group_index=0 group=57e00840 group_checksum=d0b4f4cf counts=(nodes:76,controls:69,weights:76,vectors:76) nodes=[70:85975DC0:d250baa4:"",71:85975960:28384fd0:"",72:859760A0:30843dc5:"",73:85976160:55df564c:"",74:85975C40:aaa5a1be:"",75:85975E80:b2e56644:""] controls=[63:85966CA0:35470d7d:"",64:85966E20:4e4f399f:"",65:8595D280:6d7bdf34:"",66:7C747FA0:0ca98f8b:"",67:7C747EA0:2089ee5f:"",68:7C747CC0:09d7fae5:""] weights=[66:1,67:1,68:1,69:1,70:1,71:1,72:1,73:1,74:1,75:1] vectors=[70:(1,1,1),71:(1,1,1),72:(1,1,1),73:(1,1,1),74:(1,1,1),75:(1,1,1)]
2026-09-12 16:18:48.994 liquid world emitter sample person=2 emission=4 position=(-1.19427,0.85840,-1.81029) direction=(0.00566,0.99847,0.05493) source=rebuilt-joint-local-hierarchy
2026-09-12 16:18:49.001 liquid native stain contact consumed source=confirmed particle=2136 emission=4 retry=0 result=9 count=1 native_hit=1 body_confirmed=0 retried=0 outcome=native-hit-attachment-unconfirmed
2026-09-12 16:18:49.023 testicular retraction live write person=2 control=4aa2ebe0 input=0.250 baseline=0.000 contribution=0.250 output=0.250
2026-09-12 16:18:49.035 liquid native stain contact consumed source=confirmed particle=2142 emission=4 retry=0 result=9 count=1 native_hit=1 body_confirmed=0 retried=0 outcome=native-hit-attachment-unconfirmed
2026-09-12 16:18:49.077 NATIVE STAIN ANIMATION DIAG generation=293 emission=4 particle=2142 sample_ms=31 update=32b904e0 descriptor=5844bca0 descriptor_checksum=ae33b7db group_index=0 group=57e00840 group_checksum=d0b4f4cf counts=(nodes:78,controls:71,weights:78,vectors:78) nodes=[72:859760A0:404537b2:"",73:85976160:f35197a3:"",74:85975C40:70d6a929:"",75:85975E80:dac9c5b6:"",76:85975D00:b19bef3c:"",77:85976380:ef559b57:""] controls=[65:8595D280:6d7bdf34:"",66:7C747FA0:0ca98f8b:"",67:7C747EA0:fb6d9672:"",68:7C747CC0:09d7fae5:"",69:85A696E0:a2401f5c:"",70:85A694A0:8cbfb726:""] weights=[68:1,69:1,70:1,71:1,72:1,73:1,74:1,75:1,76:1,77:1] vectors=[72:(1,1,1),73:(1,1,1),74:(1,1,1),75:(1,1,1),76:(1,1,1),77:(1,1,1)]
2026-09-12 16:18:49.100 liquid native stain contact consumed source=confirmed particle=2149 emission=4 retry=0 result=9 count=1 native_hit=1 body_confirmed=0 retried=0 outcome=native-hit-attachment-unconfirmed
2026-09-12 16:18:49.184 NATIVE STAIN ANIMATION DIAG generation=294 emission=4 particle=2149 sample_ms=78 update=32b904e0 descriptor=5844bca0 descriptor_checksum=77f6f897 group_index=0 group=57e00840 group_checksum=d0b4f4cf counts=(nodes:79,controls:72,weights:79,vectors:79) nodes=[73:85976160:15c967bc:"",74:85975C40:ea3b3e0e:"",75:85975E80:dcb0ec31:"",76:85975D00:c5848a23:"",77:85976380:564ca1b8:"",78:85975F20:78f583d7:""] controls=[66:7C747FA0:0ca98f8b:"",67:7C747EA0:fb6d9672:"",68:7C747CC0:09d7fae5:"",69:85A696E0:22fb964d:"",70:85A694A0:8cbfb726:"",71:85A69680:9932dd8f:""] weights=[69:1,70:1,71:1,72:1,73:1,74:1,75:1,76:1,77:1,78:1] vectors=[73:(1,1,1),74:(1,1,1),75:(1,1,1),76:(1,1,1),77:(1,1,1),78:(1,1,1)]
2026-09-12 16:18:49.239 liquid world emitter sample person=2 emission=4 position=(-1.24038,0.85404,-1.79973) direction=(-0.30005,0.94953,0.09148) source=rebuilt-joint-local-hierarchy
2026-09-12 16:18:49.269 testicular retraction live write person=2 control=4aa2ebe0 input=0.250 baseline=0.000 contribution=0.250 output=0.250
2026-09-12 16:18:49.292 NATIVE STAIN ANIMATION DIAG generation=294 emission=4 particle=2149 sample_ms=188 update=32b904e0 descriptor=5844bca0 descriptor_checksum=77f6f897 group_index=0 group=57e00840 group_checksum=d0b4f4cf counts=(nodes:79,controls:72,weights:79,vectors:79) nodes=[73:85976160:3c128125:"",74:85975C40:7ffb186f:"",75:85975E80:39e2b088:"",76:85975D00:93772c42:"",77:85976380:11103f81:"",78:85975F20:43ade9e6:""] controls=[66:7C747FA0:0ca98f8b:"",67:7C747EA0:fb6d9672:"",68:7C747CC0:09d7fae5:"",69:85A696E0:35fda18d:"",70:85A694A0:8cbfb726:"",71:85A69680:9932dd8f:""] weights=[69:1,70:1,71:1,72:1,73:1,74:1,75:1,76:1,77:1,78:1] vectors=[73:(1,1,1),74:(1,1,1),75:(1,1,1),76:(1,1,1),77:(1,1,1),78:(1,1,1)]
2026-09-12 16:18:49.398 NATIVE STAIN ANIMATION DIAG generation=294 emission=4 particle=2149 sample_ms=297 update=32b904e0 descriptor=5844bca0 descriptor_checksum=77f6f897 group_index=0 group=57e00840 group_checksum=d0b4f4cf counts=(nodes:79,controls:72,weights:79,vectors:79) nodes=[73:85976160:d36c068e:"",74:85975C40:6765f13c:"",75:85975E80:a8a3028b:"",76:85975D00:bb0ca729:"",77:85976380:bb8bc9aa:"",78:85975F20:4f9a19cd:""] controls=[66:7C747FA0:0ca98f8b:"",67:7C747EA0:fb6d9672:"",68:7C747CC0:09d7fae5:"",69:85A696E0:137c0a17:"",70:85A694A0:8cbfb726:"",71:85A69680:9932dd8f:""] weights=[69:1,70:1,71:1,72:1,73:1,74:1,75:1,76:1,77:1,78:1] vectors=[73:(1,1,1),74:(1,1,1),75:(1,1,1),76:(1,1,1),77:(1,1,1),78:(1,1,1)]
2026-09-12 16:18:49.489 liquid world emitter sample person=2 emission=4 position=(-1.19239,0.85839,-1.81157) direction=(0.00845,0.99893,0.04547) source=rebuilt-joint-local-hierarchy
2026-09-12 16:18:49.513 NATIVE STAIN ANIMATION DIAG generation=294 emission=4 particle=2149 sample_ms=407 update=32b904e0 descriptor=5844bca0 descriptor_checksum=77f6f897 group_index=0 group=57e00840 group_checksum=d0b4f4cf counts=(nodes:79,controls:72,weights:79,vectors:79) nodes=[73:85976160:f63e0ba1:"",74:85975C40:dc74155b:"",75:85975E80:d319fdcc:"",76:85975D00:4b0f3646:"",77:85976380:89aebfc5:"",78:85975F20:f330de22:""] controls=[66:7C747FA0:0ca98f8b:"",67:7C747EA0:fb6d9672:"",68:7C747CC0:09d7fae5:"",69:85A696E0:93e19852:"",70:85A694A0:8cbfb726:"",71:85A69680:9932dd8f:""] weights=[69:1,70:1,71:1,72:1,73:1,74:1,75:1,76:1,77:1,78:1] vectors=[73:(1,1,1),74:(1,1,1),75:(1,1,1),76:(1,1,1),77:(1,1,1),78:(1,1,1)]
2026-09-12 16:18:49.514 NATIVE STAIN FIELD DIAG generation=294 outcome=baseline node=85975f20 control=85a60ca0
2026-09-12 16:18:49.514 memory snapshot label="native-stain-animation-node-baseline" address=85975F20 words=7285a8d4,508b4e60,7285a908,72894190,53477c20,799aa3c0,01fff0ad,00000000,00000000,00000000,5a0e1bca,00000000,670d34c0,72894230,00000000,0005e4a5,3f800000,3f800000,3f800000,3f800000,00000000,00000000,00000000,00000000
2026-09-12 16:18:49.514 memory snapshot label="native-stain-animation-control-baseline" address=85A60CA0 words=72859ad4,7375635f,72859adc,72894190,3f800000,00000000,72894170,63650074,0072006b,00000000,00000000,00000000,98df9b31,8d000c00,00000000,85a60cd8,00000000,00000000,07df68d8,00000000,00000002,728b00c4,00000001,00000001
2026-09-12 16:18:49.514 liquid deep link event="native-stain-animation-node" object=85975f20 offset=0x014 pointer=799aa3c0 target_name="NcBlouse4_group"
2026-09-12 16:18:49.518 liquid deep links event="native-stain-animation-control" object=85a60ca0 named_or_string_links=0 scan_bytes=96
2026-09-12 16:18:49.520 testicular retraction live write person=2 control=4aa2ebe0 input=0.031 baseline=0.000 contribution=0.031 output=0.031
2026-09-12 16:18:49.614 NATIVE STAIN ANIMATION DIAG generation=294 emission=4 particle=2149 sample_ms=516 update=32b904e0 descriptor=5844bca0 descriptor_checksum=77f6f897 group_index=0 group=57e00840 group_checksum=d0b4f4cf counts=(nodes:79,controls:72,weights:79,vectors:79) nodes=[73:85976160:3232b84a:"",74:85975C40:89c947d8:"",75:85975E80:a6b50f7f:"",76:85975D00:f5eaaead:"",77:85976380:24b2ffae:"",78:85975F20:94a2af89:""] controls=[66:7C747FA0:0ca98f8b:"",67:7C747EA0:fb6d9672:"",68:7C747CC0:09d7fae5:"",69:85A696E0:ff42577a:"",70:85A694A0:8cbfb726:"",71:85A69680:9932dd8f:""] weights=[69:1,70:1,71:1,72:1,73:1,74:1,75:1,76:1,77:1,78:1] vectors=[73:(1,1,1),74:(1,1,1),75:(1,1,1),76:(1,1,1),77:(1,1,1),78:(1,1,1)]
2026-09-12 16:18:49.615 NATIVE STAIN FIELD DIAG generation=294 node=85975F20 control=85A60CA0 changes=N+0x3c:0005e4a5>0005e4ae(5.411997e-040>5.412123e-040) totals=(node:1,control:0)
2026-09-12 16:18:49.718 ejaculation audio started person=2 emission=4 pulse=6 volume=0.000 path="C:\Users\ErolB\Desktop\Games\TK17\The Klub 17\Extensions\Liquids\Sounds\Ejaculation\Default\cum07.mp3"
2026-09-12 16:18:49.718 testicular retraction pulse person=2 emission=4 pulse=6 baseline=0.000 start=-0.001 target=0.250
2026-09-12 16:18:49.723 NATIVE STAIN ANIMATION DIAG generation=294 emission=4 particle=2149 sample_ms=625 update=32b904e0 descriptor=5844bca0 descriptor_checksum=77f6f897 group_index=0 group=57e00840 group_checksum=d0b4f4cf counts=(nodes:79,controls:72,weights:79,vectors:79) nodes=[73:85976160:c082d4f2:"",74:85975C40:21dc8e20:"",75:85975E80:b9364497:"",76:85975D00:ae1acc35:"",77:85976380:fa14e5f6:"",78:85975F20:17b44a71:""] controls=[66:7C747FA0:0ca98f8b:"",67:7C747EA0:fb6d9672:"",68:7C747CC0:09d7fae5:"",69:85A696E0:f6e7510e:"",70:85A694A0:8cbfb726:"",71:85A69680:9932dd8f:""] weights=[69:1,70:1,71:1,72:1,73:1,74:1,75:1,76:1,77:1,78:1] vectors=[73:(1,1,1),74:(1,1,1),75:(1,1,1),76:(1,1,1),77:(1,1,1),78:(1,1,1)]
2026-09-12 16:18:49.723 NATIVE STAIN FIELD DIAG generation=294 node=85975F20 control=85A60CA0 changes=N+0x3c:0005e4ae>0005e4b6(5.412123e-040>5.412235e-040) totals=(node:1,control:0)
2026-09-12 16:18:49.723 testicular retraction applied person=2 emission=4 pulse=6 baseline=0.000 contribution=-0.001 output=0.000
2026-09-12 16:18:49.743 liquid world emitter sample person=2 emission=4 position=(-1.24111,0.85376,-1.79962) direction=(-0.30702,0.94716,0.09286) source=rebuilt-joint-local-hierarchy
2026-09-12 16:18:49.776 testicular retraction live write person=2 control=4aa2ebe0 input=0.255 baseline=0.000 contribution=0.280 output=0.280
2026-09-12 16:18:49.839 NATIVE STAIN ANIMATION DIAG generation=294 emission=4 particle=2149 sample_ms=735 update=32b904e0 descriptor=5844bca0 descriptor_checksum=77f6f897 group_index=0 group=57e00840 group_checksum=d0b4f4cf counts=(nodes:79,controls:72,weights:79,vectors:79) nodes=[73:85976160:b47f3e34:"",74:85975C40:e62959c6:"",75:85975E80:175387f9:"",76:85975D00:926f11db:"",77:85976380:34b842b0:"",78:85975F20:9cfe0d8f:""] controls=[66:7C747FA0:0ca98f8b:"",67:7C747EA0:fb6d9672:"",68:7C747CC0:09d7fae5:"",69:85A696E0:f6e7510e:"",70:85A694A0:8cbfb726:"",71:85A69680:9932dd8f:""] weights=[69:1,70:1,71:1,72:1,73:1,74:1,75:1,76:1,77:1,78:1] vectors=[73:(1,1,1),74:(1,1,1),75:(1,1,1),76:(1,1,1),77:(1,1,1),78:(1,1,1)]
2026-09-12 16:18:49.839 NATIVE STAIN FIELD DIAG generation=294 node=85975F20 control=85A60CA0 changes=N+0x3c:0005e4b6>0005e4c0(5.412235e-040>5.412375e-040) totals=(node:1,control:0)
2026-09-12 16:18:49.885 liquid native update performance version=0.8.12-decal-freeze-performance samples=81 native_and_pick_ms=0.207 freeze_cleanup_ms=0.005 diagnostics_and_retraction_ms=0.218 peak_total_ms=5.730 tracked=72 freeze_hook=1
2026-09-12 16:18:49.941 NATIVE STAIN ANIMATION DIAG generation=294 emission=4 particle=2149 sample_ms=844 update=32b904e0 descriptor=5844bca0 descriptor_checksum=77f6f897 group_index=0 group=57e00840 group_checksum=d0b4f4cf counts=(nodes:79,controls:72,weights:79,vectors:79) nodes=[73:85976160:4794587c:"",74:85975C40:d225bace:"",75:85975E80:fe1fe171:"",76:85975D00:d4306663:"",77:85976380:89afeff8:"",78:85975F20:d2caad97:""] controls=[66:7C747FA0:0ca98f8b:"",67:7C747EA0:fb6d9672:"",68:7C747CC0:09d7fae5:"",69:85A696E0:f6e7510e:"",70:85A694A0:8cbfb726:"",71:85A69680:9932dd8f:""] weights=[69:1,70:1,71:1,72:1,73:1,74:1,75:1,76:1,77:1,78:1] vectors=[73:(1,1,1),74:(1,1,1),75:(1,1,1),76:(1,1,1),77:(1,1,1),78:(1,1,1)]
2026-09-12 16:18:49.942 NATIVE STAIN FIELD DIAG generation=294 node=85975F20 control=85A60CA0 changes=N+0x3c:0005e4c0>0005e4c8(5.412375e-040>5.412487e-040) totals=(node:1,control:0)
2026-09-12 16:18:49.996 liquid world emitter sample person=2 emission=4 position=(-1.19463,0.85840,-1.81006) direction=(0.00505,0.99838,0.05663) source=rebuilt-joint-local-hierarchy
2026-09-12 16:18:50.026 testicular retraction live write person=2 control=4aa2ebe0 input=0.259 baseline=0.000 contribution=0.256 output=0.256
2026-09-12 16:18:50.079 NATIVE STAIN ANIMATION DIAG generation=294 emission=4 particle=2149 sample_ms=969 update=32b904e0 descriptor=5844bca0 descriptor_checksum=77f6f897 group_index=0 group=57e00840 group_checksum=d0b4f4cf counts=(nodes:79,controls:72,weights:79,vectors:79) nodes=[73:85976160:95be9524:"",74:85975C40:71fd2c16:"",75:85975E80:7b0e4689:"",76:85975D00:448649ab:"",77:85976380:22204140:"",78:85975F20:c049787f:""] controls=[66:7C747FA0:0ca98f8b:"",67:7C747EA0:fb6d9672:"",68:7C747CC0:09d7fae5:"",69:85A696E0:f6e7510e:"",70:85A694A0:8cbfb726:"",71:85A69680:9932dd8f:""] weights=[69:1,70:1,71:1,72:1,73:1,74:1,75:1,76:1,77:1,78:1] vectors=[73:(1,1,1),74:(1,1,1),75:(1,1,1),76:(1,1,1),77:(1,1,1),78:(1,1,1)]
2026-09-12 16:18:50.080 NATIVE STAIN FIELD DIAG generation=294 node=85975F20 control=85A60CA0 changes=N+0x3c:0005e4c8>0005e4d0(5.412487e-040>5.412599e-040) totals=(node:1,control:0)
2026-09-12 16:18:50.120 ejaculation audio finished person=2 emission=4 pulse=6 path="C:\Users\ErolB\Desktop\Games\TK17\The Klub 17\Extensions\Liquids\Sounds\Ejaculation\Default\cum07.mp3"
2026-09-12 16:18:50.154 liquid native stain contact consumed source=confirmed particle=2164 emission=4 retry=0 result=9 count=1 native_hit=1 body_confirmed=0 retried=0 outcome=native-hit-attachment-unconfirmed
2026-09-12 16:18:50.180 liquid native stain contact consumed source=confirmed particle=2169 emission=4 retry=0 result=9 count=1 native_hit=1 body_confirmed=0 retried=0 outcome=native-hit-attachment-unconfirmed
2026-09-12 16:18:50.181 NATIVE STAIN ANIMATION DIAG generation=296 emission=4 particle=2169 sample_ms=0 update=32b904e0 descriptor=5844bca0 descriptor_checksum=f467a0bd group_index=0 group=57e00840 group_checksum=d0b4f4cf counts=(nodes:81,controls:74,weights:81,vectors:81) nodes=[75:85975E80:62bfd69e:"",76:85975D00:67d80bd4:"",77:85976380:765b08ef:"",78:85975F20:f534bed0:"",79:7C7484E0:a64087eb:"",80:7C748AA0:71fd83e2:""] controls=[68:7C747CC0:09d7fae5:"",69:85A696E0:567ed8a0:"",70:85A694A0:8cbfb726:"",71:85A69680:9932dd8f:"",72:859C7E80:0471378d:"",73:859C8160:24f50720:""] weights=[71:1,72:1,73:1,74:1,75:1,76:1,77:1,78:1,79:1,80:1] vectors=[75:(1,1,1),76:(1,1,1),77:(1,1,1),78:(1,1,1),79:(1,1,1),80:(1,1,1)]
2026-09-12 16:18:50.243 liquid native stain contact consumed source=confirmed particle=2173 emission=4 retry=0 result=9 count=1 native_hit=1 body_confirmed=0 retried=0 outcome=native-hit-attachment-unconfirmed
2026-09-12 16:18:50.251 liquid world emitter sample person=2 emission=4 position=(-1.24285,0.85305,-1.79938) direction=(-0.32426,0.94105,0.09630) source=rebuilt-joint-local-hierarchy
2026-09-12 16:18:50.269 testicular retraction live write person=2 control=4aa2ebe0 input=0.245 baseline=0.000 contribution=0.245 output=0.245
2026-09-12 16:18:50.281 liquid native stain contact consumed source=confirmed particle=2177 emission=4 retry=0 result=9 count=1 native_hit=1 body_confirmed=0 retried=0 outcome=native-hit-attachment-unconfirmed
2026-09-12 16:18:50.293 NATIVE STAIN ANIMATION DIAG generation=298 emission=4 particle=2177 sample_ms=16 update=32b904e0 descriptor=5844bca0 descriptor_checksum=b8ec366e group_index=0 group=57e00840 group_checksum=d0b4f4cf counts=(nodes:83,controls:76,weights:83,vectors:83) nodes=[77:85976380:13f042f7:"",78:85975F20:e0cec118:"",79:7C7484E0:f4a05bb3:"",80:7C748AA0:90bbe388:"",81:7C748640:2ae7b8b1:"",82:7C748700:abccace9:""] controls=[70:85A694A0:8cbfb726:"",71:85A69680:9932dd8f:"",72:859C7E80:7922f07f:"",73:859C8160:378abe87:"",74:859C7EE0:9139fdf8:"",75:859C8060:cef711ec:""] weights=[73:1,74:1,75:1,76:1,77:1,78:1,79:1,80:1,81:1,82:1] vectors=[77:(1,1,1),78:(1,1,1),79:(1,1,1),80:(1,1,1),81:(1,1,1),82:(1,1,1)]
2026-09-12 16:18:50.313 liquid native stain contact consumed source=confirmed particle=2178 emission=4 retry=0 result=9 count=1 native_hit=1 body_confirmed=0 retried=0 outcome=native-hit-attachment-unconfirmed
2026-09-12 16:18:50.343 liquid native stain transform particle=2179 frame=001af5c4 descriptor=5844bca0 descriptor_scale=(1.00000,1.00000,1.00000) custom_hit_view=(-0.11379,-0.00694,-1.52596) custom_ray_view=(-0.10850,0.05871,-1.48069)->(-0.06614,-0.82147,-0.56641)
2026-09-12 16:18:50.343 liquid native stain contact consumed source=confirmed particle=2179 emission=4 retry=0 result=9 count=1 native_hit=1 body_confirmed=1 retried=0 outcome=native-model-hit-impact-ray
2026-09-12 16:18:50.372 liquid native stain contact consumed source=confirmed particle=2181 emission=4 retry=0 result=9 count=1 native_hit=1 body_confirmed=0 retried=0 outcome=native-hit-attachment-unconfirmed
2026-09-12 16:18:50.397 NATIVE STAIN ANIMATION DIAG generation=301 emission=4 particle=2181 sample_ms=31 update=32b904e0 descriptor=5844bca0 descriptor_checksum=0eb224b9 group_index=0 group=57e00840 group_checksum=d0b4f4cf counts=(nodes:86,controls:79,weights:86,vectors:86) nodes=[80:7C748AA0:c6ea4011:"",81:7C748640:56cb7a68:"",82:7C748700:07f77530:"",83:7C748920:82530ffc:"",84:7C7487C0:ac0de091:"",85:7C7489E0:5b3ef986:""] controls=[73:859C8160:ebd4ddca:"",74:859C7EE0:9139fdf8:"",75:859C8060:cef711ec:"",76:859C81A0:05f2a8e1:"",77:859C7E40:0325abff:"",78:859C8020:c8c366fb:""] weights=[76:1,77:1,78:1,79:1,80:1,81:1,82:1,83:1,84:1,85:1] vectors=[80:(1,1,1),81:(1,1,1),82:(1,1,1),83:(1,1,1),84:(1,1,1),85:(1,1,1)]
2026-09-12 16:18:50.408 liquid native stain contact consumed source=confirmed particle=2195 emission=4 retry=0 result=0 count=1 native_hit=1 body_confirmed=0 retried=0 outcome=native-hit-attachment-unconfirmed
2026-09-12 16:18:50.453 liquid native stain contact consumed source=confirmed particle=2197 emission=4 retry=0 result=0 count=1 native_hit=1 body_confirmed=0 retried=0 outcome=native-hit-attachment-unconfirmed
2026-09-12 16:18:50.479 liquid native stain contact consumed source=confirmed particle=2200 emission=4 retry=0 result=0 count=1 native_hit=1 body_confirmed=0 retried=0 outcome=native-hit-attachment-unconfirmed
2026-09-12 16:18:50.497 liquid world emitter sample person=2 emission=4 position=(-1.19461,0.85840,-1.81007) direction=(0.00508,0.99839,0.05656) source=rebuilt-joint-local-hierarchy
2026-09-12 16:18:50.514 liquid native stain contact consumed source=confirmed particle=2206 emission=4 retry=0 result=9 count=1 native_hit=1 body_confirmed=0 retried=0 outcome=native-hit-attachment-unconfirmed
2026-09-12 16:18:50.515 NATIVE STAIN ANIMATION DIAG generation=305 emission=4 particle=2206 sample_ms=0 update=32b904e0 descriptor=5844bca0 descriptor_checksum=0f7f4fb4 group_index=0 group=57e00840 group_checksum=d0b4f4cf counts=(nodes:91,controls:83,weights:91,vectors:91) nodes=[85:7C7489E0:0aa78727:"",86:7C748B40:5ec27ec3:"",87:7C748580:c6022be8:"",88:85AC7DE0:ed6a0c80:"",89:85AC7D20:d124ca89:"",90:85AC8180:8334adde:""] controls=[77:859C7E40:0325abff:"",78:859C8020:c8c366fb:"",79:7983FAE0:b3505075:"",80:859C7FC0:f1ffafda:"",81:85AB09C0:3759a040:"",82:85AB0C80:b77442b9:""] weights=[81:1,82:1,83:1,84:1,85:1,86:1,87:1,88:1,89:1,90:1] vectors=[85:(1,1,1),86:(1,1,1),87:(1,1,1),88:(1,1,1),89:(1,1,1),90:(1,1,1)]
2026-09-12 16:18:50.532 testicular retraction live write person=2 control=4aa2ebe0 input=0.250 baseline=0.000 contribution=0.250 output=0.250
2026-09-12 16:18:50.545 liquid native stain contact consumed source=confirmed particle=2209 emission=4 retry=0 result=9 count=1 native_hit=1 body_confirmed=0 retried=0 outcome=native-hit-attachment-unconfirmed
2026-09-12 16:18:50.609 liquid native stain contact consumed source=confirmed particle=2218 emission=4 retry=0 result=9 count=1 native_hit=1 body_confirmed=0 retried=0 outcome=native-hit-attachment-unconfirmed
2026-09-12 16:18:50.623 NATIVE STAIN ANIMATION DIAG generation=307 emission=4 particle=2218 sample_ms=16 update=32b904e0 descriptor=5844bca0 descriptor_checksum=146cb4a5 group_index=0 group=57e00840 group_checksum=d0b4f4cf counts=(nodes:93,controls:85,weights:93,vectors:93) nodes=[87:7C748580:9e748cc7:"",88:85AC7DE0:011e251f:"",89:85AC7D20:dc21c58e:"",90:85AC8180:b25d0b73:"",91:85AC8240:127dc756:"",92:85AC7EA0:43f2049c:""] controls=[79:7983FAE0:b21f7e3d:"",80:859C7FC0:f1ffafda:"",81:85AB09C0:3759a040:"",82:85AB0C80:b77442b9:"",83:85AB0820:dca3ce84:"",84:85AB0920:c54e2dd8:""] weights=[83:1,84:1,85:1,86:1,87:1,88:1,89:1,90:1,91:1,92:1] vectors=[87:(1,1,1),88:(1,1,1),89:(1,1,1),90:(1,1,1),91:(1,1,1),92:(1,1,1)]
2026-09-12 16:18:50.723 NATIVE STAIN ANIMATION DIAG generation=307 emission=4 particle=2218 sample_ms=125 update=32b904e0 descriptor=5844bca0 descriptor_checksum=146cb4a5 group_index=0 group=57e00840 group_checksum=d0b4f4cf counts=(nodes:93,controls:85,weights:93,vectors:93) nodes=[87:7C748580:83cd2e18:"",88:85AC7DE0:98cb25f0:"",89:85AC7D20:6d6a0bf9:"",90:85AC8180:7fcb3a1c:"",91:85AC8240:cbeb5a41:"",92:85AC7EA0:c798f5f3:""] controls=[79:7983FAE0:0221c40f:"",80:859C7FC0:f1ffafda:"",81:85AB09C0:3759a040:"",82:85AB0C80:b77442b9:"",83:85AB0820:ebb1358b:"",84:85AB0920:c54e2dd8:""] weights=[83:1,84:1,85:1,86:1,87:1,88:1,89:1,90:1,91:1,92:1] vectors=[87:(1,1,1),88:(1,1,1),89:(1,1,1),90:(1,1,1),91:(1,1,1),92:(1,1,1)]
2026-09-12 16:18:50.743 liquid world emitter sample person=2 emission=4 position=(-1.24113,0.85375,-1.79962) direction=(-0.30719,0.94710,0.09289) source=rebuilt-joint-local-hierarchy
2026-09-12 16:18:50.776 testicular retraction live write person=2 control=4aa2ebe0 input=0.250 baseline=0.000 contribution=0.250 output=0.250
2026-09-12 16:18:50.842 NATIVE STAIN ANIMATION DIAG generation=307 emission=4 particle=2218 sample_ms=235 update=32b904e0 descriptor=5844bca0 descriptor_checksum=146cb4a5 group_index=0 group=57e00840 group_checksum=d0b4f4cf counts=(nodes:93,controls:85,weights:93,vectors:93) nodes=[87:7C748580:95326e28:"",88:85AC7DE0:da189080:"",89:85AC7D20:ab5a20c5:"",90:85AC8180:82ebf784:"",91:85AC8240:0176142d:"",92:85AC7EA0:57e5da2b:""] controls=[79:7983FAE0:0221c40f:"",80:859C7FC0:f1ffafda:"",81:85AB09C0:3759a040:"",82:85AB0C80:b77442b9:"",83:85AB0820:f7c55770:"",84:85AB0920:c54e2dd8:""] weights=[83:1,84:1,85:1,86:1,87:1,88:1,89:1,90:1,91:1,92:1] vectors=[87:(1,1,1),88:(1,1,1),89:(1,1,1),90:(1,1,1),91:(1,1,1),92:(1,1,1)]
2026-09-12 16:18:50.882 liquid native update performance version=0.8.12-decal-freeze-performance samples=71 native_and_pick_ms=0.578 freeze_cleanup_ms=0.019 diagnostics_and_retraction_ms=0.157 peak_total_ms=3.819 tracked=85 freeze_hook=1
2026-09-12 16:18:50.949 NATIVE STAIN ANIMATION DIAG generation=307 emission=4 particle=2218 sample_ms=344 update=32b904e0 descriptor=5844bca0 descriptor_checksum=146cb4a5 group_index=0 group=57e00840 group_checksum=d0b4f4cf counts=(nodes:93,controls:85,weights:93,vectors:93) nodes=[87:7C748580:e598f910:"",88:85AC7DE0:da715738:"",89:85AC7D20:be5743ad:"",90:85AC8180:1fab70cc:"",91:85AC8240:d7567b45:"",92:85AC7EA0:65cee0f3:""] controls=[79:7983FAE0:ec4446f9:"",80:859C7FC0:f1ffafda:"",81:85AB09C0:3759a040:"",82:85AB0C80:b77442b9:"",83:85AB0820:c3fe36e3:"",84:85AB0920:c54e2dd8:""] weights=[83:1,84:1,85:1,86:1,87:1,88:1,89:1,90:1,91:1,92:1] vectors=[87:(1,1,1),88:(1,1,1),89:(1,1,1),90:(1,1,1),91:(1,1,1),92:(1,1,1)]
2026-09-12 16:18:50.949 NATIVE STAIN FIELD DIAG generation=307 outcome=baseline node=85ac7ea0 control=85ae4ec0
2026-09-12 16:18:50.950 memory snapshot label="native-stain-animation-node-baseline" address=85AC7EA0 words=7285a8d4,85ae4580,7285a908,72894190,5347f2c0,799aa3c0,01fff0ad,00000000,00000000,00000000,5a0e1bca,00000000,670d4240,72894230,00000000,0005e510,3f800000,3f800000,3f800000,3f800000,00000000,00000000,00000000,00000000
2026-09-12 16:18:50.950 memory snapshot label="native-stain-animation-control-baseline" address=85AE4EC0 words=72859ad4,61685374,72859adc,72894190,3f800000,00000000,72894170,00657061,3f800000,84dcd5e0,99139376,8d0019c2,bfa980e9,bd16a3ad,bd913933,85ae4ef0,00000000,00000000,07df40b0,00000000,00000002,728b0144,00000001,00000001
2026-09-12 16:18:50.950 liquid deep link event="native-stain-animation-node" object=85ac7ea0 offset=0x014 pointer=799aa3c0 target_name="NcBlouse4_group"
2026-09-12 16:18:50.950 liquid deep string event="native-stain-animation-node" object=85ac7ea0 offset=0x03c pointer=0005e510 text="-"
2026-09-12 16:18:50.951 liquid deep string event="native-stain-animation-control" object=85ae4ec0 offset=0x01c pointer=00657061 text="?e"
2026-09-12 16:18:50.992 liquid world emitter sample person=2 emission=4 position=(-1.19352,0.85840,-1.81080) direction=(0.00687,0.99866,0.05122) source=rebuilt-joint-local-hierarchy
2026-09-12 16:18:51.020 testicular retraction live write person=2 control=4aa2ebe0 input=0.031 baseline=0.000 contribution=0.031 output=0.031
2026-09-12 16:18:51.076 NATIVE STAIN ANIMATION DIAG generation=307 emission=4 particle=2218 sample_ms=469 update=32b904e0 descriptor=5844bca0 descriptor_checksum=146cb4a5 group_index=0 group=57e00840 group_checksum=d0b4f4cf counts=(nodes:93,controls:85,weights:93,vectors:93) nodes=[87:7C748580:1bbf02ea:"",88:85AC7DE0:1fd0ddd2:"",89:85AC7D20:7cef989f:"",90:85AC8180:2987d3ae:"",91:85AC8240:f2292837:"",92:85AC7EA0:0a5e84e9:""] controls=[79:7983FAE0:f08b6dfc:"",80:859C7FC0:f1ffafda:"",81:85AB09C0:3759a040:"",82:85AB0C80:b77442b9:"",83:85AB0820:d3b0bc7f:"",84:85AB0920:c54e2dd8:""] weights=[83:1,84:1,85:1,86:1,87:1,88:1,89:1,90:1,91:1,92:1] vectors=[87:(1,1,1),88:(1,1,1),89:(1,1,1),90:(1,1,1),91:(1,1,1),92:(1,1,1)]
2026-09-12 16:18:51.076 NATIVE STAIN FIELD DIAG generation=307 node=85AC7EA0 control=85AE4EC0 changes=N+0x3c:0005e510>0005e516(5.413496e-040>5.41358e-040) totals=(node:1,control:0)
2026-09-12 16:18:51.184 NATIVE STAIN ANIMATION DIAG generation=307 emission=4 particle=2218 sample_ms=578 update=32b904e0 descriptor=5844bca0 descriptor_checksum=146cb4a5 group_index=0 group=57e00840 group_checksum=d0b4f4cf counts=(nodes:93,controls:85,weights:93,vectors:93) nodes=[87:7C748580:917efaf2:"",88:85AC7DE0:eb8099ca:"",89:85AC7D20:a57dafe7:"",90:85AC8180:fee9b9f6:"",91:85AC8240:fe689c2f:"",92:85AC7EA0:910be7b1:""] controls=[79:7983FAE0:95a5086b:"",80:859C7FC0:f1ffafda:"",81:85AB09C0:3759a040:"",82:85AB0C80:b77442b9:"",83:85AB0820:16d21780:"",84:85AB0920:c54e2dd8:""] weights=[83:1,84:1,85:1,86:1,87:1,88:1,89:1,90:1,91:1,92:1] vectors=[87:(1,1,1),88:(1,1,1),89:(1,1,1),90:(1,1,1),91:(1,1,1),92:(1,1,1)]
2026-09-12 16:18:51.186 NATIVE STAIN FIELD DIAG generation=307 node=85AC7EA0 control=85AE4EC0 changes=N+0x3c:0005e516>0005e51e(5.41358e-040>5.413692e-040) totals=(node:1,control:0)
2026-09-12 16:18:51.213 ejaculation audio started person=2 emission=4 pulse=7 volume=0.000 path="C:\Users\ErolB\Desktop\Games\TK17\The Klub 17\Extensions\Liquids\Sounds\Ejaculation\Default\cum06.mp3"
2026-09-12 16:18:51.213 testicular retraction pulse person=2 emission=4 pulse=7 baseline=0.000 start=-0.001 target=0.250
2026-09-12 16:18:51.229 testicular retraction applied person=2 emission=4 pulse=7 baseline=0.000 contribution=-0.001 output=0.000
2026-09-12 16:18:51.252 liquid world emitter sample person=2 emission=4 position=(-1.24305,0.85296,-1.79936) direction=(-0.32629,0.94031,0.09670) source=rebuilt-joint-local-hierarchy
2026-09-12 16:18:51.270 testicular retraction live write person=2 control=4aa2ebe0 input=0.255 baseline=0.000 contribution=0.271 output=0.271
2026-09-12 16:18:51.295 NATIVE STAIN ANIMATION DIAG generation=307 emission=4 particle=2218 sample_ms=688 update=32b904e0 descriptor=5844bca0 descriptor_checksum=146cb4a5 group_index=0 group=57e00840 group_checksum=d0b4f4cf counts=(nodes:93,controls:85,weights:93,vectors:93) nodes=[87:7C748580:2b37976c:"",88:85AC7DE0:079e5b54:"",89:85AC7D20:4ebcdf69:"",90:85AC8180:cdc81830:"",91:85AC8240:42b13321:"",92:85AC7EA0:735e901f:""] controls=[79:7983FAE0:c071915a:"",80:859C7FC0:f1ffafda:"",81:85AB09C0:3759a040:"",82:85AB0C80:b77442b9:"",83:85AB0820:41cb2726:"",84:85AB0920:c54e2dd8:""] weights=[83:1,84:1,85:1,86:1,87:1,88:1,89:1,90:1,91:1,92:1] vectors=[87:(1,1,1),88:(1,1,1),89:(1,1,1),90:(1,1,1),91:(1,1,1),92:(1,1,1)]
2026-09-12 16:18:51.295 NATIVE STAIN FIELD DIAG generation=307 node=85AC7EA0 control=85AE4EC0 changes=N+0x3c:0005e51e>0005e524(5.413692e-040>5.413776e-040) totals=(node:1,control:0)
2026-09-12 16:18:51.403 NATIVE STAIN ANIMATION DIAG generation=307 emission=4 particle=2218 sample_ms=797 update=32b904e0 descriptor=5844bca0 descriptor_checksum=146cb4a5 group_index=0 group=57e00840 group_checksum=d0b4f4cf counts=(nodes:93,controls:85,weights:93,vectors:93) nodes=[87:7C748580:a2b7fc51:"",88:85AC7DE0:2b596429:"",89:85AC7D20:c4956194:"",90:85AC8180:0b383b35:"",91:85AC8240:de1086fc:"",92:85AC7EA0:2e310092:""] controls=[79:7983FAE0:c071915a:"",80:859C7FC0:f1ffafda:"",81:85AB09C0:3759a040:"",82:85AB0C80:b77442b9:"",83:85AB0820:41cb2726:"",84:85AB0920:c54e2dd8:""] weights=[83:1,84:1,85:1,86:1,87:1,88:1,89:1,90:1,91:1,92:1] vectors=[87:(1,1,1),88:(1,1,1),89:(1,1,1),90:(1,1,1),91:(1,1,1),92:(1,1,1)]
2026-09-12 16:18:51.403 NATIVE STAIN FIELD DIAG generation=307 node=85AC7EA0 control=85AE4EC0 changes=N+0x3c:0005e524>0005e52d(5.413776e-040>5.413903e-040) totals=(node:1,control:0)
2026-09-12 16:18:51.432 ejaculation audio finished person=2 emission=4 pulse=7 path="C:\Users\ErolB\Desktop\Games\TK17\The Klub 17\Extensions\Liquids\Sounds\Ejaculation\Default\cum06.mp3"
2026-09-12 16:18:51.498 liquid world emitter sample person=2 emission=4 position=(-1.19506,0.85840,-1.80978) direction=(0.00428,0.99827,0.05869) source=rebuilt-joint-local-hierarchy
2026-09-12 16:18:51.515 NATIVE STAIN ANIMATION DIAG generation=307 emission=4 particle=2218 sample_ms=907 update=32b904e0 descriptor=5844bca0 descriptor_checksum=146cb4a5 group_index=0 group=57e00840 group_checksum=d0b4f4cf counts=(nodes:93,controls:85,weights:93,vectors:93) nodes=[87:7C748580:032ede4a:"",88:85AC7DE0:1299ce72:"",89:85AC7D20:b860c3bf:"",90:85AC8180:e007440e:"",91:85AC8240:34025957:"",92:85AC7EA0:00551bc9:""] controls=[79:7983FAE0:c071915a:"",80:859C7FC0:f1ffafda:"",81:85AB09C0:3759a040:"",82:85AB0C80:b77442b9:"",83:85AB0820:98d51310:"",84:85AB0920:c54e2dd8:""] weights=[83:1,84:1,85:1,86:1,87:1,88:1,89:1,90:1,91:1,92:1] vectors=[87:(1,1,1),88:(1,1,1),89:(1,1,1),90:(1,1,1),91:(1,1,1),92:(1,1,1)]
2026-09-12 16:18:51.515 NATIVE STAIN FIELD DIAG generation=307 node=85AC7EA0 control=85AE4EC0 changes=N+0x3c:0005e52d>0005e536(5.413903e-040>5.414029e-040) totals=(node:1,control:0)
2026-09-12 16:18:51.525 testicular retraction live write person=2 control=4aa2ebe0 input=0.259 baseline=0.000 contribution=0.256 output=0.256
2026-09-12 16:18:51.626 liquid native stain contact consumed source=confirmed particle=2228 emission=4 retry=0 result=9 count=1 native_hit=1 body_confirmed=0 retried=0 outcome=native-hit-attachment-unconfirmed
2026-09-12 16:18:51.628 NATIVE STAIN ANIMATION DIAG generation=308 emission=4 particle=2228 sample_ms=0 update=32b904e0 descriptor=5844bca0 descriptor_checksum=b8358ebb group_index=0 group=57e00840 group_checksum=d0b4f4cf counts=(nodes:94,controls:86,weights:94,vectors:94) nodes=[88:85AC7DE0:b7fd377f:"",89:85AC7D20:0993b3b2:"",90:85AC8180:5b56039b:"",91:85AC8240:e246077a:"",92:85AC7EA0:f696b974:"",93:31EB2AA0:25e81590:""] controls=[80:859C7FC0:f1ffafda:"",81:85AB09C0:3759a040:"",82:85AB0C80:b77442b9:"",83:85AB0820:98d51310:"",84:85AB0920:c54e2dd8:"",85:54DFF740:78e31765:""] weights=[84:1,85:1,86:1,87:1,88:1,89:1,90:1,91:1,92:1,93:1] vectors=[88:(1,1,1),89:(1,1,1),90:(1,1,1),91:(1,1,1),92:(1,1,1),93:(1,1,1)]
2026-09-12 16:18:51.672 liquid native stain contact consumed source=confirmed particle=2230 emission=4 retry=0 result=9 count=1 native_hit=1 body_confirmed=0 retried=0 outcome=native-hit-attachment-unconfirmed
2026-09-12 16:18:51.697 liquid native stain contact consumed source=confirmed particle=2232 emission=4 retry=0 result=9 count=1 native_hit=1 body_confirmed=0 retried=0 outcome=native-hit-attachment-unconfirmed
2026-09-12 16:18:51.732 liquid native stain contact consumed source=confirmed particle=2235 emission=4 retry=0 result=9 count=1 native_hit=1 body_confirmed=0 retried=0 outcome=native-hit-attachment-unconfirmed
2026-09-12 16:18:51.733 NATIVE STAIN ANIMATION DIAG generation=311 emission=4 particle=2235 sample_ms=0 update=32b904e0 descriptor=5844bca0 descriptor_checksum=68ed7a8f group_index=0 group=57e00840 group_checksum=d0b4f4cf counts=(nodes:97,controls:89,weights:97,vectors:97) nodes=[91:85AC8240:9af212d2:"",92:85AC7EA0:446bc53c:"",93:31EB2AA0:33773729:"",94:31EB2880:2be29bb3:"",95:31EB2A00:dada5467:"",96:31EB2940:d27fad53:""] controls=[83:85AB0820:98d51310:"",84:85AB0920:c54e2dd8:"",85:54DFF740:f49b93d6:"",86:54DFF3C0:a513b00c:"",87:54DFF500:d6ae1a83:"",88:54DFF460:22cd232f:""] weights=[87:1,88:1,89:1,90:1,91:1,92:1,93:1,94:1,95:1,96:1] vectors=[91:(1,1,1),92:(1,1,1),93:(1,1,1),94:(1,1,1),95:(1,1,1),96:(1,1,1)]
2026-09-12 16:18:51.741 liquid world emitter sample person=2 emission=4 position=(-1.24079,0.85389,-1.79967) direction=(-0.30392,0.94822,0.09224) source=rebuilt-joint-local-hierarchy
2026-09-12 16:18:51.768 testicular retraction live write person=2 control=4aa2ebe0 input=0.245 baseline=0.000 contribution=0.245 output=0.245
2026-09-12 16:18:51.778 liquid native stain contact consumed source=confirmed particle=2236 emission=4 retry=0 result=9 count=1 native_hit=1 body_confirmed=0 retried=0 outcome=native-hit-attachment-unconfirmed
2026-09-12 16:18:51.813 liquid native stain contact consumed source=confirmed particle=2239 emission=4 retry=0 result=9 count=1 native_hit=1 body_confirmed=0 retried=0 outcome=native-hit-attachment-unconfirmed
2026-09-12 16:18:51.839 NATIVE STAIN ANIMATION DIAG generation=313 emission=4 particle=2239 sample_ms=32 update=32b904e0 descriptor=5844bca0 descriptor_checksum=b51ab950 group_index=0 group=57e00840 group_checksum=d0b4f4cf counts=(nodes:99,controls:91,weights:99,vectors:99) nodes=[93:31EB2AA0:7f5747f1:"",94:31EB2880:eddfb4fb:"",95:31EB2A00:0cb3191f:"",96:31EB2940:41b892d2:"",97:859C5F80:7a50eecc:"",98:859C57A0:30321931:""] controls=[85:54DFF740:f49b93d6:"",86:54DFF3C0:a513b00c:"",87:54DFF500:d6ae1a83:"",88:54DFF460:22cd232f:"",89:58E3B800:c325527e:"",90:58E3BD00:d12f587f:""] weights=[89:1,90:1,91:1,92:1,93:1,94:1,95:1,96:1,97:1,98:1] vectors=[93:(1,1,1),94:(1,1,1),95:(1,1,1),96:(1,1,1),97:(1,1,1),98:(1,1,1)]
2026-09-12 16:18:51.850 liquid native stain contact consumed source=confirmed particle=2241 emission=4 retry=0 result=9 count=1 native_hit=1 body_confirmed=0 retried=0 outcome=native-hit-attachment-unconfirmed
2026-09-12 16:18:51.883 liquid native stain contact consumed source=confirmed particle=2250 emission=4 retry=0 result=0 count=1 native_hit=1 body_confirmed=0 retried=0 outcome=native-hit-attachment-unconfirmed
2026-09-12 16:18:51.885 liquid native update performance version=0.8.12-decal-freeze-performance samples=72 native_and_pick_ms=0.360 freeze_cleanup_ms=0.033 diagnostics_and_retraction_ms=0.224 peak_total_ms=3.707 tracked=93 freeze_hook=1
2026-09-12 16:18:51.909 liquid native stain contact consumed source=confirmed particle=2253 emission=4 retry=0 result=0 count=1 native_hit=1 body_confirmed=0 retried=0 outcome=native-hit-attachment-unconfirmed
2026-09-12 16:18:51.945 liquid native stain contact consumed source=confirmed particle=2254 emission=4 retry=0 result=0 count=1 native_hit=1 body_confirmed=0 retried=0 outcome=native-hit-attachment-unconfirmed
2026-09-12 16:18:51.948 NATIVE STAIN ANIMATION DIAG generation=317 emission=4 particle=2254 sample_ms=0 update=32b904e0 descriptor=5844bca0 descriptor_checksum=c1bc13ba group_index=0 group=57e00840 group_checksum=d0b4f4cf counts=(nodes:104,controls:95,weights:104,vectors:104) nodes=[98:859C57A0:b81a2fd9:"",99:859C5A80:61cbed7b:"",100:859C5860:fcaf0b9f:"",101:859C5D60:20d06bd9:"",102:859C6040:8f0fe538:"",103:859C63E0:60b8a6aa:""] controls=[89:58E3B800:c325527e:"",90:58E3BD00:d12f587f:"",91:58E3BA80:fd2f9e0a:"",92:58E3BE40:a1b319e2:"",93:58E3BCA0:b366e208:"",94:85BA6020:48046458:""] weights=[94:1,95:1,96:1,97:1,98:1,99:1,100:1,101:1,102:1,103:1] vectors=[98:(1,1,1),99:(1,1,1),100:(1,1,1),101:(1,1,1),102:(1,1,1),103:(1,1,1)]
2026-09-12 16:18:51.965 liquid native stain transform particle=2255 frame=001af5c4 descriptor=5844bca0 descriptor_scale=(1.00000,1.00000,1.00000) custom_hit_view=(-0.09244,-0.07593,-1.33793) custom_ray_view=(-0.08829,-0.00365,-1.30579)->(-0.05237,-0.91248,-0.40575)
2026-09-12 16:18:51.965 liquid native stain contact consumed source=confirmed particle=2255 emission=4 retry=0 result=0 count=1 native_hit=1 body_confirmed=1 retried=0 outcome=native-model-hit-impact-ray
2026-09-12 16:18:51.991 liquid world emitter sample person=2 emission=4 position=(-1.19273,0.85840,-1.81134) direction=(0.00801,0.99885,0.04723) source=rebuilt-joint-local-hierarchy
2026-09-12 16:18:52.007 liquid native stain contact consumed source=confirmed particle=2258 emission=4 retry=0 result=9 count=1 native_hit=1 body_confirmed=0 retried=0 outcome=native-hit-attachment-unconfirmed
2026-09-12 16:18:52.020 testicular retraction live write person=2 control=4aa2ebe0 input=0.250 baseline=0.000 contribution=0.250 output=0.250
2026-09-12 16:18:52.074 NATIVE STAIN ANIMATION DIAG generation=319 emission=4 particle=2258 sample_ms=62 update=32b904e0 descriptor=5844bca0 descriptor_checksum=547c8b12 group_index=0 group=57e00840 group_checksum=e0736dff counts=(nodes:106,controls:97,weights:106,vectors:106) nodes=[100:859C5860:f24ece12:"",101:859C5D60:410a8684:"",102:859C6040:a705d29c:"",103:859C63E0:4fc9e93a:"",104:859C5B40:fb86a661:"",105:859C5900:2e98e59d:""] controls=[91:58E3BA80:fd2f9e0a:"",92:58E3BE40:ea3a32ac:"",93:58E3BCA0:b366e208:"",94:85BA6020:94cb7df6:"",95:85BA5E40:3365b5b6:"",96:85B9F840:472ba004:""] weights=[96:1,97:1,98:1,99:1,100:1,101:1,102:1,103:1,104:1,105:1] vectors=[100:(1,1,1),101:(1,1,1),102:(1,1,1),103:(1,1,1),104:(1,1,1),105:(1,1,1)]
2026-09-12 16:18:52.094 liquid native stain contact consumed source=confirmed particle=2265 emission=4 retry=0 result=9 count=1 native_hit=1 body_confirmed=0 retried=0 outcome=native-hit-attachment-unconfirmed
2026-09-12 16:18:52.136 liquid native stain contact consumed source=confirmed particle=2269 emission=4 retry=0 result=9 count=1 native_hit=1 body_confirmed=0 retried=0 outcome=native-hit-attachment-unconfirmed
2026-09-12 16:18:52.184 NATIVE STAIN ANIMATION DIAG generation=321 emission=4 particle=2269 sample_ms=46 update=32b904e0 descriptor=5844bca0 descriptor_checksum=ed886956 group_index=0 group=57e00840 group_checksum=e0736dff counts=(nodes:108,controls:99,weights:108,vectors:108) nodes=[102:859C6040:520e2554:"",103:859C63E0:30d73e52:"",104:859C5B40:2ecd6409:"",105:859C5900:d4c8b3b5:"",106:859C6320:fa43b315:"",107:859C61A0:f2417d36:""] controls=[93:58E3BCA0:b366e208:"",94:85BA6020:44838974:"",95:85BA5E40:3365b5b6:"",96:85B9F840:83b3b510:"",97:85B9F9C0:9aaae5ab:"",98:85B9F8E0:9646470c:""] weights=[98:1,99:1,100:1,101:1,102:1,103:1,104:1,105:1,106:1,107:1] vectors=[102:(1,1,1),103:(1,1,1),104:(1,1,1),105:(1,1,1),106:(1,1,1),107:(1,1,1)]
2026-09-12 16:18:52.270 testicular retraction live write person=2 control=4aa2ebe0 input=0.250 baseline=0.000 contribution=0.250 output=0.250
2026-09-12 16:18:52.292 NATIVE STAIN ANIMATION DIAG generation=321 emission=4 particle=2269 sample_ms=156 update=32b904e0 descriptor=5844bca0 descriptor_checksum=ed886956 group_index=0 group=57e00840 group_checksum=e0736dff counts=(nodes:108,controls:99,weights:108,vectors:108) nodes=[102:859C6040:75c92e29:"",103:859C63E0:761502df:"",104:859C5B40:1bb58fb4:"",105:859C5900:d225e2b0:"",106:859C6320:c4ec1290:"",107:859C61A0:0a2b9fb3:""] controls=[93:58E3BCA0:b366e208:"",94:85BA6020:f5b6e8c0:"",95:85BA5E40:3365b5b6:"",96:85B9F840:767e9500:"",97:85B9F9C0:9aaae5ab:"",98:85B9F8E0:9646470c:""] weights=[98:1,99:1,100:1,101:1,102:1,103:1,104:1,105:1,106:1,107:1] vectors=[102:(1,1,1),103:(1,1,1),104:(1,1,1),105:(1,1,1),106:(1,1,1),107:(1,1,1)]
2026-09-12 16:18:52.396 NATIVE STAIN ANIMATION DIAG generation=321 emission=4 particle=2269 sample_ms=265 update=32b904e0 descriptor=5844bca0 descriptor_checksum=ed886956 group_index=0 group=57e00840 group_checksum=e0736dff counts=(nodes:108,controls:99,weights:108,vectors:108) nodes=[102:859C6040:f240831e:"",103:859C63E0:37e4e900:"",104:859C5B40:45f97c4b:"",105:859C5900:9395542f:"",106:859C6320:c6807c8f:"",107:859C61A0:ed4ae9bc:""] controls=[93:58E3BCA0:b366e208:"",94:85BA6020:f5b6e8c0:"",95:85BA5E40:3365b5b6:"",96:85B9F840:767e9500:"",97:85B9F9C0:9aaae5ab:"",98:85B9F8E0:9646470c:""] weights=[98:1,99:1,100:1,101:1,102:1,103:1,104:1,105:1,106:1,107:1] vectors=[102:(1,1,1),103:(1,1,1),104:(1,1,1),105:(1,1,1),106:(1,1,1),107:(1,1,1)]
2026-09-12 16:18:52.506 NATIVE STAIN ANIMATION DIAG generation=321 emission=4 particle=2269 sample_ms=375 update=32b904e0 descriptor=5844bca0 descriptor_checksum=ed886956 group_index=0 group=57e00840 group_checksum=e0736dff counts=(nodes:108,controls:99,weights:108,vectors:108) nodes=[102:859C6040:fdb11048:"",103:859C63E0:db1f8426:"",104:859C5B40:73214e1d:"",105:859C5900:b65ec0e1:"",106:859C6320:81860981:"",107:859C61A0:fe7ebc22:""] controls=[93:58E3BCA0:b366e208:"",94:85BA6020:f5b6e8c0:"",95:85BA5E40:3365b5b6:"",96:85B9F840:767e9500:"",97:85B9F9C0:9aaae5ab:"",98:85B9F8E0:9646470c:""] weights=[98:1,99:1,100:1,101:1,102:1,103:1,104:1,105:1,106:1,107:1] vectors=[102:(1,1,1),103:(1,1,1),104:(1,1,1),105:(1,1,1),106:(1,1,1),107:(1,1,1)]
2026-09-12 16:18:52.507 NATIVE STAIN FIELD DIAG generation=321 outcome=baseline node=859c61a0 control=85b83d00
2026-09-12 16:18:52.507 memory snapshot label="native-stain-animation-node-baseline" address=859C61A0 words=7285a8d4,380945e0,7285a908,72894190,53482640,799aa3c0,01fff0ad,00000000,00000000,00000000,5a0e1bca,00000000,670d2e80,72894230,00000000,0005e582,3f800000,3f800000,3f800000,3f800000,00000000,00000000,00000000,00000000
2026-09-12 16:18:52.507 memory snapshot label="native-stain-animation-control-baseline" address=85B83D00 words=72859ad4,74696445,72859adc,72894190,3f800000,00000000,72894170,6f747475,3f80006e,bf7650c6,9b295d0e,8d003d8c,bf766c4c,bd2f78ff,be1187e8,85b83d30,00000000,00000000,07df68d8,00000000,00000002,728b00c4,00000001,00000001
2026-09-12 16:18:52.507 liquid deep link event="native-stain-animation-node" object=859c61a0 offset=0x014 pointer=799aa3c0 target_name="NcBlouse4_group"
2026-09-12 16:18:52.508 liquid deep string event="native-stain-animation-node" object=859c61a0 offset=0x03c pointer=0005e582 text="a"
2026-09-12 16:18:52.508 liquid deep links event="native-stain-animation-control" object=85b83d00 named_or_string_links=0 scan_bytes=96
2026-09-12 16:18:52.519 testicular retraction live write person=2 control=4aa2ebe0 input=0.031 baseline=0.000 contribution=0.031 output=0.031
2026-09-12 16:18:52.614 NATIVE STAIN ANIMATION DIAG generation=321 emission=4 particle=2269 sample_ms=484 update=32b904e0 descriptor=5844bca0 descriptor_checksum=ed886956 group_index=0 group=57e00840 group_checksum=e0736dff counts=(nodes:108,controls:99,weights:108,vectors:108) nodes=[102:859C6040:8c5cd55a:"",103:859C63E0:1aa86cfc:"",104:859C5B40:e14de3d7:"",105:859C5900:c786e7a3:"",106:859C6320:59ef7043:"",107:859C61A0:ff45e940:""] controls=[93:58E3BCA0:b366e208:"",94:85BA6020:f5b6e8c0:"",95:85BA5E40:3365b5b6:"",96:85B9F840:767e9500:"",97:85B9F9C0:9aaae5ab:"",98:85B9F8E0:9646470c:""] weights=[98:1,99:1,100:1,101:1,102:1,103:1,104:1,105:1,106:1,107:1] vectors=[102:(1,1,1),103:(1,1,1),104:(1,1,1),105:(1,1,1),106:(1,1,1),107:(1,1,1)]
2026-09-12 16:18:52.614 NATIVE STAIN FIELD DIAG generation=321 node=859C61A0 control=85B83D00 changes=N+0x3c:0005e582>0005e58c(5.415094e-040>5.415234e-040) totals=(node:1,control:0)
2026-09-12 16:18:52.726 NATIVE STAIN ANIMATION DIAG generation=321 emission=4 particle=2269 sample_ms=593 update=32b904e0 descriptor=5844bca0 descriptor_checksum=ed886956 group_index=0 group=57e00840 group_checksum=e0736dff counts=(nodes:108,controls:99,weights:108,vectors:108) nodes=[102:859C6040:0ce932e7:"",103:859C63E0:74ba82b1:"",104:859C5B40:44348caa:"",105:859C5900:8c70b0fb:"",106:859C6320:156f929b:"",107:859C61A0:66d597f8:""] controls=[93:58E3BCA0:b366e208:"",94:85BA6020:f5b6e8c0:"",95:85BA5E40:3365b5b6:"",96:85B9F840:767e9500:"",97:85B9F9C0:9aaae5ab:"",98:85B9F8E0:9646470c:""] weights=[98:1,99:1,100:1,101:1,102:1,103:1,104:1,105:1,106:1,107:1] vectors=[102:(1,1,1),103:(1,1,1),104:(1,1,1),105:(1,1,1),106:(1,1,1),107:(1,1,1)]
2026-09-12 16:18:52.726 NATIVE STAIN FIELD DIAG generation=321 node=859C61A0 control=85B83D00 changes=N+0x3c:0005e58c>0005e594(5.415234e-040>5.415346e-040) totals=(node:1,control:0)
2026-09-12 16:18:52.775 testicular retraction live write person=2 control=4aa2ebe0 input=0.000 baseline=0.000 contribution=-0.005 output=0.000
2026-09-12 16:18:52.832 NATIVE STAIN ANIMATION DIAG generation=321 emission=4 particle=2269 sample_ms=703 update=32b904e0 descriptor=5844bca0 descriptor_checksum=ed886956 group_index=0 group=57e00840 group_checksum=e0736dff counts=(nodes:108,controls:99,weights:108,vectors:108) nodes=[102:859C6040:cdbe89dc:"",103:859C63E0:1edded7a:"",104:859C5B40:2aca0fa1:"",105:859C5900:8c70b0fb:"",106:859C6320:156f929b:"",107:859C61A0:66d597f8:""] controls=[93:58E3BCA0:b366e208:"",94:85BA6020:f5b6e8c0:"",95:85BA5E40:3365b5b6:"",96:85B9F840:767e9500:"",97:85B9F9C0:9aaae5ab:"",98:85B9F8E0:9646470c:""] weights=[98:1,99:1,100:1,101:1,102:1,103:1,104:1,105:1,106:1,107:1] vectors=[102:(1,1,1),103:(1,1,1),104:(1,1,1),105:(1,1,1),106:(1,1,1),107:(1,1,1)]
2026-09-12 16:18:52.883 liquid native update performance version=0.8.12-decal-freeze-performance samples=80 native_and_pick_ms=0.300 freeze_cleanup_ms=0.010 diagnostics_and_retraction_ms=0.218 peak_total_ms=4.774 tracked=99 freeze_hook=1
2026-09-12 16:18:52.942 NATIVE STAIN ANIMATION DIAG generation=321 emission=4 particle=2269 sample_ms=812 update=32b904e0 descriptor=5844bca0 descriptor_checksum=ed886956 group_index=0 group=57e00840 group_checksum=e0736dff counts=(nodes:108,controls:99,weights:108,vectors:108) nodes=[102:859C6040:98693073:"",103:859C63E0:3e0dfa2d:"",104:859C5B40:f4afb756:"",105:859C5900:8c70b0fb:"",106:859C6320:156f929b:"",107:859C61A0:66d597f8:""] controls=[93:58E3BCA0:b366e208:"",94:85BA6020:f5b6e8c0:"",95:85BA5E40:3365b5b6:"",96:85B9F840:767e9500:"",97:85B9F9C0:9aaae5ab:"",98:85B9F8E0:9646470c:""] weights=[98:1,99:1,100:1,101:1,102:1,103:1,104:1,105:1,106:1,107:1] vectors=[102:(1,1,1),103:(1,1,1),104:(1,1,1),105:(1,1,1),106:(1,1,1),107:(1,1,1)]
2026-09-12 16:18:53.070 NATIVE STAIN ANIMATION DIAG generation=321 emission=4 particle=2269 sample_ms=937 update=32b904e0 descriptor=5844bca0 descriptor_checksum=ed886956 group_index=0 group=57e00840 group_checksum=e0736dff counts=(nodes:108,controls:99,weights:108,vectors:108) nodes=[102:859C6040:73ac4b55:"",103:859C63E0:073f661b:"",104:859C5B40:519c0730:"",105:859C5900:8c70b0fb:"",106:859C6320:156f929b:"",107:859C61A0:66d597f8:""] controls=[93:58E3BCA0:b366e208:"",94:85BA6020:f5b6e8c0:"",95:85BA5E40:3365b5b6:"",96:85B9F840:767e9500:"",97:85B9F9C0:9aaae5ab:"",98:85B9F8E0:9646470c:""] weights=[98:1,99:1,100:1,101:1,102:1,103:1,104:1,105:1,106:1,107:1] vectors=[102:(1,1,1),103:(1,1,1),104:(1,1,1),105:(1,1,1),106:(1,1,1),107:(1,1,1)]
2026-09-12 16:18:53.189 NATIVE STAIN ANIMATION DIAG generation=321 emission=4 particle=2269 sample_ms=1046 update=32b904e0 descriptor=5844bca0 descriptor_checksum=ed886956 group_index=0 group=57e00840 group_checksum=e0736dff counts=(nodes:108,controls:99,weights:108,vectors:108) nodes=[102:859C6040:5533b996:"",103:859C63E0:4a7db6d8:"",104:859C5B40:b5aebab3:"",105:859C5900:8c70b0fb:"",106:859C6320:156f929b:"",107:859C61A0:66d597f8:""] controls=[93:58E3BCA0:b366e208:"",94:85BA6020:f5b6e8c0:"",95:85BA5E40:3365b5b6:"",96:85B9F840:767e9500:"",97:85B9F9C0:9aaae5ab:"",98:85B9F8E0:9646470c:""] weights=[98:1,99:1,100:1,101:1,102:1,103:1,104:1,105:1,106:1,107:1] vectors=[102:(1,1,1),103:(1,1,1),104:(1,1,1),105:(1,1,1),106:(1,1,1),107:(1,1,1)]
2026-09-12 16:18:53.300 NATIVE STAIN ANIMATION DIAG generation=321 emission=4 particle=2269 sample_ms=1156 update=32b904e0 descriptor=5844bca0 descriptor_checksum=ed886956 group_index=0 group=57e00840 group_checksum=e0736dff counts=(nodes:108,controls:99,weights:108,vectors:108) nodes=[102:859C6040:ca73e89a:"",103:859C63E0:281a603c:"",104:859C5B40:7eee0817:"",105:859C5900:8c70b0fb:"",106:859C6320:156f929b:"",107:859C61A0:66d597f8:""] controls=[93:58E3BCA0:b366e208:"",94:85BA6020:f5b6e8c0:"",95:85BA5E40:3365b5b6:"",96:85B9F840:767e9500:"",97:85B9F9C0:9aaae5ab:"",98:85B9F8E0:9646470c:""] weights=[98:1,99:1,100:1,101:1,102:1,103:1,104:1,105:1,106:1,107:1] vectors=[102:(1,1,1),103:(1,1,1),104:(1,1,1),105:(1,1,1),106:(1,1,1),107:(1,1,1)]
2026-09-12 16:18:53.408 NATIVE STAIN ANIMATION DIAG generation=321 emission=4 particle=2269 sample_ms=1265 update=32b904e0 descriptor=5844bca0 descriptor_checksum=ed886956 group_index=0 group=57e00840 group_checksum=e0736dff counts=(nodes:108,controls:99,weights:108,vectors:108) nodes=[102:859C6040:4a2f4083:"",103:859C63E0:000defdd:"",104:859C5B40:fa7ee2e6:"",105:859C5900:8c70b0fb:"",106:859C6320:156f929b:"",107:859C61A0:66d597f8:""] controls=[93:58E3BCA0:b366e208:"",94:85BA6020:f5b6e8c0:"",95:85BA5E40:3365b5b6:"",96:85B9F840:767e9500:"",97:85B9F9C0:9aaae5ab:"",98:85B9F8E0:9646470c:""] weights=[98:1,99:1,100:1,101:1,102:1,103:1,104:1,105:1,106:1,107:1] vectors=[102:(1,1,1),103:(1,1,1),104:(1,1,1),105:(1,1,1),106:(1,1,1),107:(1,1,1)]
2026-09-12 16:18:53.517 NATIVE STAIN ANIMATION DIAG generation=321 emission=4 particle=2269 sample_ms=1375 update=32b904e0 descriptor=5844bca0 descriptor_checksum=ed886956 group_index=0 group=57e00840 group_checksum=e0736dff counts=(nodes:108,controls:99,weights:108,vectors:108) nodes=[102:859C6040:e628bcd4:"",103:859C63E0:d789f8d2:"",104:859C5B40:fcfb0f89:"",105:859C5900:8c70b0fb:"",106:859C6320:156f929b:"",107:859C61A0:66d597f8:""] controls=[93:58E3BCA0:b366e208:"",94:85BA6020:f5b6e8c0:"",95:85BA5E40:3365b5b6:"",96:85B9F840:767e9500:"",97:85B9F9C0:9aaae5ab:"",98:85B9F8E0:9646470c:""] weights=[98:1,99:1,100:1,101:1,102:1,103:1,104:1,105:1,106:1,107:1] vectors=[102:(1,1,1),103:(1,1,1),104:(1,1,1),105:(1,1,1),106:(1,1,1),107:(1,1,1)]
2026-09-12 16:18:53.614 NATIVE STAIN ANIMATION DIAG generation=321 emission=4 particle=2269 sample_ms=1484 update=32b904e0 descriptor=5844bca0 descriptor_checksum=ed886956 group_index=0 group=57e00840 group_checksum=e0736dff counts=(nodes:108,controls:99,weights:108,vectors:108) nodes=[102:859C6040:b635a0eb:"",103:859C63E0:03f9ab85:"",104:859C5B40:e4e5a9fe:"",105:859C5900:8c70b0fb:"",106:859C6320:156f929b:"",107:859C61A0:66d597f8:""] controls=[93:58E3BCA0:b366e208:"",94:85BA6020:f5b6e8c0:"",95:85BA5E40:3365b5b6:"",96:85B9F840:767e9500:"",97:85B9F9C0:9aaae5ab:"",98:85B9F8E0:9646470c:""] weights=[98:1,99:1,100:1,101:1,102:1,103:1,104:1,105:1,106:1,107:1] vectors=[102:(1,1,1),103:(1,1,1),104:(1,1,1),105:(1,1,1),106:(1,1,1),107:(1,1,1)]
2026-09-12 16:18:53.736 NATIVE STAIN ANIMATION DIAG generation=321 emission=4 particle=2269 sample_ms=1593 update=32b904e0 descriptor=5844bca0 descriptor_checksum=ed886956 group_index=0 group=57e00840 group_checksum=67ede9d3 counts=(nodes:0,controls:0,weights:0,vectors:0) nodes=[] controls=[] weights=[] vectors=[]
2026-09-12 16:18:53.844 NATIVE STAIN ANIMATION DIAG generation=321 emission=4 particle=2269 sample_ms=1703 update=32b904e0 descriptor=5844bca0 descriptor_checksum=ed886956 group_index=0 group=57e00840 group_checksum=67ede9d3 counts=(nodes:0,controls:0,weights:0,vectors:0) nodes=[] controls=[] weights=[] vectors=[]
2026-09-12 16:18:53.881 liquid native update performance version=0.8.12-decal-freeze-performance samples=107 native_and_pick_ms=0.040 freeze_cleanup_ms=0.000 diagnostics_and_retraction_ms=0.087 peak_total_ms=1.314 tracked=0 freeze_hook=1
2026-09-12 16:18:53.950 NATIVE STAIN ANIMATION DIAG generation=321 emission=4 particle=2269 sample_ms=1812 update=32b904e0 descriptor=5844bca0 descriptor_checksum=ed886956 group_index=0 group=57e00840 group_checksum=67ede9d3 counts=(nodes:0,controls:0,weights:0,vectors:0) nodes=[] controls=[] weights=[] vectors=[]
2026-09-12 16:18:54.072 liquid prototype emitter started source=model person=2 start=179403312 duration=10.000 end=179413312
2026-09-12 16:18:54.072 NATIVE STAIN ANIMATION DIAG generation=321 emission=4 particle=2269 sample_ms=1937 update=32b904e0 descriptor=5844bca0 descriptor_checksum=74b2c1d2 group_index=0 group=57e00840 group_checksum=67ede9d3 counts=(nodes:0,controls:0,weights:0,vectors:0) nodes=[] controls=[] weights=[] vectors=[]
2026-09-12 16:18:54.079 liquid world emitter sample person=2 emission=5 position=(-1.21978,0.85721,-1.79575) direction=(-0.08750,0.98607,0.14147) source=rebuilt-joint-local-hierarchy
2026-09-12 16:18:54.101 ejaculation audio started person=2 emission=5 pulse=1 volume=0.000 path="C:\Users\ErolB\Desktop\Games\TK17\The Klub 17\Extensions\Liquids\Sounds\Ejaculation\Default\cum07.mp3"
2026-09-12 16:18:54.101 testicular retraction pulse person=2 emission=5 pulse=1 baseline=0.000 start=0.000 target=0.250
2026-09-12 16:18:54.111 testicular retraction live write person=2 control=4aa2ebe0 input=0.000 baseline=0.000 contribution=0.000 output=0.000
2026-09-12 16:18:54.111 testicular retraction applied person=2 emission=5 pulse=1 baseline=0.000 contribution=0.000 output=0.000
2026-09-12 16:18:54.178 liquid native stain descriptor captured emission=5 frame=001af5c4 descriptor=5844bca0 rate=4 size=0.025 field28=0 field2c=1.019374e-38 field30=0 scale=(1,1,1)
2026-09-12 16:18:54.178 memory snapshot label="native-stain-descriptor" address=5844BCA0 words=458b6080,590ce3a0,3e800000,3c23d70a,00000004,006c006b,b6deac89,000001a1,40800000,3ccccccd,00000000,006f0000,00000000,3f800000,3f800000,3f800000
2026-09-12 16:18:54.180 NATIVE STAIN ANIMATION DIAG generation=321 emission=4 particle=2269 sample_ms=2046 update=32b904e0 descriptor=5844bca0 descriptor_checksum=eed815de group_index=0 group=57e00840 group_checksum=67ede9d3 counts=(nodes:0,controls:0,weights:0,vectors:0) nodes=[] controls=[] weights=[] vectors=[]
2026-09-12 16:18:54.290 NATIVE STAIN ANIMATION DIAG generation=321 emission=4 particle=2269 sample_ms=2156 update=32b904e0 descriptor=5844bca0 descriptor_checksum=114e2b3b group_index=0 group=57e00840 group_checksum=67ede9d3 counts=(nodes:0,controls:0,weights:0,vectors:0) nodes=[] controls=[] weights=[] vectors=[]
2026-09-12 16:18:54.321 liquid world emitter sample person=2 emission=5 position=(-1.23691,0.85301,-1.80521) direction=(-0.34422,0.93600,0.07365) source=rebuilt-joint-local-hierarchy
2026-09-12 16:18:54.351 testicular retraction live write person=2 control=4aa2ebe0 input=0.268 baseline=0.000 contribution=0.265 output=0.265
2026-09-12 16:18:54.403 NATIVE STAIN ANIMATION DIAG generation=321 emission=4 particle=2269 sample_ms=2265 update=32b904e0 descriptor=5844bca0 descriptor_checksum=114e2b3b group_index=0 group=57e00840 group_checksum=67ede9d3 counts=(nodes:0,controls:0,weights:0,vectors:0) nodes=[] controls=[] weights=[] vectors=[]
2026-09-12 16:18:54.505 NATIVE STAIN ANIMATION DIAG generation=321 emission=4 particle=2269 sample_ms=2375 update=32b904e0 descriptor=5844bca0 descriptor_checksum=114e2b3b group_index=0 group=57e00840 group_checksum=67ede9d3 counts=(nodes:0,controls:0,weights:0,vectors:0) nodes=[] controls=[] weights=[] vectors=[]
2026-09-12 16:18:54.513 ejaculation audio finished person=2 emission=5 pulse=1 path="C:\Users\ErolB\Desktop\Games\TK17\The Klub 17\Extensions\Liquids\Sounds\Ejaculation\Default\cum07.mp3"
2026-09-12 16:18:54.574 liquid world emitter sample person=2 emission=5 position=(-1.21929,0.85718,-1.79592) direction=(-0.08461,0.98626,0.14186) source=rebuilt-joint-local-hierarchy
2026-09-12 16:18:54.603 liquid native stain contact consumed source=confirmed particle=2279 emission=5 retry=0 result=0 count=1 native_hit=1 body_confirmed=0 retried=0 outcome=native-hit-attachment-unconfirmed
2026-09-12 16:18:54.604 testicular retraction live write person=2 control=4aa2ebe0 input=0.242 baseline=0.000 contribution=0.243 output=0.243
2026-09-12 16:18:54.615 liquid native stain contact consumed source=confirmed particle=2282 emission=5 retry=0 result=0 count=1 native_hit=1 body_confirmed=0 retried=0 outcome=native-hit-attachment-unconfirmed
2026-09-12 16:18:54.616 NATIVE STAIN ANIMATION DIAG generation=323 emission=5 particle=2282 sample_ms=0 update=32b904e0 descriptor=5844bca0 descriptor_checksum=f0e82905 group_index=0 group=57e00840 group_checksum=e59d0bd9 counts=(nodes:2,controls:2,weights:2,vectors:2) nodes=[0:31EB2660:a19537d6:"",1:31EB2880:785e2228:""] controls=[0:85BA63E0:acb53cda:"",1:85BA5E40:af8fa0f7:""] weights=[0:1,1:1] vectors=[0:(1,1,1),1:(1,1,1)]
2026-09-12 16:18:54.640 liquid native stain contact consumed source=confirmed particle=2289 emission=5 retry=0 result=0 count=1 native_hit=1 body_confirmed=0 retried=0 outcome=native-hit-attachment-unconfirmed
2026-09-12 16:18:54.692 liquid native stain contact consumed source=confirmed particle=2292 emission=5 retry=0 result=0 count=1 native_hit=1 body_confirmed=0 retried=0 outcome=native-hit-attachment-unconfirmed
2026-09-12 16:18:54.720 liquid native stain contact consumed source=confirmed particle=2299 emission=5 retry=0 result=0 count=1 native_hit=1 body_confirmed=0 retried=0 outcome=native-hit-attachment-unconfirmed
2026-09-12 16:18:54.722 NATIVE STAIN ANIMATION DIAG generation=326 emission=5 particle=2299 sample_ms=15 update=32b904e0 descriptor=5844bca0 descriptor_checksum=b8c564cd group_index=0 group=57e00840 group_checksum=667efe78 counts=(nodes:5,controls:5,weights:5,vectors:5) nodes=[0:31EB2660:1f246f8e:"",1:31EB2880:d6e8e818:"",2:31EB2940:3d65ff1d:"",3:7BD05640:67fb9f93:"",4:7BD05920:c8f1bbb1:""] controls=[0:85BA63E0:e38fec5c:"",1:85BA5E40:af8fa0f7:"",2:85BA5F80:d9a70797:"",3:58E3BB20:2078b259:"",4:58E3BAC0:a1caa6e9:""] weights=[0:1,1:1,2:1,3:1,4:1] vectors=[0:(1,1,1),1:(1,1,1),2:(1,1,1),3:(1,1,1),4:(1,1,1)]
2026-09-12 16:18:54.747 liquid native stain contact consumed source=confirmed particle=2312 emission=5 retry=0 result=0 count=1 native_hit=1 body_confirmed=0 retried=0 outcome=native-hit-attachment-unconfirmed
2026-09-12 16:18:54.782 liquid native stain contact consumed source=confirmed particle=2327 emission=5 retry=0 result=8 count=1 native_hit=1 body_confirmed=0 retried=0 outcome=native-hit-attachment-unconfirmed
2026-09-12 16:18:54.806 liquid native stain contact consumed source=confirmed particle=2337 emission=5 retry=0 result=0 count=1 native_hit=1 body_confirmed=0 retried=0 outcome=native-hit-attachment-unconfirmed
2026-09-12 16:18:54.821 liquid world emitter sample person=2 emission=5 position=(-1.23645,0.85311,-1.80544) direction=(-0.34252,0.93673,0.07225) source=rebuilt-joint-local-hierarchy
2026-09-12 16:18:54.838 liquid native stain contact consumed source=confirmed particle=2346 emission=5 retry=0 result=0 count=1 native_hit=1 body_confirmed=0 retried=0 outcome=native-hit-attachment-unconfirmed
2026-09-12 16:18:54.839 NATIVE STAIN ANIMATION DIAG generation=330 emission=5 particle=2346 sample_ms=0 update=32b904e0 descriptor=5844bca0 descriptor_checksum=53a6f6ab group_index=0 group=57e00840 group_checksum=77c7b434 counts=(nodes:9,controls:9,weights:9,vectors:9) nodes=[3:7BD05640:ca0abdf8:"",4:7BD05920:a7fe3096:"",5:7BD052A0:8a90be6a:"",6:7BD05C00:f8657718:"",7:7BD05400:e75ec8e8:"",8:7BD04FC0:7c870706:""] controls=[3:58E3BB20:2078b259:"",4:58E3BAC0:a1caa6e9:"",5:54DFF320:443e1925:"",6:54DFF460:c4c04303:"",7:54DFF7E0:65e4fe32:"",8:85952860:2d74f3ec:""] weights=[0:1,1:1,2:1,3:1,4:1,5:1,6:1,7:1,8:1] vectors=[3:(1,1,1),4:(1,1,1),5:(1,1,1),6:(1,1,1),7:(1,1,1),8:(1,1,1)]
2026-09-12 16:18:54.848 testicular retraction live write person=2 control=4aa2ebe0 input=0.250 baseline=0.000 contribution=0.250 output=0.250
2026-09-12 16:18:54.877 liquid native stain transform particle=2345 frame=001af5c4 descriptor=5844bca0 descriptor_scale=(1.00000,1.00000,1.00000) custom_hit_view=(-0.18050,0.12063,-1.56422) custom_ray_view=(-0.17166,0.18564,-1.51613)->(-0.10858,-0.79917,-0.59122)
2026-09-12 16:18:54.878 liquid native stain contact consumed source=confirmed particle=2345 emission=5 retry=0 result=0 count=1 native_hit=1 body_confirmed=1 retried=0 outcome=native-model-hit-impact-ray
2026-09-12 16:18:54.890 liquid native update performance version=0.8.12-decal-freeze-performance samples=95 native_and_pick_ms=0.382 freeze_cleanup_ms=0.032 diagnostics_and_retraction_ms=0.100 peak_total_ms=4.612 tracked=10 freeze_hook=1
2026-09-12 16:18:54.901 liquid native stain contact consumed source=confirmed particle=2350 emission=5 retry=0 result=0 count=1 native_hit=1 body_confirmed=0 retried=0 outcome=native-hit-attachment-unconfirmed
2026-09-12 16:18:54.930 liquid native stain transform particle=2358 frame=001af5c4 descriptor=5844bca0 descriptor_scale=(1.00000,1.00000,1.00000) custom_hit_view=(-0.05487,-0.05655,-1.48396) custom_ray_view=(-0.05339,0.01407,-1.44346)->(-0.01807,-0.86729,-0.49748)
2026-09-12 16:18:54.930 liquid native stain contact consumed source=confirmed particle=2358 emission=5 retry=0 result=0 count=1 native_hit=1 body_confirmed=1 retried=0 outcome=native-model-hit-impact-ray
2026-09-12 16:18:54.950 NATIVE STAIN ANIMATION DIAG generation=333 emission=5 particle=2358 sample_ms=16 update=32b904e0 descriptor=5844bca0 descriptor_checksum=239ebed7 group_index=0 group=57e00840 group_checksum=77c7b434 counts=(nodes:12,controls:12,weights:12,vectors:12) nodes=[6:7BD05C00:054dfac2:"",7:7BD05400:b42050f2:"",8:7BD04FC0:a5ebf8e7:"",9:7BD05580:92f2e17f:"",10:7C3CC4A0:757be0b8:"",11:7C3CC280:d131b04e:""] controls=[6:54DFF460:c4c04303:"",7:54DFF7E0:65e4fe32:"",8:85952860:2d74f3ec:"",9:85950D20:9e0c73db:"",10:8595D460:f186b266:"",11:8595D500:96cedf53:""] weights=[2:1,3:1,4:1,5:1,6:1,7:1,8:1,9:1,10:1,11:1] vectors=[6:(1,1,1),7:(1,1,1),8:(1,1,1),9:(1,1,1),10:(1,1,1),11:(1,1,1)]
2026-09-12 16:18:54.982 liquid native stain contact consumed source=confirmed particle=2370 emission=5 retry=0 result=0 count=1 native_hit=1 body_confirmed=0 retried=0 outcome=native-hit-attachment-unconfirmed
2026-09-12 16:18:55.003 liquid native stain contact consumed source=confirmed particle=2383 emission=5 retry=0 result=0 count=1 native_hit=1 body_confirmed=0 retried=0 outcome=native-hit-attachment-unconfirmed
2026-09-12 16:18:55.025 liquid native stain contact consumed source=confirmed particle=2385 emission=5 retry=0 result=0 count=1 native_hit=1 body_confirmed=0 retried=0 outcome=native-hit-attachment-unconfirmed
2026-09-12 16:18:55.073 NATIVE STAIN ANIMATION DIAG generation=336 emission=5 particle=2385 sample_ms=47 update=32b904e0 descriptor=5844bca0 descriptor_checksum=5d41b3ac group_index=0 group=57e00840 group_checksum=611524f5 counts=(nodes:18,controls:15,weights:18,vectors:18) nodes=[12:7C3CCD40:f4a3781d:"",13:7C3CCB20:6007860a:"",14:7C3CBEE0:38e71f98:"",15:7C3CC9C0:65190b02:"",16:7C3CC1C0:f7c2cf14:"",17:7C3CBFA0:a8afcda4:""] controls=[9:85950D20:9e0c73db:"",10:8595D460:70cd8cc5:"",11:8595D500:96cedf53:"",12:8595D0E0:c21de95b:"",13:85966FC0:99aaed8c:"",14:85966D40:1f858e22:""] weights=[8:1,9:1,10:1,11:1,12:1,13:1,14:1,15:1,16:1,17:1] vectors=[12:(1,1,1),13:(1,1,1),14:(1,1,1),15:(1,1,1),16:(1,1,1),17:(1,1,1)]
2026-09-12 16:18:55.081 liquid world emitter sample person=2 emission=5 position=(-1.21989,0.85722,-1.79571) direction=(-0.08820,0.98604,0.14127) source=rebuilt-joint-local-hierarchy
2026-09-12 16:18:55.102 testicular retraction live write person=2 control=4aa2ebe0 input=0.250 baseline=0.000 contribution=0.250 output=0.250
2026-09-12 16:18:55.180 NATIVE STAIN ANIMATION DIAG generation=336 emission=5 particle=2385 sample_ms=156 update=32b904e0 descriptor=5844bca0 descriptor_checksum=5d41b3ac group_index=0 group=57e00840 group_checksum=611524f5 counts=(nodes:18,controls:15,weights:18,vectors:18) nodes=[12:7C3CCD40:a4f2faa4:"",13:7C3CCB20:c665157b:"",14:7C3CBEE0:22e62c89:"",15:7C3CC9C0:e5f8ef43:"",16:7C3CC1C0:ae9600ed:"",17:7C3CBFA0:f8604b1d:""] controls=[9:85950D20:9e0c73db:"",10:8595D460:70cd8cc5:"",11:8595D500:96cedf53:"",12:8595D0E0:c21de95b:"",13:85966FC0:99aaed8c:"",14:85966D40:1f858e22:""] weights=[8:1,9:1,10:1,11:1,12:1,13:1,14:1,15:1,16:1,17:1] vectors=[12:(1,1,1),13:(1,1,1),14:(1,1,1),15:(1,1,1),16:(1,1,1),17:(1,1,1)]
2026-09-12 16:18:55.292 NATIVE STAIN ANIMATION DIAG generation=336 emission=5 particle=2385 sample_ms=266 update=32b904e0 descriptor=5844bca0 descriptor_checksum=5d41b3ac group_index=0 group=57e00840 group_checksum=611524f5 counts=(nodes:18,controls:15,weights:18,vectors:18) nodes=[12:7C3CCD40:1ab7f480:"",13:7C3CCB20:5d95e6a7:"",14:7C3CBEE0:d565bf05:"",15:7C3CC9C0:91af46cf:"",16:7C3CC1C0:7add4151:"",17:7C3CBFA0:b0090ca1:""] controls=[9:85950D20:9e0c73db:"",10:8595D460:70cd8cc5:"",11:8595D500:96cedf53:"",12:8595D0E0:c21de95b:"",13:85966FC0:99aaed8c:"",14:85966D40:1f858e22:""] weights=[8:1,9:1,10:1,11:1,12:1,13:1,14:1,15:1,16:1,17:1] vectors=[12:(1,1,1),13:(1,1,1),14:(1,1,1),15:(1,1,1),16:(1,1,1),17:(1,1,1)]
2026-09-12 16:18:55.322 liquid world emitter sample person=2 emission=5 position=(-1.23666,0.85306,-1.80534) direction=(-0.34329,0.93640,0.07288) source=rebuilt-joint-local-hierarchy
2026-09-12 16:18:55.351 testicular retraction live write person=2 control=4aa2ebe0 input=0.050 baseline=0.000 contribution=0.043 output=0.043
2026-09-12 16:18:55.401 NATIVE STAIN ANIMATION DIAG generation=336 emission=5 particle=2385 sample_ms=375 update=32b904e0 descriptor=5844bca0 descriptor_checksum=5d41b3ac group_index=0 group=57e00840 group_checksum=611524f5 counts=(nodes:18,controls:15,weights:18,vectors:18) nodes=[12:7C3CCD40:3d0640ec:"",13:7C3CCB20:768bc803:"",14:7C3CBEE0:7aab9051:"",15:7C3CC9C0:f27a38bb:"",16:7C3CC1C0:d5977005:"",17:7C3CBFA0:aa048e55:""] controls=[9:85950D20:9e0c73db:"",10:8595D460:70cd8cc5:"",11:8595D500:96cedf53:"",12:8595D0E0:c21de95b:"",13:85966FC0:99aaed8c:"",14:85966D40:1f858e22:""] weights=[8:1,9:1,10:1,11:1,12:1,13:1,14:1,15:1,16:1,17:1] vectors=[12:(1,1,1),13:(1,1,1),14:(1,1,1),15:(1,1,1),16:(1,1,1),17:(1,1,1)]
2026-09-12 16:18:55.402 NATIVE STAIN FIELD DIAG generation=336 outcome=baseline node=7c3cbfa0 control=859bece0
2026-09-12 16:18:55.402 memory snapshot label="native-stain-animation-node-baseline" address=7C3CBFA0 words=7285a8d4,380945e0,7285a908,72894190,5346f2a0,4c0323e0,01fff0ad,00000000,00000000,00000000,5a0e1bca,00000000,670d30c0,72894230,00000000,0005e69e,3f800000,3f800000,3f800000,3f800000,00000000,00000000,00000000,00000000
2026-09-12 16:18:55.402 memory snapshot label="native-stain-animation-control-baseline" address=859BECE0 words=72859ad4,35577640,72859adc,72894190,3f800000,00000000,72894170,35576fa0,3fc031b3,84dcf3d8,9b47270a,8d003a00,00000000,00000000,00000000,859bed10,00000000,00000000,07df70e0,00000000,00000002,728b00e4,00000001,00000001
2026-09-12 16:18:55.403 liquid deep string event="native-stain-animation-node" object=7c3cbfa0 offset=0x03c pointer=0005e69e text="l"
2026-09-12 16:18:55.403 liquid deep links event="native-stain-animation-control" object=859bece0 named_or_string_links=0 scan_bytes=96
2026-09-12 16:18:55.504 NATIVE STAIN ANIMATION DIAG generation=336 emission=5 particle=2385 sample_ms=485 update=32b904e0 descriptor=5844bca0 descriptor_checksum=5d41b3ac group_index=0 group=57e00840 group_checksum=611524f5 counts=(nodes:18,controls:15,weights:18,vectors:18) nodes=[12:7C3CCD40:ef04b8fa:"",13:7C3CCB20:88d9f9cd:"",14:7C3CBEE0:6dfec36f:"",15:7C3CC9C0:95fc7225:"",16:7C3CC1C0:caa9715b:"",17:7C3CBFA0:dd453c4b:""] controls=[9:85950D20:9e0c73db:"",10:8595D460:70cd8cc5:"",11:8595D500:96cedf53:"",12:8595D0E0:c21de95b:"",13:85966FC0:99aaed8c:"",14:85966D40:1f858e22:""] weights=[8:1,9:1,10:1,11:1,12:1,13:1,14:1,15:1,16:1,17:1] vectors=[12:(1,1,1),13:(1,1,1),14:(1,1,1),15:(1,1,1),16:(1,1,1),17:(1,1,1)]
2026-09-12 16:18:55.504 NATIVE STAIN FIELD DIAG generation=336 node=7C3CBFA0 control=859BECE0 changes=N+0x3c:0005e69e>0005e6a8(5.419073e-040>5.419214e-040) totals=(node:1,control:0)
2026-09-12 16:18:55.569 liquid world emitter sample person=2 emission=5 position=(-1.21858,0.85716,-1.79621) direction=(-0.08065,0.98663,0.14160) source=rebuilt-joint-local-hierarchy
2026-09-12 16:18:55.588 ejaculation audio started person=2 emission=5 pulse=2 volume=0.000 path="C:\Users\ErolB\Desktop\Games\TK17\The Klub 17\Extensions\Liquids\Sounds\Ejaculation\Default\cum06.mp3"
2026-09-12 16:18:55.589 testicular retraction pulse person=2 emission=5 pulse=2 baseline=0.000 start=-0.001 target=0.250
2026-09-12 16:18:55.593 testicular retraction applied person=2 emission=5 pulse=2 baseline=0.000 contribution=-0.001 output=0.000
2026-09-12 16:18:55.597 testicular retraction live write person=2 control=4aa2ebe0 input=0.000 baseline=0.000 contribution=-0.001 output=0.000
2026-09-12 16:18:55.622 NATIVE STAIN ANIMATION DIAG generation=336 emission=5 particle=2385 sample_ms=594 update=32b904e0 descriptor=5844bca0 descriptor_checksum=5d41b3ac group_index=0 group=57e00840 group_checksum=611524f5 counts=(nodes:18,controls:15,weights:18,vectors:18) nodes=[12:7C3CCD40:6264afe0:"",13:7C3CCB20:f46f3587:"",14:7C3CBEE0:1fb9cde5:"",15:7C3CC9C0:4e69bbaf:"",16:7C3CC1C0:84ba8331:"",17:7C3CBFA0:a52cb0c1:""] controls=[9:85950D20:9e0c73db:"",10:8595D460:70cd8cc5:"",11:8595D500:96cedf53:"",12:8595D0E0:c21de95b:"",13:85966FC0:99aaed8c:"",14:85966D40:1f858e22:""] weights=[8:1,9:1,10:1,11:1,12:1,13:1,14:1,15:1,16:1,17:1] vectors=[12:(1,1,1),13:(1,1,1),14:(1,1,1),15:(1,1,1),16:(1,1,1),17:(1,1,1)]
2026-09-12 16:18:55.623 NATIVE STAIN FIELD DIAG generation=336 node=7C3CBFA0 control=859BECE0 changes=N+0x3c:0005e6a8>0005e6b2(5.419214e-040>5.419354e-040) totals=(node:1,control:0)
2026-09-12 16:18:55.730 NATIVE STAIN ANIMATION DIAG generation=336 emission=5 particle=2385 sample_ms=703 update=32b904e0 descriptor=5844bca0 descriptor_checksum=5d41b3ac group_index=0 group=57e00840 group_checksum=611524f5 counts=(nodes:18,controls:15,weights:18,vectors:18) nodes=[12:7C3CCD40:a8deb64c:"",13:7C3CCB20:62b173e3:"",14:7C3CBEE0:8488d231:"",15:7C3CC9C0:a179119b:"",16:7C3CC1C0:1feb7ee5:"",17:7C3CBFA0:b10c5675:""] controls=[9:85950D20:9e0c73db:"",10:8595D460:70cd8cc5:"",11:8595D500:96cedf53:"",12:8595D0E0:c21de95b:"",13:85966FC0:99aaed8c:"",14:85966D40:1f858e22:""] weights=[8:1,9:1,10:1,11:1,12:1,13:1,14:1,15:1,16:1,17:1] vectors=[12:(1,1,1),13:(1,1,1),14:(1,1,1),15:(1,1,1),16:(1,1,1),17:(1,1,1)]
2026-09-12 16:18:55.731 NATIVE STAIN FIELD DIAG generation=336 node=7C3CBFA0 control=859BECE0 changes=N+0x3c:0005e6b2>0005e6be(5.419354e-040>5.419522e-040) totals=(node:1,control:0)
2026-09-12 16:18:55.822 liquid world emitter sample person=2 emission=5 position=(-1.23629,0.85314,-1.80552) direction=(-0.34190,0.93699,0.07175) source=rebuilt-joint-local-hierarchy
2026-09-12 16:18:55.837 NATIVE STAIN ANIMATION DIAG generation=336 emission=5 particle=2385 sample_ms=813 update=32b904e0 descriptor=5844bca0 descriptor_checksum=5d41b3ac group_index=0 group=57e00840 group_checksum=611524f5 counts=(nodes:18,controls:15,weights:18,vectors:18) nodes=[12:7C3CCD40:43e73d0f:"",13:7C3CCB20:669afe28:"",14:7C3CBEE0:d197ff1a:"",15:7C3CC9C0:3ebcfdc0:"",16:7C3CC1C0:4e25c516:"",17:7C3CBFA0:5de2a286:""] controls=[9:85950D20:9e0c73db:"",10:8595D460:70cd8cc5:"",11:8595D500:96cedf53:"",12:8595D0E0:c21de95b:"",13:85966FC0:99aaed8c:"",14:85966D40:1f858e22:""] weights=[8:1,9:1,10:1,11:1,12:1,13:1,14:1,15:1,16:1,17:1] vectors=[12:(1,1,1),13:(1,1,1),14:(1,1,1),15:(1,1,1),16:(1,1,1),17:(1,1,1)]
2026-09-12 16:18:55.838 NATIVE STAIN FIELD DIAG generation=336 node=7C3CBFA0 control=859BECE0 changes=N+0x3c:0005e6be>0005e6c9(5.419522e-040>5.419676e-040) totals=(node:1,control:0)
2026-09-12 16:18:55.848 testicular retraction live write person=2 control=4aa2ebe0 input=0.269 baseline=0.000 contribution=0.269 output=0.269
2026-09-12 16:18:55.885 liquid native update performance version=0.8.12-decal-freeze-performance samples=97 native_and_pick_ms=0.177 freeze_cleanup_ms=0.008 diagnostics_and_retraction_ms=0.169 peak_total_ms=3.653 tracked=15 freeze_hook=1
2026-09-12 16:18:55.900 ejaculation audio finished person=2 emission=5 pulse=2 path="C:\Users\ErolB\Desktop\Games\TK17\The Klub 17\Extensions\Liquids\Sounds\Ejaculation\Default\cum06.mp3"
2026-09-12 16:18:55.950 NATIVE STAIN ANIMATION DIAG generation=336 emission=5 particle=2385 sample_ms=922 update=32b904e0 descriptor=5844bca0 descriptor_checksum=5d41b3ac group_index=0 group=57e00840 group_checksum=611524f5 counts=(nodes:18,controls:15,weights:18,vectors:18) nodes=[12:7C3CCD40:3e675b85:"",13:7C3CCB20:d659b832:"",14:7C3CBEE0:f0189400:"",15:7C3CC9C0:337adfda:"",16:7C3CC1C0:51d5756c:"",17:7C3CBFA0:9e508b7c:""] controls=[9:85950D20:9e0c73db:"",10:8595D460:70cd8cc5:"",11:8595D500:96cedf53:"",12:8595D0E0:c21de95b:"",13:85966FC0:99aaed8c:"",14:85966D40:1f858e22:""] weights=[8:1,9:1,10:1,11:1,12:1,13:1,14:1,15:1,16:1,17:1] vectors=[12:(1,1,1),13:(1,1,1),14:(1,1,1),15:(1,1,1),16:(1,1,1),17:(1,1,1)]
2026-09-12 16:18:55.951 NATIVE STAIN FIELD DIAG generation=336 node=7C3CBFA0 control=859BECE0 changes=N+0x3c:0005e6c9>0005e6d3(5.419676e-040>5.419816e-040) totals=(node:1,control:0)
2026-09-12 16:18:56.067 liquid native stain contact consumed source=confirmed particle=2396 emission=5 retry=0 result=0 count=1 native_hit=1 body_confirmed=0 retried=0 outcome=native-hit-attachment-unconfirmed
2026-09-12 16:18:56.069 NATIVE STAIN ANIMATION DIAG generation=337 emission=5 particle=2396 sample_ms=0 update=32b904e0 descriptor=5844bca0 descriptor_checksum=41d3326d group_index=0 group=57e00840 group_checksum=611524f5 counts=(nodes:19,controls:16,weights:19,vectors:19) nodes=[13:7C3CCB20:453bc02a:"",14:7C3CBEE0:53591ab8:"",15:7C3CC9C0:80e72b22:"",16:7C3CC1C0:ac194234:"",17:7C3CBFA0:da777c84:"",18:31EA2000:264c15f6:""] controls=[10:8595D460:70cd8cc5:"",11:8595D500:96cedf53:"",12:8595D0E0:c21de95b:"",13:85966FC0:99aaed8c:"",14:85966D40:1f858e22:"",15:79C5FAC0:686dca52:""] weights=[9:1,10:1,11:1,12:1,13:1,14:1,15:1,16:1,17:1,18:1] vectors=[13:(1,1,1),14:(1,1,1),15:(1,1,1),16:(1,1,1),17:(1,1,1),18:(1,1,1)]
2026-09-12 16:18:56.076 liquid world emitter sample person=2 emission=5 position=(-1.21942,0.85718,-1.79587) direction=(-0.08540,0.98620,0.14181) source=rebuilt-joint-local-hierarchy
2026-09-12 16:18:56.101 liquid native stain contact consumed source=confirmed particle=2398 emission=5 retry=0 result=0 count=1 native_hit=1 body_confirmed=0 retried=0 outcome=native-hit-attachment-unconfirmed
2026-09-12 16:18:56.102 testicular retraction live write person=2 control=4aa2ebe0 input=0.241 baseline=0.000 contribution=0.242 output=0.242
2026-09-12 16:18:56.126 liquid native stain contact consumed source=confirmed particle=2400 emission=5 retry=0 result=0 count=1 native_hit=1 body_confirmed=0 retried=0 outcome=native-hit-attachment-unconfirmed
2026-09-12 16:18:56.172 liquid native stain contact consumed source=confirmed particle=2406 emission=5 retry=0 result=0 count=1 native_hit=1 body_confirmed=0 retried=0 outcome=native-hit-attachment-unconfirmed
2026-09-12 16:18:56.190 NATIVE STAIN ANIMATION DIAG generation=340 emission=5 particle=2406 sample_ms=15 update=32b904e0 descriptor=5844bca0 descriptor_checksum=fc7543e7 group_index=0 group=57e00840 group_checksum=5dc44a78 counts=(nodes:22,controls:19,weights:22,vectors:22) nodes=[16:7C3CC1C0:4f289caf:"",17:7C3CBFA0:b7a4909f:"",18:31EA2000:7d4f4bf9:"",19:31EA22E0:b22b43d5:"",20:31EA20C0:cc4907f6:"",21:31EA2180:f3b21bfc:""] controls=[13:85966FC0:99aaed8c:"",14:85966D40:1f858e22:"",15:79C5FAC0:d19537e3:"",16:799EBEE0:76b9baec:"",17:85A7B720:6a00f2c7:"",18:85A7B5A0:c37fb603:""] weights=[12:1,13:1,14:1,15:1,16:1,17:1,18:1,19:1,20:1,21:1] vectors=[16:(1,1,1),17:(1,1,1),18:(1,1,1),19:(1,1,1),20:(1,1,1),21:(1,1,1)]
2026-09-12 16:18:56.215 liquid native stain contact consumed source=confirmed particle=2412 emission=5 retry=0 result=0 count=1 native_hit=1 body_confirmed=0 retried=0 outcome=native-hit-attachment-unconfirmed
2026-09-12 16:18:56.252 liquid native stain contact consumed source=confirmed particle=2437 emission=5 retry=0 result=0 count=1 native_hit=1 body_confirmed=0 retried=0 outcome=native-hit-attachment-unconfirmed
2026-09-12 16:18:56.284 liquid native stain contact consumed source=confirmed particle=2446 emission=5 retry=0 result=0 count=1 native_hit=1 body_confirmed=0 retried=0 outcome=native-hit-attachment-unconfirmed
2026-09-12 16:18:56.286 NATIVE STAIN ANIMATION DIAG generation=343 emission=5 particle=2446 sample_ms=0 update=32b904e0 descriptor=5844bca0 descriptor_checksum=577138b9 group_index=0 group=57e00840 group_checksum=5dc44a78 counts=(nodes:25,controls:22,weights:25,vectors:25) nodes=[19:31EA22E0:b292564d:"",20:31EA20C0:f6e721ae:"",21:31EA2180:f95ae304:"",22:31EA2240:30a1446c:"",23:31EA23A0:61db6f2c:"",24:31EA2460:9569cce6:""] controls=[16:799EBEE0:76b9baec:"",17:85A7B720:6a00f2c7:"",18:85A7B5A0:c37fb603:"",19:85A7B220:088504ec:"",20:79C5FA20:32816f88:"",21:85976E40:39f1a5f6:""] weights=[15:1,16:1,17:1,18:1,19:1,20:1,21:1,22:1,23:1,24:1] vectors=[19:(1,1,1),20:(1,1,1),21:(1,1,1),22:(1,1,1),23:(1,1,1),24:(1,1,1)]
2026-09-12 16:18:56.314 liquid native stain contact consumed source=confirmed particle=2452 emission=5 retry=0 result=0 count=1 native_hit=1 body_confirmed=0 retried=0 outcome=native-hit-attachment-unconfirmed
2026-09-12 16:18:56.321 liquid world emitter sample person=2 emission=5 position=(-1.23658,0.85308,-1.80537) direction=(-0.34301,0.93652,0.07265) source=rebuilt-joint-local-hierarchy
2026-09-12 16:18:56.339 liquid native stain contact consumed source=confirmed particle=2449 emission=5 retry=0 result=0 count=1 native_hit=1 body_confirmed=0 retried=0 outcome=native-hit-attachment-unconfirmed
2026-09-12 16:18:56.349 testicular retraction live write person=2 control=4aa2ebe0 input=0.250 baseline=0.000 contribution=0.250 output=0.250
2026-09-12 16:18:56.371 liquid native stain contact consumed source=confirmed particle=2457 emission=5 retry=0 result=0 count=1 native_hit=1 body_confirmed=0 retried=0 outcome=native-hit-attachment-unconfirmed
2026-09-12 16:18:56.408 liquid native stain contact consumed source=confirmed particle=2463 emission=5 retry=0 result=0 count=1 native_hit=1 body_confirmed=0 retried=0 outcome=native-hit-attachment-unconfirmed
2026-09-12 16:18:56.410 NATIVE STAIN ANIMATION DIAG generation=347 emission=5 particle=2463 sample_ms=16 update=32b904e0 descriptor=5844bca0 descriptor_checksum=2f0d7b6a group_index=0 group=57e00840 group_checksum=d841e214 counts=(nodes:29,controls:26,weights:29,vectors:29) nodes=[23:31EA23A0:63c504d6:"",24:31EA2460:a2d9356b:"",25:7C47AC20:f33a80f2:"",26:7C47A660:44232636:"",27:7C47AAC0:b7b83a1a:"",28:7C47AA00:eb2932f5:""] controls=[20:79C5FA20:32816f88:"",21:85976E40:18bd9563:"",22:85976E80:6449d3fa:"",23:85976DA0:9e4e0e60:"",24:85AFF300:fc24c3ec:"",25:85AFEF80:7ec8df69:""] weights=[19:1,20:1,21:1,22:1,23:1,24:1,25:1,26:1,27:1,28:1] vectors=[23:(1,1,1),24:(1,1,1),25:(1,1,1),26:(1,1,1),27:(1,1,1),28:(1,1,1)]
2026-09-12 16:18:56.431 liquid native stain contact consumed source=confirmed particle=2465 emission=5 retry=0 result=0 count=1 native_hit=1 body_confirmed=0 retried=0 outcome=native-hit-attachment-unconfirmed
2026-09-12 16:18:56.463 liquid native stain contact consumed source=confirmed particle=2487 emission=5 retry=0 result=0 count=1 native_hit=1 body_confirmed=0 retried=0 outcome=native-hit-attachment-unconfirmed
2026-09-12 16:18:56.527 NATIVE STAIN ANIMATION DIAG generation=349 emission=5 particle=2487 sample_ms=62 update=32b904e0 descriptor=5844bca0 descriptor_checksum=f90da319 group_index=0 group=57e00840 group_checksum=d841e214 counts=(nodes:31,controls:28,weights:31,vectors:31) nodes=[25:7C47AC20:bb7efb22:"",26:7C47A660:c4bd383e:"",27:7C47AAC0:639160aa:"",28:7C47AA00:77ddd1a8:"",29:7C47A440:49c18bec:"",30:7C47AF00:9a25b0df:""] controls=[22:85976E80:6449d3fa:"",23:85976DA0:48f5d1ef:"",24:85AFF300:fc24c3ec:"",25:85AFEF80:b325df63:"",26:85AFF440:980ce8fc:"",27:85976DE0:e55574ef:""] weights=[21:1,22:1,23:1,24:1,25:1,26:1,27:1,28:1,29:1,30:1] vectors=[25:(1,1,1),26:(1,1,1),27:(1,1,1),28:(1,1,1),29:(1,1,1),30:(1,1,1)]
2026-09-12 16:18:56.573 liquid world emitter sample person=2 emission=5 position=(-1.21910,0.85717,-1.79599) direction=(-0.08358,0.98635,0.14187) source=rebuilt-joint-local-hierarchy
2026-09-12 16:18:56.598 testicular retraction live write person=2 control=4aa2ebe0 input=0.250 baseline=0.000 contribution=0.250 output=0.250
2026-09-12 16:18:56.635 NATIVE STAIN ANIMATION DIAG generation=349 emission=5 particle=2487 sample_ms=172 update=32b904e0 descriptor=5844bca0 descriptor_checksum=f90da319 group_index=0 group=57e00840 group_checksum=d841e214 counts=(nodes:31,controls:28,weights:31,vectors:31) nodes=[25:7C47AC20:8fbc39d7:"",26:7C47A660:ca917cab:"",27:7C47AAC0:67707a6f:"",28:7C47AA00:f076c075:"",29:7C47A440:94854f51:"",30:7C47AF00:3d75021a:""] controls=[22:85976E80:6449d3fa:"",23:85976DA0:48f5d1ef:"",24:85AFF300:fc24c3ec:"",25:85AFEF80:b325df63:"",26:85AFF440:980ce8fc:"",27:85976DE0:e55574ef:""] weights=[21:1,22:1,23:1,24:1,25:1,26:1,27:1,28:1,29:1,30:1] vectors=[25:(1,1,1),26:(1,1,1),27:(1,1,1),28:(1,1,1),29:(1,1,1),30:(1,1,1)]
2026-09-12 16:18:56.743 NATIVE STAIN ANIMATION DIAG generation=349 emission=5 particle=2487 sample_ms=281 update=32b904e0 descriptor=5844bca0 descriptor_checksum=f90da319 group_index=0 group=57e00840 group_checksum=d841e214 counts=(nodes:31,controls:28,weights:31,vectors:31) nodes=[25:7C47AC20:d8fe218b:"",26:7C47A660:f33a41f7:"",27:7C47AAC0:c5011c03:"",28:7C47AA00:1969da51:"",29:7C47A440:6b923575:"",30:7C47AF00:b9d11716:""] controls=[22:85976E80:6449d3fa:"",23:85976DA0:48f5d1ef:"",24:85AFF300:fc24c3ec:"",25:85AFEF80:b325df63:"",26:85AFF440:980ce8fc:"",27:85976DE0:e55574ef:""] weights=[21:1,22:1,23:1,24:1,25:1,26:1,27:1,28:1,29:1,30:1] vectors=[25:(1,1,1),26:(1,1,1),27:(1,1,1),28:(1,1,1),29:(1,1,1),30:(1,1,1)]
2026-09-12 16:18:56.819 liquid world emitter sample person=2 emission=5 position=(-1.24094,0.85285,-1.80488) direction=(-0.35654,0.93108,0.07721) source=rebuilt-joint-local-hierarchy
2026-09-12 16:18:56.848 NATIVE STAIN ANIMATION DIAG generation=349 emission=5 particle=2487 sample_ms=390 update=32b904e0 descriptor=5844bca0 descriptor_checksum=f90da319 group_index=0 group=57e00840 group_checksum=d841e214 counts=(nodes:31,controls:28,weights:31,vectors:31) nodes=[25:7C47AC20:79074b7c:"",26:7C47A660:98738178:"",27:7C47AAC0:eb6f3644:"",28:7C47AA00:83a271ee:"",29:7C47A440:b46c0f52:"",30:7C47AF00:6a31fb29:""] controls=[22:85976E80:6449d3fa:"",23:85976DA0:48f5d1ef:"",24:85AFF300:fc24c3ec:"",25:85AFEF80:b325df63:"",26:85AFF440:980ce8fc:"",27:85976DE0:e55574ef:""] weights=[21:1,22:1,23:1,24:1,25:1,26:1,27:1,28:1,29:1,30:1] vectors=[25:(1,1,1),26:(1,1,1),27:(1,1,1),28:(1,1,1),29:(1,1,1),30:(1,1,1)]
2026-09-12 16:18:56.848 NATIVE STAIN FIELD DIAG generation=349 outcome=baseline node=7c47af00 control=7c435700
2026-09-12 16:18:56.849 memory snapshot label="native-stain-animation-node-baseline" address=7C47AF00 words=7285a8d4,7c436500,7285a908,72894190,5346dc40,4c0323e0,01fff0ad,00000000,00000000,00000000,5a0e1bca,00000000,670d2620,72894230,00000000,0005e723,3f800000,3f800000,3f800000,3f800000,00000000,00000000,00000000,00000000
2026-09-12 16:18:56.849 memory snapshot label="native-stain-animation-control-baseline" address=7C435700 words=72859ad4,61705379,72859adc,72894190,3f800000,00000000,72894170,3f007265,3f800000,84dcd5e0,3fc9e2c1,84dce2b8,3fc38640,84dce700,3fc6fad0,84dcf3d8,860a3043,8d001781,ffffffff,ffffffff,ffffffff,ffffffff,ffffffff,7c435748
2026-09-12 16:18:56.849 liquid deep links event="native-stain-animation-node" object=7c47af00 named_or_string_links=0 scan_bytes=96
2026-09-12 16:18:56.850 liquid deep links event="native-stain-animation-control" object=7c435700 named_or_string_links=0 scan_bytes=96
2026-09-12 16:18:56.850 testicular retraction live write person=2 control=4aa2ebe0 input=0.059 baseline=0.000 contribution=0.050 output=0.050
2026-09-12 16:18:56.886 liquid native update performance version=0.8.12-decal-freeze-performance samples=90 native_and_pick_ms=0.443 freeze_cleanup_ms=0.019 diagnostics_and_retraction_ms=0.148 peak_total_ms=3.501 tracked=28 freeze_hook=1
2026-09-12 16:18:56.957 NATIVE STAIN ANIMATION DIAG generation=349 emission=5 particle=2487 sample_ms=500 update=32b904e0 descriptor=5844bca0 descriptor_checksum=f90da319 group_index=0 group=57e00840 group_checksum=d841e214 counts=(nodes:31,controls:28,weights:31,vectors:31) nodes=[25:7C47AC20:d4963221:"",26:7C47A660:5fe6f945:"",27:7C47AAC0:b89d24f9:"",28:7C47AA00:40c48b9b:"",29:7C47A440:40848dc7:"",30:7C47AF00:fe560274:""] controls=[22:85976E80:6449d3fa:"",23:85976DA0:48f5d1ef:"",24:85AFF300:fc24c3ec:"",25:85AFEF80:b325df63:"",26:85AFF440:980ce8fc:"",27:85976DE0:e55574ef:""] weights=[21:1,22:1,23:1,24:1,25:1,26:1,27:1,28:1,29:1,30:1] vectors=[25:(1,1,1),26:(1,1,1),27:(1,1,1),28:(1,1,1),29:(1,1,1),30:(1,1,1)]
2026-09-12 16:18:56.957 NATIVE STAIN FIELD DIAG generation=349 node=7C47AF00 control=7C435700 changes=N+0x3c:0005e723>0005e72e(5.420937e-040>5.421091e-040) totals=(node:1,control:0)
2026-09-12 16:18:57.072 NATIVE STAIN ANIMATION DIAG generation=349 emission=5 particle=2487 sample_ms=609 update=32b904e0 descriptor=5844bca0 descriptor_checksum=f90da319 group_index=0 group=57e00840 group_checksum=d841e214 counts=(nodes:31,controls:28,weights:31,vectors:31) nodes=[25:7C47AC20:d3e5fdab:"",26:7C47A660:8667b8d7:"",27:7C47AAC0:62c3ee23:"",28:7C47AA00:44b61171:"",29:7C47A440:39278295:"",30:7C47AF00:79631db6:""] controls=[22:85976E80:6449d3fa:"",23:85976DA0:48f5d1ef:"",24:85AFF300:fc24c3ec:"",25:85AFEF80:b325df63:"",26:85AFF440:980ce8fc:"",27:85976DE0:e55574ef:""] weights=[21:1,22:1,23:1,24:1,25:1,26:1,27:1,28:1,29:1,30:1] vectors=[25:(1,1,1),26:(1,1,1),27:(1,1,1),28:(1,1,1),29:(1,1,1),30:(1,1,1)]
2026-09-12 16:18:57.073 NATIVE STAIN FIELD DIAG generation=349 node=7C47AF00 control=7C435700 changes=N+0x3c:0005e72e>0005e738(5.421091e-040>5.421231e-040) totals=(node:1,control:0)
2026-09-12 16:18:57.079 liquid world emitter sample person=2 emission=5 position=(-1.22040,0.85742,-1.79684) direction=(-0.08548,0.98648,0.13979) source=rebuilt-joint-local-hierarchy
2026-09-12 16:18:57.099 ejaculation audio started person=2 emission=5 pulse=3 volume=0.000 path="C:\Users\ErolB\Desktop\Games\TK17\The Klub 17\Extensions\Liquids\Sounds\Ejaculation\Default\cum03.mp3"
2026-09-12 16:18:57.099 testicular retraction pulse person=2 emission=5 pulse=3 baseline=0.000 start=-0.000 target=0.250
2026-09-12 16:18:57.111 testicular retraction live write person=2 control=4aa2ebe0 input=0.000 baseline=0.000 contribution=-0.000 output=0.000
2026-09-12 16:18:57.112 testicular retraction applied person=2 emission=5 pulse=3 baseline=0.000 contribution=-0.000 output=0.000
2026-09-12 16:18:57.183 NATIVE STAIN ANIMATION DIAG generation=349 emission=5 particle=2487 sample_ms=718 update=32b904e0 descriptor=5844bca0 descriptor_checksum=f90da319 group_index=0 group=57e00840 group_checksum=d841e214 counts=(nodes:31,controls:28,weights:31,vectors:31) nodes=[25:7C47AC20:1dded6e2:"",26:7C47A660:ed0e4cfe:"",27:7C47AAC0:ed244dea:"",28:7C47AA00:3b6f50e8:"",29:7C47A440:16bcb22c:"",30:7C47AF00:7b1dd91f:""] controls=[22:85976E80:6449d3fa:"",23:85976DA0:48f5d1ef:"",24:85AFF300:fc24c3ec:"",25:85AFEF80:b325df63:"",26:85AFF440:980ce8fc:"",27:85976DE0:e55574ef:""] weights=[21:1,22:1,23:1,24:1,25:1,26:1,27:1,28:1,29:1,30:1] vectors=[25:(1,1,1),26:(1,1,1),27:(1,1,1),28:(1,1,1),29:(1,1,1),30:(1,1,1)]
2026-09-12 16:18:57.184 NATIVE STAIN FIELD DIAG generation=349 node=7C47AF00 control=7C435700 changes=N+0x3c:0005e738>0005e741(5.421231e-040>5.421358e-040) totals=(node:1,control:0)
2026-09-12 16:18:57.293 NATIVE STAIN ANIMATION DIAG generation=349 emission=5 particle=2487 sample_ms=828 update=32b904e0 descriptor=5844bca0 descriptor_checksum=f90da319 group_index=0 group=57e00840 group_checksum=d841e214 counts=(nodes:31,controls:28,weights:31,vectors:31) nodes=[25:7C47AC20:26b15254:"",26:7C47A660:a8dbd890:"",27:7C47AAC0:f654aa2c:"",28:7C47AA00:ebc5a586:"",29:7C47A440:0d8c55ea:"",30:7C47AF00:19745f81:""] controls=[22:85976E80:6449d3fa:"",23:85976DA0:48f5d1ef:"",24:85AFF300:fc24c3ec:"",25:85AFEF80:b325df63:"",26:85AFF440:980ce8fc:"",27:85976DE0:e55574ef:""] weights=[21:1,22:1,23:1,24:1,25:1,26:1,27:1,28:1,29:1,30:1] vectors=[25:(1,1,1),26:(1,1,1),27:(1,1,1),28:(1,1,1),29:(1,1,1),30:(1,1,1)]
2026-09-12 16:18:57.294 NATIVE STAIN FIELD DIAG generation=349 node=7C47AF00 control=7C435700 changes=N+0x3c:0005e741>0005e74b(5.421358e-040>5.421498e-040) totals=(node:1,control:0)
2026-09-12 16:18:57.318 liquid world emitter sample person=2 emission=5 position=(-1.24217,0.85185,-1.80223) direction=(-0.35953,0.92867,0.09118) source=rebuilt-joint-local-hierarchy
2026-09-12 16:18:57.349 testicular retraction live write person=2 control=4aa2ebe0 input=0.268 baseline=0.000 contribution=0.268 output=0.268
2026-09-12 16:18:57.398 NATIVE STAIN ANIMATION DIAG generation=349 emission=5 particle=2487 sample_ms=937 update=32b904e0 descriptor=5844bca0 descriptor_checksum=f90da319 group_index=0 group=57e00840 group_checksum=d841e214 counts=(nodes:31,controls:28,weights:31,vectors:31) nodes=[25:7C47AC20:3b8fc65e:"",26:7C47A660:a2a87c82:"",27:7C47AAC0:46791286:"",28:7C47AA00:9ba13d2c:"",29:7C47A440:b68ac5e8:"",30:7C47AF00:89926ed3:""] controls=[22:85976E80:6449d3fa:"",23:85976DA0:48f5d1ef:"",24:85AFF300:fc24c3ec:"",25:85AFEF80:b325df63:"",26:85AFF440:980ce8fc:"",27:85976DE0:e55574ef:""] weights=[21:1,22:1,23:1,24:1,25:1,26:1,27:1,28:1,29:1,30:1] vectors=[25:(1,1,1),26:(1,1,1),27:(1,1,1),28:(1,1,1),29:(1,1,1),30:(1,1,1)]
2026-09-12 16:18:57.398 NATIVE STAIN FIELD DIAG generation=349 node=7C47AF00 control=7C435700 changes=N+0x3c:0005e74b>0005e755(5.421498e-040>5.421638e-040) totals=(node:1,control:0)
2026-09-12 16:18:57.415 ejaculation audio finished person=2 emission=5 pulse=3 path="C:\Users\ErolB\Desktop\Games\TK17\The Klub 17\Extensions\Liquids\Sounds\Ejaculation\Default\cum03.mp3"
2026-09-12 16:18:57.512 NATIVE STAIN ANIMATION DIAG generation=349 emission=5 particle=2487 sample_ms=1047 update=32b904e0 descriptor=5844bca0 descriptor_checksum=f90da319 group_index=0 group=57e00840 group_checksum=d841e214 counts=(nodes:31,controls:28,weights:31,vectors:31) nodes=[25:7C47AC20:a48ca0f0:"",26:7C47A660:2b0089f4:"",27:7C47AAC0:9622bde8:"",28:7C47AA00:9270e0ea:"",29:7C47A440:66e11a86:"",30:7C47AF00:9212dfc5:""] controls=[22:85976E80:6449d3fa:"",23:85976DA0:48f5d1ef:"",24:85AFF300:fc24c3ec:"",25:85AFEF80:b325df63:"",26:85AFF440:980ce8fc:"",27:85976DE0:e55574ef:""] weights=[21:1,22:1,23:1,24:1,25:1,26:1,27:1,28:1,29:1,30:1] vectors=[25:(1,1,1),26:(1,1,1),27:(1,1,1),28:(1,1,1),29:(1,1,1),30:(1,1,1)]
2026-09-12 16:18:57.513 NATIVE STAIN FIELD DIAG generation=349 node=7C47AF00 control=7C435700 changes=N+0x3c:0005e755>0005e75f(5.421638e-040>5.421778e-040) totals=(node:1,control:0)
2026-09-12 16:18:57.552 liquid native stain contact consumed source=confirmed particle=2499 emission=5 retry=0 result=0 count=1 native_hit=1 body_confirmed=0 retried=0 outcome=native-hit-attachment-unconfirmed
2026-09-12 16:18:57.570 liquid world emitter sample person=2 emission=5 position=(-1.21582,0.85728,-1.79760) direction=(-0.06588,0.98842,0.13669) source=rebuilt-joint-local-hierarchy
2026-09-12 16:18:57.588 liquid native stain contact consumed source=confirmed particle=2503 emission=5 retry=0 result=0 count=1 native_hit=1 body_confirmed=0 retried=0 outcome=native-hit-attachment-unconfirmed
2026-09-12 16:18:57.598 testicular retraction live write person=2 control=4aa2ebe0 input=0.242 baseline=0.000 contribution=0.242 output=0.242
2026-09-12 16:18:57.621 liquid native stain contact consumed source=confirmed particle=2507 emission=5 retry=0 result=0 count=1 native_hit=1 body_confirmed=0 retried=0 outcome=native-hit-attachment-unconfirmed
2026-09-12 16:18:57.623 NATIVE STAIN ANIMATION DIAG generation=352 emission=5 particle=2507 sample_ms=0 update=32b904e0 descriptor=5844bca0 descriptor_checksum=fe027a5f group_index=0 group=57e00840 group_checksum=077ca1a2 counts=(nodes:34,controls:31,weights:34,vectors:34) nodes=[28:7C47AA00:87c27521:"",29:7C47A440:7d5e8765:"",30:7C47AF00:fa6d94a6:"",31:7C47ADA0:c31dc375:"",32:7C47AB80:510525e8:"",33:7C47B080:0cd7a616:""] controls=[25:85AFEF80:b325df63:"",26:85AFF440:980ce8fc:"",27:85976DE0:e55574ef:"",28:85B51640:80a21285:"",29:85B51920:73e81545:"",30:85B519C0:f047feda:""] weights=[24:1,25:1,26:1,27:1,28:1,29:1,30:1,31:1,32:1,33:1] vectors=[28:(1,1,1),29:(1,1,1),30:(1,1,1),31:(1,1,1),32:(1,1,1),33:(1,1,1)]
2026-09-12 16:18:57.673 liquid native stain contact consumed source=confirmed particle=2509 emission=5 retry=0 result=0 count=1 native_hit=1 body_confirmed=0 retried=0 outcome=native-hit-attachment-unconfirmed
2026-09-12 16:18:57.694 liquid native stain contact consumed source=confirmed particle=2519 emission=5 retry=0 result=0 count=1 native_hit=1 body_confirmed=0 retried=0 outcome=native-hit-attachment-unconfirmed
2026-09-12 16:18:57.729 NATIVE STAIN ANIMATION DIAG generation=354 emission=5 particle=2519 sample_ms=31 update=32b904e0 descriptor=5844bca0 descriptor_checksum=b838498b group_index=0 group=57e00840 group_checksum=077ca1a2 counts=(nodes:36,controls:33,weights:36,vectors:36) nodes=[30:7C47AF00:a236514f:"",31:7C47ADA0:a14d19ec:"",32:7C47AB80:10080c91:"",33:7C47B080:c0a30a3f:"",34:7C47A720:d49a5337:"",35:7C47AFC0:66a3f43d:""] controls=[27:85976DE0:e55574ef:"",28:85B51640:80a21285:"",29:85B51920:73e81545:"",30:85B519C0:e0e55684:"",31:7C74A2E0:4a320364:"",32:7C74A8E0:6bd83bd5:""] weights=[26:1,27:1,28:1,29:1,30:1,31:1,32:1,33:1,34:1,35:1] vectors=[30:(1,1,1),31:(1,1,1),32:(1,1,1),33:(1,1,1),34:(1,1,1),35:(1,1,1)]
2026-09-12 16:18:57.740 liquid native stain contact consumed source=confirmed particle=2531 emission=5 retry=0 result=0 count=1 native_hit=1 body_confirmed=0 retried=0 outcome=native-hit-attachment-unconfirmed
2026-09-12 16:18:57.771 liquid native stain contact consumed source=confirmed particle=2542 emission=5 retry=0 result=0 count=1 native_hit=1 body_confirmed=0 retried=0 outcome=native-hit-attachment-unconfirmed
2026-09-12 16:18:57.793 liquid native stain contact consumed source=confirmed particle=2541 emission=5 retry=0 result=8 count=1 native_hit=1 body_confirmed=0 retried=0 outcome=native-hit-attachment-unconfirmed
2026-09-12 16:18:57.819 liquid world emitter sample person=2 emission=5 position=(-1.24191,0.85191,-1.80240) direction=(-0.35908,0.92894,0.09022) source=rebuilt-joint-local-hierarchy
2026-09-12 16:18:57.825 liquid native stain contact consumed source=confirmed particle=2551 emission=5 retry=0 result=0 count=1 native_hit=1 body_confirmed=0 retried=0 outcome=native-hit-attachment-unconfirmed
2026-09-12 16:18:57.838 NATIVE STAIN ANIMATION DIAG generation=358 emission=5 particle=2551 sample_ms=16 update=32b904e0 descriptor=5844bca0 descriptor_checksum=8fe7137a group_index=0 group=57e00840 group_checksum=077ca1a2 counts=(nodes:40,controls:37,weights:40,vectors:40) nodes=[34:7C47A720:57ed1ac8:"",35:7C47AFC0:2fb6669a:"",36:7C47ACE0:aba8f642:"",37:7C47A940:dee49c2a:"",38:7C47A2E0:ef330ff3:"",39:7C47A7E0:08436393:""] controls=[31:7C74A2E0:4a320364:"",32:7C74A8E0:4e47e499:"",33:7C74A520:6a69288b:"",34:7C74A7E0:2276e558:"",35:85AB2180:d4860986:"",36:85AB25E0:049079be:""] weights=[30:1,31:1,32:1,33:1,34:1,35:1,36:1,37:1,38:1,39:1] vectors=[34:(1,1,1),35:(1,1,1),36:(1,1,1),37:(1,1,1),38:(1,1,1),39:(1,1,1)]
2026-09-12 16:18:57.848 testicular retraction live write person=2 control=4aa2ebe0 input=0.250 baseline=0.000 contribution=0.250 output=0.250
2026-09-12 16:18:57.857 liquid native stain transform particle=2557 frame=001af5c4 descriptor=5844bca0 descriptor_scale=(1.00000,1.00000,1.00000) custom_hit_view=(-0.12804,-0.00038,-1.53686) custom_ray_view=(-0.12195,0.06609,-1.49225)->(-0.07586,-0.82787,-0.55576)
2026-09-12 16:18:57.857 liquid native stain contact consumed source=confirmed particle=2557 emission=5 retry=0 result=0 count=1 native_hit=1 body_confirmed=1 retried=0 outcome=native-model-hit-impact-ray
2026-09-12 16:18:57.888 liquid native stain contact consumed source=confirmed particle=2571 emission=5 retry=0 result=0 count=1 native_hit=1 body_confirmed=0 retried=0 outcome=native-hit-attachment-unconfirmed
2026-09-12 16:18:57.890 liquid native update performance version=0.8.12-decal-freeze-performance samples=87 native_and_pick_ms=0.388 freeze_cleanup_ms=0.012 diagnostics_and_retraction_ms=0.162 peak_total_ms=3.763 tracked=39 freeze_hook=1
2026-09-12 16:18:57.922 liquid native stain contact consumed source=confirmed particle=2564 emission=5 retry=0 result=0 count=1 native_hit=1 body_confirmed=0 retried=0 outcome=native-hit-attachment-unconfirmed
2026-09-12 16:18:57.951 liquid native stain contact consumed source=confirmed particle=2580 emission=5 retry=0 result=0 count=1 native_hit=1 body_confirmed=0 retried=0 outcome=native-hit-attachment-unconfirmed
2026-09-12 16:18:57.953 NATIVE STAIN ANIMATION DIAG generation=362 emission=5 particle=2580 sample_ms=0 update=32b904e0 descriptor=5844bca0 descriptor_checksum=a3de6333 group_index=0 group=57e00840 group_checksum=4c60d7b0 counts=(nodes:48,controls:41,weights:48,vectors:48) nodes=[42:7C47A500:f46981ff:"",43:7C47A160:a357d08c:"",44:7C47A220:f02be7aa:"",45:7C47A380:90a72f1b:"",46:8586C140:3d7b179f:"",47:8586B460:e91c64a8:""] controls=[35:85AB2180:d4860986:"",36:85AB25E0:ec4989ac:"",37:85AB2260:5b2ce54f:"",38:859E7B80:6dcf4b32:"",39:859E7800:9aee83ec:"",40:859E8120:71dd6a7b:""] weights=[38:1,39:1,40:1,41:1,42:1,43:1,44:1,45:1,46:1,47:1] vectors=[42:(1,1,1),43:(1,1,1),44:(1,1,1),45:(1,1,1),46:(1,1,1),47:(1,1,1)]
2026-09-12 16:18:58.070 NATIVE STAIN ANIMATION DIAG generation=362 emission=5 particle=2580 sample_ms=125 update=32b904e0 descriptor=5844bca0 descriptor_checksum=a3de6333 group_index=0 group=57e00840 group_checksum=4c60d7b0 counts=(nodes:48,controls:41,weights:48,vectors:48) nodes=[42:7C47A500:5ba1c866:"",43:7C47A160:8dbdd125:"",44:7C47A220:3ef48a13:"",45:7C47A380:c1bec802:"",46:8586C140:702a3332:"",47:8586B460:89821d41:""] controls=[35:85AB2180:d4860986:"",36:85AB25E0:ec4989ac:"",37:85AB2260:5b2ce54f:"",38:859E7B80:6dcf4b32:"",39:859E7800:9aee83ec:"",40:859E8120:71dd6a7b:""] weights=[38:1,39:1,40:1,41:1,42:1,43:1,44:1,45:1,46:1,47:1] vectors=[42:(1,1,1),43:(1,1,1),44:(1,1,1),45:(1,1,1),46:(1,1,1),47:(1,1,1)]
2026-09-12 16:18:58.078 liquid world emitter sample person=2 emission=5 position=(-1.21765,0.85718,-1.79665) direction=(-0.07563,0.98720,0.14043) source=rebuilt-joint-local-hierarchy
2026-09-12 16:18:58.100 testicular retraction live write person=2 control=4aa2ebe0 input=0.250 baseline=0.000 contribution=0.250 output=0.250
2026-09-12 16:18:58.180 NATIVE STAIN ANIMATION DIAG generation=362 emission=5 particle=2580 sample_ms=234 update=32b904e0 descriptor=5844bca0 descriptor_checksum=a3de6333 group_index=0 group=57e00840 group_checksum=4c60d7b0 counts=(nodes:48,controls:41,weights:48,vectors:48) nodes=[42:7C47A500:5ffa3feb:"",43:7C47A160:84f6f5c0:"",44:7C47A220:3ed67f4e:"",45:7C47A380:f5f0240f:"",46:8586C140:73158bdf:"",47:8586B460:54ad6124:""] controls=[35:85AB2180:d4860986:"",36:85AB25E0:ec4989ac:"",37:85AB2260:5b2ce54f:"",38:859E7B80:6dcf4b32:"",39:859E7800:9aee83ec:"",40:859E8120:71dd6a7b:""] weights=[38:1,39:1,40:1,41:1,42:1,43:1,44:1,45:1,46:1,47:1] vectors=[42:(1,1,1),43:(1,1,1),44:(1,1,1),45:(1,1,1),46:(1,1,1),47:(1,1,1)]
2026-09-12 16:18:58.291 NATIVE STAIN ANIMATION DIAG generation=362 emission=5 particle=2580 sample_ms=344 update=32b904e0 descriptor=5844bca0 descriptor_checksum=a3de6333 group_index=0 group=57e00840 group_checksum=4c60d7b0 counts=(nodes:48,controls:41,weights:48,vectors:48) nodes=[42:7C47A500:5e14971c:"",43:7C47A160:6532f26f:"",44:7C47A220:2c040571:"",45:7C47A380:3e7599a0:"",46:8586C140:50d20410:"",47:8586B460:eeac39a3:""] controls=[35:85AB2180:d4860986:"",36:85AB25E0:ec4989ac:"",37:85AB2260:5b2ce54f:"",38:859E7B80:6dcf4b32:"",39:859E7800:9aee83ec:"",40:859E8120:71dd6a7b:""] weights=[38:1,39:1,40:1,41:1,42:1,43:1,44:1,45:1,46:1,47:1] vectors=[42:(1,1,1),43:(1,1,1),44:(1,1,1),45:(1,1,1),46:(1,1,1),47:(1,1,1)]
2026-09-12 16:18:58.291 NATIVE STAIN FIELD DIAG generation=362 outcome=baseline node=8586b460 control=85c391a0
2026-09-12 16:18:58.292 memory snapshot label="native-stain-animation-node-baseline" address=8586B460 words=7285a8d4,380945e0,7285a908,72894190,534765c0,4c0323e0,01fff0ad,00000000,00000000,00000000,5a0e1bca,00000000,670d2860,72894230,00000000,0005e7a3,3f800000,3f800000,3f800000,3f800000,00000000,00000000,00000000,00000000
2026-09-12 16:18:58.292 memory snapshot label="native-stain-animation-control-baseline" address=85C391A0 words=72859ad4,85c38c60,72859adc,72894190,3f800000,00000000,72894170,728942f8,0000006e,00000000,00000000,00000000,00000000,00000000,9af42890,8d002e00,00000000,00000000,00000000,00000000,00000000,00000000,00000000,85c391e0
2026-09-12 16:18:58.293 liquid deep links event="native-stain-animation-node" object=8586b460 named_or_string_links=0 scan_bytes=96
2026-09-12 16:18:58.293 liquid deep links event="native-stain-animation-control" object=85c391a0 named_or_string_links=0 scan_bytes=96
2026-09-12 16:18:58.323 liquid world emitter sample person=2 emission=5 position=(-1.24088,0.85214,-1.80305) direction=(-0.35683,0.93015,0.08655) source=rebuilt-joint-local-hierarchy
2026-09-12 16:18:58.348 testicular retraction live write person=2 control=4aa2ebe0 input=0.050 baseline=0.000 contribution=0.050 output=0.050
2026-09-12 16:18:58.401 NATIVE STAIN ANIMATION DIAG generation=362 emission=5 particle=2580 sample_ms=453 update=32b904e0 descriptor=5844bca0 descriptor_checksum=a3de6333 group_index=0 group=57e00840 group_checksum=4c60d7b0 counts=(nodes:48,controls:41,weights:48,vectors:48) nodes=[42:7C47A500:46434741:"",43:7C47A160:6153d8aa:"",44:7C47A220:322fdf8c:"",45:7C47A380:9eec58bd:"",46:8586C140:9bbd976d:"",47:8586B460:9ee09e66:""] controls=[35:85AB2180:d4860986:"",36:85AB25E0:ec4989ac:"",37:85AB2260:5b2ce54f:"",38:859E7B80:6dcf4b32:"",39:859E7800:9aee83ec:"",40:859E8120:71dd6a7b:""] weights=[38:1,39:1,40:1,41:1,42:1,43:1,44:1,45:1,46:1,47:1] vectors=[42:(1,1,1),43:(1,1,1),44:(1,1,1),45:(1,1,1),46:(1,1,1),47:(1,1,1)]
2026-09-12 16:18:58.401 NATIVE STAIN FIELD DIAG generation=362 node=8586B460 control=85C391A0 changes=N+0x3c:0005e7a3>0005e7ae(5.422731e-040>5.422885e-040) totals=(node:1,control:0)
2026-09-12 16:18:58.510 NATIVE STAIN ANIMATION DIAG generation=362 emission=5 particle=2580 sample_ms=563 update=32b904e0 descriptor=5844bca0 descriptor_checksum=a3de6333 group_index=0 group=57e00840 group_checksum=4c60d7b0 counts=(nodes:48,controls:41,weights:48,vectors:48) nodes=[42:7C47A500:1e87002a:"",43:7C47A160:3d0cffc1:"",44:7C47A220:718a657f:"",45:7C47A380:a5d594de:"",46:8586C140:4b6cfd6e:"",47:8586B460:150040a5:""] controls=[35:85AB2180:d4860986:"",36:85AB25E0:ec4989ac:"",37:85AB2260:5b2ce54f:"",38:859E7B80:6dcf4b32:"",39:859E7800:9aee83ec:"",40:859E8120:71dd6a7b:""] weights=[38:1,39:1,40:1,41:1,42:1,43:1,44:1,45:1,46:1,47:1] vectors=[42:(1,1,1),43:(1,1,1),44:(1,1,1),45:(1,1,1),46:(1,1,1),47:(1,1,1)]
2026-09-12 16:18:58.510 NATIVE STAIN FIELD DIAG generation=362 node=8586B460 control=85C391A0 changes=N+0x3c:0005e7ae>0005e7b9(5.422885e-040>5.423039e-040) totals=(node:1,control:0)
2026-09-12 16:18:58.573 liquid world emitter sample person=2 emission=5 position=(-1.21660,0.85723,-1.79718) direction=(-0.07001,0.98789,0.13845) source=rebuilt-joint-local-hierarchy
2026-09-12 16:18:58.594 ejaculation audio started person=2 emission=5 pulse=4 volume=0.000 path="C:\Users\ErolB\Desktop\Games\TK17\The Klub 17\Extensions\Liquids\Sounds\Ejaculation\Default\cum06.mp3"
2026-09-12 16:18:58.594 testicular retraction pulse person=2 emission=5 pulse=4 baseline=0.000 start=-0.001 target=0.250
2026-09-12 16:18:58.599 testicular retraction live write person=2 control=4aa2ebe0 input=0.000 baseline=0.000 contribution=-0.001 output=0.000
2026-09-12 16:18:58.600 testicular retraction applied person=2 emission=5 pulse=4 baseline=0.000 contribution=-0.001 output=0.000
2026-09-12 16:18:58.621 NATIVE STAIN ANIMATION DIAG generation=362 emission=5 particle=2580 sample_ms=672 update=32b904e0 descriptor=5844bca0 descriptor_checksum=a3de6333 group_index=0 group=57e00840 group_checksum=4c60d7b0 counts=(nodes:48,controls:41,weights:48,vectors:48) nodes=[42:7C47A500:59bfe41d:"",43:7C47A160:d9b3e13e:"",44:7C47A220:9a849430:"",45:7C47A380:5e5520a1:"",46:8586C140:9921a711:"",47:8586B460:2d2c88a2:""] controls=[35:85AB2180:d4860986:"",36:85AB25E0:4a59c6a1:"",37:85AB2260:5b2ce54f:"",38:859E7B80:6dcf4b32:"",39:859E7800:9aee83ec:"",40:859E8120:71dd6a7b:""] weights=[38:1,39:1,40:1,41:1,42:1,43:1,44:1,45:1,46:1,47:1] vectors=[42:(1,1,1),43:(1,1,1),44:(1,1,1),45:(1,1,1),46:(1,1,1),47:(1,1,1)]
2026-09-12 16:18:58.621 NATIVE STAIN FIELD DIAG generation=362 node=8586B460 control=85C391A0 changes=N+0x3c:0005e7b9>0005e7c2(5.423039e-040>5.423165e-040) totals=(node:1,control:0)
2026-09-12 16:18:58.728 NATIVE STAIN ANIMATION DIAG generation=362 emission=5 particle=2580 sample_ms=781 update=32b904e0 descriptor=5844bca0 descriptor_checksum=a3de6333 group_index=0 group=57e00840 group_checksum=4c60d7b0 counts=(nodes:48,controls:41,weights:48,vectors:48) nodes=[42:7C47A500:12d834a6:"",43:7C47A160:5ab8f765:"",44:7C47A220:d31ad253:"",45:7C47A380:f66c3442:"",46:8586C140:2a624072:"",47:8586B460:751dd581:""] controls=[35:85AB2180:d4860986:"",36:85AB25E0:ca2bac28:"",37:85AB2260:5b2ce54f:"",38:859E7B80:6dcf4b32:"",39:859E7800:9aee83ec:"",40:859E8120:71dd6a7b:""] weights=[38:1,39:1,40:1,41:1,42:1,43:1,44:1,45:1,46:1,47:1] vectors=[42:(1,1,1),43:(1,1,1),44:(1,1,1),45:(1,1,1),46:(1,1,1),47:(1,1,1)]
2026-09-12 16:18:58.729 NATIVE STAIN FIELD DIAG generation=362 node=8586B460 control=85C391A0 changes=N+0x3c:0005e7c2>0005e7cd(5.423165e-040>5.423319e-040) totals=(node:1,control:0)
2026-09-12 16:18:58.807 ejaculation audio finished person=2 emission=5 pulse=4 path="C:\Users\ErolB\Desktop\Games\TK17\The Klub 17\Extensions\Liquids\Sounds\Ejaculation\Default\cum06.mp3"
2026-09-12 16:18:58.824 liquid world emitter sample person=2 emission=5 position=(-1.24054,0.85221,-1.80325) direction=(-0.35597,0.93059,0.08539) source=rebuilt-joint-local-hierarchy
2026-09-12 16:18:58.841 NATIVE STAIN ANIMATION DIAG generation=362 emission=5 particle=2580 sample_ms=891 update=32b904e0 descriptor=5844bca0 descriptor_checksum=a3de6333 group_index=0 group=57e00840 group_checksum=4c60d7b0 counts=(nodes:48,controls:41,weights:48,vectors:48) nodes=[42:7C47A500:48133198:"",43:7C47A160:6f324263:"",44:7C47A220:6bfb31b5:"",45:7C47A380:a9b8fd04:"",46:8586C140:c7426b14:"",47:8586B460:babaa62f:""] controls=[35:85AB2180:d4860986:"",36:85AB25E0:b4c990fd:"",37:85AB2260:5b2ce54f:"",38:859E7B80:6dcf4b32:"",39:859E7800:9aee83ec:"",40:859E8120:71dd6a7b:""] weights=[38:1,39:1,40:1,41:1,42:1,43:1,44:1,45:1,46:1,47:1] vectors=[42:(1,1,1),43:(1,1,1),44:(1,1,1),45:(1,1,1),46:(1,1,1),47:(1,1,1)]
2026-09-12 16:18:58.842 NATIVE STAIN FIELD DIAG generation=362 node=8586B460 control=85C391A0 changes=N+0x3c:0005e7cd>0005e7d7(5.423319e-040>5.423459e-040) totals=(node:1,control:0)
2026-09-12 16:18:58.857 testicular retraction live write person=2 control=4aa2ebe0 input=0.269 baseline=0.000 contribution=0.265 output=0.265
2026-09-12 16:18:58.888 liquid native update performance version=0.8.12-decal-freeze-performance samples=93 native_and_pick_ms=0.093 freeze_cleanup_ms=0.003 diagnostics_and_retraction_ms=0.199 peak_total_ms=3.690 tracked=41 freeze_hook=1
2026-09-12 16:18:58.942 NATIVE STAIN ANIMATION DIAG generation=362 emission=5 particle=2580 sample_ms=1000 update=32b904e0 descriptor=5844bca0 descriptor_checksum=a3de6333 group_index=0 group=57e00840 group_checksum=4c60d7b0 counts=(nodes:48,controls:41,weights:48,vectors:48) nodes=[42:7C47A500:e9edb2a2:"",43:7C47A160:f5b90b19:"",44:7C47A220:b3b0c507:"",45:7C47A380:c2585106:"",46:8586C140:29e179f6:"",47:8586B460:9cfeba1d:""] controls=[35:85AB2180:d4860986:"",36:85AB25E0:b4c990fd:"",37:85AB2260:5b2ce54f:"",38:859E7B80:6dcf4b32:"",39:859E7800:9aee83ec:"",40:859E8120:71dd6a7b:""] weights=[38:1,39:1,40:1,41:1,42:1,43:1,44:1,45:1,46:1,47:1] vectors=[42:(1,1,1),43:(1,1,1),44:(1,1,1),45:(1,1,1),46:(1,1,1),47:(1,1,1)]
2026-09-12 16:18:58.942 NATIVE STAIN FIELD DIAG generation=362 node=8586B460 control=85C391A0 changes=N+0x3c:0005e7d7>0005e7e1(5.423459e-040>5.4236e-040) totals=(node:1,control:0)
2026-09-12 16:18:59.008 liquid native stain contact consumed source=confirmed particle=2592 emission=5 retry=0 result=0 count=1 native_hit=1 body_confirmed=0 retried=0 outcome=native-hit-attachment-unconfirmed
2026-09-12 16:18:59.071 NATIVE STAIN ANIMATION DIAG generation=363 emission=5 particle=2592 sample_ms=62 update=32b904e0 descriptor=5844bca0 descriptor_checksum=b03e805a group_index=0 group=57e00840 group_checksum=4c60d7b0 counts=(nodes:49,controls:42,weights:49,vectors:49) nodes=[43:7C47A160:52e81c91:"",44:7C47A220:1848b4cf:"",45:7C47A380:9766440e:"",46:8586C140:cb6967be:"",47:8586B460:4ea2fd55:"",48:8586BF20:935edf6e:""] controls=[36:85AB25E0:dc7e0958:"",37:85AB2260:5b2ce54f:"",38:859E7B80:6dcf4b32:"",39:859E7800:9aee83ec:"",40:859E8120:71dd6a7b:"",41:859E81C0:17435f66:""] weights=[39:1,40:1,41:1,42:1,43:1,44:1,45:1,46:1,47:1,48:1] vectors=[43:(1,1,1),44:(1,1,1),45:(1,1,1),46:(1,1,1),47:(1,1,1),48:(1,1,1)]
2026-09-12 16:18:59.079 liquid world emitter sample person=2 emission=5 position=(-1.21774,0.85718,-1.79661) direction=(-0.07608,0.98714,0.14056) source=rebuilt-joint-local-hierarchy
2026-09-12 16:18:59.094 liquid native stain contact consumed source=confirmed particle=2593 emission=5 retry=0 result=0 count=1 native_hit=1 body_confirmed=0 retried=0 outcome=native-hit-attachment-unconfirmed
2026-09-12 16:18:59.097 testicular retraction live write person=2 control=4aa2ebe0 input=0.241 baseline=0.000 contribution=0.241 output=0.241
2026-09-12 16:18:59.121 liquid native stain contact consumed source=confirmed particle=2596 emission=5 retry=0 result=0 count=1 native_hit=1 body_confirmed=0 retried=0 outcome=native-hit-attachment-unconfirmed
2026-09-12 16:18:59.155 liquid native stain contact consumed source=confirmed particle=2599 emission=5 retry=0 result=0 count=1 native_hit=1 body_confirmed=0 retried=0 outcome=native-hit-attachment-unconfirmed
2026-09-12 16:18:59.177 NATIVE STAIN ANIMATION DIAG generation=366 emission=5 particle=2599 sample_ms=31 update=32b904e0 descriptor=5844bca0 descriptor_checksum=b766684b group_index=0 group=57e00840 group_checksum=feb7d7f4 counts=(nodes:54,controls:45,weights:54,vectors:54) nodes=[48:8586BF20:9a44dab6:"",49:8586B800:5706bcf5:"",50:8586BDC0:0d76507a:"",51:8586C200:537924dc:"",52:8586C380:e0ccd96b:"",53:8586C2C0:3ff843fb:""] controls=[39:859E7800:9aee83ec:"",40:859E8120:71dd6a7b:"",41:859E81C0:17435f66:"",42:859E78A0:90d44481:"",43:858696E0:1632f10b:"",44:85869860:571d185e:""] weights=[44:1,45:1,46:1,47:1,48:1,49:1,50:1,51:1,52:1,53:1] vectors=[48:(1,1,1),49:(1,1,1),50:(1,1,1),51:(1,1,1),52:(1,1,1),53:(1,1,1)]
2026-09-12 16:18:59.188 liquid native stain contact consumed source=confirmed particle=2606 emission=5 retry=0 result=0 count=1 native_hit=1 body_confirmed=0 retried=0 outcome=native-hit-attachment-unconfirmed
2026-09-12 16:18:59.232 liquid native stain contact consumed source=confirmed particle=2620 emission=5 retry=0 result=0 count=1 native_hit=1 body_confirmed=0 retried=0 outcome=native-hit-attachment-unconfirmed
2026-09-12 16:18:59.261 liquid native stain contact consumed source=confirmed particle=2629 emission=5 retry=0 result=0 count=1 native_hit=1 body_confirmed=0 retried=0 outcome=native-hit-attachment-unconfirmed
2026-09-12 16:18:59.291 liquid native stain contact consumed source=confirmed particle=2637 emission=5 retry=0 result=0 count=1 native_hit=1 body_confirmed=0 retried=0 outcome=native-hit-attachment-unconfirmed
2026-09-12 16:18:59.292 NATIVE STAIN ANIMATION DIAG generation=370 emission=5 particle=2637 sample_ms=0 update=32b904e0 descriptor=5844bca0 descriptor_checksum=6b4df335 group_index=0 group=57e00840 group_checksum=feb7d7f4 counts=(nodes:58,controls:49,weights:58,vectors:58) nodes=[52:8586C380:682e038c:"",53:8586C2C0:2db5ae1c:"",54:8586B740:8768c7b4:"",55:8586BFE0:c48e6c82:"",56:8586BD00:62562287:"",57:8586BA20:11351841:""] controls=[43:858696E0:1632f10b:"",44:85869860:571d185e:"",45:8586A0E0:df0ab3cc:"",46:8586A3A0:d843f9ba:"",47:85869EA0:e20ba206:"",48:8589A600:93fc21c2:""] weights=[48:1,49:1,50:1,51:1,52:1,53:1,54:1,55:1,56:1,57:1] vectors=[52:(1,1,1),53:(1,1,1),54:(1,1,1),55:(1,1,1),56:(1,1,1),57:(1,1,1)]
2026-09-12 16:18:59.325 liquid world emitter sample person=2 emission=5 position=(-1.24040,0.85224,-1.80333) direction=(-0.35559,0.93078,0.08491) source=rebuilt-joint-local-hierarchy
2026-09-12 16:18:59.330 liquid native stain contact consumed source=confirmed particle=2640 emission=5 retry=0 result=0 count=1 native_hit=1 body_confirmed=0 retried=0 outcome=native-hit-attachment-unconfirmed
2026-09-12 16:18:59.354 liquid native stain contact consumed source=confirmed particle=2641 emission=5 retry=0 result=0 count=1 native_hit=1 body_confirmed=0 retried=0 outcome=native-hit-attachment-unconfirmed
2026-09-12 16:18:59.356 testicular retraction live write person=2 control=4aa2ebe0 input=0.250 baseline=0.000 contribution=0.250 output=0.250
2026-09-12 16:18:59.390 liquid native stain contact consumed source=confirmed particle=2647 emission=5 retry=0 result=0 count=1 native_hit=1 body_confirmed=0 retried=0 outcome=native-hit-attachment-unconfirmed
2026-09-12 16:18:59.404 NATIVE STAIN ANIMATION DIAG generation=373 emission=5 particle=2647 sample_ms=15 update=32b904e0 descriptor=5844bca0 descriptor_checksum=2cf6a548 group_index=0 group=57e00840 group_checksum=feb7d7f4 counts=(nodes:61,controls:52,weights:61,vectors:61) nodes=[55:8586BFE0:36ecb872:"",56:8586BD00:1af5663f:"",57:8586BA20:90bf8bf3:"",58:7C6F0020:054e8765:"",59:7C6F00E0:55e3ca2c:"",60:7C6EFB20:1e20ac42:""] controls=[46:8586A3A0:d843f9ba:"",47:85869EA0:e20ba206:"",48:8589A600:ec109d05:"",49:8589AA60:ab90ffa6:"",50:8589A9C0:f742ea92:"",51:8589AE20:f7ecc87a:""] weights=[51:1,52:1,53:1,54:1,55:1,56:1,57:1,58:1,59:1,60:1] vectors=[55:(1,1,1),56:(1,1,1),57:(1,1,1),58:(1,1,1),59:(1,1,1),60:(1,1,1)]
2026-09-12 16:18:59.425 liquid native stain contact consumed source=confirmed particle=2648 emission=5 retry=0 result=0 count=1 native_hit=1 body_confirmed=0 retried=0 outcome=native-hit-attachment-unconfirmed
2026-09-12 16:18:59.456 liquid native stain contact consumed source=confirmed particle=2664 emission=5 retry=0 result=0 count=1 native_hit=1 body_confirmed=0 retried=0 outcome=native-hit-attachment-unconfirmed
2026-09-12 16:18:59.504 NATIVE STAIN ANIMATION DIAG generation=375 emission=5 particle=2664 sample_ms=47 update=32b904e0 descriptor=5844bca0 descriptor_checksum=c8514d99 group_index=0 group=57e00840 group_checksum=feb7d7f4 counts=(nodes:63,controls:54,weights:63,vectors:63) nodes=[57:8586BA20:167fecac:"",58:7C6F0020:e7cf929a:"",59:7C6F00E0:11d41f73:"",60:7C6EFB20:661b74bd:"",61:7C6EFE00:bb908a85:"",62:7C6EFBE0:4f6afdcb:""] controls=[48:8589A600:ec109d05:"",49:8589AA60:ab90ffa6:"",50:8589A9C0:84ace813:"",51:8589AE20:17171b36:"",52:8589B220:1088ddbe:"",53:8589AB00:268b9ce1:""] weights=[53:1,54:1,55:1,56:1,57:1,58:1,59:1,60:1,61:1,62:1] vectors=[57:(1,1,1),58:(1,1,1),59:(1,1,1),60:(1,1,1),61:(1,1,1),62:(1,1,1)]
2026-09-12 16:18:59.571 liquid world emitter sample person=2 emission=5 position=(-1.21612,0.85726,-1.79743) direction=(-0.06749,0.98821,0.13740) source=rebuilt-joint-local-hierarchy
2026-09-12 16:18:59.601 testicular retraction live write person=2 control=4aa2ebe0 input=0.250 baseline=0.000 contribution=0.250 output=0.250
2026-09-12 16:18:59.619 NATIVE STAIN ANIMATION DIAG generation=375 emission=5 particle=2664 sample_ms=156 update=32b904e0 descriptor=5844bca0 descriptor_checksum=c8514d99 group_index=0 group=57e00840 group_checksum=feb7d7f4 counts=(nodes:63,controls:54,weights:63,vectors:63) nodes=[57:8586BA20:7c089e08:"",58:7C6F0020:766b35de:"",59:7C6F00E0:d7562ce7:"",60:7C6EFB20:1200c679:"",61:7C6EFE00:91971aa1:"",62:7C6EFBE0:6f2413bf:""] controls=[48:8589A600:ec109d05:"",49:8589AA60:ab90ffa6:"",50:8589A9C0:84ace813:"",51:8589AE20:17171b36:"",52:8589B220:1088ddbe:"",53:8589AB00:268b9ce1:""] weights=[53:1,54:1,55:1,56:1,57:1,58:1,59:1,60:1,61:1,62:1] vectors=[57:(1,1,1),58:(1,1,1),59:(1,1,1),60:(1,1,1),61:(1,1,1),62:(1,1,1)]
2026-09-12 16:18:59.726 NATIVE STAIN ANIMATION DIAG generation=375 emission=5 particle=2664 sample_ms=265 update=32b904e0 descriptor=5844bca0 descriptor_checksum=c8514d99 group_index=0 group=57e00840 group_checksum=feb7d7f4 counts=(nodes:63,controls:54,weights:63,vectors:63) nodes=[57:8586BA20:84628713:"",58:7C6F0020:1f733245:"",59:7C6F00E0:bf5c85cc:"",60:7C6EFB20:5e8ea5a2:"",61:7C6EFE00:74e9fdda:"",62:7C6EFBE0:6d8af0f4:""] controls=[48:8589A600:ec109d05:"",49:8589AA60:ab90ffa6:"",50:8589A9C0:84ace813:"",51:8589AE20:17171b36:"",52:8589B220:1088ddbe:"",53:8589AB00:268b9ce1:""] weights=[53:1,54:1,55:1,56:1,57:1,58:1,59:1,60:1,61:1,62:1] vectors=[57:(1,1,1),58:(1,1,1),59:(1,1,1),60:(1,1,1),61:(1,1,1),62:(1,1,1)]
2026-09-12 16:18:59.818 liquid world emitter sample person=2 emission=5 position=(-1.24229,0.85183,-1.80215) direction=(-0.35971,0.92856,0.09161) source=rebuilt-joint-local-hierarchy
2026-09-12 16:18:59.838 NATIVE STAIN ANIMATION DIAG generation=375 emission=5 particle=2664 sample_ms=375 update=32b904e0 descriptor=5844bca0 descriptor_checksum=c8514d99 group_index=0 group=57e00840 group_checksum=feb7d7f4 counts=(nodes:63,controls:54,weights:63,vectors:63) nodes=[57:8586BA20:a7036eef:"",58:7C6F0020:15b1f689:"",59:7C6F00E0:37c5a8c0:"",60:7C6EFB20:b79940ae:"",61:7C6EFE00:3dd3f716:"",62:7C6EFBE0:83bc3f38:""] controls=[48:8589A600:ec109d05:"",49:8589AA60:ab90ffa6:"",50:8589A9C0:84ace813:"",51:8589AE20:17171b36:"",52:8589B220:1088ddbe:"",53:8589AB00:268b9ce1:""] weights=[53:1,54:1,55:1,56:1,57:1,58:1,59:1,60:1,61:1,62:1] vectors=[57:(1,1,1),58:(1,1,1),59:(1,1,1),60:(1,1,1),61:(1,1,1),62:(1,1,1)]
2026-09-12 16:18:59.838 NATIVE STAIN FIELD DIAG generation=375 outcome=baseline node=7c6efbe0 control=7c2cb5e0
2026-09-12 16:18:59.838 memory snapshot label="native-stain-animation-node-baseline" address=7C6EFBE0 words=7285a8d4,728942f8,7285a908,72894190,5347a8e0,4c0323e0,01fff0ad,00000000,00000000,00000000,5a0e1bca,00000000,670d4240,72894230,00000000,0005e82f,3f800000,3f800000,3f800000,3f800000,00000000,00000000,00000000,00000000
2026-09-12 16:18:59.839 memory snapshot label="native-stain-animation-control-baseline" address=7C2CB5E0 words=72859ad4,3570f020,72859adc,72894190,3f800000,00000000,72894170,32cf3c00,3f800000,002d5e00,00000000,002d5e36,852ecc69,8d002c00,00000000,7c2cb618,00000000,00000000,07df68d8,00000000,00000002,728b00c4,00000001,00000001
2026-09-12 16:18:59.839 liquid deep links event="native-stain-animation-node" object=7c6efbe0 named_or_string_links=0 scan_bytes=96
2026-09-12 16:18:59.839 liquid deep links event="native-stain-animation-control" object=7c2cb5e0 named_or_string_links=0 scan_bytes=96
2026-09-12 16:18:59.847 testicular retraction live write person=2 control=4aa2ebe0 input=0.050 baseline=0.000 contribution=0.050 output=0.050
2026-09-12 16:18:59.884 liquid native update performance version=0.8.12-decal-freeze-performance samples=88 native_and_pick_ms=0.474 freeze_cleanup_ms=0.022 diagnostics_and_retraction_ms=0.160 peak_total_ms=3.652 tracked=54 freeze_hook=1
2026-09-12 16:18:59.940 NATIVE STAIN ANIMATION DIAG generation=375 emission=5 particle=2664 sample_ms=484 update=32b904e0 descriptor=5844bca0 descriptor_checksum=c8514d99 group_index=0 group=57e00840 group_checksum=feb7d7f4 counts=(nodes:63,controls:54,weights:63,vectors:63) nodes=[57:8586BA20:04952eda:"",58:7C6F0020:f880676c:"",59:7C6F00E0:38f02e25:"",60:7C6EFB20:de30840b:"",61:7C6EFE00:f4b75613:"",62:7C6EFBE0:93edb57d:""] controls=[48:8589A600:ec109d05:"",49:8589AA60:ab90ffa6:"",50:8589A9C0:84ace813:"",51:8589AE20:17171b36:"",52:8589B220:1088ddbe:"",53:8589AB00:268b9ce1:""] weights=[53:1,54:1,55:1,56:1,57:1,58:1,59:1,60:1,61:1,62:1] vectors=[57:(1,1,1),58:(1,1,1),59:(1,1,1),60:(1,1,1),61:(1,1,1),62:(1,1,1)]
2026-09-12 16:18:59.941 NATIVE STAIN FIELD DIAG generation=375 node=7C6EFBE0 control=7C2CB5E0 changes=N+0x3c:0005e82f>0005e83a(5.424693e-040>5.424847e-040) totals=(node:1,control:0)
2026-09-12 16:19:00.075 NATIVE STAIN ANIMATION DIAG generation=375 emission=5 particle=2664 sample_ms=609 update=32b904e0 descriptor=5844bca0 descriptor_checksum=c8514d99 group_index=0 group=57e00840 group_checksum=feb7d7f4 counts=(nodes:63,controls:54,weights:63,vectors:63) nodes=[57:8586BA20:c7702e15:"",58:7C6F0020:c2fd6283:"",59:7C6F00E0:4a77d00a:"",60:7C6EFB20:ac30dbe4:"",61:7C6EFE00:1f717f9c:"",62:7C6EFBE0:bbe4b672:""] controls=[48:8589A600:ec109d05:"",49:8589AA60:ab90ffa6:"",50:8589A9C0:84ace813:"",51:8589AE20:17171b36:"",52:8589B220:1088ddbe:"",53:8589AB00:268b9ce1:""] weights=[53:1,54:1,55:1,56:1,57:1,58:1,59:1,60:1,61:1,62:1] vectors=[57:(1,1,1),58:(1,1,1),59:(1,1,1),60:(1,1,1),61:(1,1,1),62:(1,1,1)]
2026-09-12 16:19:00.075 NATIVE STAIN FIELD DIAG generation=375 node=7C6EFBE0 control=7C2CB5E0 changes=N+0x3c:0005e83a>0005e845(5.424847e-040>5.425001e-040) totals=(node:1,control:0)
2026-09-12 16:19:00.081 liquid world emitter sample person=2 emission=5 position=(-1.21831,0.85717,-1.79634) direction=(-0.07917,0.98679,0.14133) source=rebuilt-joint-local-hierarchy
2026-09-12 16:19:00.101 ejaculation audio started person=2 emission=5 pulse=5 volume=0.000 path="C:\Users\ErolB\Desktop\Games\TK17\The Klub 17\Extensions\Liquids\Sounds\Ejaculation\Default\cum02.mp3"
2026-09-12 16:19:00.101 testicular retraction pulse person=2 emission=5 pulse=5 baseline=0.000 start=-0.000 target=0.250
2026-09-12 16:19:00.113 testicular retraction live write person=2 control=4aa2ebe0 input=0.000 baseline=0.000 contribution=-0.000 output=0.000
2026-09-12 16:19:00.113 testicular retraction applied person=2 emission=5 pulse=5 baseline=0.000 contribution=-0.000 output=0.000
2026-09-12 16:19:00.178 NATIVE STAIN ANIMATION DIAG generation=375 emission=5 particle=2664 sample_ms=718 update=32b904e0 descriptor=5844bca0 descriptor_checksum=c8514d99 group_index=0 group=57e00840 group_checksum=feb7d7f4 counts=(nodes:63,controls:54,weights:63,vectors:63) nodes=[57:8586BA20:2754202d:"",58:7C6F0020:48e2e49b:"",59:7C6F00E0:0e628cf2:"",60:7C6EFB20:7fd586fc:"",61:7C6EFE00:b6f2a684:"",62:7C6EFBE0:5f30e18a:""] controls=[48:8589A600:ec109d05:"",49:8589AA60:ab90ffa6:"",50:8589A9C0:84ace813:"",51:8589AE20:17171b36:"",52:8589B220:1088ddbe:"",53:8589AB00:268b9ce1:""] weights=[53:1,54:1,55:1,56:1,57:1,58:1,59:1,60:1,61:1,62:1] vectors=[57:(1,1,1),58:(1,1,1),59:(1,1,1),60:(1,1,1),61:(1,1,1),62:(1,1,1)]
2026-09-12 16:19:00.178 NATIVE STAIN FIELD DIAG generation=375 node=7C6EFBE0 control=7C2CB5E0 changes=N+0x3c:0005e845>0005e84d(5.425001e-040>5.425113e-040) totals=(node:1,control:0)
2026-09-12 16:19:00.290 NATIVE STAIN ANIMATION DIAG generation=375 emission=5 particle=2664 sample_ms=828 update=32b904e0 descriptor=5844bca0 descriptor_checksum=c8514d99 group_index=0 group=57e00840 group_checksum=feb7d7f4 counts=(nodes:63,controls:54,weights:63,vectors:63) nodes=[57:8586BA20:3faa5248:"",58:7C6F0020:ac617b9e:"",59:7C6F00E0:a15fe727:"",60:7C6EFB20:b6830a39:"",61:7C6EFE00:0866eee1:"",62:7C6EFBE0:99fcafff:""] controls=[48:8589A600:ec109d05:"",49:8589AA60:ab90ffa6:"",50:8589A9C0:84ace813:"",51:8589AE20:17171b36:"",52:8589B220:1088ddbe:"",53:8589AB00:268b9ce1:""] weights=[53:1,54:1,55:1,56:1,57:1,58:1,59:1,60:1,61:1,62:1] vectors=[57:(1,1,1),58:(1,1,1),59:(1,1,1),60:(1,1,1),61:(1,1,1),62:(1,1,1)]
2026-09-12 16:19:00.290 NATIVE STAIN FIELD DIAG generation=375 node=7C6EFBE0 control=7C2CB5E0 changes=N+0x3c:0005e84d>0005e858(5.425113e-040>5.425267e-040) totals=(node:1,control:0)
2026-09-12 16:19:00.323 liquid world emitter sample person=2 emission=5 position=(-1.24086,0.85214,-1.80306) direction=(-0.35680,0.93017,0.08651) source=rebuilt-joint-local-hierarchy
2026-09-12 16:19:00.368 testicular retraction live write person=2 control=4aa2ebe0 input=0.265 baseline=0.000 contribution=0.262 output=0.262
2026-09-12 16:19:00.394 NATIVE STAIN ANIMATION DIAG generation=375 emission=5 particle=2664 sample_ms=937 update=32b904e0 descriptor=5844bca0 descriptor_checksum=c8514d99 group_index=0 group=57e00840 group_checksum=feb7d7f4 counts=(nodes:63,controls:54,weights:63,vectors:63) nodes=[57:8586BA20:1bf42012:"",58:7C6F0020:05beb5c4:"",59:7C6F00E0:224838cd:"",60:7C6EFB20:4d8ed8e3:"",61:7C6EFE00:a84ae05b:"",62:7C6EFBE0:c528ff35:""] controls=[48:8589A600:ec109d05:"",49:8589AA60:ab90ffa6:"",50:8589A9C0:84ace813:"",51:8589AE20:17171b36:"",52:8589B220:1088ddbe:"",53:8589AB00:268b9ce1:""] weights=[53:1,54:1,55:1,56:1,57:1,58:1,59:1,60:1,61:1,62:1] vectors=[57:(1,1,1),58:(1,1,1),59:(1,1,1),60:(1,1,1),61:(1,1,1),62:(1,1,1)]
2026-09-12 16:19:00.395 NATIVE STAIN FIELD DIAG generation=375 node=7C6EFBE0 control=7C2CB5E0 changes=N+0x3c:0005e858>0005e862(5.425267e-040>5.425407e-040) totals=(node:1,control:0)
2026-09-12 16:19:00.411 ejaculation audio finished person=2 emission=5 pulse=5 path="C:\Users\ErolB\Desktop\Games\TK17\The Klub 17\Extensions\Liquids\Sounds\Ejaculation\Default\cum02.mp3"
2026-09-12 16:19:00.504 NATIVE STAIN ANIMATION DIAG generation=375 emission=5 particle=2664 sample_ms=1047 update=32b904e0 descriptor=5844bca0 descriptor_checksum=c8514d99 group_index=0 group=57e00840 group_checksum=feb7d7f4 counts=(nodes:63,controls:54,weights:63,vectors:63) nodes=[57:8586BA20:cb29598c:"",58:7C6F0020:481423ba:"",59:7C6F00E0:71a35ed3:"",60:7C6EFB20:9494325d:"",61:7C6EFE00:f87a09e5:"",62:7C6EFBE0:cca0e62b:""] controls=[48:8589A600:ec109d05:"",49:8589AA60:ab90ffa6:"",50:8589A9C0:84ace813:"",51:8589AE20:17171b36:"",52:8589B220:1088ddbe:"",53:8589AB00:268b9ce1:""] weights=[53:1,54:1,55:1,56:1,57:1,58:1,59:1,60:1,61:1,62:1] vectors=[57:(1,1,1),58:(1,1,1),59:(1,1,1),60:(1,1,1),61:(1,1,1),62:(1,1,1)]
2026-09-12 16:19:00.504 NATIVE STAIN FIELD DIAG generation=375 node=7C6EFBE0 control=7C2CB5E0 changes=N+0x3c:0005e862>0005e86c(5.425407e-040>5.425547e-040) totals=(node:1,control:0)
2026-09-12 16:19:00.528 liquid native stain contact consumed source=confirmed particle=2675 emission=5 retry=0 result=0 count=1 native_hit=1 body_confirmed=0 retried=0 outcome=native-hit-attachment-unconfirmed
2026-09-12 16:19:00.559 liquid native stain contact consumed source=confirmed particle=2676 emission=5 retry=0 result=0 count=1 native_hit=1 body_confirmed=0 retried=0 outcome=native-hit-attachment-unconfirmed
2026-09-12 16:19:00.567 liquid world emitter sample person=2 emission=5 position=(-1.21499,0.85734,-1.79804) direction=(-0.06153,0.98898,0.13463) source=rebuilt-joint-local-hierarchy
2026-09-12 16:19:00.595 liquid native stain contact consumed source=confirmed particle=2680 emission=5 retry=0 result=0 count=1 native_hit=1 body_confirmed=0 retried=0 outcome=native-hit-attachment-unconfirmed
2026-09-12 16:19:00.614 NATIVE STAIN ANIMATION DIAG generation=378 emission=5 particle=2680 sample_ms=31 update=32b904e0 descriptor=5844bca0 descriptor_checksum=a1f977e3 group_index=0 group=57e00840 group_checksum=feb7d7f4 counts=(nodes:66,controls:57,weights:66,vectors:66) nodes=[60:7C6EFB20:82807a54:"",61:7C6EFE00:3b7e288c:"",62:7C6EFBE0:fb876a42:"",63:67815EA0:fc285ba7:"",64:678159A0:82ad8318:"",65:67815760:08940fa2:""] controls=[51:8589AE20:17171b36:"",52:8589B220:1088ddbe:"",53:8589AB00:268b9ce1:"",54:58229940:bb3efedb:"",55:58229B20:e1bd43ab:"",56:58229E00:27c16893:""] weights=[56:1,57:1,58:1,59:1,60:1,61:1,62:1,63:1,64:1,65:1] vectors=[60:(1,1,1),61:(1,1,1),62:(1,1,1),63:(1,1,1),64:(1,1,1),65:(1,1,1)]
2026-09-12 16:19:00.614 testicular retraction live write person=2 control=4aa2ebe0 input=0.243 baseline=0.000 contribution=0.243 output=0.243
2026-09-12 16:19:00.638 liquid native stain contact consumed source=confirmed particle=2681 emission=5 retry=0 result=0 count=1 native_hit=1 body_confirmed=0 retried=0 outcome=native-hit-attachment-unconfirmed
2026-09-12 16:19:00.668 liquid native stain contact consumed source=confirmed particle=2682 emission=5 retry=0 result=0 count=1 native_hit=1 body_confirmed=0 retried=0 outcome=native-hit-attachment-unconfirmed
2026-09-12 16:19:00.701 liquid native stain contact consumed source=confirmed particle=2690 emission=5 retry=0 result=0 count=1 native_hit=1 body_confirmed=0 retried=0 outcome=native-hit-attachment-unconfirmed
2026-09-12 16:19:00.728 NATIVE STAIN ANIMATION DIAG generation=381 emission=5 particle=2690 sample_ms=31 update=32b904e0 descriptor=5844bca0 descriptor_checksum=6d3e5467 group_index=0 group=57e00840 group_checksum=bb64a5e5 counts=(nodes:70,controls:60,weights:70,vectors:70) nodes=[64:678159A0:3206cd73:"",65:67815760:f7a68109:"",66:67816000:b28ab3c0:"",67:67816960:b8fc1ea8:"",68:678160C0:d2b2b34c:"",69:678163A0:e4db031a:""] controls=[54:58229940:bb3efedb:"",55:58229B20:e1bd43ab:"",56:58229E00:27c16893:"",57:58229D00:70b1b637:"",58:58229C60:5b5aded1:"",59:5821A400:f26f2754:""] weights=[60:1,61:1,62:1,63:1,64:1,65:1,66:1,67:1,68:1,69:1] vectors=[64:(1,1,1),65:(1,1,1),66:(1,1,1),67:(1,1,1),68:(1,1,1),69:(1,1,1)]
2026-09-12 16:19:00.739 liquid native stain contact consumed source=confirmed particle=2706 emission=5 retry=0 result=0 count=1 native_hit=1 body_confirmed=0 retried=0 outcome=native-hit-attachment-unconfirmed
2026-09-12 16:19:00.771 liquid native stain contact consumed source=confirmed particle=2710 emission=5 retry=0 result=0 count=1 native_hit=1 body_confirmed=0 retried=0 outcome=native-hit-attachment-unconfirmed
2026-09-12 16:19:00.794 liquid native stain contact consumed source=confirmed particle=2712 emission=5 retry=0 result=0 count=1 native_hit=1 body_confirmed=0 retried=0 outcome=native-hit-attachment-unconfirmed
2026-09-12 16:19:00.821 liquid world emitter sample person=2 emission=5 position=(-1.24173,0.85195,-1.80252) direction=(-0.35874,0.92913,0.08958) source=rebuilt-joint-local-hierarchy
2026-09-12 16:19:00.826 liquid native stain contact consumed source=confirmed particle=2715 emission=5 retry=0 result=0 count=1 native_hit=1 body_confirmed=0 retried=0 outcome=native-hit-attachment-unconfirmed
2026-09-12 16:19:00.838 NATIVE STAIN ANIMATION DIAG generation=385 emission=5 particle=2715 sample_ms=16 update=32b904e0 descriptor=5844bca0 descriptor_checksum=fef6b92d group_index=0 group=57e00840 group_checksum=bb64a5e5 counts=(nodes:74,controls:64,weights:74,vectors:74) nodes=[68:678160C0:731d2a45:"",69:678163A0:8faa7673:"",70:67816460:8cd2d938:"",71:678165C0:070d32f9:"",72:67816AE0:7902fd05:"",73:67816800:82a84a1b:""] controls=[58:58229C60:5b5aded1:"",59:5821A400:f26f2754:"",60:5821A220:d4492390:"",61:5821B440:1c25b648:"",62:5821B480:d6a35500:"",63:5821B300:f42eed30:""] weights=[64:1,65:1,66:1,67:1,68:1,69:1,70:1,71:1,72:1,73:1] vectors=[68:(1,1,1),69:(1,1,1),70:(1,1,1),71:(1,1,1),72:(1,1,1),73:(1,1,1)]
2026-09-12 16:19:00.862 testicular retraction live write person=2 control=4aa2ebe0 input=0.250 baseline=0.000 contribution=0.250 output=0.250
2026-09-12 16:19:00.880 liquid native stain contact consumed source=confirmed particle=2719 emission=5 retry=0 result=0 count=1 native_hit=1 body_confirmed=0 retried=0 outcome=native-hit-attachment-unconfirmed
2026-09-12 16:19:00.882 liquid native update performance version=0.8.12-decal-freeze-performance samples=86 native_and_pick_ms=0.417 freeze_cleanup_ms=0.009 diagnostics_and_retraction_ms=0.165 peak_total_ms=3.429 tracked=65 freeze_hook=1
2026-09-12 16:19:00.904 liquid native stain contact consumed source=confirmed particle=2724 emission=5 retry=0 result=0 count=1 native_hit=1 body_confirmed=0 retried=0 outcome=native-hit-attachment-unconfirmed
2026-09-12 16:19:00.943 liquid native stain contact consumed source=confirmed particle=2736 emission=5 retry=0 result=0 count=1 native_hit=1 body_confirmed=0 retried=0 outcome=native-hit-attachment-unconfirmed
2026-09-12 16:19:00.944 NATIVE STAIN ANIMATION DIAG generation=388 emission=5 particle=2736 sample_ms=0 update=32b904e0 descriptor=5844bca0 descriptor_checksum=dc3f84e7 group_index=0 group=57e00840 group_checksum=bb64a5e5 counts=(nodes:78,controls:67,weights:78,vectors:78) nodes=[72:67816AE0:2485e6dd:"",73:67816800:292c5e03:"",74:67816C40:5af6edb5:"",75:67816DC0:fc9873bb:"",76:67817CC0:812597f5:"",77:67816E60:885e9068:""] controls=[61:5821B440:1c25b648:"",62:5821B480:d6a35500:"",63:5821B300:f42eed30:"",64:5821B980:a84f7b3e:"",65:5821C160:93a051c5:"",66:5821C340:45004b93:""] weights=[68:1,69:1,70:1,71:1,72:1,73:1,74:1,75:1,76:1,77:1] vectors=[72:(1,1,1),73:(1,1,1),74:(1,1,1),75:(1,1,1),76:(1,1,1),77:(1,1,1)]
2026-09-12 16:19:01.004 liquid native stain contact consumed source=confirmed particle=2740 emission=5 retry=0 result=0 count=1 native_hit=1 body_confirmed=0 retried=0 outcome=native-hit-attachment-unconfirmed
2026-09-12 16:19:01.071 NATIVE STAIN ANIMATION DIAG generation=389 emission=5 particle=2740 sample_ms=62 update=32b904e0 descriptor=5844bca0 descriptor_checksum=8020c841 group_index=0 group=57e00840 group_checksum=bb64a5e5 counts=(nodes:79,controls:68,weights:79,vectors:79) nodes=[73:67816800:9ee7d5eb:"",74:67816C40:ef71e93d:"",75:67816DC0:e017feb3:"",76:67817CC0:975ad37d:"",77:67816E60:dce0abbe:"",78:67817E40:49337cca:""] controls=[62:5821B480:d6a35500:"",63:5821B300:f42eed30:"",64:5821B980:a84f7b3e:"",65:5821C160:93a051c5:"",66:5821C340:45004b93:"",67:5821C2A0:101ea87a:""] weights=[69:1,70:1,71:1,72:1,73:1,74:1,75:1,76:1,77:1,78:1] vectors=[73:(1,1,1),74:(1,1,1),75:(1,1,1),76:(1,1,1),77:(1,1,1),78:(1,1,1)]
2026-09-12 16:19:01.079 liquid world emitter sample person=2 emission=5 position=(-1.21771,0.85718,-1.79662) direction=(-0.07592,0.98716,0.14052) source=rebuilt-joint-local-hierarchy
2026-09-12 16:19:01.113 testicular retraction live write person=2 control=4aa2ebe0 input=0.250 baseline=0.000 contribution=0.250 output=0.250
2026-09-12 16:19:01.183 NATIVE STAIN ANIMATION DIAG generation=389 emission=5 particle=2740 sample_ms=171 update=32b904e0 descriptor=5844bca0 descriptor_checksum=8020c841 group_index=0 group=57e00840 group_checksum=bb64a5e5 counts=(nodes:79,controls:68,weights:79,vectors:79) nodes=[73:67816800:5c57635d:"",74:67816C40:6786f88b:"",75:67816DC0:6802ef65:"",76:67817CC0:52d81bcb:"",77:67816E60:e371d7e8:"",78:67817E40:66a52c7c:""] controls=[62:5821B480:d6a35500:"",63:5821B300:f42eed30:"",64:5821B980:a84f7b3e:"",65:5821C160:93a051c5:"",66:5821C340:45004b93:"",67:5821C2A0:b3d7cfec:""] weights=[69:1,70:1,71:1,72:1,73:1,74:1,75:1,76:1,77:1,78:1] vectors=[73:(1,1,1),74:(1,1,1),75:(1,1,1),76:(1,1,1),77:(1,1,1),78:(1,1,1)]
2026-09-12 16:19:01.292 NATIVE STAIN ANIMATION DIAG generation=389 emission=5 particle=2740 sample_ms=281 update=32b904e0 descriptor=5844bca0 descriptor_checksum=8020c841 group_index=0 group=57e00840 group_checksum=bb64a5e5 counts=(nodes:79,controls:68,weights:79,vectors:79) nodes=[73:67816800:4f9b3f67:"",74:67816C40:fe9b6f61:"",75:67816DC0:b2e3c69f:"",76:67817CC0:cc75b4a1:"",77:67816E60:cc7e4342:"",78:67817E40:a2593696:""] controls=[62:5821B480:d6a35500:"",63:5821B300:f42eed30:"",64:5821B980:a84f7b3e:"",65:5821C160:93a051c5:"",66:5821C340:45004b93:"",67:5821C2A0:435536b5:""] weights=[69:1,70:1,71:1,72:1,73:1,74:1,75:1,76:1,77:1,78:1] vectors=[73:(1,1,1),74:(1,1,1),75:(1,1,1),76:(1,1,1),77:(1,1,1),78:(1,1,1)]
2026-09-12 16:19:01.324 liquid world emitter sample person=2 emission=5 position=(-1.24066,0.85219,-1.80318) direction=(-0.35627,0.93044,0.08579) source=rebuilt-joint-local-hierarchy
2026-09-12 16:19:01.368 testicular retraction live write person=2 control=4aa2ebe0 input=0.043 baseline=0.000 contribution=0.037 output=0.037
2026-09-12 16:19:01.397 NATIVE STAIN ANIMATION DIAG generation=389 emission=5 particle=2740 sample_ms=390 update=32b904e0 descriptor=5844bca0 descriptor_checksum=8020c841 group_index=0 group=57e00840 group_checksum=bb64a5e5 counts=(nodes:79,controls:68,weights:79,vectors:79) nodes=[73:67816800:bf30a319:"",74:67816C40:b69b107f:"",75:67816DC0:68afce81:"",76:67817CC0:729131bf:"",77:67816E60:43e67d8c:"",78:67817E40:29ff90b8:""] controls=[62:5821B480:d6a35500:"",63:5821B300:f42eed30:"",64:5821B980:a84f7b3e:"",65:5821C160:93a051c5:"",66:5821C340:45004b93:"",67:5821C2A0:03bef17e:""] weights=[69:1,70:1,71:1,72:1,73:1,74:1,75:1,76:1,77:1,78:1] vectors=[73:(1,1,1),74:(1,1,1),75:(1,1,1),76:(1,1,1),77:(1,1,1),78:(1,1,1)]
2026-09-12 16:19:01.397 NATIVE STAIN FIELD DIAG generation=389 outcome=baseline node=67817e40 control=6776b7c0
2026-09-12 16:19:01.398 memory snapshot label="native-stain-animation-node-baseline" address=67817E40 words=7285a8d4,380945e0,7285a908,72894190,5347f2c0,4c0323e0,01fff0ad,00000000,00000000,00000000,5a0e1bca,00000000,670d3f60,72894230,00000000,0005e8b5,3f800000,3f800000,3f800000,3f800000,00000000,00000000,00000000,00000000
2026-09-12 16:19:01.398 memory snapshot label="native-stain-animation-control-baseline" address=6776B7C0 words=72859ad4,74696445,72859adc,72894190,3f800000,00000000,72894170,6f747475,6572006e,00000000,00000000,00000000,bda98c55,8d041a00,3fbb0e3c,6776b7f8,00000000,00000000,07df40b0,00000000,00000002,728b0144,00000001,00000001
2026-09-12 16:19:01.399 liquid deep links event="native-stain-animation-node" object=67817e40 named_or_string_links=0 scan_bytes=96
2026-09-12 16:19:01.399 liquid deep links event="native-stain-animation-control" object=6776b7c0 named_or_string_links=0 scan_bytes=96
2026-09-12 16:19:01.503 NATIVE STAIN ANIMATION DIAG generation=389 emission=5 particle=2740 sample_ms=500 update=32b904e0 descriptor=5844bca0 descriptor_checksum=8020c841 group_index=0 group=57e00840 group_checksum=bb64a5e5 counts=(nodes:79,controls:68,weights:79,vectors:79) nodes=[73:67816800:22e249f3:"",74:67816C40:f2b16d45:"",75:67816DC0:f1e501ab:"",76:67817CC0:f66f2485:"",77:67816E60:cfa25d66:"",78:67817E40:bfb15f52:""] controls=[62:5821B480:d6a35500:"",63:5821B300:f42eed30:"",64:5821B980:a84f7b3e:"",65:5821C160:93a051c5:"",66:5821C340:45004b93:"",67:5821C2A0:89530213:""] weights=[69:1,70:1,71:1,72:1,73:1,74:1,75:1,76:1,77:1,78:1] vectors=[73:(1,1,1),74:(1,1,1),75:(1,1,1),76:(1,1,1),77:(1,1,1),78:(1,1,1)]
2026-09-12 16:19:01.504 NATIVE STAIN FIELD DIAG generation=389 node=67817E40 control=6776B7C0 changes=N+0x3c:0005e8b5>0005e8bf(5.42657e-040>5.42671e-040) totals=(node:1,control:0)
2026-09-12 16:19:01.568 liquid world emitter sample person=2 emission=5 position=(-1.21519,0.85733,-1.79793) direction=(-0.06258,0.98885,0.13515) source=rebuilt-joint-local-hierarchy
2026-09-12 16:19:01.590 ejaculation audio started person=2 emission=5 pulse=6 volume=0.000 path="C:\Users\ErolB\Desktop\Games\TK17\The Klub 17\Extensions\Liquids\Sounds\Ejaculation\Default\cum05.mp3"
2026-09-12 16:19:01.591 testicular retraction pulse person=2 emission=5 pulse=6 baseline=0.000 start=-0.001 target=0.250
2026-09-12 16:19:01.594 testicular retraction applied person=2 emission=5 pulse=6 baseline=0.000 contribution=-0.001 output=0.000
2026-09-12 16:19:01.615 NATIVE STAIN ANIMATION DIAG generation=389 emission=5 particle=2740 sample_ms=609 update=32b904e0 descriptor=5844bca0 descriptor_checksum=8020c841 group_index=0 group=57e00840 group_checksum=bb64a5e5 counts=(nodes:79,controls:68,weights:79,vectors:79) nodes=[73:67816800:ca18cf5b:"",74:67816C40:8783798d:"",75:67816DC0:df8b0863:"",76:67817CC0:0e04d24d:"",77:67816E60:5ce4416e:"",78:67817E40:a90969fa:""] controls=[62:5821B480:d6a35500:"",63:5821B300:f42eed30:"",64:5821B980:a84f7b3e:"",65:5821C160:93a051c5:"",66:5821C340:45004b93:"",67:5821C2A0:528e974d:""] weights=[69:1,70:1,71:1,72:1,73:1,74:1,75:1,76:1,77:1,78:1] vectors=[73:(1,1,1),74:(1,1,1),75:(1,1,1),76:(1,1,1),77:(1,1,1),78:(1,1,1)]
2026-09-12 16:19:01.616 NATIVE STAIN FIELD DIAG generation=389 node=67817E40 control=6776B7C0 changes=N+0x3c:0005e8bf>0005e8c7(5.42671e-040>5.426823e-040) totals=(node:1,control:0)
2026-09-12 16:19:01.616 testicular retraction live write person=2 control=4aa2ebe0 input=0.229 baseline=0.000 contribution=0.229 output=0.229
2026-09-12 16:19:01.727 NATIVE STAIN ANIMATION DIAG generation=389 emission=5 particle=2740 sample_ms=718 update=32b904e0 descriptor=5844bca0 descriptor_checksum=8020c841 group_index=0 group=57e00840 group_checksum=bb64a5e5 counts=(nodes:79,controls:68,weights:79,vectors:79) nodes=[73:67816800:f4f4274d:"",74:67816C40:1c211f9b:"",75:67816DC0:4f2ed555:"",76:67817CC0:e3297a5b:"",77:67816E60:ce208998:"",78:67817E40:794c456c:""] controls=[62:5821B480:d6a35500:"",63:5821B300:f42eed30:"",64:5821B980:a84f7b3e:"",65:5821C160:93a051c5:"",66:5821C340:45004b93:"",67:5821C2A0:528e974d:""] weights=[69:1,70:1,71:1,72:1,73:1,74:1,75:1,76:1,77:1,78:1] vectors=[73:(1,1,1),74:(1,1,1),75:(1,1,1),76:(1,1,1),77:(1,1,1),78:(1,1,1)]
2026-09-12 16:19:01.727 NATIVE STAIN FIELD DIAG generation=389 node=67817E40 control=6776B7C0 changes=N+0x3c:0005e8c7>0005e8d1(5.426823e-040>5.426963e-040) totals=(node:1,control:0)
2026-09-12 16:19:01.792 ejaculation audio finished person=2 emission=5 pulse=6 path="C:\Users\ErolB\Desktop\Games\TK17\The Klub 17\Extensions\Liquids\Sounds\Ejaculation\Default\cum05.mp3"
2026-09-12 16:19:01.821 liquid world emitter sample person=2 emission=5 position=(-1.24150,0.85200,-1.80267) direction=(-0.35827,0.92939,0.08874) source=rebuilt-joint-local-hierarchy
2026-09-12 16:19:01.835 NATIVE STAIN ANIMATION DIAG generation=389 emission=5 particle=2740 sample_ms=828 update=32b904e0 descriptor=5844bca0 descriptor_checksum=8020c841 group_index=0 group=57e00840 group_checksum=bb64a5e5 counts=(nodes:79,controls:68,weights:79,vectors:79) nodes=[73:67816800:e907f766:"",74:67816C40:911ca630:"",75:67816DC0:c0d654fe:"",76:67817CC0:d435c5f0:"",77:67816E60:097caff3:"",78:67817E40:e7a331f7:""] controls=[62:5821B480:d6a35500:"",63:5821B300:f42eed30:"",64:5821B980:a84f7b3e:"",65:5821C160:93a051c5:"",66:5821C340:45004b93:"",67:5821C2A0:8fc43d0b:""] weights=[69:1,70:1,71:1,72:1,73:1,74:1,75:1,76:1,77:1,78:1] vectors=[73:(1,1,1),74:(1,1,1),75:(1,1,1),76:(1,1,1),77:(1,1,1),78:(1,1,1)]
2026-09-12 16:19:01.835 NATIVE STAIN FIELD DIAG generation=389 node=67817E40 control=6776B7C0 changes=N+0x3c:0005e8d1>0005e8da(5.426963e-040>5.427089e-040) totals=(node:1,control:0)
2026-09-12 16:19:01.863 testicular retraction live write person=2 control=4aa2ebe0 input=0.265 baseline=0.000 contribution=0.265 output=0.265
2026-09-12 16:19:01.885 liquid native update performance version=0.8.12-decal-freeze-performance samples=85 native_and_pick_ms=0.152 freeze_cleanup_ms=0.002 diagnostics_and_retraction_ms=0.183 peak_total_ms=3.303 tracked=68 freeze_hook=1
2026-09-12 16:19:01.951 NATIVE STAIN ANIMATION DIAG generation=389 emission=5 particle=2740 sample_ms=937 update=32b904e0 descriptor=5844bca0 descriptor_checksum=8020c841 group_index=0 group=57e00840 group_checksum=bb64a5e5 counts=(nodes:79,controls:68,weights:79,vectors:79) nodes=[73:67816800:15644809:"",74:67816C40:c50a614f:"",75:67816DC0:054d7af1:"",76:67817CC0:5203f50f:"",77:67816E60:2e331dfc:"",78:67817E40:7df0fe68:""] controls=[62:5821B480:d6a35500:"",63:5821B300:f42eed30:"",64:5821B980:a84f7b3e:"",65:5821C160:93a051c5:"",66:5821C340:45004b93:"",67:5821C2A0:9cf95d1b:""] weights=[69:1,70:1,71:1,72:1,73:1,74:1,75:1,76:1,77:1,78:1] vectors=[73:(1,1,1),74:(1,1,1),75:(1,1,1),76:(1,1,1),77:(1,1,1),78:(1,1,1)]
2026-09-12 16:19:01.951 NATIVE STAIN FIELD DIAG generation=389 node=67817E40 control=6776B7C0 changes=N+0x3c:0005e8da>0005e8e5(5.427089e-040>5.427243e-040) totals=(node:1,control:0)
2026-09-12 16:19:02.030 liquid native stain contact consumed source=confirmed particle=2747 emission=5 retry=0 result=0 count=1 native_hit=1 body_confirmed=0 retried=0 outcome=native-hit-attachment-unconfirmed
2026-09-12 16:19:02.072 NATIVE STAIN ANIMATION DIAG generation=390 emission=5 particle=2747 sample_ms=47 update=32b904e0 descriptor=5844bca0 descriptor_checksum=354c462f group_index=0 group=57e00840 group_checksum=9de79f35 counts=(nodes:81,controls:69,weights:81,vectors:81) nodes=[75:67816DC0:e2acf769:"",76:67817CC0:5330ba77:"",77:67816E60:5a8e72e4:"",78:67817E40:2a460170:"",79:67817880:02aefcfa:"",80:67817660:315715ff:""] controls=[63:5821B300:f42eed30:"",64:5821B980:a84f7b3e:"",65:5821C160:93a051c5:"",66:5821C340:45004b93:"",67:5821C2A0:8fc43d0b:"",68:5821D000:9ca33351:""] weights=[71:1,72:1,73:1,74:1,75:1,76:1,77:1,78:1,79:1,80:1] vectors=[75:(1,1,1),76:(1,1,1),77:(1,1,1),78:(1,1,1),79:(1,1,1),80:(1,1,1)]
2026-09-12 16:19:02.081 liquid world emitter sample person=2 emission=5 position=(-1.21801,0.85717,-1.79648) direction=(-0.07757,0.98697,0.14097) source=rebuilt-joint-local-hierarchy
2026-09-12 16:19:02.105 liquid native stain contact consumed source=confirmed particle=2749 emission=5 retry=0 result=0 count=1 native_hit=1 body_confirmed=0 retried=0 outcome=native-hit-attachment-unconfirmed
2026-09-12 16:19:02.119 testicular retraction live write person=2 control=4aa2ebe0 input=0.243 baseline=0.000 contribution=0.244 output=0.244
2026-09-12 16:19:02.142 liquid native stain contact consumed source=confirmed particle=2752 emission=5 retry=0 result=0 count=1 native_hit=1 body_confirmed=0 retried=0 outcome=native-hit-attachment-unconfirmed
2026-09-12 16:19:02.176 liquid native stain contact consumed source=confirmed particle=2756 emission=5 retry=0 result=0 count=1 native_hit=1 body_confirmed=0 retried=0 outcome=native-hit-attachment-unconfirmed
2026-09-12 16:19:02.177 NATIVE STAIN ANIMATION DIAG generation=393 emission=5 particle=2756 sample_ms=0 update=32b904e0 descriptor=5844bca0 descriptor_checksum=3e05b308 group_index=0 group=57e00840 group_checksum=9de79f35 counts=(nodes:84,controls:72,weights:84,vectors:84) nodes=[78:67817E40:5d62def8:"",79:67817880:e83730f2:"",80:67817660:e71e0277:"",81:678177C0:145e2c93:"",82:678175A0:e572e962:"",83:67817AA0:8f4194ed:""] controls=[66:5821C340:45004b93:"",67:5821C2A0:e00ff5d3:"",68:5821D000:f8340aa9:"",69:5821C700:5c56548e:"",70:58953F60:6839ed3d:"",71:58954600:3a6b5482:""] weights=[74:1,75:1,76:1,77:1,78:1,79:1,80:1,81:1,82:1,83:1] vectors=[78:(1,1,1),79:(1,1,1),80:(1,1,1),81:(1,1,1),82:(1,1,1),83:(1,1,1)]
2026-09-12 16:19:02.208 liquid native stain contact consumed source=confirmed particle=2768 emission=5 retry=0 result=0 count=1 native_hit=1 body_confirmed=0 retried=0 outcome=native-hit-attachment-unconfirmed
2026-09-12 16:19:02.238 liquid native stain contact consumed source=confirmed particle=2771 emission=5 retry=0 result=0 count=1 native_hit=1 body_confirmed=0 retried=0 outcome=native-hit-attachment-unconfirmed
2026-09-12 16:19:02.266 liquid native stain contact consumed source=confirmed particle=2776 emission=5 retry=0 result=0 count=1 native_hit=1 body_confirmed=0 retried=0 outcome=native-hit-attachment-unconfirmed
2026-09-12 16:19:02.291 liquid native stain contact consumed source=confirmed particle=2779 emission=5 retry=0 result=0 count=1 native_hit=1 body_confirmed=0 retried=0 outcome=native-hit-attachment-unconfirmed
2026-09-12 16:19:02.292 NATIVE STAIN ANIMATION DIAG generation=397 emission=5 particle=2779 sample_ms=0 update=32b904e0 descriptor=5844bca0 descriptor_checksum=1a2b3d43 group_index=0 group=57e00840 group_checksum=9de79f35 counts=(nodes:88,controls:76,weights:88,vectors:88) nodes=[82:678175A0:9e7a9a3a:"",83:67817AA0:7ef217f9:"",84:67817700:1eebb3c0:"",85:678179E0:8b929713:"",86:678170A0:fe6d48f1:"",87:67816F20:1f06c5e2:""] controls=[70:58953F60:6839ed3d:"",71:58954600:3a6b5482:"",72:5895AAE0:4d0e17d9:"",73:5895BC60:70501017:"",74:5895BB20:c77f06bd:"",75:5895B8A0:7481ce4b:""] weights=[78:1,79:1,80:1,81:1,82:1,83:1,84:1,85:1,86:1,87:1] vectors=[82:(1,1,1),83:(1,1,1),84:(1,1,1),85:(1,1,1),86:(1,1,1),87:(1,1,1)]
2026-09-12 16:19:02.326 liquid world emitter sample person=2 emission=5 position=(-1.24016,0.85230,-1.80347) direction=(-0.35495,0.93109,0.08412) source=rebuilt-joint-local-hierarchy
2026-09-12 16:19:02.331 liquid native stain contact consumed source=confirmed particle=2781 emission=5 retry=0 result=0 count=1 native_hit=1 body_confirmed=0 retried=0 outcome=native-hit-attachment-unconfirmed
2026-09-12 16:19:02.356 liquid native stain contact consumed source=confirmed particle=2783 emission=5 retry=0 result=0 count=1 native_hit=1 body_confirmed=0 retried=0 outcome=native-hit-attachment-unconfirmed
2026-09-12 16:19:02.368 testicular retraction live write person=2 control=4aa2ebe0 input=0.250 baseline=0.000 contribution=0.250 output=0.250
2026-09-12 16:19:02.401 liquid native stain contact consumed source=confirmed particle=2796 emission=5 retry=0 result=0 count=1 native_hit=1 body_confirmed=0 retried=0 outcome=native-hit-attachment-unconfirmed
2026-09-12 16:19:02.402 NATIVE STAIN ANIMATION DIAG generation=400 emission=5 particle=2796 sample_ms=0 update=32b904e0 descriptor=5844bca0 descriptor_checksum=f7572b14 group_index=0 group=57e00840 group_checksum=9de79f35 counts=(nodes:93,controls:79,weights:93,vectors:93) nodes=[87:67816F20:0b48f15e:"",88:678151A0:73798eed:"",89:67815600:8c0cd5b1:"",90:678149C0:678d3c6c:"",91:678144C0:d8e36657:"",92:67814BE0:7454eb27:""] controls=[73:5895BC60:b67f53a5:"",74:5895BB20:4c04eb36:"",75:5895B8A0:7481ce4b:"",76:5895B360:449572f8:"",77:5895C580:d3c7b1f5:"",78:5895C3E0:098e8a37:""] weights=[83:1,84:1,85:1,86:1,87:1,88:1,89:1,90:1,91:1,92:1] vectors=[87:(1,1,1),88:(1,1,1),89:(1,1,1),90:(1,1,1),91:(1,1,1),92:(1,1,1)]
2026-09-12 16:19:02.458 liquid native stain contact consumed source=confirmed particle=2800 emission=5 retry=0 result=0 count=1 native_hit=1 body_confirmed=0 retried=0 outcome=native-hit-attachment-unconfirmed
2026-09-12 16:19:02.513 NATIVE STAIN ANIMATION DIAG generation=401 emission=5 particle=2800 sample_ms=47 update=32b904e0 descriptor=5844bca0 descriptor_checksum=6aa5ded7 group_index=0 group=57e00840 group_checksum=9de79f35 counts=(nodes:94,controls:80,weights:94,vectors:94) nodes=[88:678151A0:0ce7f3bf:"",89:67815600:65f1257b:"",90:678149C0:2811c636:"",91:678144C0:1b40c785:"",92:67814BE0:ceb9c675:"",93:67815480:b01da49c:""] controls=[74:5895BB20:4c04eb36:"",75:5895B8A0:7481ce4b:"",76:5895B360:449572f8:"",77:5895C580:d3c7b1f5:"",78:5895C3E0:098e8a37:"",79:5895BF80:9a3ca5f6:""] weights=[84:1,85:1,86:1,87:1,88:1,89:1,90:1,91:1,92:1,93:1] vectors=[88:(1,1,1),89:(1,1,1),90:(1,1,1),91:(1,1,1),92:(1,1,1),93:(1,1,1)]
2026-09-12 16:19:02.574 liquid world emitter sample person=2 emission=5 position=(-1.21696,0.85721,-1.79700) direction=(-0.07194,0.98765,0.13920) source=rebuilt-joint-local-hierarchy
2026-09-12 16:19:02.615 NATIVE STAIN ANIMATION DIAG generation=401 emission=5 particle=2800 sample_ms=156 update=32b904e0 descriptor=5844bca0 descriptor_checksum=6aa5ded7 group_index=0 group=57e00840 group_checksum=9de79f35 counts=(nodes:94,controls:80,weights:94,vectors:94) nodes=[88:678151A0:66cc76a1:"",89:67815600:c65e37dd:"",90:678149C0:4ba3d5f8:"",91:678144C0:54679313:"",92:67814BE0:9e34f383:"",93:67815480:6bcd702a:""] controls=[74:5895BB20:4c04eb36:"",75:5895B8A0:7481ce4b:"",76:5895B360:449572f8:"",77:5895C580:d3c7b1f5:"",78:5895C3E0:098e8a37:"",79:5895BF80:9a3ca5f6:""] weights=[84:1,85:1,86:1,87:1,88:1,89:1,90:1,91:1,92:1,93:1] vectors=[88:(1,1,1),89:(1,1,1),90:(1,1,1),91:(1,1,1),92:(1,1,1),93:(1,1,1)]
2026-09-12 16:19:02.615 testicular retraction live write person=2 control=4aa2ebe0 input=0.250 baseline=0.000 contribution=0.250 output=0.250
2026-09-12 16:19:02.724 NATIVE STAIN ANIMATION DIAG generation=401 emission=5 particle=2800 sample_ms=265 update=32b904e0 descriptor=5844bca0 descriptor_checksum=6aa5ded7 group_index=0 group=57e00840 group_checksum=9de79f35 counts=(nodes:94,controls:80,weights:94,vectors:94) nodes=[88:678151A0:9f6ce98e:"",89:67815600:4cd835d2:"",90:678149C0:c1575627:"",91:678144C0:d884c15c:"",92:67814BE0:7ef7272c:"",93:67815480:04bdcec5:""] controls=[74:5895BB20:4c04eb36:"",75:5895B8A0:7481ce4b:"",76:5895B360:449572f8:"",77:5895C580:d3c7b1f5:"",78:5895C3E0:098e8a37:"",79:5895BF80:9a3ca5f6:""] weights=[84:1,85:1,86:1,87:1,88:1,89:1,90:1,91:1,92:1,93:1] vectors=[88:(1,1,1),89:(1,1,1),90:(1,1,1),91:(1,1,1),92:(1,1,1),93:(1,1,1)]
2026-09-12 16:19:02.822 liquid world emitter sample person=2 emission=5 position=(-1.24115,0.85208,-1.80288) direction=(-0.35749,0.92981,0.08751) source=rebuilt-joint-local-hierarchy
2026-09-12 16:19:02.838 NATIVE STAIN ANIMATION DIAG generation=401 emission=5 particle=2800 sample_ms=375 update=32b904e0 descriptor=5844bca0 descriptor_checksum=6aa5ded7 group_index=0 group=57e00840 group_checksum=9de79f35 counts=(nodes:94,controls:80,weights:94,vectors:94) nodes=[88:678151A0:d176c89f:"",89:67815600:1500335b:"",90:678149C0:909a2d96:"",91:678144C0:497e6aa5:"",92:67814BE0:9c4f1395:"",93:67815480:b676edfc:""] controls=[74:5895BB20:4c04eb36:"",75:5895B8A0:7481ce4b:"",76:5895B360:449572f8:"",77:5895C580:d3c7b1f5:"",78:5895C3E0:098e8a37:"",79:5895BF80:9a3ca5f6:""] weights=[84:1,85:1,86:1,87:1,88:1,89:1,90:1,91:1,92:1,93:1] vectors=[88:(1,1,1),89:(1,1,1),90:(1,1,1),91:(1,1,1),92:(1,1,1),93:(1,1,1)]
2026-09-12 16:19:02.838 NATIVE STAIN FIELD DIAG generation=401 outcome=baseline node=67815480 control=67753100
2026-09-12 16:19:02.838 memory snapshot label="native-stain-animation-node-baseline" address=67815480 words=7285a8d4,67751e40,7285a908,72894190,53487c40,4c0323e0,01fff0ad,00000000,00000000,00000000,5a0e1bca,00000000,670d2a00,72894230,00000000,0005e930,3f800000,3f800000,3f800000,3f800000,00000000,00000000,00000000,00000000
2026-09-12 16:19:02.839 memory snapshot label="native-stain-animation-control-baseline" address=67753100 words=72859ad4,61685374,72859adc,72894190,3f800000,00000000,72894170,00657061,3f006e6f,84dcd500,3fb857e8,84dce2b8,3f9fc2de,84dce700,3fbaba61,84dcf3d8,8c87fc83,80009d00,3fb6f6d6,84dd4088,3fb43bc0,84dd44d0,3fb0d7e5,00000000
2026-09-12 16:19:02.839 liquid deep string event="native-stain-animation-node" object=67815480 offset=0x03c pointer=0005e930 text="m"
2026-09-12 16:19:02.840 liquid deep string event="native-stain-animation-control" object=67753100 offset=0x01c pointer=00657061 text="?e"
2026-09-12 16:19:02.867 testicular retraction live write person=2 control=4aa2ebe0 input=0.050 baseline=0.000 contribution=0.043 output=0.043
2026-09-12 16:19:02.880 liquid native update performance version=0.8.12-decal-freeze-performance samples=85 native_and_pick_ms=0.487 freeze_cleanup_ms=0.014 diagnostics_and_retraction_ms=0.158 peak_total_ms=3.701 tracked=80 freeze_hook=1
2026-09-12 16:19:02.943 NATIVE STAIN ANIMATION DIAG generation=401 emission=5 particle=2800 sample_ms=484 update=32b904e0 descriptor=5844bca0 descriptor_checksum=6aa5ded7 group_index=0 group=57e00840 group_checksum=9de79f35 counts=(nodes:94,controls:80,weights:94,vectors:94) nodes=[88:678151A0:347e2a82:"",89:67815600:8fa642be:"",90:678149C0:77d850c3:"",91:678144C0:9a864308:"",92:67814BE0:d2e3dcb8:"",93:67815480:2ddef529:""] controls=[74:5895BB20:4c04eb36:"",75:5895B8A0:7481ce4b:"",76:5895B360:449572f8:"",77:5895C580:d3c7b1f5:"",78:5895C3E0:098e8a37:"",79:5895BF80:9a3ca5f6:""] weights=[84:1,85:1,86:1,87:1,88:1,89:1,90:1,91:1,92:1,93:1] vectors=[88:(1,1,1),89:(1,1,1),90:(1,1,1),91:(1,1,1),92:(1,1,1),93:(1,1,1)]
2026-09-12 16:19:02.943 NATIVE STAIN FIELD DIAG generation=401 node=67815480 control=67753100 changes=N+0x3c:0005e930>0005e939(5.428294e-040>5.42842e-040),C+0x48:3fb6f6d6>3fb836f2(1.429408>1.439177),C+0x50:3fb43bc0>3fb99b33(1.408073>1.450049),C+0x58:3fb0d7e5>3fb53668(1.381589>1.415723) totals=(node:1,control:3)
2026-09-12 16:19:03.069 NATIVE STAIN ANIMATION DIAG generation=401 emission=5 particle=2800 sample_ms=609 update=32b904e0 descriptor=5844bca0 descriptor_checksum=6aa5ded7 group_index=0 group=57e00840 group_checksum=9de79f35 counts=(nodes:94,controls:80,weights:94,vectors:94) nodes=[88:678151A0:80841cd9:"",89:67815600:568380a5:"",90:678149C0:76cbbc20:"",91:678144C0:07fb1d5b:"",92:67814BE0:6a682aab:"",93:67815480:5ae75232:""] controls=[74:5895BB20:4c04eb36:"",75:5895B8A0:7481ce4b:"",76:5895B360:449572f8:"",77:5895C580:d3c7b1f5:"",78:5895C3E0:098e8a37:"",79:5895BF80:9a3ca5f6:""] weights=[84:1,85:1,86:1,87:1,88:1,89:1,90:1,91:1,92:1,93:1] vectors=[88:(1,1,1),89:(1,1,1),90:(1,1,1),91:(1,1,1),92:(1,1,1),93:(1,1,1)]
2026-09-12 16:19:03.069 NATIVE STAIN FIELD DIAG generation=401 node=67815480 control=67753100 changes=N+0x3c:0005e939>0005e942(5.42842e-040>5.428546e-040),C+0x48:3fb836f2>3fb180b9(1.439177>1.386741),C+0x50:3fb99b33>3fbb44e6(1.450049>1.46304),C+0x58:3fb53668>3fb70ded(1.415723>1.430112) totals=(node:1,control:3)
2026-09-12 16:19:03.077 liquid world emitter sample person=2 emission=5 position=(-1.21741,0.85719,-1.79677) direction=(-0.07435,0.98735,0.14003) source=rebuilt-joint-local-hierarchy
2026-09-12 16:19:03.097 ejaculation audio started person=2 emission=5 pulse=7 volume=0.000 path="C:\Users\ErolB\Desktop\Games\TK17\The Klub 17\Extensions\Liquids\Sounds\Ejaculation\Default\cum03.mp3"
2026-09-12 16:19:03.097 testicular retraction pulse person=2 emission=5 pulse=7 baseline=0.000 start=-0.000 target=0.250
2026-09-12 16:19:03.109 testicular retraction applied person=2 emission=5 pulse=7 baseline=0.000 contribution=-0.000 output=0.000
2026-09-12 16:19:03.122 testicular retraction live write person=2 control=4aa2ebe0 input=0.000 baseline=0.000 contribution=0.255 output=0.255
2026-09-12 16:19:03.183 NATIVE STAIN ANIMATION DIAG generation=401 emission=5 particle=2800 sample_ms=718 update=32b904e0 descriptor=5844bca0 descriptor_checksum=6aa5ded7 group_index=0 group=57e00840 group_checksum=9de79f35 counts=(nodes:94,controls:80,weights:94,vectors:94) nodes=[88:678151A0:23e07cf1:"",89:67815600:045e422d:"",90:678149C0:43933588:"",91:678144C0:82056643:"",92:67814BE0:4c3e22d3:"",93:67815480:3c9a753a:""] controls=[74:5895BB20:4c04eb36:"",75:5895B8A0:7481ce4b:"",76:5895B360:449572f8:"",77:5895C580:d3c7b1f5:"",78:5895C3E0:098e8a37:"",79:5895BF80:9a3ca5f6:""] weights=[84:1,85:1,86:1,87:1,88:1,89:1,90:1,91:1,92:1,93:1] vectors=[88:(1,1,1),89:(1,1,1),90:(1,1,1),91:(1,1,1),92:(1,1,1),93:(1,1,1)]
2026-09-12 16:19:03.183 NATIVE STAIN FIELD DIAG generation=401 node=67815480 control=67753100 changes=N+0x3c:0005e942>0005e94a(5.428546e-040>5.428658e-040),C+0x44:80009d00>8c009d00(-5.632099e-041>-9.908007e-032),C+0x48:3fb180b9>69451e88(1.386741>1.489391e+025),C+0x4c:84dd4088>67753148(-5.201611e-036>1.157889e+024),C+0x50:3fbb44e6>00000003(1.46304>4.203895e-045),C+0x54:84dd44d0>69451e5c(-5.202004e-036>1.489386e+025),C+0x58:3fb70ded>ffffffff(1.430112>0),C+0x5c:00000000>ffffffff(0>0) totals=(node:1,control:7)
2026-09-12 16:19:03.294 NATIVE STAIN ANIMATION DIAG generation=401 emission=5 particle=2800 sample_ms=828 update=32b904e0 descriptor=5844bca0 descriptor_checksum=6aa5ded7 group_index=0 group=57e00840 group_checksum=9de79f35 counts=(nodes:94,controls:80,weights:94,vectors:94) nodes=[88:678151A0:fbbe50a3:"",89:67815600:85077377:"",90:678149C0:45acd5e2:"",91:678144C0:fc461891:"",92:67814BE0:e132f781:"",93:67815480:40a20710:""] controls=[74:5895BB20:4c04eb36:"",75:5895B8A0:7481ce4b:"",76:5895B360:449572f8:"",77:5895C580:d3c7b1f5:"",78:5895C3E0:098e8a37:"",79:5895BF80:9a3ca5f6:""] weights=[84:1,85:1,86:1,87:1,88:1,89:1,90:1,91:1,92:1,93:1] vectors=[88:(1,1,1),89:(1,1,1),90:(1,1,1),91:(1,1,1),92:(1,1,1),93:(1,1,1)]
2026-09-12 16:19:03.295 NATIVE STAIN FIELD DIAG generation=401 node=67815480 control=67753100 changes=N+0x3c:0005e94a>0005e954(5.428658e-040>5.428798e-040) totals=(node:1,control:0)
2026-09-12 16:19:03.302 ejaculation audio finished person=2 emission=5 pulse=7 path="C:\Users\ErolB\Desktop\Games\TK17\The Klub 17\Extensions\Liquids\Sounds\Ejaculation\Default\cum03.mp3"
2026-09-12 16:19:03.320 liquid world emitter sample person=2 emission=5 position=(-1.24204,0.85188,-1.80232) direction=(-0.35930,0.92880,0.09068) source=rebuilt-joint-local-hierarchy
2026-09-12 16:19:03.362 testicular retraction live write person=2 control=4aa2ebe0 input=0.265 baseline=0.000 contribution=0.265 output=0.265
2026-09-12 16:19:03.402 NATIVE STAIN ANIMATION DIAG generation=401 emission=5 particle=2800 sample_ms=937 update=32b904e0 descriptor=5844bca0 descriptor_checksum=6aa5ded7 group_index=0 group=57e00840 group_checksum=9de79f35 counts=(nodes:94,controls:80,weights:94,vectors:94) nodes=[88:678151A0:6dbe04f6:"",89:67815600:a149d7ea:"",90:678149C0:03f1117f:"",91:678144C0:e4424af4:"",92:67814BE0:9df1e564:"",93:67815480:71d2949d:""] controls=[74:5895BB20:4c04eb36:"",75:5895B8A0:7481ce4b:"",76:5895B360:449572f8:"",77:5895C580:d3c7b1f5:"",78:5895C3E0:098e8a37:"",79:5895BF80:9a3ca5f6:""] weights=[84:1,85:1,86:1,87:1,88:1,89:1,90:1,91:1,92:1,93:1] vectors=[88:(1,1,1),89:(1,1,1),90:(1,1,1),91:(1,1,1),92:(1,1,1),93:(1,1,1)]
2026-09-12 16:19:03.403 NATIVE STAIN FIELD DIAG generation=401 node=67815480 control=67753100 changes=N+0x3c:0005e954>0005e95d(5.428798e-040>5.428925e-040),C+0x44:8c009d00>80009d00(-9.908007e-032>-5.632099e-041),C+0x48:69451e88>3fa811fa(1.489391e+025>1.313049),C+0x4c:67753148>84dd4088(1.157889e+024>-5.201611e-036),C+0x50:00000003>3fb49ef0(4.203895e-045>1.4111),C+0x54:69451e5c>84dd44d0(1.489386e+025>-5.202004e-036),C+0x58:ffffffff>3fb38054(0>1.402354),C+0x5c:ffffffff>00000000(0>0) totals=(node:1,control:7)
2026-09-12 16:19:03.506 NATIVE STAIN ANIMATION DIAG generation=401 emission=5 particle=2800 sample_ms=1047 update=32b904e0 descriptor=5844bca0 descriptor_checksum=6aa5ded7 group_index=0 group=57e00840 group_checksum=9de79f35 counts=(nodes:94,controls:80,weights:94,vectors:94) nodes=[88:678151A0:73d308e8:"",89:67815600:c4d9c00c:"",90:678149C0:d2ae69d1:"",91:678144C0:b2acbda2:"",92:67814BE0:3775e9f2:"",93:67815480:bf4d72eb:""] controls=[74:5895BB20:4c04eb36:"",75:5895B8A0:7481ce4b:"",76:5895B360:449572f8:"",77:5895C580:d3c7b1f5:"",78:5895C3E0:098e8a37:"",79:5895BF80:9a3ca5f6:""] weights=[84:1,85:1,86:1,87:1,88:1,89:1,90:1,91:1,92:1,93:1] vectors=[88:(1,1,1),89:(1,1,1),90:(1,1,1),91:(1,1,1),92:(1,1,1),93:(1,1,1)]
2026-09-12 16:19:03.507 NATIVE STAIN FIELD DIAG generation=401 node=67815480 control=67753100 changes=N+0x3c:0005e95d>0005e967(5.428925e-040>5.429065e-040),C+0x48:3fa811fa>3fa6552c(1.313049>1.299474),C+0x50:3fb49ef0>3fb37f39(1.4111>1.40232),C+0x58:3fb38054>3fb2ca0f(1.402354>1.396791) totals=(node:1,control:3)
2026-09-12 16:19:03.530 liquid native stain contact consumed source=confirmed particle=2807 emission=5 retry=0 result=0 count=1 native_hit=1 body_confirmed=0 retried=0 outcome=native-hit-attachment-unconfirmed
2026-09-12 16:19:03.562 liquid native stain contact consumed source=confirmed particle=2808 emission=5 retry=0 result=0 count=1 native_hit=1 body_confirmed=0 retried=0 outcome=native-hit-attachment-unconfirmed
2026-09-12 16:19:03.571 liquid world emitter sample person=2 emission=5 position=(-1.21582,0.85728,-1.79759) direction=(-0.06590,0.98842,0.13670) source=rebuilt-joint-local-hierarchy
2026-09-12 16:19:03.588 liquid native stain contact consumed source=confirmed particle=2810 emission=5 retry=0 result=0 count=1 native_hit=1 body_confirmed=0 retried=0 outcome=native-hit-attachment-unconfirmed
2026-09-12 16:19:03.620 liquid native stain contact consumed source=confirmed particle=2811 emission=5 retry=0 result=0 count=1 native_hit=1 body_confirmed=0 retried=0 outcome=native-hit-attachment-unconfirmed
2026-09-12 16:19:03.622 NATIVE STAIN ANIMATION DIAG generation=405 emission=5 particle=2811 sample_ms=0 update=32b904e0 descriptor=5844bca0 descriptor_checksum=89481a30 group_index=0 group=57e00840 group_checksum=9de79f35 counts=(nodes:100,controls:84,weights:100,vectors:100) nodes=[94:678141E0:bfe41e22:"",95:67814B40:0f72e44d:"",96:67814E20:b2184426:"",97:67814340:1f1f8996:"",98:67814580:ef1fa491:"",99:67815320:34a9b50f:""] controls=[78:5895C3E0:098e8a37:"",79:5895BF80:9a3ca5f6:"",80:5895D060:2196ea27:"",81:589539C0:459d9368:"",82:57E911A0:e85e206c:"",83:57E9CA00:8c2ce2a5:""] weights=[90:1,91:1,92:1,93:1,94:1,95:1,96:1,97:1,98:1,99:1] vectors=[94:(1,1,1),95:(1,1,1),96:(1,1,1),97:(1,1,1),98:(1,1,1),99:(1,1,1)]
2026-09-12 16:19:03.622 testicular retraction live write person=2 control=4aa2ebe0 input=0.243 baseline=0.000 contribution=0.244 output=0.244
2026-09-12 16:19:03.663 liquid native stain contact consumed source=confirmed particle=2813 emission=5 retry=0 result=0 count=1 native_hit=1 body_confirmed=0 retried=0 outcome=native-hit-attachment-unconfirmed
2026-09-12 16:19:03.699 liquid native stain contact consumed source=confirmed particle=2823 emission=5 retry=0 result=0 count=1 native_hit=1 body_confirmed=0 retried=0 outcome=native-hit-attachment-unconfirmed
2026-09-12 16:19:03.721 NATIVE STAIN ANIMATION DIAG generation=407 emission=5 particle=2823 sample_ms=31 update=32b904e0 descriptor=5844bca0 descriptor_checksum=8dea9f8d group_index=0 group=57e00840 group_checksum=9de79f35 counts=(nodes:102,controls:86,weights:102,vectors:102) nodes=[96:67814E20:dfe4570e:"",97:67814340:3363093e:"",98:67814580:0a7fd179:"",99:67815320:28ed4ee5:"",100:67814A80:af6b4fa2:"",101:67814060:3fe4ece2:""] controls=[80:5895D060:2196ea27:"",81:589539C0:459d9368:"",82:57E911A0:e85e206c:"",83:57E9CA00:8c2ce2a5:"",84:57E9D220:bbe0d03b:"",85:57E9CEA0:822adbcc:""] weights=[92:1,93:1,94:1,95:1,96:1,97:1,98:1,99:1,100:1,101:1] vectors=[96:(1,1,1),97:(1,1,1),98:(1,1,1),99:(1,1,1),100:(1,1,1),101:(1,1,1)]
2026-09-12 16:19:03.734 liquid native stain contact consumed source=confirmed particle=2829 emission=5 retry=0 result=0 count=1 native_hit=1 body_confirmed=0 retried=0 outcome=native-hit-attachment-unconfirmed
2026-09-12 16:19:03.794 liquid native stain contact consumed source=confirmed particle=2832 emission=5 retry=0 result=0 count=1 native_hit=1 body_confirmed=0 retried=0 outcome=native-hit-attachment-unconfirmed
2026-09-12 16:19:03.822 liquid world emitter sample person=2 emission=5 position=(-1.24131,0.85204,-1.80278) direction=(-0.35785,0.92962,0.08807) source=rebuilt-joint-local-hierarchy
2026-09-12 16:19:03.829 liquid native stain contact consumed source=confirmed particle=2834 emission=5 retry=0 result=0 count=1 native_hit=1 body_confirmed=0 retried=0 outcome=native-hit-attachment-unconfirmed
2026-09-12 16:19:03.831 NATIVE STAIN ANIMATION DIAG generation=410 emission=5 particle=2834 sample_ms=16 update=32b904e0 descriptor=5844bca0 descriptor_checksum=fa8e3fa1 group_index=0 group=57e00840 group_checksum=09f42a5f counts=(nodes:106,controls:89,weights:106,vectors:106) nodes=[100:67814A80:7fdfb955:"",101:67814060:dbe3d595:"",102:67814620:743c12c7:"",103:678142A0:e52abe98:"",104:67815260:13af031e:"",105:67815540:d62af931:""] controls=[83:57E9CA00:8c2ce2a5:"",84:57E9D220:bbe0d03b:"",85:57E9CEA0:822adbcc:"",86:589D9920:718f3574:"",87:589D9BA0:3a1576ef:"",88:56FFBEE0:a9ed880b:""] weights=[96:1,97:1,98:1,99:1,100:1,101:1,102:1,103:1,104:1,105:1] vectors=[100:(1,1,1),101:(1,1,1),102:(1,1,1),103:(1,1,1),104:(1,1,1),105:(1,1,1)]
2026-09-12 16:19:03.856 liquid native stain contact consumed source=confirmed particle=2843 emission=5 retry=0 result=0 count=1 native_hit=1 body_confirmed=0 retried=0 outcome=native-hit-attachment-unconfirmed
2026-09-12 16:19:03.870 testicular retraction live write person=2 control=4aa2ebe0 input=0.250 baseline=0.000 contribution=0.250 output=0.250
2026-09-12 16:19:03.879 liquid native update performance version=0.8.12-decal-freeze-performance samples=80 native_and_pick_ms=0.441 freeze_cleanup_ms=0.016 diagnostics_and_retraction_ms=0.171 peak_total_ms=3.940 tracked=90 freeze_hook=1
2026-09-12 16:19:03.940 liquid native stain transform particle=2847 frame=001af5c4 descriptor=5844bca0 descriptor_scale=(1.00000,1.00000,1.00000) custom_hit_view=(-0.06541,-0.08926,-1.25840) custom_ray_view=(-0.06360,-0.02495,-1.21218)->(-0.02293,-0.81188,-0.58338)
2026-09-12 16:19:03.940 liquid native stain contact consumed source=confirmed particle=2847 emission=5 retry=0 result=0 count=1 native_hit=1 body_confirmed=1 retried=0 outcome=native-model-hit-impact-ray
2026-09-12 16:19:03.942 NATIVE STAIN ANIMATION DIAG generation=412 emission=5 particle=2847 sample_ms=0 update=32b904e0 descriptor=5844bca0 descriptor_checksum=401c15eb group_index=0 group=57e00840 group_checksum=09f42a5f counts=(nodes:109,controls:91,weights:109,vectors:109) nodes=[103:678142A0:920b92cf:"",104:67815260:708a9450:"",105:67815540:fb8b6a57:"",106:581D4D60:b02b3b7d:"",107:85B8A220:d1cd6bab:"",108:85B8AC40:37fb7762:""] controls=[85:57E9CEA0:822adbcc:"",86:589D9920:718f3574:"",87:589D9BA0:3a1576ef:"",88:56FFBEE0:a9ed880b:"",89:57E9CE00:68069c2f:"",90:582273C0:b8482851:""] weights=[99:1,100:1,101:1,102:1,103:1,104:1,105:1,106:1,107:1,108:1] vectors=[103:(1,1,1),104:(1,1,1),105:(1,1,1),106:(1,1,1),107:(1,1,1),108:(1,1,1)]
2026-09-12 16:19:04.066 NATIVE STAIN ANIMATION DIAG generation=412 emission=5 particle=2847 sample_ms=125 update=32b904e0 descriptor=5844bca0 descriptor_checksum=401c15eb group_index=0 group=57e00840 group_checksum=09f42a5f counts=(nodes:109,controls:91,weights:109,vectors:109) nodes=[103:678142A0:93385837:"",104:67815260:3d308548:"",105:67815540:99b07eef:"",106:581D4D60:0f3f8c85:"",107:85B8A220:b0c0d201:"",108:85B8AC40:c6c2c994:""] controls=[85:57E9CEA0:822adbcc:"",86:589D9920:718f3574:"",87:589D9BA0:3a1576ef:"",88:56FFBEE0:a9ed880b:"",89:57E9CE00:68069c2f:"",90:582273C0:b8482851:""] weights=[99:1,100:1,101:1,102:1,103:1,104:1,105:1,106:1,107:1,108:1] vectors=[103:(1,1,1),104:(1,1,1),105:(1,1,1),106:(1,1,1),107:(1,1,1),108:(1,1,1)]
2026-09-12 16:19:04.115 testicular retraction live write person=2 control=4aa2ebe0 input=0.250 baseline=0.000 contribution=0.250 output=0.250
2026-09-12 16:19:04.176 NATIVE STAIN ANIMATION DIAG generation=412 emission=5 particle=2847 sample_ms=234 update=32b904e0 descriptor=5844bca0 descriptor_checksum=401c15eb group_index=0 group=57e00840 group_checksum=09f42a5f counts=(nodes:109,controls:91,weights:109,vectors:109) nodes=[103:678142A0:33c67304:"",104:67815260:9a7d474b:"",105:67815540:da7cae0c:"",106:581D4D60:9e200ace:"",107:85B8A220:dc9c5d8a:"",108:85B8AC40:9e7929c7:""] controls=[85:57E9CEA0:822adbcc:"",86:589D9920:718f3574:"",87:589D9BA0:3a1576ef:"",88:56FFBEE0:a9ed880b:"",89:57E9CE00:68069c2f:"",90:582273C0:b8482851:""] weights=[99:1,100:1,101:1,102:1,103:1,104:1,105:1,106:1,107:1,108:1] vectors=[103:(1,1,1),104:(1,1,1),105:(1,1,1),106:(1,1,1),107:(1,1,1),108:(1,1,1)]
2026-09-12 16:19:04.285 NATIVE STAIN ANIMATION DIAG generation=412 emission=5 particle=2847 sample_ms=344 update=32b904e0 descriptor=5844bca0 descriptor_checksum=401c15eb group_index=0 group=57e00840 group_checksum=09f42a5f counts=(nodes:109,controls:91,weights:109,vectors:109) nodes=[103:678142A0:2763a045:"",104:67815260:b4f0c98a:"",105:67815540:b1f7499d:"",106:581D4D60:6c012277:"",107:85B8A220:c228db4b:"",108:85B8AC40:0dee35be:""] controls=[85:57E9CEA0:822adbcc:"",86:589D9920:718f3574:"",87:589D9BA0:3a1576ef:"",88:56FFBEE0:a9ed880b:"",89:57E9CE00:68069c2f:"",90:582273C0:b8482851:""] weights=[99:1,100:1,101:1,102:1,103:1,104:1,105:1,106:1,107:1,108:1] vectors=[103:(1,1,1),104:(1,1,1),105:(1,1,1),106:(1,1,1),107:(1,1,1),108:(1,1,1)]
2026-09-12 16:19:04.286 NATIVE STAIN FIELD DIAG generation=412 outcome=baseline node=85b8ac40 control=676907e0
2026-09-12 16:19:04.286 memory snapshot label="native-stain-animation-node-baseline" address=85B8AC40 words=7285a8d4,67690700,7285a908,72894190,5348b500,4c0323e0,01fff0ad,00000000,00000000,00000000,5a0e1bca,00000000,670d4240,72894230,00000000,0005e9a6,3f800000,3f800000,3f800000,3f800000,00000000,00000000,00000000,00000000
2026-09-12 16:19:04.287 memory snapshot label="native-stain-animation-control-baseline" address=676907E0 words=72859ad4,61705379,72859adc,72894190,3f800000,00000000,72894170,74007265,3f006e6f,84dcd500,3fa8d510,84dce2b8,3fa86e87,84dce700,3fa71e56,84dcf3d8,b92b7baf,8d045a00,00000000,00000000,00000000,00000000,00000000,67690828
2026-09-12 16:19:04.287 liquid deep string event="native-stain-animation-node" object=85b8ac40 offset=0x03c pointer=0005e9a6 text="n"
2026-09-12 16:19:04.287 liquid deep links event="native-stain-animation-control" object=676907e0 named_or_string_links=0 scan_bytes=96
2026-09-12 16:19:04.364 testicular retraction live write person=2 control=4aa2ebe0 input=0.043 baseline=0.000 contribution=0.043 output=0.043
2026-09-12 16:19:04.400 NATIVE STAIN ANIMATION DIAG generation=412 emission=5 particle=2847 sample_ms=453 update=32b904e0 descriptor=5844bca0 descriptor_checksum=401c15eb group_index=0 group=57e00840 group_checksum=09f42a5f counts=(nodes:109,controls:91,weights:109,vectors:109) nodes=[103:678142A0:0debd481:"",104:67815260:a13f570e:"",105:67815540:00c35259:"",106:581D4D60:d7d4c80b:"",107:85B8A220:098355b7:"",108:85B8AC40:ae5fdcda:""] controls=[85:57E9CEA0:822adbcc:"",86:589D9920:718f3574:"",87:589D9BA0:3a1576ef:"",88:56FFBEE0:a9ed880b:"",89:57E9CE00:68069c2f:"",90:582273C0:b8482851:""] weights=[99:1,100:1,101:1,102:1,103:1,104:1,105:1,106:1,107:1,108:1] vectors=[103:(1,1,1),104:(1,1,1),105:(1,1,1),106:(1,1,1),107:(1,1,1),108:(1,1,1)]
2026-09-12 16:19:04.400 NATIVE STAIN FIELD DIAG generation=412 node=85B8AC40 control=676907E0 changes=N+0x3c:0005e9a6>0005e9b2(5.429947e-040>5.430116e-040) totals=(node:1,control:0)
2026-09-12 16:19:04.505 NATIVE STAIN ANIMATION DIAG generation=412 emission=5 particle=2847 sample_ms=563 update=32b904e0 descriptor=5844bca0 descriptor_checksum=401c15eb group_index=0 group=57e00840 group_checksum=09f42a5f counts=(nodes:109,controls:91,weights:109,vectors:109) nodes=[103:678142A0:8c39df3e:"",104:67815260:db4ea691:"",105:67815540:bf3f7f86:"",106:581D4D60:ca9d5754:"",107:85B8A220:a96b6f78:"",108:85B8AC40:ad8788c5:""] controls=[85:57E9CEA0:822adbcc:"",86:589D9920:718f3574:"",87:589D9BA0:3a1576ef:"",88:56FFBEE0:a9ed880b:"",89:57E9CE00:68069c2f:"",90:582273C0:b8482851:""] weights=[99:1,100:1,101:1,102:1,103:1,104:1,105:1,106:1,107:1,108:1] vectors=[103:(1,1,1),104:(1,1,1),105:(1,1,1),106:(1,1,1),107:(1,1,1),108:(1,1,1)]
2026-09-12 16:19:04.505 NATIVE STAIN FIELD DIAG generation=412 node=85B8AC40 control=676907E0 changes=N+0x3c:0005e9b2>0005e9bd(5.430116e-040>5.43027e-040) totals=(node:1,control:0)
2026-09-12 16:19:04.619 NATIVE STAIN ANIMATION DIAG generation=412 emission=5 particle=2847 sample_ms=672 update=32b904e0 descriptor=5844bca0 descriptor_checksum=401c15eb group_index=0 group=57e00840 group_checksum=09f42a5f counts=(nodes:109,controls:91,weights:109,vectors:109) nodes=[103:678142A0:9e7d2aba:"",104:67815260:767dc815:"",105:67815540:60395c02:"",106:581D4D60:a6c5a2d8:"",107:85B8A220:f5e0d8b4:"",108:85B8AC40:f36434e1:""] controls=[85:57E9CEA0:822adbcc:"",86:589D9920:718f3574:"",87:589D9BA0:3a1576ef:"",88:56FFBEE0:a9ed880b:"",89:57E9CE00:68069c2f:"",90:582273C0:b8482851:""] weights=[99:1,100:1,101:1,102:1,103:1,104:1,105:1,106:1,107:1,108:1] vectors=[103:(1,1,1),104:(1,1,1),105:(1,1,1),106:(1,1,1),107:(1,1,1),108:(1,1,1)]
2026-09-12 16:19:04.619 NATIVE STAIN FIELD DIAG generation=412 node=85B8AC40 control=676907E0 changes=N+0x3c:0005e9bd>0005e9c9(5.43027e-040>5.430438e-040) totals=(node:1,control:0)
2026-09-12 16:19:04.620 testicular retraction live write person=2 control=4aa2ebe0 input=0.000 baseline=0.000 contribution=-0.004 output=0.000
2026-09-12 16:19:04.729 NATIVE STAIN ANIMATION DIAG generation=412 emission=5 particle=2847 sample_ms=781 update=32b904e0 descriptor=5844bca0 descriptor_checksum=401c15eb group_index=0 group=57e00840 group_checksum=09f42a5f counts=(nodes:109,controls:91,weights:109,vectors:109) nodes=[103:678142A0:f46708f6:"",104:67815260:bd23dc59:"",105:67815540:e4decd0e:"",106:581D4D60:cd42644c:"",107:85B8A220:0a692970:"",108:85B8AC40:82a6352d:""] controls=[85:57E9CEA0:822adbcc:"",86:589D9920:718f3574:"",87:589D9BA0:3a1576ef:"",88:56FFBEE0:a9ed880b:"",89:57E9CE00:68069c2f:"",90:582273C0:b8482851:""] weights=[99:1,100:1,101:1,102:1,103:1,104:1,105:1,106:1,107:1,108:1] vectors=[103:(1,1,1),104:(1,1,1),105:(1,1,1),106:(1,1,1),107:(1,1,1),108:(1,1,1)]
2026-09-12 16:19:04.730 NATIVE STAIN FIELD DIAG generation=412 node=85B8AC40 control=676907E0 changes=N+0x3c:0005e9c9>0005e9d5(5.430438e-040>5.430606e-040) totals=(node:1,control:0)
2026-09-12 16:19:04.840 NATIVE STAIN ANIMATION DIAG generation=412 emission=5 particle=2847 sample_ms=891 update=32b904e0 descriptor=5844bca0 descriptor_checksum=401c15eb group_index=0 group=57e00840 group_checksum=09f42a5f counts=(nodes:109,controls:91,weights:109,vectors:109) nodes=[103:678142A0:dea9cde7:"",104:67815260:52e99898:"",105:67815540:ebdd2d3f:"",106:581D4D60:771fec55:"",107:85B8A220:4d3e1471:"",108:85B8AC40:bea0d6a4:""] controls=[85:57E9CEA0:822adbcc:"",86:589D9920:718f3574:"",87:589D9BA0:3a1576ef:"",88:56FFBEE0:a9ed880b:"",89:57E9CE00:68069c2f:"",90:582273C0:b8482851:""] weights=[99:1,100:1,101:1,102:1,103:1,104:1,105:1,106:1,107:1,108:1] vectors=[103:(1,1,1),104:(1,1,1),105:(1,1,1),106:(1,1,1),107:(1,1,1),108:(1,1,1)]
2026-09-12 16:19:04.840 NATIVE STAIN FIELD DIAG generation=412 node=85B8AC40 control=676907E0 changes=N+0x3c:0005e9d5>0005e9e0(5.430606e-040>5.43076e-040) totals=(node:1,control:0)
2026-09-12 16:19:04.881 liquid native update performance version=0.8.12-decal-freeze-performance samples=97 native_and_pick_ms=0.098 freeze_cleanup_ms=0.002 diagnostics_and_retraction_ms=0.173 peak_total_ms=4.478 tracked=91 freeze_hook=1
2026-09-12 16:19:04.951 NATIVE STAIN ANIMATION DIAG generation=412 emission=5 particle=2847 sample_ms=1000 update=32b904e0 descriptor=5844bca0 descriptor_checksum=401c15eb group_index=0 group=57e00840 group_checksum=09f42a5f counts=(nodes:109,controls:91,weights:109,vectors:109) nodes=[103:678142A0:07292534:"",104:67815260:9f93261b:"",105:67815540:f042599c:"",106:581D4D60:7c6cfd5e:"",107:85B8A220:60cb483a:"",108:85B8AC40:64306f57:""] controls=[85:57E9CEA0:822adbcc:"",86:589D9920:718f3574:"",87:589D9BA0:3a1576ef:"",88:56FFBEE0:a9ed880b:"",89:57E9CE00:68069c2f:"",90:582273C0:b8482851:""] weights=[99:1,100:1,101:1,102:1,103:1,104:1,105:1,106:1,107:1,108:1] vectors=[103:(1,1,1),104:(1,1,1),105:(1,1,1),106:(1,1,1),107:(1,1,1),108:(1,1,1)]
2026-09-12 16:19:04.951 NATIVE STAIN FIELD DIAG generation=412 node=85B8AC40 control=676907E0 changes=N+0x3c:0005e9e0>0005e9eb(5.43076e-040>5.430914e-040) totals=(node:1,control:0)
2026-09-12 16:19:05.067 NATIVE STAIN ANIMATION DIAG generation=412 emission=5 particle=2847 sample_ms=1125 update=32b904e0 descriptor=5844bca0 descriptor_checksum=401c15eb group_index=0 group=57e00840 group_checksum=09f42a5f counts=(nodes:109,controls:91,weights:109,vectors:109) nodes=[103:678142A0:50d3529b:"",104:67815260:ce3544b4:"",105:67815540:ca861073:"",106:581D4D60:730684b1:"",107:85B8A220:9e295c15:"",108:85B8AC40:e2ad0d68:""] controls=[85:57E9CEA0:822adbcc:"",86:589D9920:718f3574:"",87:589D9BA0:3a1576ef:"",88:56FFBEE0:a9ed880b:"",89:57E9CE00:68069c2f:"",90:582273C0:b8482851:""] weights=[99:1,100:1,101:1,102:1,103:1,104:1,105:1,106:1,107:1,108:1] vectors=[103:(1,1,1),104:(1,1,1),105:(1,1,1),106:(1,1,1),107:(1,1,1),108:(1,1,1)]
2026-09-12 16:19:05.067 NATIVE STAIN FIELD DIAG generation=412 node=85B8AC40 control=676907E0 changes=N+0x3c:0005e9eb>0005e9f4(5.430914e-040>5.43104e-040) totals=(node:1,control:0)
2026-09-12 16:19:05.181 NATIVE STAIN ANIMATION DIAG generation=412 emission=5 particle=2847 sample_ms=1234 update=32b904e0 descriptor=5844bca0 descriptor_checksum=401c15eb group_index=0 group=57e00840 group_checksum=09f42a5f counts=(nodes:109,controls:91,weights:109,vectors:109) nodes=[103:678142A0:62167b62:"",104:67815260:93ddc269:"",105:67815540:9b90807a:"",106:581D4D60:18459904:"",107:85B8A220:b2bdb3a0:"",108:85B8AC40:b3abe375:""] controls=[85:57E9CEA0:822adbcc:"",86:589D9920:718f3574:"",87:589D9BA0:3a1576ef:"",88:56FFBEE0:a9ed880b:"",89:57E9CE00:68069c2f:"",90:582273C0:b8482851:""] weights=[99:1,100:1,101:1,102:1,103:1,104:1,105:1,106:1,107:1,108:1] vectors=[103:(1,1,1),104:(1,1,1),105:(1,1,1),106:(1,1,1),107:(1,1,1),108:(1,1,1)]
2026-09-12 16:19:05.181 NATIVE STAIN FIELD DIAG generation=412 node=85B8AC40 control=676907E0 changes=N+0x3c:0005e9f4>0005ea00(5.43104e-040>5.431209e-040) totals=(node:1,control:0)
2026-09-12 16:19:05.290 NATIVE STAIN ANIMATION DIAG generation=412 emission=5 particle=2847 sample_ms=1344 update=32b904e0 descriptor=5844bca0 descriptor_checksum=401c15eb group_index=0 group=57e00840 group_checksum=09f42a5f counts=(nodes:109,controls:91,weights:109,vectors:109) nodes=[103:678142A0:2ac06685:"",104:67815260:5b5f2aa6:"",105:67815540:b8371b2d:"",106:581D4D60:abeebed3:"",107:85B8A220:d93e13bf:"",108:85B8AC40:ff0f2f52:""] controls=[85:57E9CEA0:822adbcc:"",86:589D9920:718f3574:"",87:589D9BA0:3a1576ef:"",88:56FFBEE0:a9ed880b:"",89:57E9CE00:68069c2f:"",90:582273C0:b8482851:""] weights=[99:1,100:1,101:1,102:1,103:1,104:1,105:1,106:1,107:1,108:1] vectors=[103:(1,1,1),104:(1,1,1),105:(1,1,1),106:(1,1,1),107:(1,1,1),108:(1,1,1)]
2026-09-12 16:19:05.291 NATIVE STAIN FIELD DIAG generation=412 node=85B8AC40 control=676907E0 changes=N+0x3c:0005ea00>0005ea0b(5.431209e-040>5.431363e-040) totals=(node:1,control:0)
2026-09-12 16:19:05.398 NATIVE STAIN ANIMATION DIAG generation=412 emission=5 particle=2847 sample_ms=1453 update=32b904e0 descriptor=5844bca0 descriptor_checksum=401c15eb group_index=0 group=57e00840 group_checksum=09f42a5f counts=(nodes:109,controls:91,weights:109,vectors:109) nodes=[103:678142A0:2c74d764:"",104:67815260:9a91eadf:"",105:67815540:ea3b031c:"",106:581D4D60:814d6f02:"",107:85B8A220:e59e6006:"",108:85B8AC40:2d82d203:""] controls=[85:57E9CEA0:822adbcc:"",86:589D9920:718f3574:"",87:589D9BA0:3a1576ef:"",88:56FFBEE0:a9ed880b:"",89:57E9CE00:68069c2f:"",90:582273C0:b8482851:""] weights=[99:1,100:1,101:1,102:1,103:1,104:1,105:1,106:1,107:1,108:1] vectors=[103:(1,1,1),104:(1,1,1),105:(1,1,1),106:(1,1,1),107:(1,1,1),108:(1,1,1)]
2026-09-12 16:19:05.398 NATIVE STAIN FIELD DIAG generation=412 node=85B8AC40 control=676907E0 changes=N+0x3c:0005ea0b>0005ea16(5.431363e-040>5.431517e-040) totals=(node:1,control:0)
2026-09-12 16:19:05.508 NATIVE STAIN ANIMATION DIAG generation=412 emission=5 particle=2847 sample_ms=1563 update=32b904e0 descriptor=5844bca0 descriptor_checksum=401c15eb group_index=0 group=57e00840 group_checksum=09f42a5f counts=(nodes:109,controls:91,weights:109,vectors:109) nodes=[103:678142A0:245b95b7:"",104:67815260:a4fab14c:"",105:67815540:f3ac90cf:"",106:581D4D60:3c416001:"",107:85B8A220:5e432edd:"",108:85B8AC40:726f2638:""] controls=[85:57E9CEA0:822adbcc:"",86:589D9920:718f3574:"",87:589D9BA0:3a1576ef:"",88:56FFBEE0:a9ed880b:"",89:57E9CE00:68069c2f:"",90:582273C0:b8482851:""] weights=[99:1,100:1,101:1,102:1,103:1,104:1,105:1,106:1,107:1,108:1] vectors=[103:(1,1,1),104:(1,1,1),105:(1,1,1),106:(1,1,1),107:(1,1,1),108:(1,1,1)]
2026-09-12 16:19:05.508 NATIVE STAIN FIELD DIAG generation=412 node=85B8AC40 control=676907E0 changes=N+0x3c:0005ea16>0005ea21(5.431517e-040>5.431671e-040) totals=(node:1,control:0)
2026-09-12 16:19:05.621 NATIVE STAIN ANIMATION DIAG generation=412 emission=5 particle=2847 sample_ms=1672 update=32b904e0 descriptor=5844bca0 descriptor_checksum=401c15eb group_index=0 group=57e00840 group_checksum=09f42a5f counts=(nodes:109,controls:91,weights:109,vectors:109) nodes=[103:678142A0:3509bc63:"",104:67815260:29d5ca10:"",105:67815540:d578dfcb:"",106:581D4D60:7f9c7035:"",107:85B8A220:6d5eb8b9:"",108:85B8AC40:05785344:""] controls=[85:57E9CEA0:822adbcc:"",86:589D9920:718f3574:"",87:589D9BA0:3a1576ef:"",88:56FFBEE0:a9ed880b:"",89:57E9CE00:68069c2f:"",90:582273C0:b8482851:""] weights=[99:1,100:1,101:1,102:1,103:1,104:1,105:1,106:1,107:1,108:1] vectors=[103:(1,1,1),104:(1,1,1),105:(1,1,1),106:(1,1,1),107:(1,1,1),108:(1,1,1)]
2026-09-12 16:19:05.621 NATIVE STAIN FIELD DIAG generation=412 node=85B8AC40 control=676907E0 changes=N+0x3c:0005ea21>0005ea2d(5.431671e-040>5.431839e-040) totals=(node:1,control:0)
2026-09-12 16:19:05.730 NATIVE STAIN ANIMATION DIAG generation=412 emission=5 particle=2847 sample_ms=1781 update=32b904e0 descriptor=5844bca0 descriptor_checksum=401c15eb group_index=0 group=57e00840 group_checksum=09f42a5f counts=(nodes:109,controls:91,weights:109,vectors:109) nodes=[103:678142A0:1e108d6f:"",104:67815260:a255a454:"",105:67815540:01365b17:"",106:581D4D60:a9daf579:"",107:85B8A220:2f12fc75:"",108:85B8AC40:37569aa0:""] controls=[85:57E9CEA0:822adbcc:"",86:589D9920:718f3574:"",87:589D9BA0:3a1576ef:"",88:56FFBEE0:a9ed880b:"",89:57E9CE00:68069c2f:"",90:582273C0:b8482851:""] weights=[99:1,100:1,101:1,102:1,103:1,104:1,105:1,106:1,107:1,108:1] vectors=[103:(1,1,1),104:(1,1,1),105:(1,1,1),106:(1,1,1),107:(1,1,1),108:(1,1,1)]
2026-09-12 16:19:05.730 NATIVE STAIN FIELD DIAG generation=412 node=85B8AC40 control=676907E0 changes=N+0x3c:0005ea2d>0005ea39(5.431839e-040>5.432007e-040) totals=(node:1,control:0)
2026-09-12 16:19:05.837 NATIVE STAIN ANIMATION DIAG generation=412 emission=5 particle=2847 sample_ms=1891 update=32b904e0 descriptor=5844bca0 descriptor_checksum=401c15eb group_index=0 group=57e00840 group_checksum=09f42a5f counts=(nodes:109,controls:91,weights:109,vectors:109) nodes=[103:678142A0:29877f5b:"",104:67815260:3f981c98:"",105:67815540:b236b413:"",106:581D4D60:872e226d:"",107:85B8A220:eb73ff71:"",108:85B8AC40:acf91eac:""] controls=[85:57E9CEA0:822adbcc:"",86:589D9920:718f3574:"",87:589D9BA0:3a1576ef:"",88:56FFBEE0:a9ed880b:"",89:57E9CE00:68069c2f:"",90:582273C0:b8482851:""] weights=[99:1,100:1,101:1,102:1,103:1,104:1,105:1,106:1,107:1,108:1] vectors=[103:(1,1,1),104:(1,1,1),105:(1,1,1),106:(1,1,1),107:(1,1,1),108:(1,1,1)]
2026-09-12 16:19:05.837 NATIVE STAIN FIELD DIAG generation=412 node=85B8AC40 control=676907E0 changes=N+0x3c:0005ea39>0005ea45(5.432007e-040>5.432176e-040) totals=(node:1,control:0)
2026-09-12 16:19:05.878 liquid native update performance version=0.8.12-decal-freeze-performance samples=101 native_and_pick_ms=0.052 freeze_cleanup_ms=0.000 diagnostics_and_retraction_ms=0.098 peak_total_ms=1.438 tracked=91 freeze_hook=1
2026-09-12 16:19:05.947 NATIVE STAIN ANIMATION DIAG generation=412 emission=5 particle=2847 sample_ms=2000 update=32b904e0 descriptor=5844bca0 descriptor_checksum=401c15eb group_index=0 group=57e00840 group_checksum=09f42a5f counts=(nodes:109,controls:91,weights:109,vectors:109) nodes=[103:678142A0:34b882c7:"",104:67815260:da0053bc:"",105:67815540:f531f5bf:"",106:581D4D60:113c6fb1:"",107:85B8A220:9c43392d:"",108:85B8AC40:cf5b9168:""] controls=[85:57E9CEA0:822adbcc:"",86:589D9920:718f3574:"",87:589D9BA0:3a1576ef:"",88:56FFBEE0:a9ed880b:"",89:57E9CE00:68069c2f:"",90:582273C0:b8482851:""] weights=[99:1,100:1,101:1,102:1,103:1,104:1,105:1,106:1,107:1,108:1] vectors=[103:(1,1,1),104:(1,1,1),105:(1,1,1),106:(1,1,1),107:(1,1,1),108:(1,1,1)]
2026-09-12 16:19:05.948 NATIVE STAIN FIELD DIAG generation=412 node=85B8AC40 control=676907E0 changes=N+0x3c:0005ea45>0005ea51(5.432176e-040>5.432344e-040) totals=(node:1,control:0)
2026-09-12 16:19:06.070 NATIVE STAIN ANIMATION DIAG generation=412 emission=5 particle=2847 sample_ms=2125 update=32b904e0 descriptor=5844bca0 descriptor_checksum=401c15eb group_index=0 group=57e00840 group_checksum=09f42a5f counts=(nodes:109,controls:91,weights:109,vectors:109) nodes=[103:678142A0:1a112418:"",104:67815260:030b57db:"",105:67815540:ceb195a0:"",106:581D4D60:86fd56fe:"",107:85B8A220:7f9c9e7a:"",108:85B8AC40:69db6017:""] controls=[85:57E9CEA0:822adbcc:"",86:589D9920:718f3574:"",87:589D9BA0:3a1576ef:"",88:56FFBEE0:a9ed880b:"",89:57E9CE00:68069c2f:"",90:582273C0:b8482851:""] weights=[99:1,100:1,101:1,102:1,103:1,104:1,105:1,106:1,107:1,108:1] vectors=[103:(1,1,1),104:(1,1,1),105:(1,1,1),106:(1,1,1),107:(1,1,1),108:(1,1,1)]
2026-09-12 16:19:06.070 NATIVE STAIN FIELD DIAG generation=412 node=85B8AC40 control=676907E0 changes=N+0x3c:0005ea51>0005ea5a(5.432344e-040>5.43247e-040) totals=(node:1,control:0)
2026-09-12 16:19:06.185 NATIVE STAIN ANIMATION DIAG generation=412 emission=5 particle=2847 sample_ms=2234 update=32b904e0 descriptor=5844bca0 descriptor_checksum=401c15eb group_index=0 group=57e00840 group_checksum=09f42a5f counts=(nodes:109,controls:91,weights:109,vectors:109) nodes=[103:678142A0:0e898994:"",104:67815260:6cc78faf:"",105:67815540:7cc1b1ec:"",106:581D4D60:67c0eb52:"",107:85B8A220:020047b6:"",108:85B8AC40:433d02d3:""] controls=[85:57E9CEA0:822adbcc:"",86:589D9920:718f3574:"",87:589D9BA0:3a1576ef:"",88:56FFBEE0:a9ed880b:"",89:57E9CE00:68069c2f:"",90:582273C0:b8482851:""] weights=[99:1,100:1,101:1,102:1,103:1,104:1,105:1,106:1,107:1,108:1] vectors=[103:(1,1,1),104:(1,1,1),105:(1,1,1),106:(1,1,1),107:(1,1,1),108:(1,1,1)]
2026-09-12 16:19:06.185 NATIVE STAIN FIELD DIAG generation=412 node=85B8AC40 control=676907E0 changes=N+0x3c:0005ea5a>0005ea66(5.43247e-040>5.432638e-040) totals=(node:1,control:0)
2026-09-12 16:19:06.297 NATIVE STAIN ANIMATION DIAG generation=412 emission=5 particle=2847 sample_ms=2344 update=32b904e0 descriptor=5844bca0 descriptor_checksum=401c15eb group_index=0 group=57e00840 group_checksum=09f42a5f counts=(nodes:109,controls:91,weights:109,vectors:109) nodes=[103:678142A0:6495cf50:"",104:67815260:a068dca3:"",105:67815540:d4f761a8:"",106:581D4D60:c6d96bf6:"",107:85B8A220:90e33912:"",108:85B8AC40:b593467f:""] controls=[85:57E9CEA0:822adbcc:"",86:589D9920:718f3574:"",87:589D9BA0:3a1576ef:"",88:56FFBEE0:a9ed880b:"",89:57E9CE00:68069c2f:"",90:582273C0:b8482851:""] weights=[99:1,100:1,101:1,102:1,103:1,104:1,105:1,106:1,107:1,108:1] vectors=[103:(1,1,1),104:(1,1,1),105:(1,1,1),106:(1,1,1),107:(1,1,1),108:(1,1,1)]
2026-09-12 16:19:06.297 NATIVE STAIN FIELD DIAG generation=412 node=85B8AC40 control=676907E0 changes=N+0x3c:0005ea66>0005ea72(5.432638e-040>5.432806e-040) totals=(node:1,control:0)
2026-09-12 16:19:06.404 NATIVE STAIN ANIMATION DIAG generation=412 emission=5 particle=2847 sample_ms=2453 update=32b904e0 descriptor=5844bca0 descriptor_checksum=401c15eb group_index=0 group=57e00840 group_checksum=09f42a5f counts=(nodes:109,controls:91,weights:109,vectors:109) nodes=[103:678142A0:bcbac78c:"",104:67815260:8cc949f7:"",105:67815540:f398d2f4:"",106:581D4D60:1f1a4d6a:"",107:85B8A220:47ac2e4e:"",108:85B8AC40:6c1a7cbb:""] controls=[85:57E9CEA0:822adbcc:"",86:589D9920:718f3574:"",87:589D9BA0:3a1576ef:"",88:56FFBEE0:a9ed880b:"",89:57E9CE00:68069c2f:"",90:582273C0:b8482851:""] weights=[99:1,100:1,101:1,102:1,103:1,104:1,105:1,106:1,107:1,108:1] vectors=[103:(1,1,1),104:(1,1,1),105:(1,1,1),106:(1,1,1),107:(1,1,1),108:(1,1,1)]
2026-09-12 16:19:06.404 NATIVE STAIN FIELD DIAG generation=412 node=85B8AC40 control=676907E0 changes=N+0x3c:0005ea72>0005ea7e(5.432806e-040>5.432974e-040) totals=(node:1,control:0)
2026-09-12 16:19:06.884 liquid native update performance version=0.8.12-decal-freeze-performance samples=108 native_and_pick_ms=0.052 freeze_cleanup_ms=0.000 diagnostics_and_retraction_ms=0.054 peak_total_ms=1.279 tracked=91 freeze_hook=1
2026-09-12 16:19:07.882 liquid native update performance version=0.8.12-decal-freeze-performance samples=105 native_and_pick_ms=0.052 freeze_cleanup_ms=0.000 diagnostics_and_retraction_ms=0.001 peak_total_ms=0.090 tracked=91 freeze_hook=1
2026-09-12 16:19:08.878 liquid native update performance version=0.8.12-decal-freeze-performance samples=100 native_and_pick_ms=0.054 freeze_cleanup_ms=0.000 diagnostics_and_retraction_ms=0.001 peak_total_ms=0.091 tracked=91 freeze_hook=1
2026-09-12 16:19:09.879 liquid native update performance version=0.8.12-decal-freeze-performance samples=98 native_and_pick_ms=0.033 freeze_cleanup_ms=0.000 diagnostics_and_retraction_ms=0.001 peak_total_ms=0.130 tracked=0 freeze_hook=1
2026-09-12 16:19:10.882 liquid native update performance version=0.8.12-decal-freeze-performance samples=98 native_and_pick_ms=0.005 freeze_cleanup_ms=0.000 diagnostics_and_retraction_ms=0.001 peak_total_ms=0.024 tracked=0 freeze_hook=1
2026-09-12 16:19:11.883 liquid native update performance version=0.8.12-decal-freeze-performance samples=105 native_and_pick_ms=0.005 freeze_cleanup_ms=0.000 diagnostics_and_retraction_ms=0.001 peak_total_ms=0.016 tracked=0 freeze_hook=1
2026-09-12 16:19:17.313 NC-TK17-Liquids.dll detached
